"dataset","estimator","outcome","group","time","estimate","se"
"dat12_24","reg","NO2",61,1,-1.53527759653803,0.921908230788601
"dat12_24","reg","NO2",61,2,-2.04661593238326,0.707365563417846
"dat12_24","reg","NO2",61,3,-1.22011803374242,0.823544355455165
"dat12_24","reg","NO2",61,4,0.495650465210784,0.910691716586866
"dat12_24","reg","NO2",61,5,-1.88391510499777,0.723565177234731
"dat12_24","reg","NO2",61,6,0.741056951283046,0.855570757838074
"dat12_24","reg","NO2",61,7,-0.79107460802045,1.11393187502153
"dat12_24","reg","NO2",61,8,1.89893352776403,1.23287544283434
"dat12_24","reg","NO2",61,9,-0.972156216458439,0.820742995176699
"dat12_24","reg","NO2",61,10,-2.54859711260368,0.734803433095819
"dat12_24","reg","NO2",61,11,-1.91977820156775,0.875217665755333
"dat12_24","reg","NO2",61,12,-2.28057874163379,0.642632599385359
"dat12_24","reg","NO2",61,13,-0.823044068025702,0.849158162767443
"dat12_24","reg","NO2",61,14,-0.302903606694183,0.837465101647841
"dat12_24","reg","NO2",61,15,-0.904744484688597,0.703779260430224
"dat12_24","reg","NO2",61,16,0.562486307663605,0.895193348073414
"dat12_24","reg","NO2",61,17,-0.76888453386761,0.897119456214978
"dat12_24","reg","NO2",61,18,-0.67252476679932,1.00861853603505
"dat12_24","reg","NO2",61,19,1.45536583934967,1.00520374151107
"dat12_24","reg","NO2",61,20,-1.10283313445559,0.971711344353918
"dat12_24","reg","NO2",61,21,-0.334953174675281,0.925586594862673
"dat12_24","reg","NO2",61,22,-1.50298279272472,1.10138043882213
"dat12_24","reg","NO2",61,23,0.742497802496957,0.930424865685571
"dat12_24","reg","NO2",61,24,0.927537053761556,0.995921314307457
"dat12_24","reg","NO2",61,25,-1.21033725889344,0.931865886355881
"dat12_24","reg","NO2",61,26,-1.72215209965866,1.06167166105249
"dat12_24","reg","NO2",61,27,2.49570323792893,0.876725270053514
"dat12_24","reg","NO2",61,28,-1.06906698416954,0.79975139060275
"dat12_24","reg","NO2",61,29,0.0243544196512273,0.787045041215177
"dat12_24","reg","NO2",61,30,0.628528380094588,0.718340528500058
"dat12_24","reg","NO2",61,31,-3.5076249168475,0.855053557267878
"dat12_24","reg","NO2",61,32,1.40363284270901,0.861174248013751
"dat12_24","reg","NO2",61,33,1.71425454344006,1.0802752715775
"dat12_24","reg","NO2",61,34,0.36945931964448,0.952523103744877
"dat12_24","reg","NO2",61,35,-1.99852246616338,1.09851651866956
"dat12_24","reg","NO2",61,36,-1.43056918742498,0.743924839158742
"dat12_24","reg","NO2",61,37,-0.969624052468169,0.976709029811987
"dat12_24","reg","NO2",61,38,0.741338379266907,0.870825099587826
"dat12_24","reg","NO2",61,39,-0.3852639572646,0.966608111783346
"dat12_24","reg","NO2",61,40,-0.0268141299078541,0.678675401168346
"dat12_24","reg","NO2",61,41,-3.15198185168528,0.883320919099015
"dat12_24","reg","NO2",61,42,-0.638363322459021,1.08286547667868
"dat12_24","reg","NO2",61,43,0.64022992475625,0.754619361739041
"dat12_24","reg","NO2",61,44,0.409971911218825,0.719984587650838
"dat12_24","reg","NO2",61,45,1.95423221664977,0.911632556267303
"dat12_24","reg","NO2",61,46,0.489438896934436,0.860853552902474
"dat12_24","reg","NO2",61,47,0.528216860963318,0.713224573680775
"dat12_24","reg","NO2",61,48,-0.711278202662125,0.947908361794663
"dat12_24","reg","NO2",61,49,-0.550276987429322,0.779326041519411
"dat12_24","reg","NO2",61,50,-0.109269879252938,0.712358413316909
"dat12_24","reg","NO2",61,51,1.21714493906433,0.79748069121435
"dat12_24","reg","NO2",61,52,2.15290856326516,0.795245228236068
"dat12_24","reg","NO2",61,53,-0.127832991160056,0.72307027674964
"dat12_24","reg","NO2",61,54,3.52330674422774,0.844435201589415
"dat12_24","reg","NO2",61,55,4.16825948975401,0.704979997763061
"dat12_24","reg","NO2",61,56,2.37963615702021,0.783439196709857
"dat12_24","reg","NO2",61,57,1.77574089692054,0.815549831909411
"dat12_24","reg","NO2",61,58,1.55660270429182,0.782617133555669
"dat12_24","reg","NO2",61,59,1.38120907213046,0.308476097365654
"dat12_24","reg","NO2",61,60,0,NA
"dat12_24","reg","NO2",61,61,-1.18527317841024,0.42823485618729
"dat12_24","reg","NO2",61,62,0.217082732017948,0.41741254659763
"dat12_24","reg","NO2",61,63,0.99884350661078,0.610741868713488
"dat12_24","reg","NO2",61,64,1.35451631928088,0.699159787270994
"dat12_24","reg","NO2",61,65,2.05669168868744,0.768125241226646
"dat12_24","reg","NO2",61,66,2.38004297349661,0.776947231274658
"dat12_24","reg","NO2",61,67,2.8152695797661,0.900511801455039
"dat12_24","reg","NO2",61,68,1.14083627735129,0.913270472035325
"dat12_24","reg","NO2",61,69,-0.831891637670916,0.773897847261063
"dat12_24","reg","NO2",61,70,-0.170574753904551,0.809722985691887
"dat12_24","reg","NO2",61,71,-1.21658266396843,0.722131613165479
"dat12_24","reg","NO2",61,72,-1.83874214319008,0.750022048753912
"dat12_24","reg","NO2",61,73,-2.53542718919753,0.892752194325524
"dat12_24","reg","NO2",61,74,-1.78126292957679,0.989360497703424
"dat12_24","reg","NO2",61,75,1.06564784604649,0.915426210562271
"dat12_24","reg","NO2",61,76,1.3814049824031,0.855305591795376
"dat12_24","reg","NO2",61,77,1.41338451126091,0.776903600441465
"dat12_24","reg","NO2",61,78,1.16587876830727,0.862610836180808
"dat12_24","reg","NO2",61,79,1.93272693877075,1.67336848365632
"dat12_24","reg","NO2",61,80,2.17540706502917,1.41176120499158
"dat12_24","reg","NO2",61,81,1.27230596157963,1.34757202134857
"dat12_24","reg","NO2",61,82,1.52660583258413,1.20123762244809
"dat12_24","reg","NO2",61,83,-0.845037727388257,1.62537042060333
"dat12_24","reg","NO2",61,84,-1.05639598775099,1.41318531607793
"dat12_24","reg","NO2",61,85,-0.77450570662567,1.36546326243422
"dat12_24","reg","NO2",61,86,2.4276366840421,1.33470858268905
"dat12_24","reg","NO2",61,87,3.96305556210018,1.28813007432347
"dat12_24","reg","NO2",61,88,5.41139940191688,1.32387468702331
"dat12_24","reg","NO2",61,89,3.56668660889541,1.35991362853495
"dat12_24","reg","NO2",61,90,3.57128453939787,1.42822269912475
"dat12_24","reg","NO2",61,91,2.59007426796827,1.49259616987147
"dat12_24","reg","NO2",61,92,3.5799843336773,1.27866562911231
"dat12_24","reg","NO2",61,93,4.10814820784353,1.24108715415633
"dat12_24","reg","NO2",61,94,2.69113518349292,1.3090018769843
"dat12_24","reg","NO2",61,95,1.348018306342,1.26570484162394
"dat12_24","reg","NO2",61,96,-1.56549834542773,1.27221106970937
"dat12_24","reg","NO2",61,97,2.79070312256082,1.50257425859215
"dat12_24","reg","NO2",61,98,3.32510652919238,1.29822017919249
"dat12_24","reg","NO2",61,99,4.38212805549329,1.27684422010045
"dat12_24","reg","NO2",61,100,3.65023826447907,1.35622139699116
"dat12_24","reg","NO2",61,101,3.86922075250276,1.32005613253156
"dat12_24","reg","NO2",61,102,2.6411308649074,1.295556684491
"dat12_24","reg","NO2",61,103,1.9382358500473,1.32010032313808
"dat12_24","reg","NO2",61,104,1.20543765204854,1.28858523472139
"dat12_24","reg","NO2",61,105,2.01532362358917,1.3157736116133
"dat12_24","reg","NO2",61,106,1.97836105678155,1.34430929276114
"dat12_24","reg","NO2",61,107,2.01272397969619,1.43718329708419
"dat12_24","reg","NO2",61,108,2.97087369051197,1.28162342568551
"dat12_24","reg","NO2",61,109,4.46528832423907,1.29770760897762
"dat12_24","reg","NO2",61,110,4.07427742205433,1.44371637495634
"dat12_24","reg","NO2",61,111,6.79561170727494,1.42448268621713
"dat12_24","reg","NO2",61,112,4.30622802117422,1.34460602150293
"dat12_24","reg","NO2",61,113,2.46069371176034,1.29994213026029
"dat12_24","reg","NO2",61,114,3.80294887115223,1.37415139709792
"dat12_24","reg","NO2",61,115,3.96058932389579,1.35683441537235
"dat12_24","reg","NO2",61,116,1.58667763745392,1.3468470713224
"dat12_24","reg","NO2",61,117,2.06590902767036,1.30096141560202
"dat12_24","reg","NO2",61,118,2.46377054550578,1.47249113094293
"dat12_24","reg","NO2",61,119,3.16661564570215,1.8575161350448
"dat12_24","reg","NO2",61,120,2.72884557153064,1.82978391710522
"dat12_24","reg","NO2",61,121,0.955568954281339,1.66037661502464
"dat12_24","reg","NO2",61,122,2.09497265382493,1.55183998286845
"dat12_24","reg","NO2",61,123,2.77614541567635,1.4385102696317
"dat12_24","reg","NO2",61,124,1.43204940367337,1.31071157834757
"dat12_24","reg","NO2",61,125,0.432721523415402,1.32792275068277
"dat12_24","reg","NO2",61,126,2.08924341461382,1.38009891390228
"dat12_24","reg","NO2",61,127,1.75378077998288,1.31188791754622
"dat12_24","reg","NO2",61,128,1.16237683692613,1.33958967969296
"dat12_24","reg","NO2",61,129,3.68581731598009,1.29417370293887
"dat12_24","reg","NO2",61,130,3.56580162644669,1.341317093871
"dat12_24","reg","NO2",61,131,1.66015968279863,1.78513684099705
"dat12_24","reg","NO2",61,132,0.973133825376435,1.7643198122168
"dat12_24","reg","NO2",61,133,2.62038449939498,1.87266911065485
"dat12_24","reg","NO2",61,134,2.38969291320142,1.77400362001435
"dat12_24","reg","NO2",61,135,4.84139497481206,1.43731299760188
"dat12_24","reg","NO2",61,136,3.99222208952413,1.25962735701387
"dat12_24","reg","NO2",61,137,2.57289990495979,1.24906164514261
"dat12_24","reg","NO2",61,138,1.48285725090137,1.28868898858915
"dat12_24","reg","NO2",61,139,1.3364199908935,1.3162277950599
"dat12_24","reg","NO2",61,140,3.15428406175481,1.31292769189651
"dat12_24","reg","NO2",61,141,2.56866431763405,1.37989307323348
"dat12_24","reg","NO2",61,142,2.23531607213723,1.4087736136587
"dat12_24","reg","NO2",61,143,-0.378968406924768,1.60881480675852
"dat12_24","reg","NO2",61,144,2.34567598085919,1.64248927583804
"dat12_24","reg","NO2",61,145,1.93845354899964,1.5704721276485
"dat12_24","reg","NO2",61,146,4.02824158767453,1.41074590143731
"dat12_24","reg","NO2",61,147,2.69072083245848,1.32725715313217
"dat12_24","reg","NO2",61,148,3.00695896145468,1.2696055777718
"dat12_24","reg","NO2",61,149,1.22659919552234,1.20936618528214
"dat12_24","reg","NO2",61,150,1.14849711112873,1.29427200505016
"dat12_24","reg","NO2",61,151,0.227379347138069,1.3923062810446
"dat12_24","reg","NO2",61,152,2.28847463730045,1.31396961385531
"dat12_24","reg","NO2",61,153,1.93431984884531,1.32551267018005
"dat12_24","reg","NO2",61,154,2.38409285522492,1.57042409991183
"dat12_24","reg","NO2",61,155,1.90679766015282,1.60103644243297
"dat12_24","reg","NO2",61,156,0.323622069326385,1.71247448929142
"dat12_24","reg","NO2",79,1,-1.80079918084452,0.901856552786035
"dat12_24","reg","NO2",79,2,-1.84122868020606,0.78390075243075
"dat12_24","reg","NO2",79,3,-2.83343662288965,0.824799459568724
"dat12_24","reg","NO2",79,4,-0.434404413251697,0.750454444947198
"dat12_24","reg","NO2",79,5,2.53794695934384,0.681922790238083
"dat12_24","reg","NO2",79,6,-0.567404248156953,0.910676174743628
"dat12_24","reg","NO2",79,7,-2.3598302999136,1.26964400823393
"dat12_24","reg","NO2",79,8,-2.04468061629212,0.613062061571159
"dat12_24","reg","NO2",79,9,-0.354782245322402,0.523189618611605
"dat12_24","reg","NO2",79,10,-1.28977491394256,0.703223799871968
"dat12_24","reg","NO2",79,11,-1.18297239382914,0.740433294468548
"dat12_24","reg","NO2",79,12,-3.99112941676836,1.05669485736542
"dat12_24","reg","NO2",79,13,-1.06483645963476,1.03987273378916
"dat12_24","reg","NO2",79,14,-2.49484881427304,0.960643754338737
"dat12_24","reg","NO2",79,15,-2.91242446795946,0.80394638901184
"dat12_24","reg","NO2",79,16,-1.24584702390771,0.692453746095231
"dat12_24","reg","NO2",79,17,1.14354347235157,0.614013400517016
"dat12_24","reg","NO2",79,18,1.3267324049579,0.752603172137996
"dat12_24","reg","NO2",79,19,-2.77131585362567,0.768196764464792
"dat12_24","reg","NO2",79,20,-3.38121240354441,0.686908445005607
"dat12_24","reg","NO2",79,21,0.168029507098437,0.56221065391589
"dat12_24","reg","NO2",79,22,-0.314452888787429,0.612912850457687
"dat12_24","reg","NO2",79,23,-0.520909920921508,0.774577332329546
"dat12_24","reg","NO2",79,24,0.23095500638777,0.780544774291687
"dat12_24","reg","NO2",79,25,0.481904794022686,0.911360318744081
"dat12_24","reg","NO2",79,26,2.35015781241159,0.921959078151666
"dat12_24","reg","NO2",79,27,0.49718716847616,0.71796110415257
"dat12_24","reg","NO2",79,28,2.28315840776814,0.784802322554999
"dat12_24","reg","NO2",79,29,0.341984671701391,0.565783966607829
"dat12_24","reg","NO2",79,30,0.254815077625207,0.44814463083291
"dat12_24","reg","NO2",79,31,0.82084310228274,0.452386525894684
"dat12_24","reg","NO2",79,32,-0.602518386581164,0.532940962623864
"dat12_24","reg","NO2",79,33,4.28141851520744,0.684307734573098
"dat12_24","reg","NO2",79,34,1.06745822935849,0.900878772247247
"dat12_24","reg","NO2",79,35,0.588738074264484,0.973720939383531
"dat12_24","reg","NO2",79,36,-2.87633866955618,0.920811821510639
"dat12_24","reg","NO2",79,37,-1.60263274830907,1.26327668979489
"dat12_24","reg","NO2",79,38,-1.8990090282504,0.917885809914799
"dat12_24","reg","NO2",79,39,1.20313482824084,0.816469605600363
"dat12_24","reg","NO2",79,40,0.584536050201161,0.595137594996892
"dat12_24","reg","NO2",79,41,-1.52253354308952,0.673985506392383
"dat12_24","reg","NO2",79,42,0.248859466598607,0.568768414935943
"dat12_24","reg","NO2",79,43,-1.47122161125435,0.501208729331048
"dat12_24","reg","NO2",79,44,-1.26453096860946,0.530009791126585
"dat12_24","reg","NO2",79,45,-0.326751269343625,0.787951036142152
"dat12_24","reg","NO2",79,46,1.83415294165493,0.862626506274014
"dat12_24","reg","NO2",79,47,-0.863768991772405,0.885096050081675
"dat12_24","reg","NO2",79,48,0.0565720172915274,1.05930729333179
"dat12_24","reg","NO2",79,49,-1.88887707206167,1.02066648381239
"dat12_24","reg","NO2",79,50,-0.33954580471822,0.598253522546268
"dat12_24","reg","NO2",79,51,0.753242679551734,0.779076254677251
"dat12_24","reg","NO2",79,52,1.77575830511711,0.626709939543307
"dat12_24","reg","NO2",79,53,-0.71643279561795,0.602480494387842
"dat12_24","reg","NO2",79,54,-0.293869359871815,0.637447592849707
"dat12_24","reg","NO2",79,55,-0.402627993011809,0.469075495513828
"dat12_24","reg","NO2",79,56,-1.75435778795522,0.568123141682878
"dat12_24","reg","NO2",79,57,0.229786787429267,0.574462634039205
"dat12_24","reg","NO2",79,58,2.31510868405479,0.621837376396167
"dat12_24","reg","NO2",79,59,-1.36574447433946,0.699053827892328
"dat12_24","reg","NO2",79,60,-1.4768006889383,0.703298421726192
"dat12_24","reg","NO2",79,61,-1.95011722866023,0.750676866679759
"dat12_24","reg","NO2",79,62,-1.24214644527774,0.650635249631919
"dat12_24","reg","NO2",79,63,0.63721334916897,0.783648446198996
"dat12_24","reg","NO2",79,64,0.219857471717598,0.511178190234552
"dat12_24","reg","NO2",79,65,-0.636441086080063,0.460965684139075
"dat12_24","reg","NO2",79,66,-0.117390510226061,0.326050403630868
"dat12_24","reg","NO2",79,67,-0.791725919930438,0.447549741618285
"dat12_24","reg","NO2",79,68,0.387931886778606,0.425416970708222
"dat12_24","reg","NO2",79,69,-0.269915435345388,0.663462787410047
"dat12_24","reg","NO2",79,70,1.19925665058394,0.59502569112859
"dat12_24","reg","NO2",79,71,-1.0109492307119,0.675946199001883
"dat12_24","reg","NO2",79,72,-1.99670674436993,0.709387020732162
"dat12_24","reg","NO2",79,73,-2.21280666843981,0.805583309843111
"dat12_24","reg","NO2",79,74,-0.831399231233499,0.665902786150996
"dat12_24","reg","NO2",79,75,0.875782041444636,0.371982871201829
"dat12_24","reg","NO2",79,76,1.31274460008805,0.291608973585601
"dat12_24","reg","NO2",79,77,0.941369373133112,0.251259213775901
"dat12_24","reg","NO2",79,78,0,NA
"dat12_24","reg","NO2",79,79,-1.7141535980478,0.298322806636129
"dat12_24","reg","NO2",79,80,-1.09154013001014,0.419187642892124
"dat12_24","reg","NO2",79,81,-0.0172262950850808,0.51687152858097
"dat12_24","reg","NO2",79,82,1.60913628925214,0.526824203378887
"dat12_24","reg","NO2",79,83,2.30893262314268,0.666720122283932
"dat12_24","reg","NO2",79,84,1.73071715406221,0.549070104642731
"dat12_24","reg","NO2",79,85,3.1787759287423,0.579239547785801
"dat12_24","reg","NO2",79,86,2.98726417722349,0.550722401731319
"dat12_24","reg","NO2",79,87,2.86417809321646,0.502939345383069
"dat12_24","reg","NO2",79,88,2.23011118297554,0.435394057202152
"dat12_24","reg","NO2",79,89,0.382394367992694,0.435503087577477
"dat12_24","reg","NO2",79,90,-0.691294510767601,0.3970261484565
"dat12_24","reg","NO2",79,91,-1.48978604579021,0.543753917316901
"dat12_24","reg","NO2",79,92,-0.725447763385725,0.436364930657162
"dat12_24","reg","NO2",79,93,1.65213095512538,0.55824030684005
"dat12_24","reg","NO2",79,94,2.00417307036582,0.622090315793378
"dat12_24","reg","NO2",79,95,2.7937591957688,0.679686875331556
"dat12_24","reg","NO2",79,96,1.61491506913502,0.671396698668604
"dat12_24","reg","NO2",79,97,3.75597067477266,0.663791700875766
"dat12_24","reg","NO2",79,98,2.91629446728682,0.558724790835873
"dat12_24","reg","NO2",79,99,2.36467549017861,0.507811521284955
"dat12_24","reg","NO2",79,100,-0.378450237296917,0.520141605267594
"dat12_24","reg","NO2",79,101,0.264102303445519,0.478243452608943
"dat12_24","reg","NO2",79,102,-0.759324326759804,0.451441795722518
"dat12_24","reg","NO2",79,103,-1.83380306043222,0.517928628732357
"dat12_24","reg","NO2",79,104,-2.87274457376925,0.591673600534288
"dat12_24","reg","NO2",79,105,-0.935736285271771,0.6173651417828
"dat12_24","reg","NO2",79,106,1.43228847382925,0.602948033854053
"dat12_24","reg","NO2",79,107,2.45225247095079,0.615939373395318
"dat12_24","reg","NO2",79,108,1.96900231276158,0.607530246113677
"dat12_24","reg","NO2",79,109,1.98098647385632,0.715525442734775
"dat12_24","reg","NO2",79,110,2.32193524463934,0.631269957831228
"dat12_24","reg","NO2",79,111,4.42158749778213,0.647846240042243
"dat12_24","reg","NO2",79,112,0.794710012053804,0.599232074219526
"dat12_24","reg","NO2",79,113,-0.519085099138089,0.56304985235328
"dat12_24","reg","NO2",79,114,-0.212926334511704,0.552528522325793
"dat12_24","reg","NO2",79,115,-0.78942740119819,0.621897005019237
"dat12_24","reg","NO2",79,116,-1.81093980548621,0.629019432708542
"dat12_24","reg","NO2",79,117,-1.44417563259088,0.690693176660995
"dat12_24","reg","NO2",79,118,0.607771522254087,0.687665857360332
"dat12_24","reg","NO2",79,119,2.36602910287963,0.757950939469007
"dat12_24","reg","NO2",79,120,2.15809783514817,0.819579887257238
"dat12_24","reg","NO2",79,121,0.968913521934554,0.694751067431035
"dat12_24","reg","NO2",79,122,0.841009153662743,0.675072256057277
"dat12_24","reg","NO2",79,123,1.29530483825945,0.614921388417878
"dat12_24","reg","NO2",79,124,-1.38025114207815,0.566638698836765
"dat12_24","reg","NO2",79,125,-3.41068719170157,0.546914007022684
"dat12_24","reg","NO2",79,126,-2.80538228720601,0.557503178145362
"dat12_24","reg","NO2",79,127,-2.97701497446476,0.542903918757898
"dat12_24","reg","NO2",79,128,-3.21221268631246,0.590875521139862
"dat12_24","reg","NO2",79,129,-0.544802207232308,0.633415314219972
"dat12_24","reg","NO2",79,130,0.926333343371242,0.643096689734229
"dat12_24","reg","NO2",79,131,1.63429982790473,0.822900318065339
"dat12_24","reg","NO2",79,132,0.73121203038204,0.768535300709907
"dat12_24","reg","NO2",79,133,2.07254848907591,0.828074491727176
"dat12_24","reg","NO2",79,134,1.41332299401727,0.761001915486084
"dat12_24","reg","NO2",79,135,1.93720576119382,0.623430435256173
"dat12_24","reg","NO2",79,136,-0.676217910403746,0.700353696250251
"dat12_24","reg","NO2",79,137,-1.19942501107096,0.596221336481271
"dat12_24","reg","NO2",79,138,-3.07272560107725,0.517913610470182
"dat12_24","reg","NO2",79,139,-3.99644380513039,0.6132503146734
"dat12_24","reg","NO2",79,140,-2.77227148599748,0.589142911763309
"dat12_24","reg","NO2",79,141,-1.91081177403379,0.606866681517554
"dat12_24","reg","NO2",79,142,-0.0498725762785206,0.632153676917349
"dat12_24","reg","NO2",79,143,-1.18961330629676,0.732450841480445
"dat12_24","reg","NO2",79,144,0.808328183627776,0.789557640434877
"dat12_24","reg","NO2",79,145,0.0601048065393561,0.775650651322472
"dat12_24","reg","NO2",79,146,0.641122323637463,0.743307224380638
"dat12_24","reg","NO2",79,147,-0.903767000856259,0.719528027699612
"dat12_24","reg","NO2",79,148,-0.633259739321354,0.658806697601487
"dat12_24","reg","NO2",79,149,-2.89479533112069,0.556916864402691
"dat12_24","reg","NO2",79,150,-3.30574707080507,0.528653884757074
"dat12_24","reg","NO2",79,151,-4.49798578152889,0.623281886230507
"dat12_24","reg","NO2",79,152,-2.71537451338364,0.61445659384537
"dat12_24","reg","NO2",79,153,-2.24210539931678,0.656693665123356
"dat12_24","reg","NO2",79,154,0.332065924798797,0.787136040129229
"dat12_24","reg","NO2",79,155,1.20082282684988,0.753717536857197
"dat12_24","reg","NO2",79,156,-0.113517185665056,0.674389461519718
"dat12_24","reg","NO2",97,1,1.09900572750498,0.757028751910546
"dat12_24","reg","NO2",97,2,0.0824012238515537,0.911756799471607
"dat12_24","reg","NO2",97,3,-0.799277162335674,0.608719038864078
"dat12_24","reg","NO2",97,4,-1.66297200186383,0.757999820107014
"dat12_24","reg","NO2",97,5,1.83196355616067,0.885328131290959
"dat12_24","reg","NO2",97,6,0.318175607489073,0.978999741069306
"dat12_24","reg","NO2",97,7,-3.96997692321858,0.868452807961434
"dat12_24","reg","NO2",97,8,-2.4087464785379,0.679364824068831
"dat12_24","reg","NO2",97,9,0.0471286256045724,0.644517122991596
"dat12_24","reg","NO2",97,10,-1.22007542193395,0.648163278359791
"dat12_24","reg","NO2",97,11,-1.77487351452598,0.70056670679563
"dat12_24","reg","NO2",97,12,-1.65223767606769,0.85503725187227
"dat12_24","reg","NO2",97,13,-0.272425657873118,0.679123886037494
"dat12_24","reg","NO2",97,14,-1.97401961774449,0.80479789471248
"dat12_24","reg","NO2",97,15,-0.942927297490915,0.689715443883807
"dat12_24","reg","NO2",97,16,-1.64114923997026,0.645838193988886
"dat12_24","reg","NO2",97,17,-2.13784079226177,0.603590607716052
"dat12_24","reg","NO2",97,18,0.816158691074182,1.02618264425746
"dat12_24","reg","NO2",97,19,-2.95484227319684,0.791014710785656
"dat12_24","reg","NO2",97,20,-3.00659378390328,0.752694836176044
"dat12_24","reg","NO2",97,21,-1.19572498038637,0.876306501204966
"dat12_24","reg","NO2",97,22,-0.879396284656877,0.811743659869678
"dat12_24","reg","NO2",97,23,-0.484323223350147,0.756751227408949
"dat12_24","reg","NO2",97,24,0.622098592612952,0.941257347951982
"dat12_24","reg","NO2",97,25,-0.88521349614521,0.77847449450121
"dat12_24","reg","NO2",97,26,-0.369999604899724,0.897634045714671
"dat12_24","reg","NO2",97,27,-1.2753139670471,0.841376639413041
"dat12_24","reg","NO2",97,28,0.185447907604287,0.804165674416228
"dat12_24","reg","NO2",97,29,-0.690422507358323,0.671193058881833
"dat12_24","reg","NO2",97,30,-0.758764793309819,0.606118819806164
"dat12_24","reg","NO2",97,31,-0.905419735954318,0.605064688670432
"dat12_24","reg","NO2",97,32,-0.321546897648423,0.631084257198753
"dat12_24","reg","NO2",97,33,1.90551968545762,0.794591649685508
"dat12_24","reg","NO2",97,34,-1.77290172245698,0.977667203628745
"dat12_24","reg","NO2",97,35,0.561909053471852,0.831942515226258
"dat12_24","reg","NO2",97,36,-0.540634820235865,0.676140343880455
"dat12_24","reg","NO2",97,37,0.544147717473107,0.863293969892211
"dat12_24","reg","NO2",97,38,-0.508373028030937,0.69903278241686
"dat12_24","reg","NO2",97,39,0.864485835389391,0.964675985257
"dat12_24","reg","NO2",97,40,1.24501613791412,0.677504233876782
"dat12_24","reg","NO2",97,41,-0.733821635884615,0.797495629819808
"dat12_24","reg","NO2",97,42,-0.188211846732601,0.720841618159299
"dat12_24","reg","NO2",97,43,-0.180816552438303,0.569034628064411
"dat12_24","reg","NO2",97,44,-0.254770273172575,0.725895012054214
"dat12_24","reg","NO2",97,45,0.558013164160185,0.970375511850715
"dat12_24","reg","NO2",97,46,1.32730846074688,0.99600818188603
"dat12_24","reg","NO2",97,47,-0.955890137205431,0.6521706490733
"dat12_24","reg","NO2",97,48,-0.311737727446655,1.07010585180253
"dat12_24","reg","NO2",97,49,0.254794456375947,0.792505878138476
"dat12_24","reg","NO2",97,50,-1.39793214632856,0.658839952791014
"dat12_24","reg","NO2",97,51,0.629917471716389,0.761036652600742
"dat12_24","reg","NO2",97,52,1.03418541028395,0.698577743672379
"dat12_24","reg","NO2",97,53,-1.65309898800439,0.993825475019885
"dat12_24","reg","NO2",97,54,0.0453745083015686,0.757339328520872
"dat12_24","reg","NO2",97,55,-0.878290980680029,0.580723345038753
"dat12_24","reg","NO2",97,56,-0.178878866874769,0.733967448372529
"dat12_24","reg","NO2",97,57,0.472002460191315,0.914040210117252
"dat12_24","reg","NO2",97,58,0.0458555775289087,0.863306934556522
"dat12_24","reg","NO2",97,59,-0.537894625671276,0.622817629744275
"dat12_24","reg","NO2",97,60,-0.668012120166151,0.663283559209256
"dat12_24","reg","NO2",97,61,-0.19972255426284,0.720295130456726
"dat12_24","reg","NO2",97,62,-0.838193824812007,0.668207587984013
"dat12_24","reg","NO2",97,63,2.91756679537617,0.829019770377737
"dat12_24","reg","NO2",97,64,-0.0703875254471575,0.618299503286744
"dat12_24","reg","NO2",97,65,-0.343169342726818,0.690249993896368
"dat12_24","reg","NO2",97,66,-1.14128450768944,0.605326764129588
"dat12_24","reg","NO2",97,67,-0.0591719964644302,0.591868474158177
"dat12_24","reg","NO2",97,68,-1.754401185037,0.595604151959074
"dat12_24","reg","NO2",97,69,0.886586969192659,0.653217036782159
"dat12_24","reg","NO2",97,70,0.930828720774364,0.543700240918246
"dat12_24","reg","NO2",97,71,-0.141668200733387,0.574205254090781
"dat12_24","reg","NO2",97,72,1.16200754959009,0.574904585687359
"dat12_24","reg","NO2",97,73,0.209901472799137,0.626475795156733
"dat12_24","reg","NO2",97,74,0.176809676449493,0.59320460037054
"dat12_24","reg","NO2",97,75,0.525714680188473,0.505183431496314
"dat12_24","reg","NO2",97,76,-0.602854448535628,0.502579673461859
"dat12_24","reg","NO2",97,77,-1.17629459556879,0.502955216373231
"dat12_24","reg","NO2",97,78,-1.58959817207082,0.736261415903164
"dat12_24","reg","NO2",97,79,-3.10314043059653,0.620658738417373
"dat12_24","reg","NO2",97,80,-1.99339699607034,0.491773442710939
"dat12_24","reg","NO2",97,81,-2.19102101228161,0.503115024964259
"dat12_24","reg","NO2",97,82,-1.03655021744046,0.566772054744744
"dat12_24","reg","NO2",97,83,0.221058034884787,0.734806652984462
"dat12_24","reg","NO2",97,84,-0.318361160769167,0.565352732277975
"dat12_24","reg","NO2",97,85,1.01970466888681,0.607950543158077
"dat12_24","reg","NO2",97,86,0.671572864039805,0.512637322014628
"dat12_24","reg","NO2",97,87,0.19855616269177,0.390537475265086
"dat12_24","reg","NO2",97,88,-0.815042783513337,0.450625665730047
"dat12_24","reg","NO2",97,89,-1.75574755211158,0.529764907919308
"dat12_24","reg","NO2",97,90,-1.22056822432322,0.451777035518505
"dat12_24","reg","NO2",97,91,-2.40735816392716,0.378671176851925
"dat12_24","reg","NO2",97,92,-1.72583887670715,0.514653315848798
"dat12_24","reg","NO2",97,93,-1.41782803243584,0.477082817791525
"dat12_24","reg","NO2",97,94,-2.05683786974997,0.429917293943303
"dat12_24","reg","NO2",97,95,0.192670790193457,0.309818077647483
"dat12_24","reg","NO2",97,96,0,NA
"dat12_24","reg","NO2",97,97,0.293805516209842,0.324618157470678
"dat12_24","reg","NO2",97,98,0.0504627802992736,0.350364423891058
"dat12_24","reg","NO2",97,99,-0.24999803341921,0.458745734445536
"dat12_24","reg","NO2",97,100,-1.68094651478758,0.578889806237976
"dat12_24","reg","NO2",97,101,-1.55435282394098,0.568862562935592
"dat12_24","reg","NO2",97,102,-1.75412736400594,0.494288348584633
"dat12_24","reg","NO2",97,103,-2.64810878846062,0.567651578659657
"dat12_24","reg","NO2",97,104,-3.20870966515355,0.716141582790025
"dat12_24","reg","NO2",97,105,-2.74246947573472,0.546972777537669
"dat12_24","reg","NO2",97,106,-0.850098998406489,0.393868580501063
"dat12_24","reg","NO2",97,107,0.139152025998733,0.328554885818617
"dat12_24","reg","NO2",97,108,-0.253268622076723,0.368401478610591
"dat12_24","reg","NO2",97,109,-1.05465580616533,0.530124100611716
"dat12_24","reg","NO2",97,110,-0.273173592349893,0.508878488672247
"dat12_24","reg","NO2",97,111,0.35835701226857,0.605551111113001
"dat12_24","reg","NO2",97,112,-1.33859588684013,0.546882644579231
"dat12_24","reg","NO2",97,113,-1.96788345730444,0.570897459203337
"dat12_24","reg","NO2",97,114,-1.76631224347035,0.599218932776814
"dat12_24","reg","NO2",97,115,-2.55995974379012,0.640149737277521
"dat12_24","reg","NO2",97,116,-2.89261983245626,0.625889737268807
"dat12_24","reg","NO2",97,117,-3.08054343473581,0.631837626664376
"dat12_24","reg","NO2",97,118,-1.76080084852949,0.505520103461351
"dat12_24","reg","NO2",97,119,0.0764860573779851,0.435707993614348
"dat12_24","reg","NO2",97,120,-0.462822590191654,0.447492249983913
"dat12_24","reg","NO2",97,121,0.00941624788136597,0.464856635193241
"dat12_24","reg","NO2",97,122,-0.988692421882675,0.461993538404553
"dat12_24","reg","NO2",97,123,-0.363362380749457,0.467763147304278
"dat12_24","reg","NO2",97,124,-1.77035517808203,0.533753106259017
"dat12_24","reg","NO2",97,125,-2.62943366146585,0.633230937964257
"dat12_24","reg","NO2",97,126,-3.00477640737422,0.701945359062999
"dat12_24","reg","NO2",97,127,-3.01417912725021,0.647009066320331
"dat12_24","reg","NO2",97,128,-2.96701913242578,0.708282276743825
"dat12_24","reg","NO2",97,129,-2.33091334246051,0.576290748783823
"dat12_24","reg","NO2",97,130,-1.32045119583221,0.497727667374128
"dat12_24","reg","NO2",97,131,-1.07234573959722,0.384845030311526
"dat12_24","reg","NO2",97,132,-1.26246000491398,0.357048923509626
"dat12_24","reg","NO2",97,133,-0.755429245801312,0.420151073755239
"dat12_24","reg","NO2",97,134,-0.279216929638138,0.455699676731843
"dat12_24","reg","NO2",97,135,-0.373011104385202,0.497383100992713
"dat12_24","reg","NO2",97,136,-2.50022211033727,0.700382453632164
"dat12_24","reg","NO2",97,137,-2.47334464446113,0.622829568932482
"dat12_24","reg","NO2",97,138,-3.04924805757758,0.657376303974838
"dat12_24","reg","NO2",97,139,-3.31505395409896,0.722770450288953
"dat12_24","reg","NO2",97,140,-3.43046816215167,0.660299169343718
"dat12_24","reg","NO2",97,141,-3.18320384386533,0.563683255069243
"dat12_24","reg","NO2",97,142,-1.80843608967997,0.463103026227929
"dat12_24","reg","NO2",97,143,-2.62084797883291,0.444671218770515
"dat12_24","reg","NO2",97,144,-2.04052858940316,0.42701906409939
"dat12_24","reg","NO2",97,145,-1.55121522297621,0.449740565847116
"dat12_24","reg","NO2",97,146,-1.99946161685755,0.581772857049323
"dat12_24","reg","NO2",97,147,-2.33469109786835,0.68704188176665
"dat12_24","reg","NO2",97,148,-1.76231715154975,0.580363667088241
"dat12_24","reg","NO2",97,149,-2.93655253364371,0.685296115346896
"dat12_24","reg","NO2",97,150,-2.9370012394788,0.638869110049435
"dat12_24","reg","NO2",97,151,-3.90002385635993,0.792341098936013
"dat12_24","reg","NO2",97,152,-3.43552118033224,0.692569076836352
"dat12_24","reg","NO2",97,153,-3.61173667173359,0.656534665748346
"dat12_24","reg","NO2",97,154,-2.67117102293197,0.553131179546053
"dat12_24","reg","NO2",97,155,-1.48521063704084,0.476855431119747
"dat12_24","reg","NO2",97,156,-1.41395119836974,0.469801912393335
"dat12_24","reg","CO",61,1,-14.6238385767915,21.7616549180714
"dat12_24","reg","CO",61,2,-9.5098918593259,20.3180499703306
"dat12_24","reg","CO",61,3,27.2530549254512,21.039031620946
"dat12_24","reg","CO",61,4,31.3733941864209,19.797137524706
"dat12_24","reg","CO",61,5,-0.716868615794539,22.135778008991
"dat12_24","reg","CO",61,6,-17.3297115405293,19.1675845992701
"dat12_24","reg","CO",61,7,3.68814693850675,22.5412249007701
"dat12_24","reg","CO",61,8,24.3050314327434,27.6198157724467
"dat12_24","reg","CO",61,9,-42.6584034839596,19.0738649102351
"dat12_24","reg","CO",61,10,-46.4022983721993,17.7089338310983
"dat12_24","reg","CO",61,11,-23.682694638488,20.2415896852118
"dat12_24","reg","CO",61,12,-72.9017004404101,20.577559897784
"dat12_24","reg","CO",61,13,-94.8922933917914,22.0737922221998
"dat12_24","reg","CO",61,14,-23.1725298470623,26.6856208945502
"dat12_24","reg","CO",61,15,-50.1084439325625,21.940573666889
"dat12_24","reg","CO",61,16,-1.96347567315297,18.4348657894142
"dat12_24","reg","CO",61,17,-41.3291407911484,21.1240829227963
"dat12_24","reg","CO",61,18,-99.9972303773396,20.503030298374
"dat12_24","reg","CO",61,19,-49.8269343579357,21.3482862524018
"dat12_24","reg","CO",61,20,-80.7446142118507,21.8222612643422
"dat12_24","reg","CO",61,21,-76.4253091714601,17.9017953686258
"dat12_24","reg","CO",61,22,-83.2732212291463,16.1845459139435
"dat12_24","reg","CO",61,23,-43.7507654711816,21.1347801951041
"dat12_24","reg","CO",61,24,-0.566989984778488,18.016866335805
"dat12_24","reg","CO",61,25,-45.3911586620784,17.1928998455477
"dat12_24","reg","CO",61,26,-4.97875126720816,17.1683424809277
"dat12_24","reg","CO",61,27,-10.4468037713699,17.7485569961711
"dat12_24","reg","CO",61,28,-0.385162006855865,17.5743014162408
"dat12_24","reg","CO",61,29,-11.4004727712642,14.6614842247018
"dat12_24","reg","CO",61,30,-59.99738761664,20.7949024560585
"dat12_24","reg","CO",61,31,-127.639791641963,29.6766050090382
"dat12_24","reg","CO",61,32,10.1683359345922,21.3652626347446
"dat12_24","reg","CO",61,33,-9.06144573069912,15.162045760285
"dat12_24","reg","CO",61,34,3.34421030421399,16.9674504277312
"dat12_24","reg","CO",61,35,-3.68247340022222,15.8243585806639
"dat12_24","reg","CO",61,36,21.2770807638348,16.7941253757935
"dat12_24","reg","CO",61,37,-32.2959501680695,16.0656429027605
"dat12_24","reg","CO",61,38,-18.0823520127751,20.0905216927311
"dat12_24","reg","CO",61,39,-11.4474834422364,21.692126143936
"dat12_24","reg","CO",61,40,17.6628166541142,20.8758195114255
"dat12_24","reg","CO",61,41,-12.4009926205324,19.5401809869963
"dat12_24","reg","CO",61,42,-41.2153875141827,29.4274713983103
"dat12_24","reg","CO",61,43,5.1797525718589,19.1713212162602
"dat12_24","reg","CO",61,44,40.0740510708329,19.37672301155
"dat12_24","reg","CO",61,45,33.71721128925,18.6375874080727
"dat12_24","reg","CO",61,46,17.9313432999311,17.0723021204891
"dat12_24","reg","CO",61,47,16.2860106152346,16.4685496930352
"dat12_24","reg","CO",61,48,4.42548385700146,14.5161453375814
"dat12_24","reg","CO",61,49,-7.50328297184343,14.5475272948714
"dat12_24","reg","CO",61,50,-2.1440576040051,15.7902781622765
"dat12_24","reg","CO",61,51,27.8983943143266,15.3052588923782
"dat12_24","reg","CO",61,52,12.9829954476875,20.1732066344589
"dat12_24","reg","CO",61,53,9.9271184950112,20.4083147799027
"dat12_24","reg","CO",61,54,13.141398108864,20.4684811279922
"dat12_24","reg","CO",61,55,13.8422100919122,17.0459650499266
"dat12_24","reg","CO",61,56,7.30991196311646,18.9936264354963
"dat12_24","reg","CO",61,57,18.9738130051755,17.45861201413
"dat12_24","reg","CO",61,58,-7.27087586133371,14.6982966834282
"dat12_24","reg","CO",61,59,-12.1973352936642,6.09754011283029
"dat12_24","reg","CO",61,60,0,NA
"dat12_24","reg","CO",61,61,-12.7648230808106,10.1620548671043
"dat12_24","reg","CO",61,62,17.4909798266968,12.0935368331105
"dat12_24","reg","CO",61,63,21.6545545335489,14.1345587715236
"dat12_24","reg","CO",61,64,33.4231498894341,13.377452694058
"dat12_24","reg","CO",61,65,26.7305867752034,13.8592136224542
"dat12_24","reg","CO",61,66,45.3283412347561,14.9555511168613
"dat12_24","reg","CO",61,67,58.6761025584667,18.190910879443
"dat12_24","reg","CO",61,68,52.7781149293448,16.4444896786951
"dat12_24","reg","CO",61,69,32.9151933895067,16.3880701124545
"dat12_24","reg","CO",61,70,35.2232337285442,15.4791015162316
"dat12_24","reg","CO",61,71,42.1887649756247,14.5476770047885
"dat12_24","reg","CO",61,72,32.7958494515598,15.9606010210845
"dat12_24","reg","CO",61,73,0.0591549379224077,17.175861529681
"dat12_24","reg","CO",61,74,-1.20094993289719,14.4009701393874
"dat12_24","reg","CO",61,75,50.834925904536,14.9823987396452
"dat12_24","reg","CO",61,76,47.4541543322753,15.9473516615987
"dat12_24","reg","CO",61,77,46.1338582384249,17.3135523528184
"dat12_24","reg","CO",61,78,62.2924109950266,17.8434138603611
"dat12_24","reg","CO",61,79,74.2173893465467,28.0354284824925
"dat12_24","reg","CO",61,80,45.9734516041821,25.0538243280578
"dat12_24","reg","CO",61,81,59.0984224895175,24.854662913419
"dat12_24","reg","CO",61,82,84.7655027118024,22.6194149529096
"dat12_24","reg","CO",61,83,54.7303957288135,26.8116231176316
"dat12_24","reg","CO",61,84,19.2534532052837,25.9504569860441
"dat12_24","reg","CO",61,85,50.2949633897523,32.9389820100712
"dat12_24","reg","CO",61,86,38.9995945547954,32.6295413509797
"dat12_24","reg","CO",61,87,64.3376942967405,31.4389219743255
"dat12_24","reg","CO",61,88,44.8426281125842,27.0402796487888
"dat12_24","reg","CO",61,89,32.318423924277,27.5948336955537
"dat12_24","reg","CO",61,90,21.6616463922709,26.8246689419511
"dat12_24","reg","CO",61,91,41.927288262938,26.1195835882913
"dat12_24","reg","CO",61,92,45.0374334951093,25.0643003720834
"dat12_24","reg","CO",61,93,47.5453470078264,25.3171185815779
"dat12_24","reg","CO",61,94,34.0660519407862,23.3896588177895
"dat12_24","reg","CO",61,95,14.3423519191246,23.2672144291441
"dat12_24","reg","CO",61,96,-47.1504645911671,28.6917080351911
"dat12_24","reg","CO",61,97,-4.30588734796774,37.829080717638
"dat12_24","reg","CO",61,98,-20.5210386049433,29.3012320519756
"dat12_24","reg","CO",61,99,15.5502817350758,24.8166069074342
"dat12_24","reg","CO",61,100,13.6057589093197,23.8574535837746
"dat12_24","reg","CO",61,101,16.3939915798862,24.7264094503722
"dat12_24","reg","CO",61,102,12.8650874522889,27.139570496001
"dat12_24","reg","CO",61,103,-24.9424647631586,29.4439156809524
"dat12_24","reg","CO",61,104,-44.3659510036209,31.314847955527
"dat12_24","reg","CO",61,105,-15.210080310158,27.7003612528875
"dat12_24","reg","CO",61,106,27.5559377581175,27.9215497134214
"dat12_24","reg","CO",61,107,31.6639170623241,24.9397551197277
"dat12_24","reg","CO",61,108,6.84207517495599,24.6390441769639
"dat12_24","reg","CO",61,109,0.466901827476434,25.2137455978443
"dat12_24","reg","CO",61,110,-2.91385661280691,28.3082883039298
"dat12_24","reg","CO",61,111,44.7220073106443,28.0454180921481
"dat12_24","reg","CO",61,112,76.7950046086484,23.6514594906111
"dat12_24","reg","CO",61,113,54.8831475524395,25.0014349070634
"dat12_24","reg","CO",61,114,48.9768637526195,25.818889552217
"dat12_24","reg","CO",61,115,48.6466924525088,25.6057313125988
"dat12_24","reg","CO",61,116,59.0481121662021,25.6302797428395
"dat12_24","reg","CO",61,117,44.5764922090254,26.4063619454475
"dat12_24","reg","CO",61,118,50.9786568407298,22.7468259521945
"dat12_24","reg","CO",61,119,72.7739911629691,22.1655181011971
"dat12_24","reg","CO",61,120,61.728228767177,23.5287121022235
"dat12_24","reg","CO",61,121,38.8640849822565,22.2685399974797
"dat12_24","reg","CO",61,122,46.7123322561979,22.6850393392754
"dat12_24","reg","CO",61,123,34.9626152979501,23.2080513403755
"dat12_24","reg","CO",61,124,59.0001123930904,24.3342878491649
"dat12_24","reg","CO",61,125,42.4669827646128,24.3906733217986
"dat12_24","reg","CO",61,126,61.879143915462,24.155182834956
"dat12_24","reg","CO",61,127,27.6603564028923,26.4630552572265
"dat12_24","reg","CO",61,128,24.8125745646252,25.7860432759779
"dat12_24","reg","CO",61,129,81.6001985119406,23.5598187309962
"dat12_24","reg","CO",61,130,76.3968757090087,20.8913723001505
"dat12_24","reg","CO",61,131,87.6629553939306,21.5552980998302
"dat12_24","reg","CO",61,132,37.2810033664954,20.1760176536057
"dat12_24","reg","CO",61,133,76.5947594466585,22.7147122818082
"dat12_24","reg","CO",61,134,52.1639349778139,19.8685066080175
"dat12_24","reg","CO",61,135,101.89028235039,19.9574538057647
"dat12_24","reg","CO",61,136,68.9211706611365,22.8023435289912
"dat12_24","reg","CO",61,137,58.3257650035721,23.5560788829196
"dat12_24","reg","CO",61,138,65.5550939721287,24.3572878487552
"dat12_24","reg","CO",61,139,39.536646910659,24.596227680038
"dat12_24","reg","CO",61,140,64.2355962904816,24.3975114546189
"dat12_24","reg","CO",61,141,83.278220147674,23.9331576849989
"dat12_24","reg","CO",61,142,67.5444442391233,20.6564983861395
"dat12_24","reg","CO",61,143,50.3346415332408,22.67307633286
"dat12_24","reg","CO",61,144,57.2176390465865,20.3591825007152
"dat12_24","reg","CO",61,145,53.9347108632551,20.7035396751901
"dat12_24","reg","CO",61,146,52.6041926024244,22.2975698798923
"dat12_24","reg","CO",61,147,2.55858063969265,24.7737963552688
"dat12_24","reg","CO",61,148,23.8180531406625,28.3663186456596
"dat12_24","reg","CO",61,149,3.99874152011381,24.3184761663326
"dat12_24","reg","CO",61,150,-25.5086519261391,22.7316497443314
"dat12_24","reg","CO",61,151,-28.8594869910242,26.7219922476313
"dat12_24","reg","CO",61,152,-3.37664443657195,27.3932591768426
"dat12_24","reg","CO",61,153,-18.4573493082903,28.3155636260252
"dat12_24","reg","CO",61,154,-8.86199805570533,26.1363395407044
"dat12_24","reg","CO",61,155,-25.8276118159988,29.8662216548501
"dat12_24","reg","CO",61,156,-69.1851498616248,29.2415888180213
"dat12_24","reg","CO",79,1,18.7844483304355,18.8209403067191
"dat12_24","reg","CO",79,2,-19.1380939560204,18.9935850465076
"dat12_24","reg","CO",79,3,-2.63048342938157,14.1567665024487
"dat12_24","reg","CO",79,4,11.309373919992,14.6805526579482
"dat12_24","reg","CO",79,5,28.5052202140432,21.0403181314371
"dat12_24","reg","CO",79,6,34.7119598210422,31.443532679975
"dat12_24","reg","CO",79,7,19.8684382517492,19.6384210792741
"dat12_24","reg","CO",79,8,26.9146843233247,12.8013744566628
"dat12_24","reg","CO",79,9,36.4382870142846,12.2376511141022
"dat12_24","reg","CO",79,10,63.6991084442124,14.4793076492039
"dat12_24","reg","CO",79,11,28.9288687921972,15.5715531205447
"dat12_24","reg","CO",79,12,-20.514793453171,29.7094364149339
"dat12_24","reg","CO",79,13,54.0016943259503,22.5145796850935
"dat12_24","reg","CO",79,14,37.9976275979695,22.4073392838203
"dat12_24","reg","CO",79,15,0.884520452787854,14.9818138822912
"dat12_24","reg","CO",79,16,51.4516458677879,14.9506616747638
"dat12_24","reg","CO",79,17,61.5104421016536,15.2082642629602
"dat12_24","reg","CO",79,18,60.585311569381,12.8891406204019
"dat12_24","reg","CO",79,19,30.1898332754596,13.4424373121378
"dat12_24","reg","CO",79,20,22.9872537520735,16.4117975476073
"dat12_24","reg","CO",79,21,-6.11846769325853,14.639343821125
"dat12_24","reg","CO",79,22,2.35467846617527,12.0945570721847
"dat12_24","reg","CO",79,23,17.1906425863158,18.9895905469252
"dat12_24","reg","CO",79,24,43.1555834279114,14.0771025072723
"dat12_24","reg","CO",79,25,9.50043013743476,18.0077829083801
"dat12_24","reg","CO",79,26,34.2772954215183,15.6748713672622
"dat12_24","reg","CO",79,27,45.762876024635,13.2309890259452
"dat12_24","reg","CO",79,28,54.2670545037934,14.2124584967402
"dat12_24","reg","CO",79,29,42.3456796742032,9.55558730030699
"dat12_24","reg","CO",79,30,39.4728886416049,9.69388637921859
"dat12_24","reg","CO",79,31,45.3434440948552,12.9978217499703
"dat12_24","reg","CO",79,32,45.6361366070324,12.2087195632183
"dat12_24","reg","CO",79,33,72.6776798846601,12.3717807243208
"dat12_24","reg","CO",79,34,18.8802560799384,15.3400593380751
"dat12_24","reg","CO",79,35,3.94785271244317,19.3420207409711
"dat12_24","reg","CO",79,36,-39.3438008217331,15.3445019910087
"dat12_24","reg","CO",79,37,-52.9226774121247,18.2646509141646
"dat12_24","reg","CO",79,38,1.90067264732392,12.439222814548
"dat12_24","reg","CO",79,39,42.7748095323014,14.5074392340832
"dat12_24","reg","CO",79,40,48.0544358535224,17.1874307089673
"dat12_24","reg","CO",79,41,32.9083049242846,16.3883565719964
"dat12_24","reg","CO",79,42,29.3884265286554,34.63157955269
"dat12_24","reg","CO",79,43,11.6487870082579,12.7183592110792
"dat12_24","reg","CO",79,44,54.629698450675,11.267868782256
"dat12_24","reg","CO",79,45,32.0949673880823,13.954633410571
"dat12_24","reg","CO",79,46,72.5779708088846,11.3702626802878
"dat12_24","reg","CO",79,47,11.5335990633994,12.9852497506234
"dat12_24","reg","CO",79,48,10.5126167674581,18.4608253179242
"dat12_24","reg","CO",79,49,-35.9837542595624,12.4815621374297
"dat12_24","reg","CO",79,50,-12.3478129795892,11.2295203478726
"dat12_24","reg","CO",79,51,45.662296655754,13.9818098268174
"dat12_24","reg","CO",79,52,16.1610429181638,10.9302306128488
"dat12_24","reg","CO",79,53,5.46482473452406,10.9002326038214
"dat12_24","reg","CO",79,54,2.43530075960465,15.5263890679077
"dat12_24","reg","CO",79,55,16.8421414064025,10.971522792487
"dat12_24","reg","CO",79,56,21.1499041162851,10.7241438406121
"dat12_24","reg","CO",79,57,47.0885257621281,11.3108169938569
"dat12_24","reg","CO",79,58,14.0621957141057,9.49281286867977
"dat12_24","reg","CO",79,59,-32.0739121012765,12.8360280965987
"dat12_24","reg","CO",79,60,-20.2774926173039,16.9911119306258
"dat12_24","reg","CO",79,61,-2.91038397342993,12.4902388337066
"dat12_24","reg","CO",79,62,8.42946975641587,11.8656676426737
"dat12_24","reg","CO",79,63,18.5479231831224,11.5625623649379
"dat12_24","reg","CO",79,64,26.708803691602,11.5223022460905
"dat12_24","reg","CO",79,65,10.3230122641088,9.66311911034215
"dat12_24","reg","CO",79,66,-28.3210112280381,7.04197501014868
"dat12_24","reg","CO",79,67,34.9861419800189,13.8680420764823
"dat12_24","reg","CO",79,68,17.0758758556587,9.2976894521724
"dat12_24","reg","CO",79,69,5.47399174095574,12.3692717801424
"dat12_24","reg","CO",79,70,17.8039688033403,10.3795285469962
"dat12_24","reg","CO",79,71,9.12921869301404,11.0848998488357
"dat12_24","reg","CO",79,72,15.6993320724457,14.8458824219342
"dat12_24","reg","CO",79,73,-28.9369412184468,12.593899539587
"dat12_24","reg","CO",79,74,-3.69914958888407,9.85942369837856
"dat12_24","reg","CO",79,75,32.5213092498683,10.5795596646154
"dat12_24","reg","CO",79,76,27.1025206959571,7.01422028944461
"dat12_24","reg","CO",79,77,11.5367651466321,5.69429469709715
"dat12_24","reg","CO",79,78,0,NA
"dat12_24","reg","CO",79,79,-2.43454181481594,7.77583930375881
"dat12_24","reg","CO",79,80,10.2828706737242,7.99022805227547
"dat12_24","reg","CO",79,81,7.72670673401095,8.21205081253717
"dat12_24","reg","CO",79,82,26.619971826028,8.91096373219911
"dat12_24","reg","CO",79,83,40.6593236264881,12.7405469693588
"dat12_24","reg","CO",79,84,40.6817127894132,12.657223306176
"dat12_24","reg","CO",79,85,69.5886320277368,15.2338537837391
"dat12_24","reg","CO",79,86,44.0610456378037,12.4982030136211
"dat12_24","reg","CO",79,87,48.1285334186686,11.4593906350847
"dat12_24","reg","CO",79,88,13.2349633566385,8.76052533429935
"dat12_24","reg","CO",79,89,5.34338948577188,8.20422265441956
"dat12_24","reg","CO",79,90,-9.74701790267919,8.4085365444483
"dat12_24","reg","CO",79,91,6.12620428791283,9.15725586880588
"dat12_24","reg","CO",79,92,-6.00118005353568,7.85785937919846
"dat12_24","reg","CO",79,93,24.624781548092,8.32571907127974
"dat12_24","reg","CO",79,94,32.4806306802994,10.0298740008692
"dat12_24","reg","CO",79,95,57.2861249493015,12.8575959146098
"dat12_24","reg","CO",79,96,61.3448003170957,16.1663459031064
"dat12_24","reg","CO",79,97,99.6451809669239,17.8885118695905
"dat12_24","reg","CO",79,98,52.8327035115452,15.2528713970889
"dat12_24","reg","CO",79,99,41.7694307659889,12.8355780508412
"dat12_24","reg","CO",79,100,18.1348247361859,12.6723608569108
"dat12_24","reg","CO",79,101,21.0560913838571,12.561112008029
"dat12_24","reg","CO",79,102,20.2954918626815,10.7803862301274
"dat12_24","reg","CO",79,103,9.4438368131678,10.518295479785
"dat12_24","reg","CO",79,104,-20.9095922970078,10.7276280963238
"dat12_24","reg","CO",79,105,-6.75694016110939,10.2956674592491
"dat12_24","reg","CO",79,106,27.9237439794347,11.6133212050799
"dat12_24","reg","CO",79,107,40.9023950792477,13.1186768822572
"dat12_24","reg","CO",79,108,59.6213615262744,14.9594625685568
"dat12_24","reg","CO",79,109,28.6432301746111,13.2840601237105
"dat12_24","reg","CO",79,110,34.6202740933496,12.6040252926942
"dat12_24","reg","CO",79,111,51.3238016776489,12.9436263445211
"dat12_24","reg","CO",79,112,24.625950281261,11.9436530234706
"dat12_24","reg","CO",79,113,15.6770932037344,12.0647358502019
"dat12_24","reg","CO",79,114,32.5014376155473,13.174063801716
"dat12_24","reg","CO",79,115,25.7952185177125,13.1521394104223
"dat12_24","reg","CO",79,116,6.87108770924924,12.5599450460942
"dat12_24","reg","CO",79,117,12.6470434200072,12.8804148424734
"dat12_24","reg","CO",79,118,30.6792910628127,13.5987048963555
"dat12_24","reg","CO",79,119,63.032673039232,15.4746823427836
"dat12_24","reg","CO",79,120,62.1632436118935,16.4416816098899
"dat12_24","reg","CO",79,121,49.7175537742102,17.9929260257173
"dat12_24","reg","CO",79,122,33.6013779827515,14.6429812269584
"dat12_24","reg","CO",79,123,15.5864304664363,13.6331090450231
"dat12_24","reg","CO",79,124,4.01859288351389,12.254386999585
"dat12_24","reg","CO",79,125,-14.8024939127914,11.2244478908086
"dat12_24","reg","CO",79,126,-17.4580693514345,11.6272047514391
"dat12_24","reg","CO",79,127,-11.7504766909002,13.2809968495361
"dat12_24","reg","CO",79,128,-4.37992780270227,13.2690777442418
"dat12_24","reg","CO",79,129,17.3522432808471,11.9414597408154
"dat12_24","reg","CO",79,130,25.5272024644564,11.7521779062476
"dat12_24","reg","CO",79,131,40.4256453025037,13.0586036009386
"dat12_24","reg","CO",79,132,28.0439985499585,14.0490803583861
"dat12_24","reg","CO",79,133,55.7646417958932,14.7005052249721
"dat12_24","reg","CO",79,134,33.1710277854193,13.3031457583189
"dat12_24","reg","CO",79,135,35.0332156556693,13.9074290694754
"dat12_24","reg","CO",79,136,10.1911234551873,12.0292289550083
"dat12_24","reg","CO",79,137,5.13117724440557,10.6077614707159
"dat12_24","reg","CO",79,138,8.00997735209241,9.98173725823763
"dat12_24","reg","CO",79,139,8.42328049926351,11.786111756817
"dat12_24","reg","CO",79,140,15.8125553808012,11.9844680056149
"dat12_24","reg","CO",79,141,14.1281933009791,10.3036968683271
"dat12_24","reg","CO",79,142,31.0390048315649,11.446321320791
"dat12_24","reg","CO",79,143,22.6011004824043,12.6759744053499
"dat12_24","reg","CO",79,144,32.4885263939821,14.9911378497907
"dat12_24","reg","CO",79,145,35.3624765517651,15.8368742721954
"dat12_24","reg","CO",79,146,38.7156474130976,13.7926247156903
"dat12_24","reg","CO",79,147,2.87410655679684,12.120671663115
"dat12_24","reg","CO",79,148,19.4282194766475,11.6146551752673
"dat12_24","reg","CO",79,149,-2.67346282809385,10.9644087811319
"dat12_24","reg","CO",79,150,-15.3258649356255,10.5282068336374
"dat12_24","reg","CO",79,151,1.94289466055703,11.9593033442397
"dat12_24","reg","CO",79,152,21.6006385170423,11.8353265951244
"dat12_24","reg","CO",79,153,9.00204222211313,11.640508196715
"dat12_24","reg","CO",79,154,28.4196590622206,14.2074472378482
"dat12_24","reg","CO",79,155,23.6582256499122,16.3995482270519
"dat12_24","reg","CO",79,156,18.4568773877829,16.5101238468719
"dat12_24","reg","CO",97,1,19.7473778162133,15.9034493681778
"dat12_24","reg","CO",97,2,-0.408577332008761,15.7965322877379
"dat12_24","reg","CO",97,3,6.82955778419419,10.7602602154641
"dat12_24","reg","CO",97,4,-23.8157469604686,13.2064062585397
"dat12_24","reg","CO",97,5,-5.16169040163095,25.8916883333385
"dat12_24","reg","CO",97,6,31.2160657278518,14.1256654400894
"dat12_24","reg","CO",97,7,-37.5827600526973,17.5219213821126
"dat12_24","reg","CO",97,8,-11.8853254333105,10.5570003526377
"dat12_24","reg","CO",97,9,34.4306814152037,10.2309801540352
"dat12_24","reg","CO",97,10,-9.40190125902019,9.99279841798711
"dat12_24","reg","CO",97,11,-13.8675260964428,10.2505492047733
"dat12_24","reg","CO",97,12,-6.20285753495327,12.1009767147753
"dat12_24","reg","CO",97,13,-9.25799247446747,13.134435199667
"dat12_24","reg","CO",97,14,1.00085263167468,10.2670598567812
"dat12_24","reg","CO",97,15,-9.84281005269759,13.6416658015942
"dat12_24","reg","CO",97,16,3.45254236120375,9.93059309599659
"dat12_24","reg","CO",97,17,-21.3824002143584,11.9730033711441
"dat12_24","reg","CO",97,18,35.926985874662,13.0949642120052
"dat12_24","reg","CO",97,19,10.3964030865737,13.6024387715125
"dat12_24","reg","CO",97,20,24.0405795034191,18.1060283166427
"dat12_24","reg","CO",97,21,-7.25250774014958,17.293848827778
"dat12_24","reg","CO",97,22,1.91873236582612,13.7873381417966
"dat12_24","reg","CO",97,23,5.05145287643219,18.601591082675
"dat12_24","reg","CO",97,24,37.7450475719184,14.6862943518903
"dat12_24","reg","CO",97,25,-39.8665696836619,14.8189134015459
"dat12_24","reg","CO",97,26,-16.1306953158764,17.7337637175272
"dat12_24","reg","CO",97,27,5.07266372044592,13.4158669388925
"dat12_24","reg","CO",97,28,5.74074960562652,12.1537219741066
"dat12_24","reg","CO",97,29,-5.16842267084618,10.9158982195773
"dat12_24","reg","CO",97,30,-6.46008645707488,12.5046173692938
"dat12_24","reg","CO",97,31,12.0485026912289,12.776910656557
"dat12_24","reg","CO",97,32,61.3930484595669,16.4907079178815
"dat12_24","reg","CO",97,33,28.2132491087664,19.1277379792293
"dat12_24","reg","CO",97,34,7.54742093300941,20.2705138524242
"dat12_24","reg","CO",97,35,-13.5376700796609,14.4908829869055
"dat12_24","reg","CO",97,36,-39.4572045703586,15.59537840114
"dat12_24","reg","CO",97,37,-23.6024273374936,15.5187427462818
"dat12_24","reg","CO",97,38,11.9176255395836,13.5713972642437
"dat12_24","reg","CO",97,39,-7.61183872210505,14.8334451633936
"dat12_24","reg","CO",97,40,41.9541778063706,17.6318127221001
"dat12_24","reg","CO",97,41,-3.52083602232216,14.4026371765206
"dat12_24","reg","CO",97,42,38.4476707664674,15.0241296413749
"dat12_24","reg","CO",97,43,-2.53066121935726,13.572227361439
"dat12_24","reg","CO",97,44,19.9686796731864,14.9213489503226
"dat12_24","reg","CO",97,45,13.9106239115212,21.0771963653754
"dat12_24","reg","CO",97,46,29.8776621664565,20.8446393200016
"dat12_24","reg","CO",97,47,1.74122027749531,16.749157616288
"dat12_24","reg","CO",97,48,-32.7856129971298,19.1478553255389
"dat12_24","reg","CO",97,49,-14.0628305341051,14.3064196285212
"dat12_24","reg","CO",97,50,-16.2771925934931,12.1587297263466
"dat12_24","reg","CO",97,51,-10.1425107591786,11.7026329512103
"dat12_24","reg","CO",97,52,29.7069605653094,14.7137155729803
"dat12_24","reg","CO",97,53,-33.3011190210205,18.9941888690865
"dat12_24","reg","CO",97,54,17.7038900783432,12.5632721036119
"dat12_24","reg","CO",97,55,21.0872893708244,14.5896362001497
"dat12_24","reg","CO",97,56,-6.91968326442685,14.9746380025114
"dat12_24","reg","CO",97,57,7.27690904319152,17.6237405612581
"dat12_24","reg","CO",97,58,7.28470654541637,16.8105179220601
"dat12_24","reg","CO",97,59,-2.89227939299932,11.9210101093007
"dat12_24","reg","CO",97,60,-20.689978760366,12.8214769811794
"dat12_24","reg","CO",97,61,-5.89558353733902,11.3867125560678
"dat12_24","reg","CO",97,62,9.33941493562958,12.5764756750591
"dat12_24","reg","CO",97,63,6.04603396218067,13.2542986985688
"dat12_24","reg","CO",97,64,-13.4137773507558,14.7856203522494
"dat12_24","reg","CO",97,65,-16.0672440530699,13.9391725023868
"dat12_24","reg","CO",97,66,-32.097142035231,13.0086019731465
"dat12_24","reg","CO",97,67,18.1402136617751,15.6626226375273
"dat12_24","reg","CO",97,68,-8.82499335838446,13.8405137956404
"dat12_24","reg","CO",97,69,17.0265926750916,14.3017563955014
"dat12_24","reg","CO",97,70,20.9011861719306,15.1211402634814
"dat12_24","reg","CO",97,71,-4.60053756427268,12.1793513816776
"dat12_24","reg","CO",97,72,-11.7329131040396,13.422753186975
"dat12_24","reg","CO",97,73,-9.52357473520149,12.0707410000873
"dat12_24","reg","CO",97,74,-18.0111817651704,10.4850337639663
"dat12_24","reg","CO",97,75,2.2611740464704,12.6595206033241
"dat12_24","reg","CO",97,76,6.78473468172766,11.0489303298369
"dat12_24","reg","CO",97,77,19.8201501019311,11.5452436398113
"dat12_24","reg","CO",97,78,-24.2977495151185,14.0040919721946
"dat12_24","reg","CO",97,79,-6.69646642025617,13.7276877809084
"dat12_24","reg","CO",97,80,-11.4864089801788,16.2377195454523
"dat12_24","reg","CO",97,81,-6.97691202005402,17.116124746449
"dat12_24","reg","CO",97,82,-0.444468403772504,11.7393184035355
"dat12_24","reg","CO",97,83,-19.6568749936041,10.1324592036534
"dat12_24","reg","CO",97,84,8.30251395998503,9.5262675468961
"dat12_24","reg","CO",97,85,0.560575226403529,9.16729062181237
"dat12_24","reg","CO",97,86,-7.50441160870928,10.3820604525539
"dat12_24","reg","CO",97,87,5.21273776391534,13.768568006
"dat12_24","reg","CO",97,88,-23.1151766451881,15.4263712751508
"dat12_24","reg","CO",97,89,-1.25871686422582,13.3963944618464
"dat12_24","reg","CO",97,90,28.4794662411222,19.1180188542013
"dat12_24","reg","CO",97,91,22.89943816414,20.751394739005
"dat12_24","reg","CO",97,92,-6.73829685690902,29.6778029578698
"dat12_24","reg","CO",97,93,4.05158851925125,19.2427588559153
"dat12_24","reg","CO",97,94,-24.6858734557317,16.752754065869
"dat12_24","reg","CO",97,95,6.72371912095011,7.0089136181604
"dat12_24","reg","CO",97,96,0,NA
"dat12_24","reg","CO",97,97,8.22535973644938,9.68858875966088
"dat12_24","reg","CO",97,98,-8.12854500273876,6.44639231515278
"dat12_24","reg","CO",97,99,0.562891086683948,9.70501256464822
"dat12_24","reg","CO",97,100,-12.5276328318262,10.7033892025047
"dat12_24","reg","CO",97,101,-1.64879490614868,12.2500041570185
"dat12_24","reg","CO",97,102,16.8514207360458,12.5605374293804
"dat12_24","reg","CO",97,103,12.4085010282549,10.8302140501874
"dat12_24","reg","CO",97,104,5.16096502247831,11.8466276899454
"dat12_24","reg","CO",97,105,8.49494109197201,11.3305756547528
"dat12_24","reg","CO",97,106,22.2218780803104,10.901055624576
"dat12_24","reg","CO",97,107,10.2456412690665,10.2425689685688
"dat12_24","reg","CO",97,108,1.70651752262658,9.5811957831785
"dat12_24","reg","CO",97,109,-14.7889812848448,10.2493347353872
"dat12_24","reg","CO",97,110,-8.96153280936434,10.7021063259664
"dat12_24","reg","CO",97,111,6.02715218294061,15.5817804803193
"dat12_24","reg","CO",97,112,-0.956694868884028,13.0274834909344
"dat12_24","reg","CO",97,113,-0.978469938036511,11.8133550097792
"dat12_24","reg","CO",97,114,3.11917054522542,12.0725547294564
"dat12_24","reg","CO",97,115,14.8816224291071,14.7814108139107
"dat12_24","reg","CO",97,116,8.5402454186937,15.2504260857963
"dat12_24","reg","CO",97,117,8.54849238395795,12.4047828984058
"dat12_24","reg","CO",97,118,17.0227175031603,12.8112114346492
"dat12_24","reg","CO",97,119,23.4154253024052,12.5592382534982
"dat12_24","reg","CO",97,120,-0.764325359043852,12.2283391450829
"dat12_24","reg","CO",97,121,-3.65073383219621,13.5550174440078
"dat12_24","reg","CO",97,122,-8.59364710328592,12.2813512766648
"dat12_24","reg","CO",97,123,-15.6636132594645,12.5573129783028
"dat12_24","reg","CO",97,124,-12.8949711662791,12.5674742163581
"dat12_24","reg","CO",97,125,-14.7761967653968,12.0452815600253
"dat12_24","reg","CO",97,126,-21.7607677675725,11.8118827747789
"dat12_24","reg","CO",97,127,-15.6637336339517,12.2537390382075
"dat12_24","reg","CO",97,128,-3.23985438118785,12.7326946841602
"dat12_24","reg","CO",97,129,1.55184258096438,13.2886321381528
"dat12_24","reg","CO",97,130,-1.57616057606089,11.7182275765117
"dat12_24","reg","CO",97,131,-4.02325659677595,10.7281774274324
"dat12_24","reg","CO",97,132,-15.7119781850908,12.0570693804898
"dat12_24","reg","CO",97,133,-4.56426025863696,12.7582137872089
"dat12_24","reg","CO",97,134,-6.5299484758726,11.9981863593378
"dat12_24","reg","CO",97,135,3.4206015427655,12.8460284541865
"dat12_24","reg","CO",97,136,-5.53431377817378,12.4869267999536
"dat12_24","reg","CO",97,137,-6.01693168236028,12.0182924117059
"dat12_24","reg","CO",97,138,0.11042432569991,12.7840340420094
"dat12_24","reg","CO",97,139,4.76780939991954,15.501877138968
"dat12_24","reg","CO",97,140,-4.20155913369319,16.1038767641058
"dat12_24","reg","CO",97,141,3.54323311146402,15.5521333841285
"dat12_24","reg","CO",97,142,3.18960254817068,12.80287531425
"dat12_24","reg","CO",97,143,-17.7774636739856,9.35587985959195
"dat12_24","reg","CO",97,144,-25.8192141175825,9.80210482977727
"dat12_24","reg","CO",97,145,-21.271152530092,9.635587338468
"dat12_24","reg","CO",97,146,-22.3306169796751,8.5438707082916
"dat12_24","reg","CO",97,147,-35.4705562426469,6.92154299456088
"dat12_24","reg","CO",97,148,-20.742126811176,7.60388723355386
"dat12_24","reg","CO",97,149,-25.0147723401044,8.49270747421332
"dat12_24","reg","CO",97,150,-24.9771569120867,9.87779787957557
"dat12_24","reg","CO",97,151,-17.2808875701147,10.8046277347521
"dat12_24","reg","CO",97,152,-4.21522960431957,12.5861223921414
"dat12_24","reg","CO",97,153,-16.8457436272686,11.1561050551691
"dat12_24","reg","CO",97,154,-27.1552978294694,9.27293492059282
"dat12_24","reg","CO",97,155,-42.4323917341993,8.79748411943324
"dat12_24","reg","CO",97,156,-48.0488246831483,9.82671207283279
"dat12_24","reg","SO2",61,1,-1.05436804812686,0.255627689296071
"dat12_24","reg","SO2",61,2,-0.794971831266686,0.266328726066651
"dat12_24","reg","SO2",61,3,-0.272500039864258,0.180544280916316
"dat12_24","reg","SO2",61,4,-0.443873472738553,0.17493057728863
"dat12_24","reg","SO2",61,5,-1.03584721169715,0.255367538991896
"dat12_24","reg","SO2",61,6,-1.02401308668717,0.268482429908164
"dat12_24","reg","SO2",61,7,-0.973094026032681,0.425656732933756
"dat12_24","reg","SO2",61,8,0.433554153123013,0.310207262223882
"dat12_24","reg","SO2",61,9,-0.369603688546505,0.182403811989286
"dat12_24","reg","SO2",61,10,-0.653086609705597,0.218317680652306
"dat12_24","reg","SO2",61,11,-0.59013180524303,0.207272959657588
"dat12_24","reg","SO2",61,12,-1.13307166473031,0.32051316931596
"dat12_24","reg","SO2",61,13,-1.00891637326885,0.270377576102175
"dat12_24","reg","SO2",61,14,-0.396268809953055,0.227709637865731
"dat12_24","reg","SO2",61,15,-0.546059173783649,0.196791429979549
"dat12_24","reg","SO2",61,16,-0.228407858798964,0.170034371522438
"dat12_24","reg","SO2",61,17,-2.27304469912659,0.332587264911163
"dat12_24","reg","SO2",61,18,-2.25837250159619,0.451230004539639
"dat12_24","reg","SO2",61,19,-1.1020518504925,0.326973747138829
"dat12_24","reg","SO2",61,20,-1.53535860686646,0.376988316419402
"dat12_24","reg","SO2",61,21,-0.351240524683577,0.188030754998943
"dat12_24","reg","SO2",61,22,-0.345911688353642,0.13021331266808
"dat12_24","reg","SO2",61,23,-0.0874203648748566,0.209252251348995
"dat12_24","reg","SO2",61,24,-0.410127319355353,0.165530928614556
"dat12_24","reg","SO2",61,25,-0.865219553020191,0.206846757000429
"dat12_24","reg","SO2",61,26,-0.453411836850038,0.169895722432986
"dat12_24","reg","SO2",61,27,-0.769806903273592,0.145434172984973
"dat12_24","reg","SO2",61,28,-1.42453476125985,0.259012552899066
"dat12_24","reg","SO2",61,29,-0.833376880101105,0.202820284578376
"dat12_24","reg","SO2",61,30,-0.79704709640934,0.238709703898477
"dat12_24","reg","SO2",61,31,-2.19525948537022,0.412442662075251
"dat12_24","reg","SO2",61,32,-0.266078906100178,0.195418674685821
"dat12_24","reg","SO2",61,33,-0.288590251076216,0.171138801228698
"dat12_24","reg","SO2",61,34,-0.161053124286758,0.151118611009877
"dat12_24","reg","SO2",61,35,-0.597961707638397,0.171838380619839
"dat12_24","reg","SO2",61,36,-0.616959447153435,0.155610935874411
"dat12_24","reg","SO2",61,37,-0.514569328644296,0.165263351569386
"dat12_24","reg","SO2",61,38,-0.460615297520168,0.156332584310535
"dat12_24","reg","SO2",61,39,-0.163121228477081,0.188700996916444
"dat12_24","reg","SO2",61,40,-0.676719153843017,0.244858360128171
"dat12_24","reg","SO2",61,41,-1.58961022708701,0.386752772789367
"dat12_24","reg","SO2",61,42,0.990109965940651,0.36164493496493
"dat12_24","reg","SO2",61,43,-0.472812499845185,0.29545924565772
"dat12_24","reg","SO2",61,44,0.0796804668506516,0.209752452167056
"dat12_24","reg","SO2",61,45,0.617215625952753,0.157319317051634
"dat12_24","reg","SO2",61,46,0.43516365432479,0.140008321513164
"dat12_24","reg","SO2",61,47,0.137019627559605,0.125343863568572
"dat12_24","reg","SO2",61,48,-0.346399771329686,0.119337247173202
"dat12_24","reg","SO2",61,49,-0.0158981420384926,0.123486535003872
"dat12_24","reg","SO2",61,50,-0.0199734605349184,0.101514711314111
"dat12_24","reg","SO2",61,51,-0.280139669054774,0.135005085312522
"dat12_24","reg","SO2",61,52,-0.00561245918584923,0.139427586633759
"dat12_24","reg","SO2",61,53,-0.811629731987108,0.216612980625457
"dat12_24","reg","SO2",61,54,-0.338536162520813,0.268933639093637
"dat12_24","reg","SO2",61,55,0.0860515739080836,0.243138720836566
"dat12_24","reg","SO2",61,56,0.468648851925784,0.157736748740537
"dat12_24","reg","SO2",61,57,0.232309522071394,0.145311893927335
"dat12_24","reg","SO2",61,58,0.360618241717077,0.113221601480658
"dat12_24","reg","SO2",61,59,0.188698870467314,0.0591613338211061
"dat12_24","reg","SO2",61,60,0,NA
"dat12_24","reg","SO2",61,61,-0.419267145139924,0.0970569609299403
"dat12_24","reg","SO2",61,62,-0.241944729399829,0.0872814051713339
"dat12_24","reg","SO2",61,63,-0.258637444155945,0.125273446148573
"dat12_24","reg","SO2",61,64,0.223396013272129,0.110366875313408
"dat12_24","reg","SO2",61,65,0.359354874308035,0.140000292069078
"dat12_24","reg","SO2",61,66,0.504606701749042,0.129980964198082
"dat12_24","reg","SO2",61,67,0.651366960000637,0.197308428207974
"dat12_24","reg","SO2",61,68,0.737114759097415,0.163009935258203
"dat12_24","reg","SO2",61,69,0.58401688081405,0.143006509361745
"dat12_24","reg","SO2",61,70,0.6193775880225,0.141151581706522
"dat12_24","reg","SO2",61,71,0.342439210003573,0.113398832509794
"dat12_24","reg","SO2",61,72,0.190956830575951,0.136521289595669
"dat12_24","reg","SO2",61,73,0.106640193923728,0.170498295572935
"dat12_24","reg","SO2",61,74,0.0307076086024377,0.168426114275395
"dat12_24","reg","SO2",61,75,0.379865545116025,0.163826152986337
"dat12_24","reg","SO2",61,76,0.408386148607502,0.145499650736689
"dat12_24","reg","SO2",61,77,0.751263043813947,0.184965121208353
"dat12_24","reg","SO2",61,78,0.630680460583269,0.189675518951589
"dat12_24","reg","SO2",61,79,0.708464258587168,0.356977868872018
"dat12_24","reg","SO2",61,80,0.706190319797471,0.23087232718907
"dat12_24","reg","SO2",61,81,0.915134879751929,0.231105933659351
"dat12_24","reg","SO2",61,82,0.989114780998341,0.216835626730656
"dat12_24","reg","SO2",61,83,0.715496352818759,0.189387047695985
"dat12_24","reg","SO2",61,84,0.475681336935892,0.213586230819158
"dat12_24","reg","SO2",61,85,0.372165381869831,0.180432205395141
"dat12_24","reg","SO2",61,86,0.762115022633426,0.160157838238614
"dat12_24","reg","SO2",61,87,0.373385321110026,0.171931366302935
"dat12_24","reg","SO2",61,88,0.11854987243877,0.224899277132082
"dat12_24","reg","SO2",61,89,-0.283914700572585,0.349042414550856
"dat12_24","reg","SO2",61,90,0.198526450180843,0.276957917501035
"dat12_24","reg","SO2",61,91,0.016903622323249,0.314150904251225
"dat12_24","reg","SO2",61,92,0.412698251746344,0.241202417685585
"dat12_24","reg","SO2",61,93,0.559751044589175,0.247946190808561
"dat12_24","reg","SO2",61,94,0.474984004790457,0.204727402080719
"dat12_24","reg","SO2",61,95,0.225460778297656,0.189040563483547
"dat12_24","reg","SO2",61,96,-0.0102244252740948,0.18849978099504
"dat12_24","reg","SO2",61,97,0.299826833587011,0.193938416701704
"dat12_24","reg","SO2",61,98,0.216002574126821,0.194343100194787
"dat12_24","reg","SO2",61,99,0.542140803073937,0.186700462186407
"dat12_24","reg","SO2",61,100,0.380114878669892,0.194313734079878
"dat12_24","reg","SO2",61,101,0.0270638586751906,0.25712954981724
"dat12_24","reg","SO2",61,102,0.527908739207149,0.248846778135571
"dat12_24","reg","SO2",61,103,0.174724664723716,0.238379155297875
"dat12_24","reg","SO2",61,104,-0.0125517221991767,0.234773013449278
"dat12_24","reg","SO2",61,105,0.185617574116216,0.287042069762815
"dat12_24","reg","SO2",61,106,0.222073861480104,0.265972226416987
"dat12_24","reg","SO2",61,107,0.335783826152158,0.228159020911109
"dat12_24","reg","SO2",61,108,0.412401767404146,0.237608992719623
"dat12_24","reg","SO2",61,109,0.374132827451689,0.245227316501455
"dat12_24","reg","SO2",61,110,0.401102619735782,0.23772468890621
"dat12_24","reg","SO2",61,111,0.401260254439043,0.258333608675173
"dat12_24","reg","SO2",61,112,1.18838611444202,0.244818451494862
"dat12_24","reg","SO2",61,113,1.09615217368315,0.228307772974115
"dat12_24","reg","SO2",61,114,1.10572308271196,0.26020526807048
"dat12_24","reg","SO2",61,115,1.16810603877125,0.272131021715827
"dat12_24","reg","SO2",61,116,0.858841803270344,0.276564644732407
"dat12_24","reg","SO2",61,117,0.740080503426335,0.310146554733546
"dat12_24","reg","SO2",61,118,0.868891362328965,0.263878896682883
"dat12_24","reg","SO2",61,119,0.98086977792422,0.217438475570257
"dat12_24","reg","SO2",61,120,0.644437209724384,0.213493872209187
"dat12_24","reg","SO2",61,121,0.637654661182937,0.216500810958859
"dat12_24","reg","SO2",61,122,0.462116092875123,0.223812796925338
"dat12_24","reg","SO2",61,123,0.551723879992786,0.241250430582166
"dat12_24","reg","SO2",61,124,0.674785372374329,0.280049564630342
"dat12_24","reg","SO2",61,125,0.512107980845166,0.293225565149078
"dat12_24","reg","SO2",61,126,0.556101957962559,0.29581912729978
"dat12_24","reg","SO2",61,127,0.790576115152248,0.272610993678139
"dat12_24","reg","SO2",61,128,0.600350980500059,0.288047007515349
"dat12_24","reg","SO2",61,129,0.413700998365968,0.301477190392469
"dat12_24","reg","SO2",61,130,0.566731727508908,0.26928816671746
"dat12_24","reg","SO2",61,131,0.60082707334676,0.239671043640288
"dat12_24","reg","SO2",61,132,0.256036948223551,0.22395307059181
"dat12_24","reg","SO2",61,133,0.0561591295209265,0.239133108672546
"dat12_24","reg","SO2",61,134,-0.100326677684367,0.24226069490506
"dat12_24","reg","SO2",61,135,0.216896758785137,0.293926905010405
"dat12_24","reg","SO2",61,136,0.331856796436248,0.309409564488813
"dat12_24","reg","SO2",61,137,0.941429236229121,0.238113897215359
"dat12_24","reg","SO2",61,138,0.695524702513266,0.245975043373392
"dat12_24","reg","SO2",61,139,1.18598651014753,0.274841230037877
"dat12_24","reg","SO2",61,140,0.923444361657371,0.250872173196201
"dat12_24","reg","SO2",61,141,0.752858220303526,0.236367198018638
"dat12_24","reg","SO2",61,142,0.710268165927347,0.22394230384363
"dat12_24","reg","SO2",61,143,0.249440411355406,0.218112911319836
"dat12_24","reg","SO2",61,144,0.166263312952123,0.215570207620205
"dat12_24","reg","SO2",61,145,0.121183366711103,0.202324187753776
"dat12_24","reg","SO2",61,146,0.338308077965563,0.229747497989342
"dat12_24","reg","SO2",61,147,0.207228129570955,0.245267473925536
"dat12_24","reg","SO2",61,148,0.572795370948574,0.243700965357166
"dat12_24","reg","SO2",61,149,0.532890387743929,0.224240730454841
"dat12_24","reg","SO2",61,150,0.705529331863394,0.243052106024781
"dat12_24","reg","SO2",61,151,0.562415570795123,0.234453604682393
"dat12_24","reg","SO2",61,152,0.501206027563206,0.234234085767172
"dat12_24","reg","SO2",61,153,0.291184869300846,0.252796369662956
"dat12_24","reg","SO2",61,154,0.395034732333924,0.217461901344291
"dat12_24","reg","SO2",61,155,0.227707848321898,0.226502443152537
"dat12_24","reg","SO2",61,156,0.232727265266888,0.207928399725471
"dat12_24","reg","SO2",79,1,-0.564143588156047,0.248087236040265
"dat12_24","reg","SO2",79,2,-0.810572578891204,0.52661999319133
"dat12_24","reg","SO2",79,3,-0.381031333801883,0.306639535916855
"dat12_24","reg","SO2",79,4,0.504379640593265,0.222981314020364
"dat12_24","reg","SO2",79,5,0.548097068456323,0.25102428978728
"dat12_24","reg","SO2",79,6,0.616672581923286,0.240078327982794
"dat12_24","reg","SO2",79,7,-0.0730465660111281,0.3305325673377
"dat12_24","reg","SO2",79,8,-0.39658344686138,0.250838080047704
"dat12_24","reg","SO2",79,9,-0.103865824450142,0.189716567221036
"dat12_24","reg","SO2",79,10,0.160437720181455,0.215598745857707
"dat12_24","reg","SO2",79,11,0.112224297051579,0.239803235922567
"dat12_24","reg","SO2",79,12,-1.59889476331274,0.414466721736816
"dat12_24","reg","SO2",79,13,-0.175547621567884,0.344476382320647
"dat12_24","reg","SO2",79,14,-0.728477577309862,0.31181478964582
"dat12_24","reg","SO2",79,15,-0.344555926062775,0.20890036125329
"dat12_24","reg","SO2",79,16,-0.358046520578909,0.200468262170083
"dat12_24","reg","SO2",79,17,0.470843946279036,0.18948404437526
"dat12_24","reg","SO2",79,18,0.596133990887139,0.32004163362882
"dat12_24","reg","SO2",79,19,0.0850168617620333,0.230323417589235
"dat12_24","reg","SO2",79,20,-0.167788001658069,0.30035986442819
"dat12_24","reg","SO2",79,21,-0.0879036144583494,0.156076851009653
"dat12_24","reg","SO2",79,22,-0.456634844505243,0.165519414284506
"dat12_24","reg","SO2",79,23,0.343609089287103,0.164293459806175
"dat12_24","reg","SO2",79,24,0.316407481563513,0.204970139373025
"dat12_24","reg","SO2",79,25,0.0321104847833746,0.260604780658123
"dat12_24","reg","SO2",79,26,-0.143411762210578,0.183395177715515
"dat12_24","reg","SO2",79,27,0.411584304387548,0.191550060621834
"dat12_24","reg","SO2",79,28,0.43949365900758,0.185350743564923
"dat12_24","reg","SO2",79,29,0.642696773121244,0.146630491132434
"dat12_24","reg","SO2",79,30,0.232842888265328,0.119917174698959
"dat12_24","reg","SO2",79,31,0.154265595838765,0.125478909685951
"dat12_24","reg","SO2",79,32,0.0560708629109513,0.125668371632306
"dat12_24","reg","SO2",79,33,0.0795158662775534,0.145638149182811
"dat12_24","reg","SO2",79,34,-0.416069478507218,0.190279990571326
"dat12_24","reg","SO2",79,35,-0.586079587573898,0.238227357061493
"dat12_24","reg","SO2",79,36,-1.04506284507948,0.318266574540469
"dat12_24","reg","SO2",79,37,-0.918975365526908,0.314535146716803
"dat12_24","reg","SO2",79,38,-0.627933999092342,0.219142045078261
"dat12_24","reg","SO2",79,39,0.283955518647485,0.185357324876643
"dat12_24","reg","SO2",79,40,-0.0760188329971161,0.124257244125047
"dat12_24","reg","SO2",79,41,0.347181949842401,0.194825746668985
"dat12_24","reg","SO2",79,42,0.701636321126881,0.205943437200534
"dat12_24","reg","SO2",79,43,-0.152083682213388,0.127687540618169
"dat12_24","reg","SO2",79,44,0.575775804064336,0.121975395695935
"dat12_24","reg","SO2",79,45,0.104835894893135,0.176749467109834
"dat12_24","reg","SO2",79,46,0.390896079054381,0.148644842487194
"dat12_24","reg","SO2",79,47,0.0984003579735715,0.206184506031365
"dat12_24","reg","SO2",79,48,-0.0871401141075925,0.20847607301519
"dat12_24","reg","SO2",79,49,-0.746800073297965,0.248204880640907
"dat12_24","reg","SO2",79,50,0.0358156441803974,0.173160845702076
"dat12_24","reg","SO2",79,51,0.716665055217812,0.172932185271256
"dat12_24","reg","SO2",79,52,0.421145053544976,0.166056794492303
"dat12_24","reg","SO2",79,53,0.440629485263236,0.146412832797092
"dat12_24","reg","SO2",79,54,0.179661746575014,0.143230912540171
"dat12_24","reg","SO2",79,55,0.0730065675043138,0.120709471755061
"dat12_24","reg","SO2",79,56,-0.106641288767136,0.182764577361624
"dat12_24","reg","SO2",79,57,0.0662690439557689,0.132866077351447
"dat12_24","reg","SO2",79,58,0.210489780722989,0.161498656503015
"dat12_24","reg","SO2",79,59,-0.284786049304245,0.185949211361373
"dat12_24","reg","SO2",79,60,-0.226709771049741,0.171058046369884
"dat12_24","reg","SO2",79,61,-0.315171485965025,0.177588291366481
"dat12_24","reg","SO2",79,62,-0.00227962753736644,0.179831009489783
"dat12_24","reg","SO2",79,63,0.511911147907392,0.207700647072059
"dat12_24","reg","SO2",79,64,0.54277104933155,0.126150212397781
"dat12_24","reg","SO2",79,65,0.434967043536639,0.132030221584283
"dat12_24","reg","SO2",79,66,-0.153188939325566,0.0844744234859471
"dat12_24","reg","SO2",79,67,0.569508205083945,0.140065613430859
"dat12_24","reg","SO2",79,68,0.380910456001781,0.108509952170005
"dat12_24","reg","SO2",79,69,0.284469238437349,0.238308212709842
"dat12_24","reg","SO2",79,70,0.922064524196184,0.148849125991487
"dat12_24","reg","SO2",79,71,0.202575934458783,0.165846349309382
"dat12_24","reg","SO2",79,72,0.154947723123312,0.183800133212992
"dat12_24","reg","SO2",79,73,-0.277592793808586,0.203712515857272
"dat12_24","reg","SO2",79,74,-0.248356561573323,0.192087412061697
"dat12_24","reg","SO2",79,75,0.156149503141408,0.114474031414011
"dat12_24","reg","SO2",79,76,0.216670860299289,0.0952919193522309
"dat12_24","reg","SO2",79,77,0.0539589112480888,0.0787769742706138
"dat12_24","reg","SO2",79,78,0,NA
"dat12_24","reg","SO2",79,79,-0.323954407170667,0.102633328037721
"dat12_24","reg","SO2",79,80,-0.0647259582061902,0.114813481801221
"dat12_24","reg","SO2",79,81,0.175371155616623,0.154228835671484
"dat12_24","reg","SO2",79,82,0.374942310068987,0.171407289863329
"dat12_24","reg","SO2",79,83,0.492601486197645,0.169562592419706
"dat12_24","reg","SO2",79,84,0.699851411293729,0.203877593397016
"dat12_24","reg","SO2",79,85,0.798944894300277,0.213377856879634
"dat12_24","reg","SO2",79,86,0.617053112245559,0.190746472249818
"dat12_24","reg","SO2",79,87,0.504185192343172,0.166749478420343
"dat12_24","reg","SO2",79,88,0.244039284012701,0.12117017949884
"dat12_24","reg","SO2",79,89,0.201945434129331,0.121359279312644
"dat12_24","reg","SO2",79,90,-0.0139116410080283,0.101135320852289
"dat12_24","reg","SO2",79,91,-0.202766824462222,0.142843422687971
"dat12_24","reg","SO2",79,92,-0.10071066358709,0.135119545587852
"dat12_24","reg","SO2",79,93,-0.0458333245831146,0.147619162828183
"dat12_24","reg","SO2",79,94,0.27123067599785,0.176026335273267
"dat12_24","reg","SO2",79,95,0.51959435450931,0.193879105447519
"dat12_24","reg","SO2",79,96,0.45712611254519,0.195202123456742
"dat12_24","reg","SO2",79,97,0.738919323919968,0.211119854401806
"dat12_24","reg","SO2",79,98,0.388573661054129,0.207045743190738
"dat12_24","reg","SO2",79,99,0.415223518759348,0.200482802761508
"dat12_24","reg","SO2",79,100,0.27814908227562,0.200684713785702
"dat12_24","reg","SO2",79,101,0.00014343908920611,0.168820476935783
"dat12_24","reg","SO2",79,102,0.135717210489052,0.155553592810119
"dat12_24","reg","SO2",79,103,-0.02060917748904,0.183271541672
"dat12_24","reg","SO2",79,104,-0.171501519866709,0.189280148960821
"dat12_24","reg","SO2",79,105,-0.0990289349519715,0.200958327943024
"dat12_24","reg","SO2",79,106,0.0473359571360598,0.216765034879304
"dat12_24","reg","SO2",79,107,0.1785079342905,0.217335013664917
"dat12_24","reg","SO2",79,108,0.377869905207223,0.223181315129544
"dat12_24","reg","SO2",79,109,0.272140456123732,0.222680392143707
"dat12_24","reg","SO2",79,110,0.0827343351343601,0.216247104984866
"dat12_24","reg","SO2",79,111,0.0882218547659004,0.21128867406641
"dat12_24","reg","SO2",79,112,0.260172100745984,0.223592896187221
"dat12_24","reg","SO2",79,113,0.052173793928167,0.22665374170918
"dat12_24","reg","SO2",79,114,0.107787280662805,0.220400481471107
"dat12_24","reg","SO2",79,115,0.0148781130112388,0.225030277444375
"dat12_24","reg","SO2",79,116,-0.150870925359509,0.221578657518414
"dat12_24","reg","SO2",79,117,-0.07735931695299,0.251560949139148
"dat12_24","reg","SO2",79,118,0.0582409720213026,0.230054478947961
"dat12_24","reg","SO2",79,119,0.132170417397845,0.228421410434559
"dat12_24","reg","SO2",79,120,0.179546124615935,0.242058579348947
"dat12_24","reg","SO2",79,121,0.0941050184626784,0.240747803626296
"dat12_24","reg","SO2",79,122,-0.0804988680296748,0.241994982973805
"dat12_24","reg","SO2",79,123,-0.137634763881637,0.231267335851248
"dat12_24","reg","SO2",79,124,-0.199839779489934,0.213612379195189
"dat12_24","reg","SO2",79,125,-0.46286469931553,0.21592185282959
"dat12_24","reg","SO2",79,126,-0.451157217649383,0.207023214380863
"dat12_24","reg","SO2",79,127,-0.324530051638959,0.183633191642496
"dat12_24","reg","SO2",79,128,-0.29877510820176,0.200448403462063
"dat12_24","reg","SO2",79,129,-0.27037036179749,0.210031447455426
"dat12_24","reg","SO2",79,130,-0.0841732091906797,0.205146303637221
"dat12_24","reg","SO2",79,131,0.0609366162157317,0.200311307720838
"dat12_24","reg","SO2",79,132,0.156156675453339,0.22592660539632
"dat12_24","reg","SO2",79,133,0.0835669533067986,0.223431037503031
"dat12_24","reg","SO2",79,134,-0.147485714287692,0.218662657953926
"dat12_24","reg","SO2",79,135,-0.0708854448376508,0.228448072371837
"dat12_24","reg","SO2",79,136,-0.102807187521404,0.227128529433046
"dat12_24","reg","SO2",79,137,0.168247188720787,0.21326229852196
"dat12_24","reg","SO2",79,138,-0.066174672222409,0.196094652010871
"dat12_24","reg","SO2",79,139,0.0840189037619095,0.199813870140563
"dat12_24","reg","SO2",79,140,0.0777105304255856,0.212727030560837
"dat12_24","reg","SO2",79,141,0.106400529670637,0.215296841033018
"dat12_24","reg","SO2",79,142,0.234848213314051,0.219911994481302
"dat12_24","reg","SO2",79,143,0.0872188398191096,0.219051654907108
"dat12_24","reg","SO2",79,144,0.19022836923467,0.244202279003125
"dat12_24","reg","SO2",79,145,0.129326731586619,0.250682524042677
"dat12_24","reg","SO2",79,146,0.0728016044522701,0.241381534257744
"dat12_24","reg","SO2",79,147,-0.013863215528821,0.236362678710483
"dat12_24","reg","SO2",79,148,-0.0104292814891984,0.210112549395644
"dat12_24","reg","SO2",79,149,-0.0591975355194145,0.208710871262275
"dat12_24","reg","SO2",79,150,-0.1101669727163,0.190937983184101
"dat12_24","reg","SO2",79,151,-0.126306854226767,0.208649035671609
"dat12_24","reg","SO2",79,152,-0.0233689083947721,0.219782413129379
"dat12_24","reg","SO2",79,153,-0.0921522785690405,0.226824505725288
"dat12_24","reg","SO2",79,154,0.0286841234371831,0.237987590429302
"dat12_24","reg","SO2",79,155,-0.0360527795989165,0.235820315935002
"dat12_24","reg","SO2",79,156,0.0650021741691473,0.238407625745136
"dat12_24","reg","SO2",97,1,0.0233921588099451,0.181766558232337
"dat12_24","reg","SO2",97,2,-0.152841603729377,0.245486718708564
"dat12_24","reg","SO2",97,3,0.0496981664569629,0.105619263360384
"dat12_24","reg","SO2",97,4,0.166356346262427,0.170390192942734
"dat12_24","reg","SO2",97,5,0.252605997393897,0.189309763925929
"dat12_24","reg","SO2",97,6,0.649829904668782,0.154783932826288
"dat12_24","reg","SO2",97,7,-0.0926397175787501,0.316495870835809
"dat12_24","reg","SO2",97,8,-0.0545601188824222,0.15237798107653
"dat12_24","reg","SO2",97,9,0.284198090860671,0.138828312873081
"dat12_24","reg","SO2",97,10,0.0229950565973918,0.104851240946612
"dat12_24","reg","SO2",97,11,0.0742438665378247,0.101030893017723
"dat12_24","reg","SO2",97,12,-0.0736896134764118,0.150040400675377
"dat12_24","reg","SO2",97,13,0.121706337485612,0.180397799676579
"dat12_24","reg","SO2",97,14,-0.298609325684495,0.112376548562041
"dat12_24","reg","SO2",97,15,0.280055312533757,0.126257820415715
"dat12_24","reg","SO2",97,16,0.0735294556210526,0.149281899429286
"dat12_24","reg","SO2",97,17,-0.482437572842472,0.213403708796424
"dat12_24","reg","SO2",97,18,0.713910746623382,0.324282541889407
"dat12_24","reg","SO2",97,19,0.272280708601427,0.255923867924636
"dat12_24","reg","SO2",97,20,-0.0044023503495263,0.290708889724613
"dat12_24","reg","SO2",97,21,0.0804293846979559,0.256694735296244
"dat12_24","reg","SO2",97,22,0.225801373519465,0.125797908469474
"dat12_24","reg","SO2",97,23,0.360445312904463,0.133485060049668
"dat12_24","reg","SO2",97,24,0.292921783664408,0.110478194727704
"dat12_24","reg","SO2",97,25,-0.376175672223443,0.151435481963841
"dat12_24","reg","SO2",97,26,-0.192203513863221,0.193868406211634
"dat12_24","reg","SO2",97,27,0.248195494692939,0.146956538721088
"dat12_24","reg","SO2",97,28,0.404169145170356,0.256186157477077
"dat12_24","reg","SO2",97,29,0.792468937703658,0.199150658867116
"dat12_24","reg","SO2",97,30,0.584000581354711,0.218486586741452
"dat12_24","reg","SO2",97,31,0.2547190127766,0.179719056510577
"dat12_24","reg","SO2",97,32,0.527831855817093,0.151059390860999
"dat12_24","reg","SO2",97,33,-0.0654692440103176,0.170223784856806
"dat12_24","reg","SO2",97,34,0.340924786783625,0.152518014355932
"dat12_24","reg","SO2",97,35,-0.0503114755322827,0.172184072416621
"dat12_24","reg","SO2",97,36,-0.376135948820125,0.199506061539195
"dat12_24","reg","SO2",97,37,-0.318635621517349,0.253316546370648
"dat12_24","reg","SO2",97,38,-0.0964680651763103,0.194923400090192
"dat12_24","reg","SO2",97,39,0.37311928268473,0.166540161122762
"dat12_24","reg","SO2",97,40,0.0885931527846544,0.186820060100435
"dat12_24","reg","SO2",97,41,0.61323190653268,0.324363070667447
"dat12_24","reg","SO2",97,42,0.520002832700807,0.224718606128995
"dat12_24","reg","SO2",97,43,0.0440529714156936,0.22764234932573
"dat12_24","reg","SO2",97,44,0.476341520008199,0.182579894516803
"dat12_24","reg","SO2",97,45,0.276521620505872,0.175575302479503
"dat12_24","reg","SO2",97,46,0.63074147939956,0.178207397205488
"dat12_24","reg","SO2",97,47,0.266804779552112,0.138231130102852
"dat12_24","reg","SO2",97,48,-0.167560562941537,0.160446682687937
"dat12_24","reg","SO2",97,49,-0.0820766641196036,0.177011034868645
"dat12_24","reg","SO2",97,50,0.131278081468785,0.128544218870882
"dat12_24","reg","SO2",97,51,0.190466676270666,0.216906860476902
"dat12_24","reg","SO2",97,52,0.533977627142687,0.168696617049958
"dat12_24","reg","SO2",97,53,-0.0173877410874634,0.245782599730333
"dat12_24","reg","SO2",97,54,0.471158714556956,0.18371070798305
"dat12_24","reg","SO2",97,55,0.384031051840863,0.201379487692742
"dat12_24","reg","SO2",97,56,0.450121569700748,0.204128824564814
"dat12_24","reg","SO2",97,57,0.363802487950428,0.211326527129706
"dat12_24","reg","SO2",97,58,0.256221021710905,0.165616295010036
"dat12_24","reg","SO2",97,59,0.459532643583183,0.134765306538031
"dat12_24","reg","SO2",97,60,0.0995868516311837,0.158864461243392
"dat12_24","reg","SO2",97,61,0.121003150582936,0.154490935549341
"dat12_24","reg","SO2",97,62,0.303715912868012,0.134893669598607
"dat12_24","reg","SO2",97,63,0.375822456949123,0.178312020149582
"dat12_24","reg","SO2",97,64,0.48809441697838,0.190750092384826
"dat12_24","reg","SO2",97,65,0.638826399762836,0.213756507802034
"dat12_24","reg","SO2",97,66,-0.1397497570301,0.241194461976841
"dat12_24","reg","SO2",97,67,0.769086381240804,0.244198217548365
"dat12_24","reg","SO2",97,68,0.377129892105381,0.162544402722299
"dat12_24","reg","SO2",97,69,0.749109235191705,0.206210535499613
"dat12_24","reg","SO2",97,70,0.451784422532852,0.123003143990026
"dat12_24","reg","SO2",97,71,0.355021157249313,0.102062688639835
"dat12_24","reg","SO2",97,72,0.330099192503096,0.0910715571365607
"dat12_24","reg","SO2",97,73,0.323240082900162,0.138857894030786
"dat12_24","reg","SO2",97,74,0.226376856099807,0.125204725737439
"dat12_24","reg","SO2",97,75,0.343893981229002,0.100608830276099
"dat12_24","reg","SO2",97,76,0.302746179068068,0.122131933851733
"dat12_24","reg","SO2",97,77,-0.298091411769764,0.19428428917665
"dat12_24","reg","SO2",97,78,-0.0189299008307454,0.23470651262528
"dat12_24","reg","SO2",97,79,-0.210170725955981,0.194889525050103
"dat12_24","reg","SO2",97,80,-0.510433494341196,0.187973069765072
"dat12_24","reg","SO2",97,81,0.0133382268104004,0.120192642459743
"dat12_24","reg","SO2",97,82,0.0627823180153043,0.0995729705645377
"dat12_24","reg","SO2",97,83,0.0132737142944166,0.0901693193884096
"dat12_24","reg","SO2",97,84,0.207384827580748,0.110032256984425
"dat12_24","reg","SO2",97,85,0.0760117372366205,0.115984938508632
"dat12_24","reg","SO2",97,86,0.0994135810632929,0.134845567752863
"dat12_24","reg","SO2",97,87,0.191140949642036,0.116382615421571
"dat12_24","reg","SO2",97,88,-0.094777681406198,0.19191675855845
"dat12_24","reg","SO2",97,89,-0.162717697119933,0.230031284889793
"dat12_24","reg","SO2",97,90,0.440254295869256,0.206644271299976
"dat12_24","reg","SO2",97,91,-0.0703709204718522,0.181093375625563
"dat12_24","reg","SO2",97,92,-0.154725528067608,0.211847979079695
"dat12_24","reg","SO2",97,93,-0.0326381143098238,0.109916291478324
"dat12_24","reg","SO2",97,94,-0.218010148812624,0.157669877561812
"dat12_24","reg","SO2",97,95,0.0465972760840283,0.0655540314920229
"dat12_24","reg","SO2",97,96,0,NA
"dat12_24","reg","SO2",97,97,0.0405187811169376,0.0560620498108022
"dat12_24","reg","SO2",97,98,-0.0330843684780259,0.0795840017624896
"dat12_24","reg","SO2",97,99,-0.123716918274326,0.105790754446929
"dat12_24","reg","SO2",97,100,-0.211369075671103,0.106957139296566
"dat12_24","reg","SO2",97,101,-0.18653623912636,0.12039008744985
"dat12_24","reg","SO2",97,102,-0.0159812750301273,0.108188136422973
"dat12_24","reg","SO2",97,103,-0.237695716511062,0.0980186741961065
"dat12_24","reg","SO2",97,104,-0.146656214685645,0.0895259990621391
"dat12_24","reg","SO2",97,105,-0.214762187677798,0.103293625276078
"dat12_24","reg","SO2",97,106,-0.136131358828925,0.102811586323989
"dat12_24","reg","SO2",97,107,-0.105420096141992,0.104777992945176
"dat12_24","reg","SO2",97,108,-0.0688642337329588,0.1178254555079
"dat12_24","reg","SO2",97,109,-0.174101150091471,0.105804310732126
"dat12_24","reg","SO2",97,110,-0.199524799582943,0.0950519444033266
"dat12_24","reg","SO2",97,111,-0.138844924704277,0.112967849953193
"dat12_24","reg","SO2",97,112,-0.159651879647029,0.120875709978201
"dat12_24","reg","SO2",97,113,-0.244214346591902,0.120068940860377
"dat12_24","reg","SO2",97,114,-0.250868745288959,0.14502007317519
"dat12_24","reg","SO2",97,115,-0.226268152781666,0.136917326801206
"dat12_24","reg","SO2",97,116,-0.180054687254484,0.157501759168798
"dat12_24","reg","SO2",97,117,-0.17609703889586,0.144298639496194
"dat12_24","reg","SO2",97,118,0.0309002948428031,0.139946195656202
"dat12_24","reg","SO2",97,119,-0.148498120829473,0.13379789576977
"dat12_24","reg","SO2",97,120,-0.368970829008435,0.140798737549428
"dat12_24","reg","SO2",97,121,-0.397231540653901,0.146346156572965
"dat12_24","reg","SO2",97,122,-0.491815459298428,0.132275330219902
"dat12_24","reg","SO2",97,123,-0.525101461813774,0.119922812245633
"dat12_24","reg","SO2",97,124,-0.432349155811981,0.111260737532452
"dat12_24","reg","SO2",97,125,-0.524466987631821,0.144349305355614
"dat12_24","reg","SO2",97,126,-0.584969039578094,0.132482783543996
"dat12_24","reg","SO2",97,127,-0.519498220895669,0.126714621421058
"dat12_24","reg","SO2",97,128,-0.472435203866173,0.121563910733129
"dat12_24","reg","SO2",97,129,-0.439412851882068,0.125772169347671
"dat12_24","reg","SO2",97,130,-0.294748193763842,0.119040681311066
"dat12_24","reg","SO2",97,131,-0.262749093673209,0.0902741280155888
"dat12_24","reg","SO2",97,132,-0.362550149755171,0.0947147971688802
"dat12_24","reg","SO2",97,133,-0.418769547082839,0.105955518172436
"dat12_24","reg","SO2",97,134,-0.476838479191624,0.10561120873354
"dat12_24","reg","SO2",97,135,-0.342584148376179,0.115708601310115
"dat12_24","reg","SO2",97,136,-0.373291053841244,0.111482635288848
"dat12_24","reg","SO2",97,137,-0.272212467348436,0.110082883468018
"dat12_24","reg","SO2",97,138,-0.366444438504611,0.110893131663979
"dat12_24","reg","SO2",97,139,-0.236224648887803,0.102913649655875
"dat12_24","reg","SO2",97,140,-0.342567432757063,0.103742431271056
"dat12_24","reg","SO2",97,141,-0.263113408296267,0.12472621508455
"dat12_24","reg","SO2",97,142,-0.157244918998841,0.122202483399545
"dat12_24","reg","SO2",97,143,-0.215138293821052,0.120254008298416
"dat12_24","reg","SO2",97,144,-0.25895206085066,0.134520424176155
"dat12_24","reg","SO2",97,145,-0.300347086558402,0.124845581381603
"dat12_24","reg","SO2",97,146,-0.356819258772104,0.115368171922188
"dat12_24","reg","SO2",97,147,-0.359461476757451,0.115073133071615
"dat12_24","reg","SO2",97,148,-0.392547599820536,0.115216551956253
"dat12_24","reg","SO2",97,149,-0.3434385546462,0.113855024503609
"dat12_24","reg","SO2",97,150,-0.224280923360948,0.116556402363136
"dat12_24","reg","SO2",97,151,-0.299356029703878,0.127575127111845
"dat12_24","reg","SO2",97,152,-0.294266716047365,0.132870965781473
"dat12_24","reg","SO2",97,153,-0.439032492560647,0.111239786072613
"dat12_24","reg","SO2",97,154,-0.435394983734055,0.0920793624496058
"dat12_24","reg","SO2",97,155,-0.378103931053138,0.0900674665003331
"dat12_24","reg","SO2",97,156,-0.334663908726733,0.079930108782066
"dat12_24","reg","O3",61,1,0.567982092473357,0.412561942546543
"dat12_24","reg","O3",61,2,0.163413374254944,0.495692490803327
"dat12_24","reg","O3",61,3,-1.49092160614168,0.702323608226007
"dat12_24","reg","O3",61,4,-2.64885426540383,0.706868795852228
"dat12_24","reg","O3",61,5,-0.823436647886965,0.78189236356119
"dat12_24","reg","O3",61,6,0.511484250542345,0.90691094109715
"dat12_24","reg","O3",61,7,-2.45685658557546,0.92375142388535
"dat12_24","reg","O3",61,8,-3.15786956088979,1.36649449191547
"dat12_24","reg","O3",61,9,-2.08279049161208,0.546926151510579
"dat12_24","reg","O3",61,10,-0.306644345107203,0.532432597304471
"dat12_24","reg","O3",61,11,-0.147058758955014,0.373632350988646
"dat12_24","reg","O3",61,12,1.55836786660561,0.336904783954849
"dat12_24","reg","O3",61,13,1.0325366231074,0.428106827925858
"dat12_24","reg","O3",61,14,1.78300236407487,0.691308781316292
"dat12_24","reg","O3",61,15,1.87834788286369,0.793264527194256
"dat12_24","reg","O3",61,16,-0.34202318734372,0.605607590363196
"dat12_24","reg","O3",61,17,0.07906819576964,0.738269128005695
"dat12_24","reg","O3",61,18,1.21768528427196,0.780570399167024
"dat12_24","reg","O3",61,19,-2.08165315881271,0.774285369692608
"dat12_24","reg","O3",61,20,-0.853957058376814,1.02214495025989
"dat12_24","reg","O3",61,21,1.31114944977357,0.640078102225876
"dat12_24","reg","O3",61,22,-0.414115997944246,0.496310044744146
"dat12_24","reg","O3",61,23,-0.317410359843401,0.399833875331844
"dat12_24","reg","O3",61,24,-0.545454632905809,0.36533112970317
"dat12_24","reg","O3",61,25,-0.17225268239542,0.336029396551589
"dat12_24","reg","O3",61,26,0.249746232697179,0.617828859697741
"dat12_24","reg","O3",61,27,0.56218816444197,0.458510123779785
"dat12_24","reg","O3",61,28,1.57144023332252,0.742235211140504
"dat12_24","reg","O3",61,29,3.12585309946812,0.694364718328938
"dat12_24","reg","O3",61,30,3.09300797177527,0.780075827832014
"dat12_24","reg","O3",61,31,6.61876211939407,1.53831021840566
"dat12_24","reg","O3",61,32,-1.25138733551004,0.50276290295229
"dat12_24","reg","O3",61,33,-0.553220537273617,0.532427155599128
"dat12_24","reg","O3",61,34,-0.757850893217217,0.50464847623437
"dat12_24","reg","O3",61,35,0.0794511475501603,0.408424609047314
"dat12_24","reg","O3",61,36,0.376403241347569,0.318072003120011
"dat12_24","reg","O3",61,37,0.298490626478222,0.380718061866165
"dat12_24","reg","O3",61,38,-0.749599024281427,0.559933235703901
"dat12_24","reg","O3",61,39,-0.40420941130925,0.539326441928022
"dat12_24","reg","O3",61,40,-2.07161634085586,0.587906967971436
"dat12_24","reg","O3",61,41,0.488924840742833,0.916808533970186
"dat12_24","reg","O3",61,42,-0.875262829992664,0.973677975345521
"dat12_24","reg","O3",61,43,-2.9245546249575,0.830231606835133
"dat12_24","reg","O3",61,44,-1.78089000134356,0.973693134868068
"dat12_24","reg","O3",61,45,-0.523491905658595,0.507034595623829
"dat12_24","reg","O3",61,46,1.0029461796903,0.476511849998237
"dat12_24","reg","O3",61,47,-0.116588876005451,0.340258286857084
"dat12_24","reg","O3",61,48,-0.00795165615019683,0.266000131374587
"dat12_24","reg","O3",61,49,1.12133992489046,0.33873394002947
"dat12_24","reg","O3",61,50,0.715894466958201,0.388319380262542
"dat12_24","reg","O3",61,51,1.18458141015235,0.574641452577776
"dat12_24","reg","O3",61,52,-0.0215675701810198,0.638928479720671
"dat12_24","reg","O3",61,53,2.41900121487905,0.862291105185596
"dat12_24","reg","O3",61,54,1.32862755643644,0.983886733333213
"dat12_24","reg","O3",61,55,-3.18793492018835,1.02937677586205
"dat12_24","reg","O3",61,56,-4.25460722201034,0.837217363544327
"dat12_24","reg","O3",61,57,-1.73558026232014,0.660293471522308
"dat12_24","reg","O3",61,58,0.0317240290439278,0.271438465948166
"dat12_24","reg","O3",61,59,-0.272720923725108,0.246242816531988
"dat12_24","reg","O3",61,60,0,NA
"dat12_24","reg","O3",61,61,0.442968498005509,0.200321315260027
"dat12_24","reg","O3",61,62,-0.150430012937896,0.360477392382695
"dat12_24","reg","O3",61,63,0.157667341469571,0.586040283360759
"dat12_24","reg","O3",61,64,0.767341322892587,0.618326363110717
"dat12_24","reg","O3",61,65,0.483222142642813,0.720717463524719
"dat12_24","reg","O3",61,66,0.834414537229268,0.79616228885413
"dat12_24","reg","O3",61,67,0.089864452510767,0.792421394592438
"dat12_24","reg","O3",61,68,-0.267527479189118,0.914057431153606
"dat12_24","reg","O3",61,69,1.54090912470648,0.590247017577333
"dat12_24","reg","O3",61,70,1.64708618671531,0.384495189547294
"dat12_24","reg","O3",61,71,0.84122780578294,0.349782192015427
"dat12_24","reg","O3",61,72,0.546254641554379,0.369131240118741
"dat12_24","reg","O3",61,73,1.13927529135,0.386488289687652
"dat12_24","reg","O3",61,74,0.554527608781465,0.539033008545667
"dat12_24","reg","O3",61,75,-0.0159545832798251,0.464185903271035
"dat12_24","reg","O3",61,76,-0.762815136864255,0.5959922910752
"dat12_24","reg","O3",61,77,-1.91157771988361,0.721291262231916
"dat12_24","reg","O3",61,78,-1.43072855909491,0.850771624671086
"dat12_24","reg","O3",61,79,-2.38795040658275,1.25931021109455
"dat12_24","reg","O3",61,80,1.10355038787133,1.07958220360041
"dat12_24","reg","O3",61,81,1.18850955171284,0.71749602405895
"dat12_24","reg","O3",61,82,0.845574445941037,0.529497476029555
"dat12_24","reg","O3",61,83,1.44890268638966,0.607184984972023
"dat12_24","reg","O3",61,84,1.64782647528788,0.474670401395277
"dat12_24","reg","O3",61,85,1.41076772226926,0.59782456621892
"dat12_24","reg","O3",61,86,-0.422149186546276,0.756508937572161
"dat12_24","reg","O3",61,87,-1.35673858781491,0.969948579872685
"dat12_24","reg","O3",61,88,-3.5116573290514,0.991732301409522
"dat12_24","reg","O3",61,89,-4.09942317313811,0.987937173572965
"dat12_24","reg","O3",61,90,-2.8162992637998,1.26848422133633
"dat12_24","reg","O3",61,91,-0.629752172274788,1.13430278770542
"dat12_24","reg","O3",61,92,-1.2698323979851,1.20354115143087
"dat12_24","reg","O3",61,93,-1.20446246441567,0.829265381480315
"dat12_24","reg","O3",61,94,-0.599686034770921,0.679185097462578
"dat12_24","reg","O3",61,95,-0.50310792605942,0.625034695294167
"dat12_24","reg","O3",61,96,1.11640386693446,0.675354396913459
"dat12_24","reg","O3",61,97,-0.96328705216539,0.61836815438131
"dat12_24","reg","O3",61,98,-1.00402137759769,0.794490930750323
"dat12_24","reg","O3",61,99,-2.98071437008687,0.826844869835851
"dat12_24","reg","O3",61,100,-3.87387012849396,0.971046031365737
"dat12_24","reg","O3",61,101,-1.1120995524022,1.0086103069264
"dat12_24","reg","O3",61,102,-0.475586555433914,1.18532252058343
"dat12_24","reg","O3",61,103,3.14427851288928,0.821381298870944
"dat12_24","reg","O3",61,104,-2.75721271140087,1.04347081895947
"dat12_24","reg","O3",61,105,-0.86764764348673,0.757034290664104
"dat12_24","reg","O3",61,106,-0.316790807493959,0.753726448515123
"dat12_24","reg","O3",61,107,0.671242037576345,0.813212087471991
"dat12_24","reg","O3",61,108,1.4911247569035,0.714657044506971
"dat12_24","reg","O3",61,109,-1.52883941936553,0.724527794982392
"dat12_24","reg","O3",61,110,-2.23267436295189,0.726837817252889
"dat12_24","reg","O3",61,111,-4.8483713426601,0.758153354434442
"dat12_24","reg","O3",61,112,-3.63609949143709,1.1005848279298
"dat12_24","reg","O3",61,113,-0.506064405166015,0.948500222834674
"dat12_24","reg","O3",61,114,0.519876008998388,1.45184597124217
"dat12_24","reg","O3",61,115,5.87783908006503,1.33625565754697
"dat12_24","reg","O3",61,116,1.39551802468429,1.24755854551501
"dat12_24","reg","O3",61,117,0.228260033037291,1.1842013760449
"dat12_24","reg","O3",61,118,0.730818013304367,0.933284587294463
"dat12_24","reg","O3",61,119,0.830840703838304,0.875763262907899
"dat12_24","reg","O3",61,120,0.682897142820458,0.705027583094555
"dat12_24","reg","O3",61,121,1.38562334783721,0.77589001171685
"dat12_24","reg","O3",61,122,-0.957892559465282,0.909703019844276
"dat12_24","reg","O3",61,123,-2.34351497846638,1.18762130392216
"dat12_24","reg","O3",61,124,-1.18207691607436,1.49866207163072
"dat12_24","reg","O3",61,125,-1.84582558791054,1.6630195220966
"dat12_24","reg","O3",61,126,-2.06086998718711,1.55040941435279
"dat12_24","reg","O3",61,127,6.29166115685571,1.4445940401675
"dat12_24","reg","O3",61,128,1.41243090721986,1.1284328434857
"dat12_24","reg","O3",61,129,1.87474063648186,1.13028955668702
"dat12_24","reg","O3",61,130,0.50038866618234,1.01234194234475
"dat12_24","reg","O3",61,131,0.74213364264293,0.927359622027151
"dat12_24","reg","O3",61,132,1.63375632291321,0.718638338803386
"dat12_24","reg","O3",61,133,0.797829473268928,0.686592792629264
"dat12_24","reg","O3",61,134,-0.194430650103847,0.830567373552916
"dat12_24","reg","O3",61,135,-2.86151611713827,1.2849617651786
"dat12_24","reg","O3",61,136,-2.86959438558964,1.27053880614747
"dat12_24","reg","O3",61,137,-2.99807629296645,1.35286976413721
"dat12_24","reg","O3",61,138,1.14818451500671,1.46466278107392
"dat12_24","reg","O3",61,139,3.98028317622588,1.36741514939069
"dat12_24","reg","O3",61,140,2.29247914523271,1.62941503911129
"dat12_24","reg","O3",61,141,2.26996707103588,1.19763000778689
"dat12_24","reg","O3",61,142,0.912689753535062,1.1632151781749
"dat12_24","reg","O3",61,143,0.411815747382702,0.700751226130553
"dat12_24","reg","O3",61,144,-0.317125133177486,0.695276355343027
"dat12_24","reg","O3",61,145,0.788287583812687,0.73959314031985
"dat12_24","reg","O3",61,146,-0.720604859412104,0.797223281086375
"dat12_24","reg","O3",61,147,-2.07114194889215,0.901440581586887
"dat12_24","reg","O3",61,148,-1.90249883616058,1.16207177567873
"dat12_24","reg","O3",61,149,-0.896807805168137,1.42403095805941
"dat12_24","reg","O3",61,150,2.31604335581071,1.47656284717112
"dat12_24","reg","O3",61,151,4.49187270383638,1.29660850307203
"dat12_24","reg","O3",61,152,5.35568478846656,1.62620548344412
"dat12_24","reg","O3",61,153,1.82383998411749,1.44732797589692
"dat12_24","reg","O3",61,154,1.91252663920532,0.694534992349007
"dat12_24","reg","O3",61,155,0.553402799718976,0.756863339832487
"dat12_24","reg","O3",61,156,-0.316816751449259,0.762446018054545
"dat12_24","reg","O3",79,1,2.48293150371054,0.705072079619292
"dat12_24","reg","O3",79,2,-0.172477954009892,0.84796909363879
"dat12_24","reg","O3",79,3,0.128272333897813,0.802208921490396
"dat12_24","reg","O3",79,4,-0.475686081548635,0.672423455907371
"dat12_24","reg","O3",79,5,-1.41727404644597,1.00227532212229
"dat12_24","reg","O3",79,6,1.36723849992593,0.838325483296658
"dat12_24","reg","O3",79,7,0.491369661418835,0.827047749765693
"dat12_24","reg","O3",79,8,5.11592338993317,0.749263664621668
"dat12_24","reg","O3",79,9,0.156537268736582,0.604370616529986
"dat12_24","reg","O3",79,10,0.996977737218593,0.62451283960108
"dat12_24","reg","O3",79,11,-0.918698438133084,0.75927028140295
"dat12_24","reg","O3",79,12,2.64098629647589,0.911855993173314
"dat12_24","reg","O3",79,13,1.20639342910955,0.794102035558063
"dat12_24","reg","O3",79,14,-0.63027649565424,0.981879308796208
"dat12_24","reg","O3",79,15,1.97350915591462,0.931630715594988
"dat12_24","reg","O3",79,16,-0.913763198467679,1.05407831977395
"dat12_24","reg","O3",79,17,-1.3015329231314,0.925740137625139
"dat12_24","reg","O3",79,18,1.65961746882558,2.05989550438102
"dat12_24","reg","O3",79,19,1.75583374881453,0.993203376273867
"dat12_24","reg","O3",79,20,0.787060726658616,1.25118197593042
"dat12_24","reg","O3",79,21,0.871393378863408,0.987403719771037
"dat12_24","reg","O3",79,22,2.1587691129894,0.727777389408999
"dat12_24","reg","O3",79,23,1.31512622795397,0.775897504542409
"dat12_24","reg","O3",79,24,0.639973781792946,0.699854065415922
"dat12_24","reg","O3",79,25,1.89885497626413,0.665193104381692
"dat12_24","reg","O3",79,26,-1.50582759252647,0.710674802012321
"dat12_24","reg","O3",79,27,0.746542418851043,0.76936337013999
"dat12_24","reg","O3",79,28,-2.8014967442674,0.897914895531273
"dat12_24","reg","O3",79,29,0.954791066930373,0.644349424467586
"dat12_24","reg","O3",79,30,1.36223536837458,0.61115236438724
"dat12_24","reg","O3",79,31,7.52610834458515,0.701344557358458
"dat12_24","reg","O3",79,32,2.26328919746266,0.625248300771508
"dat12_24","reg","O3",79,33,-1.3545169463414,0.614582692280187
"dat12_24","reg","O3",79,34,-2.08513276173335,0.987762055689588
"dat12_24","reg","O3",79,35,-1.39954373954789,0.807767905212375
"dat12_24","reg","O3",79,36,1.07068775140464,0.771444639896797
"dat12_24","reg","O3",79,37,0.589706360207884,0.7494180750265
"dat12_24","reg","O3",79,38,-1.1075871551697,0.689358266139193
"dat12_24","reg","O3",79,39,-2.44438705391181,0.68919470105861
"dat12_24","reg","O3",79,40,-0.937004146095361,1.0231949917966
"dat12_24","reg","O3",79,41,0.711218605683975,0.857924478098756
"dat12_24","reg","O3",79,42,1.94901904056232,0.910298333080305
"dat12_24","reg","O3",79,43,3.30901059869603,0.77191603863854
"dat12_24","reg","O3",79,44,1.30701370762394,0.562053582139051
"dat12_24","reg","O3",79,45,0.818610826306495,0.969660725706914
"dat12_24","reg","O3",79,46,-1.46100264562522,0.709414227196994
"dat12_24","reg","O3",79,47,-2.10487730492192,0.837077492387227
"dat12_24","reg","O3",79,48,-0.616567075991441,0.708517851251468
"dat12_24","reg","O3",79,49,2.54759648817975,0.7798680572392
"dat12_24","reg","O3",79,50,-0.789385144489103,0.532576344804738
"dat12_24","reg","O3",79,51,0.0550251869217018,0.798699671062919
"dat12_24","reg","O3",79,52,-1.99958461834478,0.752681288745324
"dat12_24","reg","O3",79,53,-1.95010104338977,0.833028435837037
"dat12_24","reg","O3",79,54,1.4217756500499,0.995802743560741
"dat12_24","reg","O3",79,55,1.79260964568715,0.636951621839659
"dat12_24","reg","O3",79,56,-0.0848685704127918,0.614706324358688
"dat12_24","reg","O3",79,57,-0.387197610366307,0.732223835871255
"dat12_24","reg","O3",79,58,-0.723532794116991,0.633819923556911
"dat12_24","reg","O3",79,59,1.0149730233127,0.64720177704112
"dat12_24","reg","O3",79,60,0.223796654422458,0.631593946797257
"dat12_24","reg","O3",79,61,0.661498219449633,0.590181911772641
"dat12_24","reg","O3",79,62,-0.660711375939609,0.611950220307813
"dat12_24","reg","O3",79,63,-0.725774493122717,0.688703950369129
"dat12_24","reg","O3",79,64,-0.639317458470686,0.638302336739763
"dat12_24","reg","O3",79,65,-0.515469944293346,0.623794216805289
"dat12_24","reg","O3",79,66,-0.485679231830897,0.466349438543603
"dat12_24","reg","O3",79,67,2.55830681806629,0.751045399878413
"dat12_24","reg","O3",79,68,2.44662344764293,0.645364465548001
"dat12_24","reg","O3",79,69,2.29117117180178,0.764734850569867
"dat12_24","reg","O3",79,70,-0.186198116605237,0.795990319234195
"dat12_24","reg","O3",79,71,0.836642793291706,0.541271813984042
"dat12_24","reg","O3",79,72,2.11444780060824,0.829495855837254
"dat12_24","reg","O3",79,73,2.31039304499364,0.676698248844837
"dat12_24","reg","O3",79,74,1.11740469539829,0.661474372971359
"dat12_24","reg","O3",79,75,0.991218151957998,0.537924869256793
"dat12_24","reg","O3",79,76,-0.878556369972298,0.416043404083142
"dat12_24","reg","O3",79,77,-0.465489758565116,0.281395513629529
"dat12_24","reg","O3",79,78,0,NA
"dat12_24","reg","O3",79,79,0.617512799018959,0.704304129768377
"dat12_24","reg","O3",79,80,3.60442356597316,0.536946228250397
"dat12_24","reg","O3",79,81,2.34001723859012,0.63619266873157
"dat12_24","reg","O3",79,82,0.883658068361314,0.589447388326541
"dat12_24","reg","O3",79,83,1.84506807933652,0.740370420631939
"dat12_24","reg","O3",79,84,1.66761106380396,0.598365999234921
"dat12_24","reg","O3",79,85,0.520195362057276,0.560762459053744
"dat12_24","reg","O3",79,86,-0.155457970602779,0.576001323557733
"dat12_24","reg","O3",79,87,-0.346669176587093,0.542466932874132
"dat12_24","reg","O3",79,88,0.106250492801956,0.55427987225476
"dat12_24","reg","O3",79,89,0.948763716684546,0.637907894146806
"dat12_24","reg","O3",79,90,2.38278490589206,0.729577829648276
"dat12_24","reg","O3",79,91,3.65344768221805,0.717627456543093
"dat12_24","reg","O3",79,92,4.38833981094995,0.7465092583394
"dat12_24","reg","O3",79,93,1.58203312228119,0.567582197786284
"dat12_24","reg","O3",79,94,1.03374523985786,0.627167226787504
"dat12_24","reg","O3",79,95,0.482388640368956,0.570969433718079
"dat12_24","reg","O3",79,96,1.04178831061078,0.591926750345899
"dat12_24","reg","O3",79,97,1.16259989561375,0.671546525110666
"dat12_24","reg","O3",79,98,1.37659864313265,0.669191019180347
"dat12_24","reg","O3",79,99,0.996686028521556,0.615552644936779
"dat12_24","reg","O3",79,100,2.04658850736581,0.688323991246807
"dat12_24","reg","O3",79,101,2.64852611294878,0.592911833496478
"dat12_24","reg","O3",79,102,4.77670262965835,0.595535934988032
"dat12_24","reg","O3",79,103,6.05833345297163,0.612833139856825
"dat12_24","reg","O3",79,104,1.31490981285916,0.792641225023313
"dat12_24","reg","O3",79,105,1.51473899770574,0.591933994549655
"dat12_24","reg","O3",79,106,0.541886674906426,0.654815952640624
"dat12_24","reg","O3",79,107,1.08341601518811,0.632573907992682
"dat12_24","reg","O3",79,108,1.58397963879694,0.676127108021782
"dat12_24","reg","O3",79,109,0.306426281396799,0.654590786237233
"dat12_24","reg","O3",79,110,-0.743980382050204,0.63446700968819
"dat12_24","reg","O3",79,111,-1.04806910205557,0.60398070991004
"dat12_24","reg","O3",79,112,0.762704200394831,0.597485870618435
"dat12_24","reg","O3",79,113,2.37697336339951,0.58137429118107
"dat12_24","reg","O3",79,114,3.9347559350706,0.712030803156839
"dat12_24","reg","O3",79,115,9.70702175366462,0.731870770180736
"dat12_24","reg","O3",79,116,4.19373575143032,0.688130496091117
"dat12_24","reg","O3",79,117,1.98641992090924,0.690228201524035
"dat12_24","reg","O3",79,118,0.553195853558545,0.637921824365585
"dat12_24","reg","O3",79,119,0.59229950750446,0.634669239518581
"dat12_24","reg","O3",79,120,0.575400206612773,0.60682595366648
"dat12_24","reg","O3",79,121,1.08765950805216,0.614731535946737
"dat12_24","reg","O3",79,122,-0.42883558454397,0.58397808467859
"dat12_24","reg","O3",79,123,-1.14508913656784,0.638285482581348
"dat12_24","reg","O3",79,124,2.22114495514538,0.638916965149233
"dat12_24","reg","O3",79,125,0.946746095358673,0.692914199524037
"dat12_24","reg","O3",79,126,2.23654562210995,0.633825582036251
"dat12_24","reg","O3",79,127,7.04817555968821,0.699898293102207
"dat12_24","reg","O3",79,128,4.28453469451663,0.758141651973756
"dat12_24","reg","O3",79,129,3.99006865923322,0.72885450692605
"dat12_24","reg","O3",79,130,1.04847172448854,0.639797704698853
"dat12_24","reg","O3",79,131,0.378784402951606,0.653624291750072
"dat12_24","reg","O3",79,132,1.41226589932726,0.655069963235474
"dat12_24","reg","O3",79,133,0.648247542143832,0.644511435752825
"dat12_24","reg","O3",79,134,0.975844865627749,0.622975778379216
"dat12_24","reg","O3",79,135,0.579537751443249,0.654620878859104
"dat12_24","reg","O3",79,136,1.69297374342649,0.648177041116109
"dat12_24","reg","O3",79,137,2.35036262043668,0.66711938868288
"dat12_24","reg","O3",79,138,4.7696883911947,0.732666741439929
"dat12_24","reg","O3",79,139,8.19687166327662,0.771383158018683
"dat12_24","reg","O3",79,140,4.76444256203022,0.654141384735028
"dat12_24","reg","O3",79,141,4.22184639719795,0.659920026691048
"dat12_24","reg","O3",79,142,1.28772602482933,0.66689565372562
"dat12_24","reg","O3",79,143,1.67456925357383,0.580714140355978
"dat12_24","reg","O3",79,144,0.660507503097975,0.627918015328724
"dat12_24","reg","O3",79,145,1.72519996268494,0.634327427899592
"dat12_24","reg","O3",79,146,1.40169993058674,0.676046880707999
"dat12_24","reg","O3",79,147,1.28733141889031,0.661298121375969
"dat12_24","reg","O3",79,148,4.16895710615217,0.726224614818343
"dat12_24","reg","O3",79,149,3.63336463358718,0.739920727412192
"dat12_24","reg","O3",79,150,6.89832051539052,0.787854724047433
"dat12_24","reg","O3",79,151,7.43686698897747,0.77815902028756
"dat12_24","reg","O3",79,152,8.23687941096884,0.866248236039251
"dat12_24","reg","O3",79,153,5.04489858266704,0.754764907871267
"dat12_24","reg","O3",79,154,2.25892940316267,0.697513615074034
"dat12_24","reg","O3",79,155,1.30990417136548,0.663584353068624
"dat12_24","reg","O3",79,156,0.903876058579883,0.658842675496568
"dat12_24","reg","O3",97,1,-0.297206213548981,0.466073979120017
"dat12_24","reg","O3",97,2,0.219637277567363,0.490635468147482
"dat12_24","reg","O3",97,3,0.783382782067603,0.514066694473197
"dat12_24","reg","O3",97,4,1.23414185969835,0.630163769798389
"dat12_24","reg","O3",97,5,0.358379428765851,0.810465096932412
"dat12_24","reg","O3",97,6,2.22237362950618,0.746531794632825
"dat12_24","reg","O3",97,7,3.05648178040319,0.749732224506103
"dat12_24","reg","O3",97,8,4.80977379057013,0.760006679252251
"dat12_24","reg","O3",97,9,-0.229385623311657,0.4069559771738
"dat12_24","reg","O3",97,10,0.973094295823824,0.322882671345653
"dat12_24","reg","O3",97,11,0.871649509890659,0.425342394337537
"dat12_24","reg","O3",97,12,0.972455196991459,0.509253775471774
"dat12_24","reg","O3",97,13,1.30948675615958,0.790976593437811
"dat12_24","reg","O3",97,14,0.00778385584280805,0.615367667675505
"dat12_24","reg","O3",97,15,0.893370954484956,0.433012304338202
"dat12_24","reg","O3",97,16,0.795093360985877,0.509758963038799
"dat12_24","reg","O3",97,17,2.40263752856579,0.593069654704693
"dat12_24","reg","O3",97,18,0.0459912105021196,0.798369664981853
"dat12_24","reg","O3",97,19,1.04368178562265,0.664259033602546
"dat12_24","reg","O3",97,20,2.35185785901318,0.562212257373509
"dat12_24","reg","O3",97,21,0.549796365830819,0.820928680130605
"dat12_24","reg","O3",97,22,1.20724203040663,0.48785846216818
"dat12_24","reg","O3",97,23,0.491351024435566,0.449786715929935
"dat12_24","reg","O3",97,24,0.809081178110461,0.412389758345926
"dat12_24","reg","O3",97,25,1.16445116135959,0.39412446704498
"dat12_24","reg","O3",97,26,-0.493228131057662,0.625594596839627
"dat12_24","reg","O3",97,27,1.08542667032078,0.482645507357079
"dat12_24","reg","O3",97,28,0.313763469393685,0.903495662685724
"dat12_24","reg","O3",97,29,0.561324794791101,0.543822617616996
"dat12_24","reg","O3",97,30,0.969667731938376,0.552286536707958
"dat12_24","reg","O3",97,31,5.94815616686175,0.860868873810135
"dat12_24","reg","O3",97,32,1.80660002686407,0.510048066386574
"dat12_24","reg","O3",97,33,-0.212443465502936,0.465562049742992
"dat12_24","reg","O3",97,34,2.21089201099877,0.596484381396396
"dat12_24","reg","O3",97,35,1.39932185655412,0.432984996789914
"dat12_24","reg","O3",97,36,1.22224925137517,0.352077898406754
"dat12_24","reg","O3",97,37,1.15574559875012,0.413912985573536
"dat12_24","reg","O3",97,38,1.07983162551789,0.470933227834266
"dat12_24","reg","O3",97,39,0.961658570005126,0.536183781357213
"dat12_24","reg","O3",97,40,0.560542237289056,0.497953922153972
"dat12_24","reg","O3",97,41,0.877786887358941,0.821930930237448
"dat12_24","reg","O3",97,42,-0.243188420498608,0.533630623864232
"dat12_24","reg","O3",97,43,3.51130082422547,0.691087665944241
"dat12_24","reg","O3",97,44,2.83807855473572,0.493256195860381
"dat12_24","reg","O3",97,45,0.148068563834961,0.462436767707486
"dat12_24","reg","O3",97,46,0.377504531939337,0.489230209855246
"dat12_24","reg","O3",97,47,1.43112794971405,0.501460718399094
"dat12_24","reg","O3",97,48,0.717184645490126,0.421270115197072
"dat12_24","reg","O3",97,49,0.250752049956177,0.402589821920477
"dat12_24","reg","O3",97,50,-0.118184772267061,0.489368564251284
"dat12_24","reg","O3",97,51,-0.191868966052107,0.554173171665654
"dat12_24","reg","O3",97,52,-1.48451835495697,0.59395036101051
"dat12_24","reg","O3",97,53,-1.55018928386588,0.725754217451459
"dat12_24","reg","O3",97,54,-1.51353419026102,0.77168451587978
"dat12_24","reg","O3",97,55,3.23752553119169,0.595737651520683
"dat12_24","reg","O3",97,56,-0.244151744094694,0.601828418722069
"dat12_24","reg","O3",97,57,-0.340925803761579,0.587181116747226
"dat12_24","reg","O3",97,58,0.160711767205898,0.449256352823215
"dat12_24","reg","O3",97,59,1.562593666287,0.443530480668204
"dat12_24","reg","O3",97,60,0.656187903574241,0.382321055855789
"dat12_24","reg","O3",97,61,-0.0953875519797878,0.316040785622443
"dat12_24","reg","O3",97,62,-0.570803129919591,0.52589830121425
"dat12_24","reg","O3",97,63,-2.95976335310564,0.667311533159229
"dat12_24","reg","O3",97,64,-2.01171444635157,0.621824216787618
"dat12_24","reg","O3",97,65,-2.17041081324617,0.548460398599277
"dat12_24","reg","O3",97,66,-1.64599206667798,0.531790515194212
"dat12_24","reg","O3",97,67,-0.460497535187194,0.844792369458443
"dat12_24","reg","O3",97,68,1.69017892351523,0.634503618621545
"dat12_24","reg","O3",97,69,-1.00601658327253,0.561297606874068
"dat12_24","reg","O3",97,70,-0.810926686717942,0.413034868026791
"dat12_24","reg","O3",97,71,0.372919317475238,0.362343384471217
"dat12_24","reg","O3",97,72,-0.427760194236808,0.336187626334243
"dat12_24","reg","O3",97,73,0.198758471834446,0.371594703750549
"dat12_24","reg","O3",97,74,-0.570942323255114,0.517017930770152
"dat12_24","reg","O3",97,75,-0.292701456354745,0.53359442257417
"dat12_24","reg","O3",97,76,-0.639922735613716,0.764795172852928
"dat12_24","reg","O3",97,77,-0.300806570745543,0.379498315414401
"dat12_24","reg","O3",97,78,-0.668659834398213,0.712471711461528
"dat12_24","reg","O3",97,79,1.39308671683403,0.422820271722352
"dat12_24","reg","O3",97,80,3.35650950357367,0.53246329131715
"dat12_24","reg","O3",97,81,1.14199767368956,0.413629853457286
"dat12_24","reg","O3",97,82,1.4271851018342,0.388178278020327
"dat12_24","reg","O3",97,83,2.09939522879863,0.43601353797101
"dat12_24","reg","O3",97,84,1.30530237502467,0.339321702815277
"dat12_24","reg","O3",97,85,0.104105618178874,0.209514497322105
"dat12_24","reg","O3",97,86,0.251890966705353,0.394271335189506
"dat12_24","reg","O3",97,87,-0.0949639128798978,0.301349923031253
"dat12_24","reg","O3",97,88,1.2051565481814,0.469198572047154
"dat12_24","reg","O3",97,89,2.54336002040323,0.499800693002577
"dat12_24","reg","O3",97,90,2.61392716255529,0.45077438853343
"dat12_24","reg","O3",97,91,5.4737530428552,0.464027416387224
"dat12_24","reg","O3",97,92,4.1603423231142,0.633930926842142
"dat12_24","reg","O3",97,93,2.28575827367,0.387561333295092
"dat12_24","reg","O3",97,94,1.09307355166843,0.270197531828638
"dat12_24","reg","O3",97,95,0.122744670754574,0.238271431073943
"dat12_24","reg","O3",97,96,0,NA
"dat12_24","reg","O3",97,97,0.597391969988715,0.279887596137035
"dat12_24","reg","O3",97,98,0.289012583917831,0.308015403381994
"dat12_24","reg","O3",97,99,-0.117574619354148,0.444194901566569
"dat12_24","reg","O3",97,100,0.960555591745653,0.735518965683915
"dat12_24","reg","O3",97,101,1.47249980193546,0.753620833940765
"dat12_24","reg","O3",97,102,2.38830960846748,1.31593137375508
"dat12_24","reg","O3",97,103,3.04620366912001,0.825527931075016
"dat12_24","reg","O3",97,104,1.95440141909904,0.682340201953815
"dat12_24","reg","O3",97,105,1.04686359651589,0.672014540623947
"dat12_24","reg","O3",97,106,-0.16690369838882,0.45046464034782
"dat12_24","reg","O3",97,107,-0.0375983168701568,0.38059855915226
"dat12_24","reg","O3",97,108,0.272057093188801,0.434101898226853
"dat12_24","reg","O3",97,109,-0.0399896260238499,0.546625358653452
"dat12_24","reg","O3",97,110,-1.30634852383375,0.514328767466284
"dat12_24","reg","O3",97,111,-0.958864586458539,0.56853792857555
"dat12_24","reg","O3",97,112,-0.979855295527944,0.754285953865863
"dat12_24","reg","O3",97,113,1.06393024560873,0.616799436656175
"dat12_24","reg","O3",97,114,0.515380635597321,0.954043223856137
"dat12_24","reg","O3",97,115,4.96931395661366,0.817063169867646
"dat12_24","reg","O3",97,116,2.98709884944745,0.8099545774529
"dat12_24","reg","O3",97,117,1.83455015615785,0.573060528920023
"dat12_24","reg","O3",97,118,0.975344223522489,0.338296780551552
"dat12_24","reg","O3",97,119,0.0343023696973841,0.350300538455936
"dat12_24","reg","O3",97,120,-0.64365963463195,0.32148375283671
"dat12_24","reg","O3",97,121,-0.725524855306173,0.273823463780084
"dat12_24","reg","O3",97,122,-1.29793694483374,0.489783339683203
"dat12_24","reg","O3",97,123,-1.20811228239429,0.420025520806072
"dat12_24","reg","O3",97,124,1.09283613866869,0.612521584415715
"dat12_24","reg","O3",97,125,0.242511176050762,0.900904876630299
"dat12_24","reg","O3",97,126,0.253071789554973,0.929375640781171
"dat12_24","reg","O3",97,127,3.29879796428495,1.07456343240213
"dat12_24","reg","O3",97,128,3.67464670160508,0.741878536016164
"dat12_24","reg","O3",97,129,2.84985035545855,0.749437602639958
"dat12_24","reg","O3",97,130,0.593256404399714,0.455630452069758
"dat12_24","reg","O3",97,131,0.28474443741751,0.3230534977916
"dat12_24","reg","O3",97,132,0.250356618467415,0.277914146331922
"dat12_24","reg","O3",97,133,0.335213238542346,0.329815923597094
"dat12_24","reg","O3",97,134,-0.14639191496881,0.312169027179519
"dat12_24","reg","O3",97,135,-0.900384774696612,0.417336954330545
"dat12_24","reg","O3",97,136,0.884335729018833,0.630903909805116
"dat12_24","reg","O3",97,137,1.41242548560151,0.655807357477549
"dat12_24","reg","O3",97,138,2.50232365149365,1.140151213241
"dat12_24","reg","O3",97,139,4.91245678084028,0.846259174248525
"dat12_24","reg","O3",97,140,3.15560220702107,1.0016005968189
"dat12_24","reg","O3",97,141,2.44297094594018,0.860446964900913
"dat12_24","reg","O3",97,142,1.06096588423648,0.426857563179109
"dat12_24","reg","O3",97,143,1.06052444843206,0.344339760520195
"dat12_24","reg","O3",97,144,0.323153986884394,0.330000428652009
"dat12_24","reg","O3",97,145,0.0757580266202638,0.260799721418326
"dat12_24","reg","O3",97,146,0.97495463696233,0.365948183045233
"dat12_24","reg","O3",97,147,0.639324730500924,0.65794098297813
"dat12_24","reg","O3",97,148,2.51923747819158,0.623529390335077
"dat12_24","reg","O3",97,149,1.87372528131102,0.868604872700552
"dat12_24","reg","O3",97,150,3.75514484534765,1.04308477560183
"dat12_24","reg","O3",97,151,3.90022330517801,0.587260242290869
"dat12_24","reg","O3",97,152,4.71694291971643,0.95747458031401
"dat12_24","reg","O3",97,153,2.9431892109496,0.720699164867307
"dat12_24","reg","O3",97,154,1.79966989228371,0.447659725587761
"dat12_24","reg","O3",97,155,0.375392743881626,0.336290513209486
"dat12_24","reg","O3",97,156,-0.846177126779112,0.41555418322041
"dat12_24","reg","PM10",61,1,4.00337552306663,1.19105952509158
"dat12_24","reg","PM10",61,2,1.75673373381871,1.05350459200435
"dat12_24","reg","PM10",61,3,1.52361422634237,1.03622295592175
"dat12_24","reg","PM10",61,4,0.115011921145022,1.10653457852033
"dat12_24","reg","PM10",61,5,-1.74384646567551,1.36970926553622
"dat12_24","reg","PM10",61,6,0.712281287845342,1.13294784295756
"dat12_24","reg","PM10",61,7,0.127352485081083,1.98143467232547
"dat12_24","reg","PM10",61,8,4.25745943800887,1.96147892891049
"dat12_24","reg","PM10",61,9,1.7812625631772,0.90592177921976
"dat12_24","reg","PM10",61,10,-3.41353869613473,1.08617733501101
"dat12_24","reg","PM10",61,11,-1.90693287571664,0.87864385717646
"dat12_24","reg","PM10",61,12,-1.16709832899711,0.943399234720244
"dat12_24","reg","PM10",61,13,1.96999794859342,1.08684992332803
"dat12_24","reg","PM10",61,14,1.20036694800982,1.5226948080483
"dat12_24","reg","PM10",61,15,-0.32126618701988,1.14904760555445
"dat12_24","reg","PM10",61,16,0.493948570329271,1.01717184280813
"dat12_24","reg","PM10",61,17,-2.94047491171719,1.20307825856816
"dat12_24","reg","PM10",61,18,-4.3880644423698,1.24520817611969
"dat12_24","reg","PM10",61,19,-1.65367245120872,1.21715810794437
"dat12_24","reg","PM10",61,20,-5.31856086573183,1.40989202619318
"dat12_24","reg","PM10",61,21,0.207220849413062,1.01729963693018
"dat12_24","reg","PM10",61,22,-0.705850420393531,0.86524096586088
"dat12_24","reg","PM10",61,23,0.273652551820855,1.08624781769121
"dat12_24","reg","PM10",61,24,0.629292195339298,1.01031272103229
"dat12_24","reg","PM10",61,25,1.17386652939305,1.09167692046474
"dat12_24","reg","PM10",61,26,3.78090973119698,1.2772942921175
"dat12_24","reg","PM10",61,27,2.61445406043777,1.24827241300286
"dat12_24","reg","PM10",61,28,-1.50970945548593,1.06001761001969
"dat12_24","reg","PM10",61,29,-2.32880354291857,0.96116686991538
"dat12_24","reg","PM10",61,30,-8.97207052128195,1.2485832515488
"dat12_24","reg","PM10",61,31,-10.2300597602359,1.64134745886203
"dat12_24","reg","PM10",61,32,2.18405886003655,1.22481284871578
"dat12_24","reg","PM10",61,33,-2.36309500976489,1.07913655702211
"dat12_24","reg","PM10",61,34,0.469313541086144,0.988206484000534
"dat12_24","reg","PM10",61,35,1.34619552917253,0.954897244628378
"dat12_24","reg","PM10",61,36,2.89046822928543,0.749290908306335
"dat12_24","reg","PM10",61,37,-1.22187865267046,1.02493119174676
"dat12_24","reg","PM10",61,38,2.296057273159,1.38462579000484
"dat12_24","reg","PM10",61,39,2.21926081851079,1.25668289830454
"dat12_24","reg","PM10",61,40,-1.89015623764391,0.97283540216934
"dat12_24","reg","PM10",61,41,-5.72805375977342,1.32917556928842
"dat12_24","reg","PM10",61,42,-1.13756850587509,1.7297662528291
"dat12_24","reg","PM10",61,43,2.30633472040221,1.49016569470246
"dat12_24","reg","PM10",61,44,0.0523913402654372,1.27145759931633
"dat12_24","reg","PM10",61,45,1.36709877515106,0.961524828240322
"dat12_24","reg","PM10",61,46,-0.350288512974695,1.29754983650046
"dat12_24","reg","PM10",61,47,-0.04778173060296,1.00917319505028
"dat12_24","reg","PM10",61,48,-1.45434664716974,0.971380417454213
"dat12_24","reg","PM10",61,49,1.09784279970045,1.03090017194891
"dat12_24","reg","PM10",61,50,0.967464984383251,1.11548870112079
"dat12_24","reg","PM10",61,51,1.2106103187789,1.33448449463001
"dat12_24","reg","PM10",61,52,4.66851832298101,1.20083077201407
"dat12_24","reg","PM10",61,53,1.20403949660737,1.04312938605656
"dat12_24","reg","PM10",61,54,4.41213106645529,1.08404254816817
"dat12_24","reg","PM10",61,55,5.50265829459994,1.14896841252776
"dat12_24","reg","PM10",61,56,3.08232752789417,1.30872600176174
"dat12_24","reg","PM10",61,57,4.17500535504106,1.09348812506398
"dat12_24","reg","PM10",61,58,2.54067243363551,0.905047242949665
"dat12_24","reg","PM10",61,59,0.239618728102617,0.490284108331798
"dat12_24","reg","PM10",61,60,0,NA
"dat12_24","reg","PM10",61,61,-0.985082861196806,0.524122067027397
"dat12_24","reg","PM10",61,62,0.151335781747658,0.586788058373091
"dat12_24","reg","PM10",61,63,-0.449819178689143,0.822091113362643
"dat12_24","reg","PM10",61,64,0.321547117430868,0.879535631369298
"dat12_24","reg","PM10",61,65,2.28217488806852,1.06339370045864
"dat12_24","reg","PM10",61,66,2.215840199457,0.811947072052913
"dat12_24","reg","PM10",61,67,2.00734189032853,0.920649810333496
"dat12_24","reg","PM10",61,68,2.65865522222642,0.978784570187249
"dat12_24","reg","PM10",61,69,-0.828433739324854,0.935981211966871
"dat12_24","reg","PM10",61,70,0.91914218774642,1.09261218800216
"dat12_24","reg","PM10",61,71,-1.30080887591295,1.29317948238982
"dat12_24","reg","PM10",61,72,1.52759872932793,1.28424157216244
"dat12_24","reg","PM10",61,73,1.6741279996383,1.12145717773881
"dat12_24","reg","PM10",61,74,2.09268834244927,1.19347218255121
"dat12_24","reg","PM10",61,75,2.22501548237855,1.1210490691315
"dat12_24","reg","PM10",61,76,3.03309001867826,1.38963087862719
"dat12_24","reg","PM10",61,77,2.85617625603162,1.16567119790756
"dat12_24","reg","PM10",61,78,4.06673159469145,1.26764587105799
"dat12_24","reg","PM10",61,79,3.63239132100335,1.80948495145595
"dat12_24","reg","PM10",61,80,5.18443422317857,1.86922512005958
"dat12_24","reg","PM10",61,81,4.8895943955662,1.97798517976656
"dat12_24","reg","PM10",61,82,3.42210149940986,1.76156822853149
"dat12_24","reg","PM10",61,83,0.507422354400061,1.97498772432517
"dat12_24","reg","PM10",61,84,-0.0949118497725818,1.62612559181856
"dat12_24","reg","PM10",61,85,0.993576767405045,1.80143839004927
"dat12_24","reg","PM10",61,86,5.43642581672966,1.51512163715578
"dat12_24","reg","PM10",61,87,5.3925148001631,2.03955800486951
"dat12_24","reg","PM10",61,88,3.61923078566369,1.5556734334222
"dat12_24","reg","PM10",61,89,5.2168308954082,1.76477986317067
"dat12_24","reg","PM10",61,90,6.84401193680201,1.96415795797679
"dat12_24","reg","PM10",61,91,5.93966652501807,1.70635316138725
"dat12_24","reg","PM10",61,92,6.04448522027631,1.82723898471589
"dat12_24","reg","PM10",61,93,7.71895862776353,1.71221346026309
"dat12_24","reg","PM10",61,94,8.31086453257128,1.39398701106174
"dat12_24","reg","PM10",61,95,3.84615955750975,1.52883503374454
"dat12_24","reg","PM10",61,96,-0.738838777936534,1.20261388925146
"dat12_24","reg","PM10",61,97,3.37873906932134,1.54370864868489
"dat12_24","reg","PM10",61,98,3.00823487010841,1.36511190269792
"dat12_24","reg","PM10",61,99,5.8469894828776,1.63931413701601
"dat12_24","reg","PM10",61,100,4.06879892870197,1.52297952938069
"dat12_24","reg","PM10",61,101,5.21238894578249,1.78073705324801
"dat12_24","reg","PM10",61,102,5.38130863349437,1.7028738205735
"dat12_24","reg","PM10",61,103,6.96508987562274,1.78206200528579
"dat12_24","reg","PM10",61,104,5.21021650054335,2.09531935441601
"dat12_24","reg","PM10",61,105,4.37047488795421,1.79371889909806
"dat12_24","reg","PM10",61,106,4.21349587732012,1.61610909629609
"dat12_24","reg","PM10",61,107,3.84436434356154,1.76713682110372
"dat12_24","reg","PM10",61,108,0.897974559421744,1.60964442109352
"dat12_24","reg","PM10",61,109,0.153101016017253,1.71086095129165
"dat12_24","reg","PM10",61,110,4.36384428960657,1.91998510358696
"dat12_24","reg","PM10",61,111,8.93823667330007,2.27356847223543
"dat12_24","reg","PM10",61,112,3.30049579551057,1.74869449865906
"dat12_24","reg","PM10",61,113,13.8686629014451,2.62402631716819
"dat12_24","reg","PM10",61,114,8.02423016930873,1.90043976779047
"dat12_24","reg","PM10",61,115,11.1936835606113,1.7823869245607
"dat12_24","reg","PM10",61,116,6.97243667865731,1.80986842456245
"dat12_24","reg","PM10",61,117,5.54435678239671,1.75614290051961
"dat12_24","reg","PM10",61,118,6.36391688606759,1.73753313781899
"dat12_24","reg","PM10",61,119,4.68326244360688,1.94078016984545
"dat12_24","reg","PM10",61,120,2.72680333093964,1.79439197768872
"dat12_24","reg","PM10",61,121,3.67191837122966,1.97058015414344
"dat12_24","reg","PM10",61,122,4.2318899078838,1.87382663229409
"dat12_24","reg","PM10",61,123,0.639143542083211,1.84753217700553
"dat12_24","reg","PM10",61,124,7.16817053696005,1.89651995253201
"dat12_24","reg","PM10",61,125,4.21204763896428,1.83878476742735
"dat12_24","reg","PM10",61,126,5.65223566537615,1.75532523127384
"dat12_24","reg","PM10",61,127,8.7197485450848,1.84595393626725
"dat12_24","reg","PM10",61,128,6.90486563220834,1.78863335424297
"dat12_24","reg","PM10",61,129,8.88909656420946,1.75010885405306
"dat12_24","reg","PM10",61,130,8.10048789772892,1.68804448302962
"dat12_24","reg","PM10",61,131,2.91744468009808,1.7530528986031
"dat12_24","reg","PM10",61,132,3.16104019161999,1.62799281774021
"dat12_24","reg","PM10",61,133,6.84693915974974,1.89963048578143
"dat12_24","reg","PM10",61,134,3.03347862957107,1.95874000104291
"dat12_24","reg","PM10",61,135,3.895247977864,2.10119176056696
"dat12_24","reg","PM10",61,136,0.9365185311833,2.18778787757251
"dat12_24","reg","PM10",61,137,7.15851154319878,1.87262057420223
"dat12_24","reg","PM10",61,138,6.72305895903514,1.70239864710927
"dat12_24","reg","PM10",61,139,9.31794529942736,1.92202978033825
"dat12_24","reg","PM10",61,140,10.3829395490821,1.79731698417208
"dat12_24","reg","PM10",61,141,8.40717144689872,1.85178934670658
"dat12_24","reg","PM10",61,142,4.29767988684359,1.8098550834555
"dat12_24","reg","PM10",61,143,2.51612886172887,1.62911760912369
"dat12_24","reg","PM10",61,144,1.87836251716725,1.58884429127458
"dat12_24","reg","PM10",61,145,2.63744032455979,1.62193348726633
"dat12_24","reg","PM10",61,146,8.05233019341268,1.64982138350923
"dat12_24","reg","PM10",61,147,5.96939443484191,1.81887316468979
"dat12_24","reg","PM10",61,148,-1.78131306784048,1.72052817566828
"dat12_24","reg","PM10",61,149,6.37641199576492,1.88353483588661
"dat12_24","reg","PM10",61,150,6.50408621055595,1.88268174385042
"dat12_24","reg","PM10",61,151,10.0329235349819,1.87982338810109
"dat12_24","reg","PM10",61,152,11.9218755365023,1.90694952409977
"dat12_24","reg","PM10",61,153,9.49421160631366,1.92700950287754
"dat12_24","reg","PM10",61,154,9.7079349308748,1.64218361513618
"dat12_24","reg","PM10",61,155,8.04861315289725,1.56160055374657
"dat12_24","reg","PM10",61,156,6.57850579894552,1.42832542957433
"dat12_24","reg","PM10",79,1,3.75026538170781,1.33213001435717
"dat12_24","reg","PM10",79,2,2.38462232723093,1.33276352860042
"dat12_24","reg","PM10",79,3,0.545667815957007,1.13049852905801
"dat12_24","reg","PM10",79,4,3.09403165464904,1.34987810956144
"dat12_24","reg","PM10",79,5,3.23682128710865,1.64601385883867
"dat12_24","reg","PM10",79,6,2.58576704435217,1.01923973786958
"dat12_24","reg","PM10",79,7,3.46105971653915,1.56244893940921
"dat12_24","reg","PM10",79,8,1.92064346682941,0.891462964241456
"dat12_24","reg","PM10",79,9,0.98072931219335,0.82007546931927
"dat12_24","reg","PM10",79,10,0.767534021233587,1.0115572316577
"dat12_24","reg","PM10",79,11,-1.07302799625315,1.08023337063697
"dat12_24","reg","PM10",79,12,0.0313992020497338,1.41336517367776
"dat12_24","reg","PM10",79,13,-0.507548257953701,1.49243502714908
"dat12_24","reg","PM10",79,14,1.43643203887267,1.3529612379506
"dat12_24","reg","PM10",79,15,-0.736916978116618,1.31420534258265
"dat12_24","reg","PM10",79,16,4.18008117221535,1.32139300790603
"dat12_24","reg","PM10",79,17,3.54343494889039,1.42964123734781
"dat12_24","reg","PM10",79,18,3.37969840498969,1.09883934175704
"dat12_24","reg","PM10",79,19,1.90674682869285,1.32483479764556
"dat12_24","reg","PM10",79,20,2.45268506736438,1.03415518424221
"dat12_24","reg","PM10",79,21,3.0827123963058,0.747765653382913
"dat12_24","reg","PM10",79,22,1.31056440496195,0.922897166883045
"dat12_24","reg","PM10",79,23,2.37508633929858,1.17141332682993
"dat12_24","reg","PM10",79,24,2.10098187969314,1.15550095709882
"dat12_24","reg","PM10",79,25,-0.433993877620043,1.1191467446542
"dat12_24","reg","PM10",79,26,2.61634114323557,1.26497927430084
"dat12_24","reg","PM10",79,27,2.51031112223667,1.25752856176356
"dat12_24","reg","PM10",79,28,5.60097896618389,1.81079075033379
"dat12_24","reg","PM10",79,29,1.338237065779,1.22154105916141
"dat12_24","reg","PM10",79,30,-0.940542253400944,0.941203559052996
"dat12_24","reg","PM10",79,31,4.24508773663713,0.887543659171519
"dat12_24","reg","PM10",79,32,2.51804552638854,0.812340704123113
"dat12_24","reg","PM10",79,33,2.06678472519379,0.848069105027467
"dat12_24","reg","PM10",79,34,0.508273975302042,0.871293313866582
"dat12_24","reg","PM10",79,35,1.26429709152408,1.09818618483832
"dat12_24","reg","PM10",79,36,0.0822116170288592,1.19890487499348
"dat12_24","reg","PM10",79,37,0.202839414403282,1.77075678532634
"dat12_24","reg","PM10",79,38,4.5767945915292,2.19990944441045
"dat12_24","reg","PM10",79,39,2.30064279537787,1.92272603376091
"dat12_24","reg","PM10",79,40,1.19367342015415,0.953018263978026
"dat12_24","reg","PM10",79,41,-0.89749475322566,1.14667426751762
"dat12_24","reg","PM10",79,42,-0.100344059095376,0.982929635040008
"dat12_24","reg","PM10",79,43,0.631646331698408,0.813713224252398
"dat12_24","reg","PM10",79,44,3.28689082120638,0.970046410708743
"dat12_24","reg","PM10",79,45,2.69733779772819,0.960304162695298
"dat12_24","reg","PM10",79,46,1.4948113477011,0.981685386079087
"dat12_24","reg","PM10",79,47,1.78301457756979,0.947256869959309
"dat12_24","reg","PM10",79,48,-0.0601529382980495,1.18602199131544
"dat12_24","reg","PM10",79,49,-0.519923473739492,0.972196490737055
"dat12_24","reg","PM10",79,50,0.401344661874683,0.733727421683554
"dat12_24","reg","PM10",79,51,3.80761175135771,1.46471216533678
"dat12_24","reg","PM10",79,52,5.4068211911991,1.24860691865236
"dat12_24","reg","PM10",79,53,1.72358759288499,0.951065091911801
"dat12_24","reg","PM10",79,54,3.96997419570286,0.982836942780609
"dat12_24","reg","PM10",79,55,4.51152128041222,1.01522039518636
"dat12_24","reg","PM10",79,56,2.65581680815648,0.992178226824209
"dat12_24","reg","PM10",79,57,2.85764169603674,0.883042178293957
"dat12_24","reg","PM10",79,58,1.58920188780238,0.815574176256897
"dat12_24","reg","PM10",79,59,0.691591301279249,0.965707543892698
"dat12_24","reg","PM10",79,60,-0.368639421971288,1.14899006135238
"dat12_24","reg","PM10",79,61,0.0561719492954396,1.07219362920949
"dat12_24","reg","PM10",79,62,-0.182935172439244,1.12112875826051
"dat12_24","reg","PM10",79,63,2.41946775020045,1.42896675324906
"dat12_24","reg","PM10",79,64,0.415390377837983,1.17217916371802
"dat12_24","reg","PM10",79,65,1.6718011937522,0.937815678193527
"dat12_24","reg","PM10",79,66,2.79214227552694,0.723572519192942
"dat12_24","reg","PM10",79,67,4.46342391125267,1.09239068501024
"dat12_24","reg","PM10",79,68,1.44953355233169,0.752260176712701
"dat12_24","reg","PM10",79,69,-0.0852273051097878,0.872003395659479
"dat12_24","reg","PM10",79,70,0.291542298494266,0.963738395066352
"dat12_24","reg","PM10",79,71,-3.878663070273,0.978411822946285
"dat12_24","reg","PM10",79,72,-1.61299545027403,1.31252720465773
"dat12_24","reg","PM10",79,73,-2.48557487633163,0.860942343021561
"dat12_24","reg","PM10",79,74,-0.00967025967225865,0.851561219308837
"dat12_24","reg","PM10",79,75,2.46963951045658,0.765236529316505
"dat12_24","reg","PM10",79,76,-1.89678212410352,0.769371389532057
"dat12_24","reg","PM10",79,77,-0.550254563333018,0.483145616147501
"dat12_24","reg","PM10",79,78,0,NA
"dat12_24","reg","PM10",79,79,-0.773485151548812,0.632500930406908
"dat12_24","reg","PM10",79,80,1.50152311275967,0.601285327006434
"dat12_24","reg","PM10",79,81,1.95230986601888,0.61967660307859
"dat12_24","reg","PM10",79,82,2.49603696715214,0.751370579499187
"dat12_24","reg","PM10",79,83,3.59998617804846,1.14555043392825
"dat12_24","reg","PM10",79,84,3.19410066133971,0.99233889779288
"dat12_24","reg","PM10",79,85,6.91606361591642,1.20868934231472
"dat12_24","reg","PM10",79,86,3.48419453513661,1.01776938959264
"dat12_24","reg","PM10",79,87,6.96744686442655,1.37289251540122
"dat12_24","reg","PM10",79,88,2.86406177537693,0.863790041166156
"dat12_24","reg","PM10",79,89,3.94374195978747,0.805342807086004
"dat12_24","reg","PM10",79,90,0.502032752132388,0.588739145468567
"dat12_24","reg","PM10",79,91,3.82921176465491,0.69853839256842
"dat12_24","reg","PM10",79,92,2.26947930358587,0.626025422742764
"dat12_24","reg","PM10",79,93,3.14651276905102,0.769582627404505
"dat12_24","reg","PM10",79,94,4.82453416313974,1.06987606213009
"dat12_24","reg","PM10",79,95,4.1489628853231,1.21382435308495
"dat12_24","reg","PM10",79,96,4.20647792156759,1.18780583882399
"dat12_24","reg","PM10",79,97,6.77877263526317,1.32929445256123
"dat12_24","reg","PM10",79,98,3.92479363240989,1.17444905706327
"dat12_24","reg","PM10",79,99,6.58590879187775,1.23384643120345
"dat12_24","reg","PM10",79,100,4.77179299619795,1.22993954501487
"dat12_24","reg","PM10",79,101,4.68045220455212,1.03921734171701
"dat12_24","reg","PM10",79,102,5.61023726964171,0.956233906700926
"dat12_24","reg","PM10",79,103,5.47001278792325,0.978554133079601
"dat12_24","reg","PM10",79,104,1.622453652173,0.84434094628898
"dat12_24","reg","PM10",79,105,0.897918578490259,0.795469229147273
"dat12_24","reg","PM10",79,106,3.28969624694135,1.04547001988198
"dat12_24","reg","PM10",79,107,5.32052518922605,1.17771774464748
"dat12_24","reg","PM10",79,108,4.40020701304453,1.10749125726017
"dat12_24","reg","PM10",79,109,1.13174170928201,0.980668250101593
"dat12_24","reg","PM10",79,110,6.16161515342232,1.21606807912526
"dat12_24","reg","PM10",79,111,6.56813365699729,1.54078492069419
"dat12_24","reg","PM10",79,112,4.02634681573523,1.00053081582263
"dat12_24","reg","PM10",79,113,11.1145234448688,1.57673251596835
"dat12_24","reg","PM10",79,114,7.14987289536219,1.05902977204323
"dat12_24","reg","PM10",79,115,8.7025018339475,1.06423389254611
"dat12_24","reg","PM10",79,116,4.55245689710409,0.813205938905038
"dat12_24","reg","PM10",79,117,2.28054645112627,0.865794562680003
"dat12_24","reg","PM10",79,118,3.90102622646232,1.1084064560399
"dat12_24","reg","PM10",79,119,7.297904622319,1.36478178940044
"dat12_24","reg","PM10",79,120,3.86292758514516,1.21427010236166
"dat12_24","reg","PM10",79,121,4.11467421816814,1.21171471696592
"dat12_24","reg","PM10",79,122,3.5682046494775,1.10005563529593
"dat12_24","reg","PM10",79,123,2.35443812924828,1.10046628597398
"dat12_24","reg","PM10",79,124,6.66998624586599,1.07999581875048
"dat12_24","reg","PM10",79,125,2.44890216122339,0.777662555055648
"dat12_24","reg","PM10",79,126,2.65586719785059,0.930207994857102
"dat12_24","reg","PM10",79,127,4.78990481440067,0.915635749044139
"dat12_24","reg","PM10",79,128,3.22734701586125,0.723408346899194
"dat12_24","reg","PM10",79,129,4.74170307412788,0.997359185341201
"dat12_24","reg","PM10",79,130,4.52857048754066,1.15486305226553
"dat12_24","reg","PM10",79,131,3.48963880690797,1.21779440996871
"dat12_24","reg","PM10",79,132,3.41987604555795,1.11715682640223
"dat12_24","reg","PM10",79,133,5.82664953766426,1.23856801911865
"dat12_24","reg","PM10",79,134,3.86689259398402,1.29422496234805
"dat12_24","reg","PM10",79,135,7.69551128508734,1.3315081463742
"dat12_24","reg","PM10",79,136,1.65261862789612,1.15759793080263
"dat12_24","reg","PM10",79,137,5.15522566447509,1.01055036421966
"dat12_24","reg","PM10",79,138,4.7026844939116,0.903525370699455
"dat12_24","reg","PM10",79,139,5.50959150512578,0.968165344772829
"dat12_24","reg","PM10",79,140,3.60347507674973,0.887121333338124
"dat12_24","reg","PM10",79,141,3.90319118415809,0.901488607793687
"dat12_24","reg","PM10",79,142,3.53476585127366,0.977147173325857
"dat12_24","reg","PM10",79,143,4.82514671486266,1.08764243867152
"dat12_24","reg","PM10",79,144,3.96775376290553,1.16296862871272
"dat12_24","reg","PM10",79,145,5.07892652276525,1.3032798733652
"dat12_24","reg","PM10",79,146,6.03204666074577,1.09457961840298
"dat12_24","reg","PM10",79,147,8.06702381435618,1.0696856641751
"dat12_24","reg","PM10",79,148,1.78525978160545,0.923181906629026
"dat12_24","reg","PM10",79,149,3.47730602383033,0.821003290036032
"dat12_24","reg","PM10",79,150,3.81088252092829,0.721363387342812
"dat12_24","reg","PM10",79,151,5.98011649774475,0.969358005231415
"dat12_24","reg","PM10",79,152,5.87214147978684,0.907217742391466
"dat12_24","reg","PM10",79,153,3.29708365063102,0.884483886062144
"dat12_24","reg","PM10",79,154,5.26671820337887,1.16428675693559
"dat12_24","reg","PM10",79,155,5.36187012513028,1.22830966657776
"dat12_24","reg","PM10",79,156,6.55583026669147,1.27838024626708
"dat12_24","reg","PM10",97,1,3.72613372586514,1.83346993864112
"dat12_24","reg","PM10",97,2,1.26180084004037,1.4388564067362
"dat12_24","reg","PM10",97,3,0.178592129362285,0.941193599668149
"dat12_24","reg","PM10",97,4,-1.69314052500508,0.895929812438946
"dat12_24","reg","PM10",97,5,-0.191290535179803,1.88467104390487
"dat12_24","reg","PM10",97,6,4.33586923203408,1.1183616564348
"dat12_24","reg","PM10",97,7,-4.71443165937372,1.65307795660002
"dat12_24","reg","PM10",97,8,-4.67895433272448,1.00367442039088
"dat12_24","reg","PM10",97,9,-0.316512818258003,0.912813189836537
"dat12_24","reg","PM10",97,10,-4.00925795830794,0.812318556335311
"dat12_24","reg","PM10",97,11,-0.9453010252159,0.765886559405968
"dat12_24","reg","PM10",97,12,1.53426283865075,1.28426837112392
"dat12_24","reg","PM10",97,13,0.244188093376543,1.611824163013
"dat12_24","reg","PM10",97,14,-1.18084731708154,0.824601929440143
"dat12_24","reg","PM10",97,15,0.757791685118832,1.19800297048318
"dat12_24","reg","PM10",97,16,1.79073388396855,0.899815957231274
"dat12_24","reg","PM10",97,17,-2.31389117807737,1.18040466498735
"dat12_24","reg","PM10",97,18,1.35985858420318,1.29331802714219
"dat12_24","reg","PM10",97,19,2.69767635917443,0.987620816442016
"dat12_24","reg","PM10",97,20,1.30395496834867,1.10610376077614
"dat12_24","reg","PM10",97,21,-0.63585930787854,1.27333147590067
"dat12_24","reg","PM10",97,22,0.514236791154348,0.968361457879051
"dat12_24","reg","PM10",97,23,1.24700733784637,0.727351404112817
"dat12_24","reg","PM10",97,24,4.38353740374975,1.43298084248394
"dat12_24","reg","PM10",97,25,0.320663125393146,1.01924268593885
"dat12_24","reg","PM10",97,26,1.93747964188936,0.880744941343614
"dat12_24","reg","PM10",97,27,1.88347418852741,1.29857813974134
"dat12_24","reg","PM10",97,28,4.07598499596276,1.24105293743157
"dat12_24","reg","PM10",97,29,-1.62856155152593,0.956488980553641
"dat12_24","reg","PM10",97,30,-1.95644526283107,1.20775373645773
"dat12_24","reg","PM10",97,31,-0.703920080957905,1.03035204345511
"dat12_24","reg","PM10",97,32,4.03639466570359,1.08341365124136
"dat12_24","reg","PM10",97,33,-0.371712278632264,1.01564678948617
"dat12_24","reg","PM10",97,34,-0.292183590434477,0.863371752271023
"dat12_24","reg","PM10",97,35,0.0522248715767457,0.75647390347732
"dat12_24","reg","PM10",97,36,-0.344493541060272,0.854872755724827
"dat12_24","reg","PM10",97,37,-0.0283210948936823,0.925781978958421
"dat12_24","reg","PM10",97,38,4.6534033885085,1.09354880665812
"dat12_24","reg","PM10",97,39,0.598405960684886,1.29221203859736
"dat12_24","reg","PM10",97,40,0.588746268085754,1.07362593982284
"dat12_24","reg","PM10",97,41,-2.30307578882205,0.812059332775525
"dat12_24","reg","PM10",97,42,0.366088548725921,0.750289360812262
"dat12_24","reg","PM10",97,43,-5.0564029835249,1.17228094115761
"dat12_24","reg","PM10",97,44,-0.391974117477817,0.561799833011505
"dat12_24","reg","PM10",97,45,0.807132346505197,0.99437682803255
"dat12_24","reg","PM10",97,46,-1.10945045378695,0.851398799515551
"dat12_24","reg","PM10",97,47,-1.01271758304638,0.7723550106564
"dat12_24","reg","PM10",97,48,1.12007757752775,1.18004145727672
"dat12_24","reg","PM10",97,49,0.0665627695798356,0.846649918016263
"dat12_24","reg","PM10",97,50,-2.67967143321613,0.979064989034576
"dat12_24","reg","PM10",97,51,1.20351669228076,0.944887831323918
"dat12_24","reg","PM10",97,52,2.5220547581765,1.21663843748381
"dat12_24","reg","PM10",97,53,-1.32516458593158,1.13206116581868
"dat12_24","reg","PM10",97,54,1.6467067104058,0.759162337652675
"dat12_24","reg","PM10",97,55,-2.4175804097417,0.666496458992236
"dat12_24","reg","PM10",97,56,-0.993586691687955,1.11484903989934
"dat12_24","reg","PM10",97,57,1.82952714890957,1.01998567263274
"dat12_24","reg","PM10",97,58,0.507301540802572,0.991457030569466
"dat12_24","reg","PM10",97,59,0.940384539041792,0.8320006197208
"dat12_24","reg","PM10",97,60,0.303046489196037,0.672615949991047
"dat12_24","reg","PM10",97,61,1.20532586185534,0.829782190290632
"dat12_24","reg","PM10",97,62,0.40135518819085,0.751495658731714
"dat12_24","reg","PM10",97,63,5.86451452015595,1.08648122168482
"dat12_24","reg","PM10",97,64,-0.172833885261209,0.910687932174861
"dat12_24","reg","PM10",97,65,1.41023431210719,0.966093469662907
"dat12_24","reg","PM10",97,66,-2.02969299268613,0.805074529302912
"dat12_24","reg","PM10",97,67,1.73396217915072,0.957528804794409
"dat12_24","reg","PM10",97,68,-2.74166064053755,1.01306327024919
"dat12_24","reg","PM10",97,69,-0.704230038162826,0.828905089878996
"dat12_24","reg","PM10",97,70,-0.836362321480468,0.954730936131263
"dat12_24","reg","PM10",97,71,-1.71135618368288,0.834257997227497
"dat12_24","reg","PM10",97,72,0.366621179029776,1.01683992663763
"dat12_24","reg","PM10",97,73,-0.599105720730503,0.638493469228762
"dat12_24","reg","PM10",97,74,-1.09035297527666,0.839280737658759
"dat12_24","reg","PM10",97,75,0.885689097558199,0.700434040175463
"dat12_24","reg","PM10",97,76,-3.09846809995484,0.970699722129647
"dat12_24","reg","PM10",97,77,-2.46395467310002,0.747739715236501
"dat12_24","reg","PM10",97,78,-3.45590628198412,1.23119756570807
"dat12_24","reg","PM10",97,79,-5.47742053040781,1.20652770568762
"dat12_24","reg","PM10",97,80,-3.79524110718084,0.918670017447541
"dat12_24","reg","PM10",97,81,-0.445939561887879,0.74149968950373
"dat12_24","reg","PM10",97,82,-2.03718183283213,0.791828505869268
"dat12_24","reg","PM10",97,83,-3.37778363253543,1.20608505554633
"dat12_24","reg","PM10",97,84,-2.87344798453809,0.796646894208894
"dat12_24","reg","PM10",97,85,0.707976641843935,0.644688531159606
"dat12_24","reg","PM10",97,86,-2.45340352321017,0.733780176666362
"dat12_24","reg","PM10",97,87,0.270918216452305,0.96192309367731
"dat12_24","reg","PM10",97,88,-1.36250752018018,0.826461355074502
"dat12_24","reg","PM10",97,89,0.360614045247102,0.842969947776726
"dat12_24","reg","PM10",97,90,-2.80165024420556,0.890577660186467
"dat12_24","reg","PM10",97,91,-3.14482979219941,1.04130485740554
"dat12_24","reg","PM10",97,92,-3.24804835494413,1.2146721008102
"dat12_24","reg","PM10",97,93,-3.90560760834687,0.87165204541072
"dat12_24","reg","PM10",97,94,-3.00618663607065,0.935489683378024
"dat12_24","reg","PM10",97,95,-1.5764959760252,0.443052312856726
"dat12_24","reg","PM10",97,96,0,NA
"dat12_24","reg","PM10",97,97,-0.59193183138241,0.417243504029861
"dat12_24","reg","PM10",97,98,-0.219861281897626,0.307974068852995
"dat12_24","reg","PM10",97,99,1.67419833459601,0.516589603590252
"dat12_24","reg","PM10",97,100,0.468142243785726,0.544328242896419
"dat12_24","reg","PM10",97,101,-0.119168595811269,0.517266172476078
"dat12_24","reg","PM10",97,102,0.807911480128719,0.73160976656107
"dat12_24","reg","PM10",97,103,0.844825318804329,0.713877128454617
"dat12_24","reg","PM10",97,104,-0.104127451210456,0.776379250501707
"dat12_24","reg","PM10",97,105,-1.53695992905655,0.602608949163724
"dat12_24","reg","PM10",97,106,-0.349427309218324,0.675976785968786
"dat12_24","reg","PM10",97,107,0.839589194929204,0.508415787691164
"dat12_24","reg","PM10",97,108,0.49153432809279,0.383704114150583
"dat12_24","reg","PM10",97,109,-3.06852702820697,0.555341722425579
"dat12_24","reg","PM10",97,110,-0.00397881420140678,0.630149874656159
"dat12_24","reg","PM10",97,111,-0.041637696526962,1.39220856256699
"dat12_24","reg","PM10",97,112,-0.193340896219721,0.654082650505983
"dat12_24","reg","PM10",97,113,2.15334991620467,1.29435796022183
"dat12_24","reg","PM10",97,114,-0.11628612673876,0.83185700120619
"dat12_24","reg","PM10",97,115,1.5719936686506,0.886770167912247
"dat12_24","reg","PM10",97,116,0.207176525720115,0.705369109165147
"dat12_24","reg","PM10",97,117,-1.60711276512959,0.656827400564126
"dat12_24","reg","PM10",97,118,-1.24889040465547,0.625488081441195
"dat12_24","reg","PM10",97,119,1.05321405450666,0.582253957433867
"dat12_24","reg","PM10",97,120,-2.09109105532811,0.573971870346674
"dat12_24","reg","PM10",97,121,-1.13401528085208,0.519799475068605
"dat12_24","reg","PM10",97,122,-1.82302585417275,0.476030312877224
"dat12_24","reg","PM10",97,123,-1.41727528136159,0.663139775260981
"dat12_24","reg","PM10",97,124,2.16445131354798,0.739219153949081
"dat12_24","reg","PM10",97,125,-0.369597627199781,0.589634190136987
"dat12_24","reg","PM10",97,126,-1.2311234959434,0.619420071007557
"dat12_24","reg","PM10",97,127,0.290277424968298,0.73663693642298
"dat12_24","reg","PM10",97,128,0.240659196626808,0.72394407136605
"dat12_24","reg","PM10",97,129,0.0264862645873194,0.727591944520467
"dat12_24","reg","PM10",97,130,-0.747684682045804,0.847347109815589
"dat12_24","reg","PM10",97,131,-1.62389524258369,0.960863495408661
"dat12_24","reg","PM10",97,132,-1.8085694852934,0.473173677107887
"dat12_24","reg","PM10",97,133,-1.13883056452607,0.624533373482848
"dat12_24","reg","PM10",97,134,-1.56147521206398,0.720597079354149
"dat12_24","reg","PM10",97,135,0.952551880780764,0.816664576971642
"dat12_24","reg","PM10",97,136,-2.90961074490652,1.14007246819107
"dat12_24","reg","PM10",97,137,0.935551393097542,0.791311558869093
"dat12_24","reg","PM10",97,138,0.537021744203276,0.707392637922922
"dat12_24","reg","PM10",97,139,0.985771049037186,0.762369980445866
"dat12_24","reg","PM10",97,140,-1.33684035427249,0.709460158386105
"dat12_24","reg","PM10",97,141,-0.981570130059289,0.706103658709763
"dat12_24","reg","PM10",97,142,-0.814980893482652,0.641079981437164
"dat12_24","reg","PM10",97,143,-0.749281941176744,0.495595389524627
"dat12_24","reg","PM10",97,144,-1.70947647263503,0.492760529600101
"dat12_24","reg","PM10",97,145,-1.37473411142337,0.41501827417052
"dat12_24","reg","PM10",97,146,0.0300050574652371,0.606119405375765
"dat12_24","reg","PM10",97,147,1.8894797849117,0.671432736254089
"dat12_24","reg","PM10",97,148,1.87947115196792,0.836808471948761
"dat12_24","reg","PM10",97,149,-0.697964509008809,0.651306549587138
"dat12_24","reg","PM10",97,150,0.898222502294816,0.683705485412396
"dat12_24","reg","PM10",97,151,1.02944392088505,0.876852609634514
"dat12_24","reg","PM10",97,152,0.854652803792728,0.784178738326951
"dat12_24","reg","PM10",97,153,-0.854601858833565,0.792605022535969
"dat12_24","reg","PM10",97,154,-1.1738602383845,0.791228181409081
"dat12_24","reg","PM10",97,155,-0.833947635942462,0.594224760423083
"dat12_24","reg","PM10",97,156,0.432658818384335,0.477890214858565
"dat12_24","dr","NO2",61,1,-2.11807248094738,24.2419752749471
"dat12_24","dr","NO2",61,2,-2.03175317387733,13.8457153425872
"dat12_24","dr","NO2",61,3,-1.85037446302897,43.236888883866
"dat12_24","dr","NO2",61,4,-0.715294068290504,57.8116786149183
"dat12_24","dr","NO2",61,5,-3.18864118728958,72.4550771910951
"dat12_24","dr","NO2",61,6,-0.137656212857445,49.248693317871
"dat12_24","dr","NO2",61,7,-1.43541062284904,43.1196364489946
"dat12_24","dr","NO2",61,8,-0.0613760627291424,30.1374820863049
"dat12_24","dr","NO2",61,9,-1.64899626127052,73.2570575546714
"dat12_24","dr","NO2",61,10,-2.1014471360702,57.4193546609145
"dat12_24","dr","NO2",61,11,-3.0584243080239,66.2328770316696
"dat12_24","dr","NO2",61,12,-2.50867823095425,16.4280942262936
"dat12_24","dr","NO2",61,13,-2.24854293407002,47.7481032040564
"dat12_24","dr","NO2",61,14,-1.94776573927662,67.1522122515336
"dat12_24","dr","NO2",61,15,-1.46032473460874,60.1303717923249
"dat12_24","dr","NO2",61,16,-0.0339002063609849,44.8508014949475
"dat12_24","dr","NO2",61,17,-1.11255289604905,58.643054393871
"dat12_24","dr","NO2",61,18,-0.0891170070168972,43.1801858254972
"dat12_24","dr","NO2",61,19,0.567959117201718,8.99139711057114
"dat12_24","dr","NO2",61,20,0.187897391187455,19.6347675433596
"dat12_24","dr","NO2",61,21,0.126944111946337,30.8995961594638
"dat12_24","dr","NO2",61,22,-2.78122310504351,100.188744028432
"dat12_24","dr","NO2",61,23,0.548766594856233,24.7972197291608
"dat12_24","dr","NO2",61,24,0.877452919290578,60.5633591274391
"dat12_24","dr","NO2",61,25,-0.774662430568896,29.9482699856359
"dat12_24","dr","NO2",61,26,-2.7024821789467,32.3770731253499
"dat12_24","dr","NO2",61,27,0.424990621804376,56.3916498254822
"dat12_24","dr","NO2",61,28,-1.08170185863973,59.8579218660294
"dat12_24","dr","NO2",61,29,0.311423419599624,21.2707087402098
"dat12_24","dr","NO2",61,30,-0.175366635674223,51.291972978463
"dat12_24","dr","NO2",61,31,-3.73765554691483,8.6521680947262
"dat12_24","dr","NO2",61,32,0.575132856640848,44.4421945101808
"dat12_24","dr","NO2",61,33,-2.17152550425119,22.9045241122236
"dat12_24","dr","NO2",61,34,-0.810817359948242,20.9704000827805
"dat12_24","dr","NO2",61,35,0.456084908414581,62.7672909000595
"dat12_24","dr","NO2",61,36,-1.02734873860993,26.3673213127772
"dat12_24","dr","NO2",61,37,-1.84968467899407,70.1628318534066
"dat12_24","dr","NO2",61,38,0.759999927607981,58.1491621764053
"dat12_24","dr","NO2",61,39,-0.972500800346356,74.6049026463781
"dat12_24","dr","NO2",61,40,-1.63080628268984,45.5563209187785
"dat12_24","dr","NO2",61,41,-2.10908127715233,45.1574479203002
"dat12_24","dr","NO2",61,42,-1.13016053748916,42.3081232585972
"dat12_24","dr","NO2",61,43,-0.460966219319973,36.4828539909763
"dat12_24","dr","NO2",61,44,0.488265250588419,26.9710629357411
"dat12_24","dr","NO2",61,45,-0.815979737152326,65.5123016549756
"dat12_24","dr","NO2",61,46,0.467195522060159,38.3674248789647
"dat12_24","dr","NO2",61,47,0.435335082752217,15.1964356453336
"dat12_24","dr","NO2",61,48,-2.28208375950591,36.4042302472972
"dat12_24","dr","NO2",61,49,-0.0409111389865777,19.1551947539404
"dat12_24","dr","NO2",61,50,-1.57216869432265,26.5691026480457
"dat12_24","dr","NO2",61,51,-0.707867675368032,24.2175529599112
"dat12_24","dr","NO2",61,52,1.24381921534992,46.6277951439747
"dat12_24","dr","NO2",61,53,-0.610761322358813,25.4241530318064
"dat12_24","dr","NO2",61,54,2.00376043938293,42.0312665050251
"dat12_24","dr","NO2",61,55,3.25642357362765,21.8379508373972
"dat12_24","dr","NO2",61,56,0.0853925311954655,46.9746220572211
"dat12_24","dr","NO2",61,57,-0.456862436261436,23.5386441188382
"dat12_24","dr","NO2",61,58,0.130603061825863,20.1300319628046
"dat12_24","dr","NO2",61,59,1.27554002573727,6.62974649704094
"dat12_24","dr","NO2",61,60,0,NA
"dat12_24","dr","NO2",61,61,-0.652924268669236,4.35942870777053
"dat12_24","dr","NO2",61,62,0.129944156344811,4.87271698580083
"dat12_24","dr","NO2",61,63,0.568596134216926,8.59487883369968
"dat12_24","dr","NO2",61,64,0.298185144363414,27.1341234731761
"dat12_24","dr","NO2",61,65,0.497468965894234,34.344101908529
"dat12_24","dr","NO2",61,66,0.873966638775304,23.5649265204892
"dat12_24","dr","NO2",61,67,0.935585959163507,32.4991406273242
"dat12_24","dr","NO2",61,68,-1.61408457092857,42.1606896055348
"dat12_24","dr","NO2",61,69,-1.9779073364564,11.8220605994564
"dat12_24","dr","NO2",61,70,-1.19639936736049,13.3786077063495
"dat12_24","dr","NO2",61,71,-0.787679846039242,30.6758068031573
"dat12_24","dr","NO2",61,72,-1.40579579928222,33.0213680723311
"dat12_24","dr","NO2",61,73,-1.64393705080854,48.8087582194911
"dat12_24","dr","NO2",61,74,-0.65617362262287,22.3110926364227
"dat12_24","dr","NO2",61,75,0.703841109724011,3.72118063384412
"dat12_24","dr","NO2",61,76,0.142555532148793,6.35748127571126
"dat12_24","dr","NO2",61,77,0.232816951052691,11.3375257235721
"dat12_24","dr","NO2",61,78,-0.605910982842491,10.5498580717575
"dat12_24","dr","NO2",61,79,1.45028793280823,51.5469353771309
"dat12_24","dr","NO2",61,80,1.07414534546514,42.361464543143
"dat12_24","dr","NO2",61,81,0.0443292744793511,39.5275907934319
"dat12_24","dr","NO2",61,82,0.547635574284271,21.3834942488256
"dat12_24","dr","NO2",61,83,-2.363633473146,45.1689951449755
"dat12_24","dr","NO2",61,84,-3.07216504875421,21.0433419309703
"dat12_24","dr","NO2",61,85,-2.99156844131564,12.0936788230827
"dat12_24","dr","NO2",61,86,0.0348184580961353,19.0521121716059
"dat12_24","dr","NO2",61,87,1.61651966996905,30.5493182485183
"dat12_24","dr","NO2",61,88,3.26102867543152,25.7945759278382
"dat12_24","dr","NO2",61,89,1.79441499204009,28.2207955890364
"dat12_24","dr","NO2",61,90,1.53844804663639,32.1352817860526
"dat12_24","dr","NO2",61,91,0.605354834365509,38.9450436803864
"dat12_24","dr","NO2",61,92,1.45847343281862,25.4781323872175
"dat12_24","dr","NO2",61,93,2.03826015304101,21.5485502841779
"dat12_24","dr","NO2",61,94,0.491351135544729,15.2580722722372
"dat12_24","dr","NO2",61,95,-0.60696170374885,10.5852047080637
"dat12_24","dr","NO2",61,96,-3.86819096111488,10.1003782249187
"dat12_24","dr","NO2",61,97,1.48722344871735,61.2246192066214
"dat12_24","dr","NO2",61,98,2.52176292348916,45.4637355412814
"dat12_24","dr","NO2",61,99,3.63624479879378,37.2098168187789
"dat12_24","dr","NO2",61,100,2.90189856840901,28.2108988484228
"dat12_24","dr","NO2",61,101,3.29873033099848,25.2055142576096
"dat12_24","dr","NO2",61,102,1.74333540640691,34.3399300912729
"dat12_24","dr","NO2",61,103,0.907873441330807,37.6695198314234
"dat12_24","dr","NO2",61,104,0.287558107876428,21.9325284712365
"dat12_24","dr","NO2",61,105,0.345428875881962,39.8237977954086
"dat12_24","dr","NO2",61,106,0.772672694438608,45.7473382021451
"dat12_24","dr","NO2",61,107,0.830077537445655,48.1004153536292
"dat12_24","dr","NO2",61,108,2.72602874756225,30.8075159472857
"dat12_24","dr","NO2",61,109,4.3782675806468,28.2612030129724
"dat12_24","dr","NO2",61,110,3.13007116844467,41.0828676124854
"dat12_24","dr","NO2",61,111,6.48831834818032,33.9720911074757
"dat12_24","dr","NO2",61,112,3.9317371827095,27.3549461573657
"dat12_24","dr","NO2",61,113,2.11814630277811,26.09685647521
"dat12_24","dr","NO2",61,114,3.5574156152475,24.333543429136
"dat12_24","dr","NO2",61,115,3.1498713570573,25.2562863724249
"dat12_24","dr","NO2",61,116,0.707173289870265,29.8845687604067
"dat12_24","dr","NO2",61,117,1.39990285830102,23.5826839251011
"dat12_24","dr","NO2",61,118,1.61559546605769,39.3356307697808
"dat12_24","dr","NO2",61,119,1.98007695490207,51.3920150198357
"dat12_24","dr","NO2",61,120,1.44626723756481,53.2717474716792
"dat12_24","dr","NO2",61,121,0.0488490952325599,50.0256344486308
"dat12_24","dr","NO2",61,122,1.3161952243492,45.2131412682028
"dat12_24","dr","NO2",61,123,1.93476087584641,40.0909661968315
"dat12_24","dr","NO2",61,124,0.92673600493308,29.9133101571942
"dat12_24","dr","NO2",61,125,-0.144868978670275,32.6117258974267
"dat12_24","dr","NO2",61,126,1.22323780663384,28.0350801170183
"dat12_24","dr","NO2",61,127,0.941004320486538,30.9772335459718
"dat12_24","dr","NO2",61,128,0.322652774240429,30.0094579574881
"dat12_24","dr","NO2",61,129,2.8872721034663,31.4225192137114
"dat12_24","dr","NO2",61,130,2.36820422161399,43.0862686251556
"dat12_24","dr","NO2",61,131,-0.527259784730962,68.0453157630509
"dat12_24","dr","NO2",61,132,-0.334585645627191,59.7227126162661
"dat12_24","dr","NO2",61,133,0.892396305047479,60.4114550453082
"dat12_24","dr","NO2",61,134,0.674012236208334,62.576379255194
"dat12_24","dr","NO2",61,135,3.24165179923938,48.8625981020893
"dat12_24","dr","NO2",61,136,3.0955609242298,28.5814262051687
"dat12_24","dr","NO2",61,137,1.80624526832766,26.5785805591702
"dat12_24","dr","NO2",61,138,0.47142356288661,30.5591435315969
"dat12_24","dr","NO2",61,139,0.175987098228708,35.1977672243157
"dat12_24","dr","NO2",61,140,1.83605326306721,30.3452263005494
"dat12_24","dr","NO2",61,141,1.17172194405474,37.7371608062963
"dat12_24","dr","NO2",61,142,0.482506899474071,46.8731734614128
"dat12_24","dr","NO2",61,143,-2.37022636726828,57.3233923596776
"dat12_24","dr","NO2",61,144,0.81567881645578,56.2007142413839
"dat12_24","dr","NO2",61,145,0.495452601810466,50.9476136584334
"dat12_24","dr","NO2",61,146,2.76478084448163,43.794739905088
"dat12_24","dr","NO2",61,147,1.21699164917176,38.6356476858937
"dat12_24","dr","NO2",61,148,1.67599612942801,40.0595425144762
"dat12_24","dr","NO2",61,149,0.128784013532962,33.0890227646279
"dat12_24","dr","NO2",61,150,0.00501713772342716,35.9433840612856
"dat12_24","dr","NO2",61,151,-0.978839562852821,33.8253066102804
"dat12_24","dr","NO2",61,152,0.976654777377926,32.023887124285
"dat12_24","dr","NO2",61,153,0.453274593698873,36.3406153083224
"dat12_24","dr","NO2",61,154,0.799095386603753,49.064814578369
"dat12_24","dr","NO2",61,155,0.281040085578788,52.9330030230086
"dat12_24","dr","NO2",61,156,-1.02867395808543,49.9814593130859
"dat12_24","dr","NO2",79,1,-1.26869225451184,20.1582973531798
"dat12_24","dr","NO2",79,2,-2.06496178333404,1.51426804360491
"dat12_24","dr","NO2",79,3,-3.36502724532735,1.77803365437526
"dat12_24","dr","NO2",79,4,-1.1288543462636,0.641965387282133
"dat12_24","dr","NO2",79,5,-0.00574097846984012,1.40628715488457
"dat12_24","dr","NO2",79,6,-0.699907060456651,3.73364335556274
"dat12_24","dr","NO2",79,7,-1.00574868971189,0.941345773059493
"dat12_24","dr","NO2",79,8,-1.73154528767308,0.708878367548198
"dat12_24","dr","NO2",79,9,0.106165113786765,0.699663201511713
"dat12_24","dr","NO2",79,10,0.1023326349178,3.09533078148137
"dat12_24","dr","NO2",79,11,1.10321155132584,2.2346141965601
"dat12_24","dr","NO2",79,12,-1.40551847709907,4.42518680790234
"dat12_24","dr","NO2",79,13,0.239826996872135,1.78397373527504
"dat12_24","dr","NO2",79,14,-0.937437544383239,1.11980518420185
"dat12_24","dr","NO2",79,15,-2.23937692419269,0.814430045405309
"dat12_24","dr","NO2",79,16,1.10606761036861,2.33629583082758
"dat12_24","dr","NO2",79,17,1.34538518042511,0.762110002233624
"dat12_24","dr","NO2",79,18,3.21450698182769,0.621721217710218
"dat12_24","dr","NO2",79,19,-1.34902799736512,1.99158770729395
"dat12_24","dr","NO2",79,20,-2.78597165595568,0.57945800815317
"dat12_24","dr","NO2",79,21,0.6808307629139,0.560289812066664
"dat12_24","dr","NO2",79,22,0.463039275819474,0.46655271521857
"dat12_24","dr","NO2",79,23,0.534642012170271,0.826172215700599
"dat12_24","dr","NO2",79,24,1.67429123541007,0.678522920335234
"dat12_24","dr","NO2",79,25,1.7214267530461,0.620320196999878
"dat12_24","dr","NO2",79,26,1.89230399662251,0.932687774733188
"dat12_24","dr","NO2",79,27,0.858452589531119,2.60068767928189
"dat12_24","dr","NO2",79,28,1.43598746942603,0.773282111133017
"dat12_24","dr","NO2",79,29,-0.263369316320901,0.743190594198025
"dat12_24","dr","NO2",79,30,0.484673022895308,0.412812832355508
"dat12_24","dr","NO2",79,31,0.381958769704303,0.489898318944892
"dat12_24","dr","NO2",79,32,-0.127615392596362,0.623747854466581
"dat12_24","dr","NO2",79,33,2.12578651625885,0.776001757001699
"dat12_24","dr","NO2",79,34,-0.363376548125041,0.803100302599666
"dat12_24","dr","NO2",79,35,0.43790689140241,2.0741508284632
"dat12_24","dr","NO2",79,36,-1.77496507762211,0.780340726521701
"dat12_24","dr","NO2",79,37,-3.25002879485599,7.627132427118
"dat12_24","dr","NO2",79,38,-1.98489585657118,0.733882011086287
"dat12_24","dr","NO2",79,39,-0.086601541181345,1.09723427636566
"dat12_24","dr","NO2",79,40,-1.01445401924631,0.63015444702697
"dat12_24","dr","NO2",79,41,-1.56230779215603,0.572914296870519
"dat12_24","dr","NO2",79,42,-0.387619289435591,0.925275309814666
"dat12_24","dr","NO2",79,43,-1.16872904268358,0.493118145666788
"dat12_24","dr","NO2",79,44,-1.96572910606168,0.821282065678458
"dat12_24","dr","NO2",79,45,-2.04109475430274,0.84019810117597
"dat12_24","dr","NO2",79,46,2.43579284051687,2.27247569209444
"dat12_24","dr","NO2",79,47,-1.56666116796695,0.771071079755393
"dat12_24","dr","NO2",79,48,-0.801546750719533,1.98384986973493
"dat12_24","dr","NO2",79,49,-2.70355384818319,1.1858508571798
"dat12_24","dr","NO2",79,50,-0.0848879265264797,0.463733073595698
"dat12_24","dr","NO2",79,51,-0.969611346201527,1.16312267034072
"dat12_24","dr","NO2",79,52,1.85901063173395,2.25036642907366
"dat12_24","dr","NO2",79,53,-0.658133737136334,0.68870764991777
"dat12_24","dr","NO2",79,54,-0.782907971711224,1.80240576933298
"dat12_24","dr","NO2",79,55,0.1327404156587,0.408839642239036
"dat12_24","dr","NO2",79,56,-2.98446021678755,5.2459731037655
"dat12_24","dr","NO2",79,57,-0.588208811337476,0.894141069637073
"dat12_24","dr","NO2",79,58,1.14188857063391,2.14050023048084
"dat12_24","dr","NO2",79,59,-0.613682004615952,3.1935318068364
"dat12_24","dr","NO2",79,60,-0.983118384055004,1.68686856183684
"dat12_24","dr","NO2",79,61,-0.638560263539845,0.533090198285032
"dat12_24","dr","NO2",79,62,-0.129026284346193,0.499615044785374
"dat12_24","dr","NO2",79,63,-0.479423529853493,1.41626328217312
"dat12_24","dr","NO2",79,64,0.0593767420764779,1.30876344947571
"dat12_24","dr","NO2",79,65,-0.662059790191914,1.29026270974525
"dat12_24","dr","NO2",79,66,0.00226426095103642,0.817037228674778
"dat12_24","dr","NO2",79,67,1.16338148186449,0.428515616503517
"dat12_24","dr","NO2",79,68,1.22933930778355,2.46587918353426
"dat12_24","dr","NO2",79,69,0.806222617991607,1.13590871393833
"dat12_24","dr","NO2",79,70,1.44554958581684,1.67249505064282
"dat12_24","dr","NO2",79,71,-0.641194253691387,1.07459117906669
"dat12_24","dr","NO2",79,72,-5.30367231716517,9.24067700510117
"dat12_24","dr","NO2",79,73,-0.955510097848696,0.516319345971135
"dat12_24","dr","NO2",79,74,-1.01956221443542,1.00828653873416
"dat12_24","dr","NO2",79,75,0.754738803867294,0.276561806002897
"dat12_24","dr","NO2",79,76,0.853778680364724,0.238315209181741
"dat12_24","dr","NO2",79,77,0.66385492978696,0.546324649532476
"dat12_24","dr","NO2",79,78,0,NA
"dat12_24","dr","NO2",79,79,-0.968928152698909,0.522706951434462
"dat12_24","dr","NO2",79,80,-0.773661476403758,0.617081326844296
"dat12_24","dr","NO2",79,81,-0.192744529161978,0.850347399982655
"dat12_24","dr","NO2",79,82,0.641757280511948,0.740640202709833
"dat12_24","dr","NO2",79,83,1.09698362428448,0.777343781425337
"dat12_24","dr","NO2",79,84,0.506677020936529,0.75789793820372
"dat12_24","dr","NO2",79,85,1.31232799440162,1.30674098697818
"dat12_24","dr","NO2",79,86,1.16631744547689,0.826768564449184
"dat12_24","dr","NO2",79,87,0.918839489502233,0.954175059001171
"dat12_24","dr","NO2",79,88,0.870701182940479,0.887801160409517
"dat12_24","dr","NO2",79,89,-0.703853644136904,0.867885687673404
"dat12_24","dr","NO2",79,90,-0.919980519517672,0.972881681635688
"dat12_24","dr","NO2",79,91,-1.50501248619942,1.32438718650853
"dat12_24","dr","NO2",79,92,-1.22072518839787,1.08039411805648
"dat12_24","dr","NO2",79,93,0.7296077180412,0.985056946518388
"dat12_24","dr","NO2",79,94,0.671228832943892,1.32324205336019
"dat12_24","dr","NO2",79,95,0.712272109703691,1.49996537097042
"dat12_24","dr","NO2",79,96,-0.216935877101874,1.36722348103853
"dat12_24","dr","NO2",79,97,2.80553735534583,0.645100515158475
"dat12_24","dr","NO2",79,98,1.69516876705737,0.651868994608634
"dat12_24","dr","NO2",79,99,1.32416474028358,0.58778011188283
"dat12_24","dr","NO2",79,100,-2.49846191651307,1.58412350847004
"dat12_24","dr","NO2",79,101,-1.55233274143774,1.32018636200062
"dat12_24","dr","NO2",79,102,-2.4529947741153,1.17284510023349
"dat12_24","dr","NO2",79,103,-3.95550164148491,1.62694310095915
"dat12_24","dr","NO2",79,104,-5.30360914295272,1.67637143873941
"dat12_24","dr","NO2",79,105,-3.37477421433867,1.72743516223619
"dat12_24","dr","NO2",79,106,-0.277283756060923,1.12925634269883
"dat12_24","dr","NO2",79,107,0.501132679573037,0.955028233808381
"dat12_24","dr","NO2",79,108,0.423956643247875,0.799027769130356
"dat12_24","dr","NO2",79,109,-0.0812388982571277,1.33268763895318
"dat12_24","dr","NO2",79,110,-0.134482727749294,1.36836125237311
"dat12_24","dr","NO2",79,111,2.77952234347318,0.95152522052532
"dat12_24","dr","NO2",79,112,-0.872458011380844,1.25381315111234
"dat12_24","dr","NO2",79,113,-2.05738683953527,1.021178628964
"dat12_24","dr","NO2",79,114,-1.92410674500166,1.37235858955724
"dat12_24","dr","NO2",79,115,-2.88979779563541,1.54037349787814
"dat12_24","dr","NO2",79,116,-3.79691806998156,1.61043357499087
"dat12_24","dr","NO2",79,117,-3.84949200513745,1.94695501440395
"dat12_24","dr","NO2",79,118,-0.971597851938027,1.22684802706969
"dat12_24","dr","NO2",79,119,0.308190845638909,1.2616905755026
"dat12_24","dr","NO2",79,120,0.331698706823152,1.09718360479198
"dat12_24","dr","NO2",79,121,-0.225430348202492,0.705618624062245
"dat12_24","dr","NO2",79,122,-0.528715587912607,0.830022258808896
"dat12_24","dr","NO2",79,123,-0.0659521905747702,0.938259525442509
"dat12_24","dr","NO2",79,124,-2.34546498406187,0.79671140512981
"dat12_24","dr","NO2",79,125,-4.88896747991217,1.246448464124
"dat12_24","dr","NO2",79,126,-4.51449325479564,1.23282966851513
"dat12_24","dr","NO2",79,127,-4.40054866309852,1.13545368081257
"dat12_24","dr","NO2",79,128,-5.26293944840948,1.49725647095394
"dat12_24","dr","NO2",79,129,-2.39017186952998,1.61724398034923
"dat12_24","dr","NO2",79,130,-0.932307916022018,1.55804008791992
"dat12_24","dr","NO2",79,131,-0.283475380628097,1.3576538455516
"dat12_24","dr","NO2",79,132,0.140725212766907,0.777005076557675
"dat12_24","dr","NO2",79,133,0.952133619204399,0.801066555414255
"dat12_24","dr","NO2",79,134,-0.150375197898361,1.18405113303878
"dat12_24","dr","NO2",79,135,0.658968903257913,0.863506174846161
"dat12_24","dr","NO2",79,136,-2.22549126556762,1.25253239070488
"dat12_24","dr","NO2",79,137,-2.7639828545541,1.26665561533696
"dat12_24","dr","NO2",79,138,-4.56607171430632,1.20136638809287
"dat12_24","dr","NO2",79,139,-5.93908607486275,1.49967948837544
"dat12_24","dr","NO2",79,140,-4.5591008286728,1.46091004126444
"dat12_24","dr","NO2",79,141,-3.66861553912112,1.62711221255579
"dat12_24","dr","NO2",79,142,-1.70107920957638,1.16678255201902
"dat12_24","dr","NO2",79,143,-2.79513902576496,1.06896309018167
"dat12_24","dr","NO2",79,144,-0.35145132236251,0.904993097509562
"dat12_24","dr","NO2",79,145,-1.29625910238558,0.927654224410145
"dat12_24","dr","NO2",79,146,-1.36445718042737,1.44009257438976
"dat12_24","dr","NO2",79,147,-3.2962325565015,1.67201375931576
"dat12_24","dr","NO2",79,148,-2.40892956273225,1.24425523279338
"dat12_24","dr","NO2",79,149,-4.50136745921747,1.07326167890977
"dat12_24","dr","NO2",79,150,-4.71515520696394,0.945258431604429
"dat12_24","dr","NO2",79,151,-6.06224633669517,0.928249160968675
"dat12_24","dr","NO2",79,152,-4.50153345334875,1.47029543962455
"dat12_24","dr","NO2",79,153,-3.95433115546371,1.46595633336456
"dat12_24","dr","NO2",79,154,-1.51937301675995,1.53043075966071
"dat12_24","dr","NO2",79,155,-0.172674379324971,0.970191879382977
"dat12_24","dr","NO2",79,156,-0.923098888379674,0.729753632383325
"dat12_24","dr","NO2",97,1,1.60054598771254,0.630026968637322
"dat12_24","dr","NO2",97,2,0.061330559291073,19.9222614125343
"dat12_24","dr","NO2",97,3,-0.216107248078416,0.78412440366734
"dat12_24","dr","NO2",97,4,-0.98074810872062,0.939924762917896
"dat12_24","dr","NO2",97,5,1.80913365570506,5.58592546619036
"dat12_24","dr","NO2",97,6,-0.25397524533438,4.48019977523983
"dat12_24","dr","NO2",97,7,-3.70825423834511,17.7127151346661
"dat12_24","dr","NO2",97,8,-0.842396661402812,0.753851372831625
"dat12_24","dr","NO2",97,9,1.14859829143697,0.72089091487953
"dat12_24","dr","NO2",97,10,-0.377929022527778,0.863469944927003
"dat12_24","dr","NO2",97,11,-0.409065585602282,0.809512460913912
"dat12_24","dr","NO2",97,12,-0.0181814799484969,21.600646374321
"dat12_24","dr","NO2",97,13,0.65544171470746,0.847240884655202
"dat12_24","dr","NO2",97,14,-1.29618185949329,0.692382465982067
"dat12_24","dr","NO2",97,15,-0.0581565854174738,0.799652878867067
"dat12_24","dr","NO2",97,16,-0.394480993433924,0.718132052862513
"dat12_24","dr","NO2",97,17,-1.16422588230085,0.665334723407001
"dat12_24","dr","NO2",97,18,1.68206372288077,2.48413814193655
"dat12_24","dr","NO2",97,19,-2.70967552069911,0.849198235915735
"dat12_24","dr","NO2",97,20,-1.10650703478121,0.8362496107023
"dat12_24","dr","NO2",97,21,0.117383675001961,1.37325990810203
"dat12_24","dr","NO2",97,22,0.608107510326304,1.07605569586953
"dat12_24","dr","NO2",97,23,-0.00968603889650466,0.705914800816818
"dat12_24","dr","NO2",97,24,1.60196851283527,0.857407707042396
"dat12_24","dr","NO2",97,25,-0.157382861491706,0.939451726332241
"dat12_24","dr","NO2",97,26,-0.10251344357029,11.5526289610424
"dat12_24","dr","NO2",97,27,-0.639991094162668,25.5580730851316
"dat12_24","dr","NO2",97,28,-0.477299322172919,1.50866487459772
"dat12_24","dr","NO2",97,29,-0.2361414493588,0.727176699295654
"dat12_24","dr","NO2",97,30,-0.643920712601311,0.583343758500228
"dat12_24","dr","NO2",97,31,-0.163841137879311,0.682890609207985
"dat12_24","dr","NO2",97,32,-0.309963946050314,0.83212560261731
"dat12_24","dr","NO2",97,33,2.21763566386869,0.91799998839107
"dat12_24","dr","NO2",97,34,-0.616888360698739,6.92067567614097
"dat12_24","dr","NO2",97,35,1.50705281009051,0.845817032344098
"dat12_24","dr","NO2",97,36,-0.78057858531067,1.10498513368207
"dat12_24","dr","NO2",97,37,0.878921188668554,1.06741746929266
"dat12_24","dr","NO2",97,38,-0.153707677780867,0.590413621889465
"dat12_24","dr","NO2",97,39,0.625892648129387,1.37175889800629
"dat12_24","dr","NO2",97,40,1.99850024670329,0.756024444826896
"dat12_24","dr","NO2",97,41,-0.182446686634532,0.713497274491899
"dat12_24","dr","NO2",97,42,-0.37921691839045,0.648676308350289
"dat12_24","dr","NO2",97,43,-0.778596307829441,1.06892299644011
"dat12_24","dr","NO2",97,44,0.266696298577975,0.710417965307638
"dat12_24","dr","NO2",97,45,1.81039906614168,0.940991421575012
"dat12_24","dr","NO2",97,46,1.8819823359682,0.89888537443247
"dat12_24","dr","NO2",97,47,0.31588094839654,0.516969833151308
"dat12_24","dr","NO2",97,48,0.278194964180877,0.982437717243746
"dat12_24","dr","NO2",97,49,1.12160723675,1.3383860186937
"dat12_24","dr","NO2",97,50,-0.942922641179528,0.769281198057828
"dat12_24","dr","NO2",97,51,0.950388578916136,0.862473234571189
"dat12_24","dr","NO2",97,52,-0.717699494516054,1.46990308253177
"dat12_24","dr","NO2",97,53,-0.150807054601674,2.02326930621817
"dat12_24","dr","NO2",97,54,0.348951977361006,1.21567165552784
"dat12_24","dr","NO2",97,55,-1.00866494019741,0.928068436784483
"dat12_24","dr","NO2",97,56,0.34807889509687,2.17533877314248
"dat12_24","dr","NO2",97,57,1.87386984832136,3.04088777909554
"dat12_24","dr","NO2",97,58,1.42140450514626,2.25579364082521
"dat12_24","dr","NO2",97,59,0.337882462026342,0.727370836206335
"dat12_24","dr","NO2",97,60,0.57451361228479,0.921575116274793
"dat12_24","dr","NO2",97,61,1.23208950585169,1.02474350332616
"dat12_24","dr","NO2",97,62,0.118691641102272,1.36770728193131
"dat12_24","dr","NO2",97,63,2.67940889722152,0.847321347172575
"dat12_24","dr","NO2",97,64,0.000257075845596921,1.02040218228752
"dat12_24","dr","NO2",97,65,0.564342612887184,3.47160985694849
"dat12_24","dr","NO2",97,66,0.66743149259616,3.33300514199967
"dat12_24","dr","NO2",97,67,-0.681755309868594,0.513154206658791
"dat12_24","dr","NO2",97,68,-0.589952085982107,1.50854937245684
"dat12_24","dr","NO2",97,69,0.8691475368582,0.940270053548806
"dat12_24","dr","NO2",97,70,1.49176153913245,0.57017293245018
"dat12_24","dr","NO2",97,71,0.674922021852553,0.657504644863962
"dat12_24","dr","NO2",97,72,1.07296447509956,0.465490000245222
"dat12_24","dr","NO2",97,73,0.585887833337753,0.908432139174764
"dat12_24","dr","NO2",97,74,0.703009379634259,0.599694576106059
"dat12_24","dr","NO2",97,75,0.138657108628436,0.934885518478182
"dat12_24","dr","NO2",97,76,-0.597685449024339,0.516473139050005
"dat12_24","dr","NO2",97,77,-0.831366461147167,1.35188523013559
"dat12_24","dr","NO2",97,78,-0.982383570509781,1.00572732358716
"dat12_24","dr","NO2",97,79,-2.04016779852224,2.09901934950644
"dat12_24","dr","NO2",97,80,-1.48765277378209,3.34048348070019
"dat12_24","dr","NO2",97,81,-2.400962843847,2.06006026124493
"dat12_24","dr","NO2",97,82,0.109952524093678,2.6657474123044
"dat12_24","dr","NO2",97,83,0.702425513904603,0.690736962651486
"dat12_24","dr","NO2",97,84,0.327223491620528,0.64943675551439
"dat12_24","dr","NO2",97,85,0.32917961144433,0.790754244593483
"dat12_24","dr","NO2",97,86,0.384499631152414,0.561950812001815
"dat12_24","dr","NO2",97,87,-0.388989205700979,0.425865580125708
"dat12_24","dr","NO2",97,88,-0.590939586517769,0.422466868385631
"dat12_24","dr","NO2",97,89,-1.69111333623681,0.465054903163392
"dat12_24","dr","NO2",97,90,-2.48095328053056,1.12601754300764
"dat12_24","dr","NO2",97,91,-2.38011497426881,0.461356298473029
"dat12_24","dr","NO2",97,92,-1.22135665010902,0.544308900046685
"dat12_24","dr","NO2",97,93,-0.804629765590618,0.381920247217023
"dat12_24","dr","NO2",97,94,-1.30671130652794,0.584189162625102
"dat12_24","dr","NO2",97,95,-0.166737569105676,0.296309139557369
"dat12_24","dr","NO2",97,96,0,NA
"dat12_24","dr","NO2",97,97,0.522051335243082,0.280206434932356
"dat12_24","dr","NO2",97,98,-0.20292569743037,0.329495752906955
"dat12_24","dr","NO2",97,99,-0.659491444738862,0.465128435603864
"dat12_24","dr","NO2",97,100,-1.84151578174223,0.601687911713794
"dat12_24","dr","NO2",97,101,-1.81624625867135,0.591001731119925
"dat12_24","dr","NO2",97,102,-1.96067190507373,0.536864786219603
"dat12_24","dr","NO2",97,103,-2.63305255047853,0.655042480096764
"dat12_24","dr","NO2",97,104,-3.05752748646571,0.808296515502986
"dat12_24","dr","NO2",97,105,-2.49443811622224,0.674012517116425
"dat12_24","dr","NO2",97,106,-0.724909021062395,0.374642140241494
"dat12_24","dr","NO2",97,107,-0.139325661656223,0.328807331014209
"dat12_24","dr","NO2",97,108,-0.662947763346525,0.331863624979971
"dat12_24","dr","NO2",97,109,-1.03610726633858,0.499561290564749
"dat12_24","dr","NO2",97,110,-0.89071516010257,0.53552969283897
"dat12_24","dr","NO2",97,111,-0.242170194914049,0.591384463068947
"dat12_24","dr","NO2",97,112,-1.65343582380927,0.505949301438033
"dat12_24","dr","NO2",97,113,-2.0275567016325,0.650240784924387
"dat12_24","dr","NO2",97,114,-1.81949532227929,0.684550170650232
"dat12_24","dr","NO2",97,115,-2.39934456616038,0.749316935474418
"dat12_24","dr","NO2",97,116,-2.71820850281203,0.705456554393127
"dat12_24","dr","NO2",97,117,-2.74409721057812,0.711945192705573
"dat12_24","dr","NO2",97,118,-1.44547481644507,0.586112422863925
"dat12_24","dr","NO2",97,119,-0.269230679011232,0.469703277563331
"dat12_24","dr","NO2",97,120,-0.541989874797676,0.456190424573679
"dat12_24","dr","NO2",97,121,-0.423344076137365,0.502842065503261
"dat12_24","dr","NO2",97,122,-1.14751088637624,0.561294847764238
"dat12_24","dr","NO2",97,123,-0.690113497606269,0.45689837626572
"dat12_24","dr","NO2",97,124,-1.87240783739188,0.608033341565255
"dat12_24","dr","NO2",97,125,-2.73879498011983,0.742996868849824
"dat12_24","dr","NO2",97,126,-2.9495486331064,0.836018618942505
"dat12_24","dr","NO2",97,127,-2.86981739982998,0.780481116185463
"dat12_24","dr","NO2",97,128,-2.9114358087659,0.83258940580078
"dat12_24","dr","NO2",97,129,-2.13285474358516,0.758634932772855
"dat12_24","dr","NO2",97,130,-1.12765249366159,0.568981943083818
"dat12_24","dr","NO2",97,131,-0.949745075334615,0.429659352362995
"dat12_24","dr","NO2",97,132,-0.865052687801014,0.445201142898234
"dat12_24","dr","NO2",97,133,-0.74276820861097,0.403399739327569
"dat12_24","dr","NO2",97,134,-0.282150729695748,0.365888120884587
"dat12_24","dr","NO2",97,135,-0.61438646389578,0.471460852130627
"dat12_24","dr","NO2",97,136,-2.39589876640839,0.756446469455822
"dat12_24","dr","NO2",97,137,-2.35399622141627,0.736021823332339
"dat12_24","dr","NO2",97,138,-2.89191793153637,0.807195222128352
"dat12_24","dr","NO2",97,139,-3.15461070500586,0.860727973816989
"dat12_24","dr","NO2",97,140,-2.98183329426366,0.803256380739588
"dat12_24","dr","NO2",97,141,-2.61234958636609,0.732214349906228
"dat12_24","dr","NO2",97,142,-1.58020851093593,0.579508853537567
"dat12_24","dr","NO2",97,143,-2.16251663884922,0.570430049172587
"dat12_24","dr","NO2",97,144,-1.7626359567457,0.48003566539017
"dat12_24","dr","NO2",97,145,-1.51799415703134,0.473087339852445
"dat12_24","dr","NO2",97,146,-1.88518251178344,0.662609610196816
"dat12_24","dr","NO2",97,147,-2.31780710051705,0.765981316666159
"dat12_24","dr","NO2",97,148,-2.1230728634493,0.64222462652193
"dat12_24","dr","NO2",97,149,-2.91874986744981,0.793309920723953
"dat12_24","dr","NO2",97,150,-2.9113893333776,0.789351161540887
"dat12_24","dr","NO2",97,151,-3.64991892326425,0.960760545021936
"dat12_24","dr","NO2",97,152,-2.90116032551942,0.834006764055885
"dat12_24","dr","NO2",97,153,-2.93480796047809,0.864919026265358
"dat12_24","dr","NO2",97,154,-1.9408779687456,0.69841811619919
"dat12_24","dr","NO2",97,155,-1.07388387920931,0.539824132983559
"dat12_24","dr","NO2",97,156,-1.08204256876509,0.52638234897449
"dat12_24","dr","CO",61,1,-59.6169159926243,779.516660451641
"dat12_24","dr","CO",61,2,-33.0317433289794,254.733553146683
"dat12_24","dr","CO",61,3,7.78225680400867,479.148057442968
"dat12_24","dr","CO",61,4,7.83012837128726,946.949085720582
"dat12_24","dr","CO",61,5,-58.35094884767,1570.16239933618
"dat12_24","dr","CO",61,6,-83.2472418741616,914.12706476559
"dat12_24","dr","CO",61,7,-49.6848906445252,825.982011282259
"dat12_24","dr","CO",61,8,-69.8268355035336,823.13459965417
"dat12_24","dr","CO",61,9,-166.575077762007,2357.17602004246
"dat12_24","dr","CO",61,10,-133.011531020617,1529.94739429965
"dat12_24","dr","CO",61,11,-92.4490891269635,1275.34577581382
"dat12_24","dr","CO",61,12,-121.42393962423,758.01708266919
"dat12_24","dr","CO",61,13,-144.740868488679,1701.21769281484
"dat12_24","dr","CO",61,14,-139.900852562431,3244.66578297251
"dat12_24","dr","CO",61,15,-133.540636232306,2359.75734549491
"dat12_24","dr","CO",61,16,-31.2381320376569,578.607248378429
"dat12_24","dr","CO",61,17,-84.9063752430507,1382.49156949966
"dat12_24","dr","CO",61,18,-112.194770508713,1297.69598072312
"dat12_24","dr","CO",61,19,-100.421539166312,969.997308446319
"dat12_24","dr","CO",61,20,-125.565674730929,845.681174079339
"dat12_24","dr","CO",61,21,-100.081550790783,850.229350873268
"dat12_24","dr","CO",61,22,-79.2713422810328,118.189789687264
"dat12_24","dr","CO",61,23,-96.1352442677068,2507.89716568876
"dat12_24","dr","CO",61,24,-32.3098830490418,578.039518950869
"dat12_24","dr","CO",61,25,-75.6645864197297,266.879123298489
"dat12_24","dr","CO",61,26,-31.4763964324482,723.168233424696
"dat12_24","dr","CO",61,27,-39.8139523638178,191.311084639563
"dat12_24","dr","CO",61,28,-12.7054332823478,678.106155920475
"dat12_24","dr","CO",61,29,38.9892923703626,1846.57933458684
"dat12_24","dr","CO",61,30,-53.1859703407466,1214.23202175647
"dat12_24","dr","CO",61,31,-127.233278605474,1025.53574345776
"dat12_24","dr","CO",61,32,-34.4882121016134,699.384650583197
"dat12_24","dr","CO",61,33,-30.7420347794474,1486.21556246381
"dat12_24","dr","CO",61,34,-11.1714516589587,977.645637623066
"dat12_24","dr","CO",61,35,-15.1512185518838,1621.11647399908
"dat12_24","dr","CO",61,36,-7.04743373602258,203.8762384668
"dat12_24","dr","CO",61,37,-22.7845526696416,591.517588596337
"dat12_24","dr","CO",61,38,-1.47817527467491,1501.26890026084
"dat12_24","dr","CO",61,39,-13.4030005156763,714.105436062918
"dat12_24","dr","CO",61,40,13.8793378005809,506.048162962975
"dat12_24","dr","CO",61,41,-30.4425774253977,378.456901968304
"dat12_24","dr","CO",61,42,-27.0805115062657,354.491979249141
"dat12_24","dr","CO",61,43,9.92941400721297,566.563155441218
"dat12_24","dr","CO",61,44,22.1166463534733,402.764057951334
"dat12_24","dr","CO",61,45,11.5762721256366,95.9323950881058
"dat12_24","dr","CO",61,46,1.2823026261435,540.416735045429
"dat12_24","dr","CO",61,47,-7.74336232470688,512.474905770115
"dat12_24","dr","CO",61,48,-11.0343382255269,697.593815442223
"dat12_24","dr","CO",61,49,-22.5512022047206,455.092138546522
"dat12_24","dr","CO",61,50,-18.3144372089504,384.447006484834
"dat12_24","dr","CO",61,51,10.673025921326,82.6824152860527
"dat12_24","dr","CO",61,52,10.1312944562432,598.021163565343
"dat12_24","dr","CO",61,53,9.31552473225405,746.719411627647
"dat12_24","dr","CO",61,54,-15.487964560919,415.787791267766
"dat12_24","dr","CO",61,55,12.2522804205841,144.263121579261
"dat12_24","dr","CO",61,56,-11.1609337969637,549.343505764333
"dat12_24","dr","CO",61,57,-6.73512059635886,256.669007366285
"dat12_24","dr","CO",61,58,-23.0448690091194,244.927200754982
"dat12_24","dr","CO",61,59,-11.7387008974786,99.7771767307009
"dat12_24","dr","CO",61,60,0,NA
"dat12_24","dr","CO",61,61,-7.74723542954177,112.639629219019
"dat12_24","dr","CO",61,62,-5.0464062955731,417.525850101735
"dat12_24","dr","CO",61,63,-6.7069344656562,528.784405495833
"dat12_24","dr","CO",61,64,19.3149187207997,561.370101019323
"dat12_24","dr","CO",61,65,14.7128077061247,206.121110063722
"dat12_24","dr","CO",61,66,23.8880556378676,303.796441914256
"dat12_24","dr","CO",61,67,39.560286656558,316.546987041656
"dat12_24","dr","CO",61,68,19.9240687971009,253.467839862338
"dat12_24","dr","CO",61,69,2.43469037208456,337.313232166477
"dat12_24","dr","CO",61,70,10.098055847154,355.87920357058
"dat12_24","dr","CO",61,71,14.5231292988653,474.400173488332
"dat12_24","dr","CO",61,72,14.3426933855365,374.773920475092
"dat12_24","dr","CO",61,73,11.2711403824664,607.796384084344
"dat12_24","dr","CO",61,74,-9.76501166221329,164.196941380385
"dat12_24","dr","CO",61,75,24.1758040024719,406.282272416989
"dat12_24","dr","CO",61,76,13.7321196495251,503.083720082372
"dat12_24","dr","CO",61,77,7.91618274914275,552.708315822894
"dat12_24","dr","CO",61,78,24.5007199754398,561.824960375771
"dat12_24","dr","CO",61,79,143.194928005728,1324.81008114645
"dat12_24","dr","CO",61,80,115.195818828771,1288.05560111676
"dat12_24","dr","CO",61,81,103.816144526477,1415.37026257833
"dat12_24","dr","CO",61,82,126.887029299654,1046.15125983533
"dat12_24","dr","CO",61,83,73.1559774790185,524.040100381483
"dat12_24","dr","CO",61,84,26.5896661605861,307.21085162068
"dat12_24","dr","CO",61,85,70.9878340738777,556.698359868395
"dat12_24","dr","CO",61,86,72.6096312056893,495.359931584882
"dat12_24","dr","CO",61,87,100.144291192281,753.153144523539
"dat12_24","dr","CO",61,88,88.9174254970883,1005.44971943275
"dat12_24","dr","CO",61,89,84.741163236924,1039.1076584201
"dat12_24","dr","CO",61,90,73.0963513601182,973.402840618819
"dat12_24","dr","CO",61,91,103.693565047659,1083.31652988884
"dat12_24","dr","CO",61,92,101.816042251931,971.517947720592
"dat12_24","dr","CO",61,93,99.2995636797296,1083.40448535276
"dat12_24","dr","CO",61,94,86.4898699828749,924.959563019862
"dat12_24","dr","CO",61,95,53.929153065389,522.926205144557
"dat12_24","dr","CO",61,96,-8.56159521373749,649.302409474703
"dat12_24","dr","CO",61,97,7.75195822697795,850.875924472805
"dat12_24","dr","CO",61,98,-15.8380822885946,628.578580963429
"dat12_24","dr","CO",61,99,60.9475698448166,840.913925470614
"dat12_24","dr","CO",61,100,58.5437672633659,957.624650050334
"dat12_24","dr","CO",61,101,62.8186226733298,1045.7249457535
"dat12_24","dr","CO",61,102,49.169616529478,807.656198633551
"dat12_24","dr","CO",61,103,6.94471483509017,1033.78276138403
"dat12_24","dr","CO",61,104,-15.3515585893637,1055.1907438764
"dat12_24","dr","CO",61,105,34.5371326598186,980.637534819527
"dat12_24","dr","CO",61,106,88.4699680591319,1107.13233693911
"dat12_24","dr","CO",61,107,75.2421493997262,654.98252896283
"dat12_24","dr","CO",61,108,53.2196976620636,664.589366926064
"dat12_24","dr","CO",61,109,52.9015254202057,723.155087321333
"dat12_24","dr","CO",61,110,41.1705157101525,622.003461166335
"dat12_24","dr","CO",61,111,104.588771143896,918.287472301925
"dat12_24","dr","CO",61,112,118.213993603993,785.626389691697
"dat12_24","dr","CO",61,113,93.9928957337904,897.256227911335
"dat12_24","dr","CO",61,114,96.4352004650428,1009.30194003458
"dat12_24","dr","CO",61,115,100.968461158021,1165.77047018061
"dat12_24","dr","CO",61,116,100.098744721571,955.109853824456
"dat12_24","dr","CO",61,117,94.9569948015445,1074.60163234356
"dat12_24","dr","CO",61,118,95.0687965816945,884.968351888188
"dat12_24","dr","CO",61,119,101.757631257924,483.284545490977
"dat12_24","dr","CO",61,120,91.565139050212,406.984834482396
"dat12_24","dr","CO",61,121,59.5687678366811,384.738617904004
"dat12_24","dr","CO",61,122,84.6879164881297,637.582194539656
"dat12_24","dr","CO",61,123,81.494062955158,766.818108186118
"dat12_24","dr","CO",61,124,117.485147310026,1066.23531940764
"dat12_24","dr","CO",61,125,95.0822841920537,937.769038782978
"dat12_24","dr","CO",61,126,105.846895631497,915.49558521359
"dat12_24","dr","CO",61,127,70.5778325115824,810.560063684798
"dat12_24","dr","CO",61,128,69.3520028472917,871.951817104378
"dat12_24","dr","CO",61,129,132.604476918015,968.174481616857
"dat12_24","dr","CO",61,130,122.044002849461,793.866771463671
"dat12_24","dr","CO",61,131,109.864980191514,394.077724047251
"dat12_24","dr","CO",61,132,65.8006271616728,475.004192381078
"dat12_24","dr","CO",61,133,76.2685120119125,335.005624784606
"dat12_24","dr","CO",61,134,69.8456843016126,288.810738268649
"dat12_24","dr","CO",61,135,132.07990669843,564.972729227858
"dat12_24","dr","CO",61,136,99.1464850724072,694.35077592551
"dat12_24","dr","CO",61,137,99.4535710057113,892.458753480215
"dat12_24","dr","CO",61,138,115.430795393574,908.210981710652
"dat12_24","dr","CO",61,139,79.6846483427515,867.754602866285
"dat12_24","dr","CO",61,140,116.473711087535,907.148532489216
"dat12_24","dr","CO",61,141,135.809640248197,882.940463818656
"dat12_24","dr","CO",61,142,106.570196237486,675.384341793971
"dat12_24","dr","CO",61,143,73.0233874669323,417.838769497768
"dat12_24","dr","CO",61,144,69.4897867960137,206.098007288037
"dat12_24","dr","CO",61,145,62.0721071699956,214.718939581916
"dat12_24","dr","CO",61,146,62.623315320492,440.325535551212
"dat12_24","dr","CO",61,147,18.5953739764304,582.714399025461
"dat12_24","dr","CO",61,148,35.339723827145,584.41891653061
"dat12_24","dr","CO",61,149,34.5305430148849,668.231991368747
"dat12_24","dr","CO",61,150,2.80141298410521,614.577564219844
"dat12_24","dr","CO",61,151,2.93751798733508,734.313739114508
"dat12_24","dr","CO",61,152,33.2862255819591,785.910575217862
"dat12_24","dr","CO",61,153,11.6142881128793,822.928738341022
"dat12_24","dr","CO",61,154,21.8383575295917,570.163265748141
"dat12_24","dr","CO",61,155,-7.61384484077393,420.889331860757
"dat12_24","dr","CO",61,156,-51.1154483052324,268.219323483606
"dat12_24","dr","CO",79,1,23.0786822694916,195.60040691758
"dat12_24","dr","CO",79,2,-39.5164851531692,24.5432180173892
"dat12_24","dr","CO",79,3,-25.8416285627286,40.7947429275885
"dat12_24","dr","CO",79,4,-26.2968068514248,12.700802850012
"dat12_24","dr","CO",79,5,-16.8146361626875,29.1237083093727
"dat12_24","dr","CO",79,6,29.6847972172326,50.1769678721909
"dat12_24","dr","CO",79,7,-5.85351808981054,29.6812722409602
"dat12_24","dr","CO",79,8,1.87569764030942,34.2769523478198
"dat12_24","dr","CO",79,9,24.7961868165877,14.7558221287995
"dat12_24","dr","CO",79,10,157.626068081221,352.094176276839
"dat12_24","dr","CO",79,11,9.25059160748151,12.2273290974357
"dat12_24","dr","CO",79,12,13.6862529808188,84.4505123773406
"dat12_24","dr","CO",79,13,67.595506698298,56.1109256142646
"dat12_24","dr","CO",79,14,30.0004827484,26.9072091054194
"dat12_24","dr","CO",79,15,-3.22255362973582,11.2722154493085
"dat12_24","dr","CO",79,16,83.511558875499,133.955142297935
"dat12_24","dr","CO",79,17,37.8194459493028,15.9441295389941
"dat12_24","dr","CO",79,18,47.9589953056452,10.1155662012036
"dat12_24","dr","CO",79,19,17.0212183138732,27.6162988262523
"dat12_24","dr","CO",79,20,11.7719158047553,13.1347186733977
"dat12_24","dr","CO",79,21,19.3229133886311,28.4194656548579
"dat12_24","dr","CO",79,22,24.1326125114098,23.7463821103776
"dat12_24","dr","CO",79,23,-2.24323719336615,20.0254925056953
"dat12_24","dr","CO",79,24,24.7496517324485,11.5380271728341
"dat12_24","dr","CO",79,25,40.6036165754274,16.2108873853767
"dat12_24","dr","CO",79,26,52.7946381105474,18.5615243835269
"dat12_24","dr","CO",79,27,24.0810642771331,18.1441140046613
"dat12_24","dr","CO",79,28,54.8186390547354,26.9947077569168
"dat12_24","dr","CO",79,29,30.261067817578,7.89590216416372
"dat12_24","dr","CO",79,30,20.0525045902901,7.09533044711501
"dat12_24","dr","CO",79,31,31.7908521172825,13.4996774714259
"dat12_24","dr","CO",79,32,-8.32110454057342,44.0305460563047
"dat12_24","dr","CO",79,33,30.3588941224518,18.5174678917734
"dat12_24","dr","CO",79,34,-21.4727904438154,17.1527709533123
"dat12_24","dr","CO",79,35,27.1295224369253,72.126210243914
"dat12_24","dr","CO",79,36,-16.8165281074639,12.9413328183152
"dat12_24","dr","CO",79,37,-34.3799232784334,108.475475623026
"dat12_24","dr","CO",79,38,-8.5594596990438,38.6088955788779
"dat12_24","dr","CO",79,39,7.99414653019713,69.6288205490874
"dat12_24","dr","CO",79,40,-27.1181457985137,22.6721548937983
"dat12_24","dr","CO",79,41,-29.7741146473134,20.6579262352749
"dat12_24","dr","CO",79,42,-18.3562904932798,43.225881642346
"dat12_24","dr","CO",79,43,12.2406677259447,14.3849160983813
"dat12_24","dr","CO",79,44,32.3983503579093,10.5259550465529
"dat12_24","dr","CO",79,45,-17.6136896687783,17.4553864002745
"dat12_24","dr","CO",79,46,78.6268000155568,47.3062014939422
"dat12_24","dr","CO",79,47,6.23749051716787,18.0016029790474
"dat12_24","dr","CO",79,48,29.298793685726,121.47576172663
"dat12_24","dr","CO",79,49,-21.5745157572412,44.1153217964204
"dat12_24","dr","CO",79,50,4.53019004379326,8.6055526873243
"dat12_24","dr","CO",79,51,25.0372892692828,27.9583889672244
"dat12_24","dr","CO",79,52,-1.27703378941686,10.1961853023647
"dat12_24","dr","CO",79,53,-12.1852540532649,17.8636982776555
"dat12_24","dr","CO",79,54,-8.32896609015334,41.5395089957409
"dat12_24","dr","CO",79,55,-11.4975213750844,10.2626559816291
"dat12_24","dr","CO",79,56,-0.694508982477295,13.1420495284433
"dat12_24","dr","CO",79,57,24.8987000381735,16.8115435224521
"dat12_24","dr","CO",79,58,16.4692842873238,36.0547084221073
"dat12_24","dr","CO",79,59,11.1728638463261,27.5583396251523
"dat12_24","dr","CO",79,60,-10.605044506098,37.9012926298945
"dat12_24","dr","CO",79,61,3.57939097711114,10.3885623842383
"dat12_24","dr","CO",79,62,-3.33355677445692,13.9622320370298
"dat12_24","dr","CO",79,63,-11.950187456785,20.2785740966119
"dat12_24","dr","CO",79,64,-4.03143861692234,27.8288172406141
"dat12_24","dr","CO",79,65,-23.857942196532,15.6414487042931
"dat12_24","dr","CO",79,66,-37.1946304034439,53.8413599531228
"dat12_24","dr","CO",79,67,-13.2750886606715,11.3739897927388
"dat12_24","dr","CO",79,68,26.0461848687197,16.891354944011
"dat12_24","dr","CO",79,69,16.3549398376671,11.806839136072
"dat12_24","dr","CO",79,70,48.6078008857814,37.0919716558969
"dat12_24","dr","CO",79,71,23.2517394654351,13.7703294512568
"dat12_24","dr","CO",79,72,-70.4787646045283,143.483858127198
"dat12_24","dr","CO",79,73,26.3090059016284,19.0509878824894
"dat12_24","dr","CO",79,74,11.4702018885779,7.94096517319547
"dat12_24","dr","CO",79,75,14.4313274312975,17.9111415796229
"dat12_24","dr","CO",79,76,9.09732315300156,7.88960509805579
"dat12_24","dr","CO",79,77,-0.995544687389037,11.0975004178121
"dat12_24","dr","CO",79,78,0,NA
"dat12_24","dr","CO",79,79,2.66765150229646,7.58482843486837
"dat12_24","dr","CO",79,80,2.60444136734378,5.25631641542934
"dat12_24","dr","CO",79,81,5.46470162049553,5.80938883267817
"dat12_24","dr","CO",79,82,22.791943148095,10.0178836787846
"dat12_24","dr","CO",79,83,52.8335238001262,17.1660662203381
"dat12_24","dr","CO",79,84,36.1267511656261,16.8680911820434
"dat12_24","dr","CO",79,85,64.6814664124486,32.9485660514135
"dat12_24","dr","CO",79,86,37.8910841804271,16.824493946448
"dat12_24","dr","CO",79,87,43.6176507483278,14.7974716405042
"dat12_24","dr","CO",79,88,17.4027888308657,7.24528978850089
"dat12_24","dr","CO",79,89,9.18475662748744,7.86443836186882
"dat12_24","dr","CO",79,90,-2.98395824186537,6.75816881529581
"dat12_24","dr","CO",79,91,5.4147025254667,6.6702225533727
"dat12_24","dr","CO",79,92,-8.43961107182831,8.39797934489891
"dat12_24","dr","CO",79,93,20.8631102385223,5.97968198208206
"dat12_24","dr","CO",79,94,24.430353686457,9.29593858113609
"dat12_24","dr","CO",79,95,36.0563909732305,18.1174902218669
"dat12_24","dr","CO",79,96,30.3951320824441,24.2634997333215
"dat12_24","dr","CO",79,97,66.2452464196674,17.4663734996828
"dat12_24","dr","CO",79,98,11.9428477870206,18.421440378014
"dat12_24","dr","CO",79,99,20.971008339352,11.3452274200919
"dat12_24","dr","CO",79,100,-2.93033301402159,11.7187340290368
"dat12_24","dr","CO",79,101,-22.9686066674432,29.8287887553478
"dat12_24","dr","CO",79,102,-11.8604035054,17.0939411967778
"dat12_24","dr","CO",79,103,-47.481545849644,33.0780244613157
"dat12_24","dr","CO",79,104,-68.6129036025045,26.915044308475
"dat12_24","dr","CO",79,105,-52.2547820359361,31.5916427432258
"dat12_24","dr","CO",79,106,-2.62931669553866,15.0389947365605
"dat12_24","dr","CO",79,107,12.4837025142438,12.4662425196754
"dat12_24","dr","CO",79,108,54.8022001395384,23.2268145074999
"dat12_24","dr","CO",79,109,27.4022957627531,20.2225000373033
"dat12_24","dr","CO",79,110,45.8988304738338,32.7362867918142
"dat12_24","dr","CO",79,111,30.6850367247674,11.6250526529715
"dat12_24","dr","CO",79,112,-19.1600833389376,28.8184639049514
"dat12_24","dr","CO",79,113,-31.4188798498131,23.0827827504743
"dat12_24","dr","CO",79,114,-8.68964602285353,23.0768539067946
"dat12_24","dr","CO",79,115,-8.93752217483074,15.8621403190092
"dat12_24","dr","CO",79,116,-0.480707667250384,13.1380993176118
"dat12_24","dr","CO",79,117,0.615273012620573,12.9460900092985
"dat12_24","dr","CO",79,118,5.58574978321127,12.4453976633096
"dat12_24","dr","CO",79,119,44.4488821876807,16.1571941721785
"dat12_24","dr","CO",79,120,65.7046157663382,30.9549689538113
"dat12_24","dr","CO",79,121,52.7902021713621,30.6832718742792
"dat12_24","dr","CO",79,122,3.88101457055916,13.2102290007276
"dat12_24","dr","CO",79,123,10.1380420463935,14.1324120798693
"dat12_24","dr","CO",79,124,-1.16827289641558,13.6953890173696
"dat12_24","dr","CO",79,125,-34.6309548866678,11.1880147135589
"dat12_24","dr","CO",79,126,-30.6627941516171,10.9352713644378
"dat12_24","dr","CO",79,127,-16.2509541595807,16.6635497962008
"dat12_24","dr","CO",79,128,-26.1774643862381,12.1230290786577
"dat12_24","dr","CO",79,129,-11.0480487369653,16.1908511480303
"dat12_24","dr","CO",79,130,-6.66241599495892,17.5620348523882
"dat12_24","dr","CO",79,131,-0.845286421804154,14.9029319556053
"dat12_24","dr","CO",79,132,-10.6571459713024,18.6912130215889
"dat12_24","dr","CO",79,133,34.4853968589369,13.5896472959356
"dat12_24","dr","CO",79,134,0.242986922092335,14.1954323206195
"dat12_24","dr","CO",79,135,-4.47381127292812,19.8186853208859
"dat12_24","dr","CO",79,136,-38.2085180602519,27.1380993607585
"dat12_24","dr","CO",79,137,-26.8040602953294,15.5260271340929
"dat12_24","dr","CO",79,138,-4.00183689129571,9.51988851946746
"dat12_24","dr","CO",79,139,-5.48063489384729,13.6235938304865
"dat12_24","dr","CO",79,140,12.8544962146677,15.1046482656034
"dat12_24","dr","CO",79,141,-3.9874934112803,9.88780676392032
"dat12_24","dr","CO",79,142,-2.28249624709795,18.7156414720461
"dat12_24","dr","CO",79,143,-15.9061560875747,16.6563753192107
"dat12_24","dr","CO",79,144,1.05455809148099,15.9232195510595
"dat12_24","dr","CO",79,145,15.5304233888934,14.9799702489617
"dat12_24","dr","CO",79,146,8.4623863564478,18.2728360441036
"dat12_24","dr","CO",79,147,-46.7208336174799,32.6659675864675
"dat12_24","dr","CO",79,148,-7.31103466828434,13.9415211644619
"dat12_24","dr","CO",79,149,-22.2600731677431,10.6255262374315
"dat12_24","dr","CO",79,150,-19.2816538129724,12.5282767572325
"dat12_24","dr","CO",79,151,-6.16357231531967,18.0294957717579
"dat12_24","dr","CO",79,152,19.6462261752881,18.8044819346892
"dat12_24","dr","CO",79,153,-3.48354189839436,12.1345143091169
"dat12_24","dr","CO",79,154,12.4136068689808,13.0940840494134
"dat12_24","dr","CO",79,155,16.3643479976875,20.9687155993208
"dat12_24","dr","CO",79,156,13.4497276311578,22.7727629200108
"dat12_24","dr","CO",97,1,7.43615140658085,18.8652176385326
"dat12_24","dr","CO",97,2,11.2662169620474,324.291017275221
"dat12_24","dr","CO",97,3,0.698929717799809,12.922942256733
"dat12_24","dr","CO",97,4,-3.97685382362906,12.4980673216941
"dat12_24","dr","CO",97,5,-69.626903076972,343.231168085428
"dat12_24","dr","CO",97,6,4.20990805753667,76.6993037516761
"dat12_24","dr","CO",97,7,-23.3446799501072,456.73854736408
"dat12_24","dr","CO",97,8,3.49280758222728,15.7984286999294
"dat12_24","dr","CO",97,9,50.609069855056,11.6385120836688
"dat12_24","dr","CO",97,10,13.7383407717071,8.83805826916794
"dat12_24","dr","CO",97,11,9.12037818073573,8.38397459155847
"dat12_24","dr","CO",97,12,13.4637250873433,388.032457019907
"dat12_24","dr","CO",97,13,3.62656361920094,12.4746574091717
"dat12_24","dr","CO",97,14,4.54045576407716,7.85377342668844
"dat12_24","dr","CO",97,15,-12.3493121955544,14.0558144736562
"dat12_24","dr","CO",97,16,2.56634252377785,10.8777664844389
"dat12_24","dr","CO",97,17,3.60196016271542,11.619938294944
"dat12_24","dr","CO",97,18,38.5888653876497,13.1935932296626
"dat12_24","dr","CO",97,19,3.79234890208789,30.4296557567238
"dat12_24","dr","CO",97,20,-0.106568134879893,50.7295814405216
"dat12_24","dr","CO",97,21,16.6517802800703,21.2781148134854
"dat12_24","dr","CO",97,22,15.4851929802958,11.4544717782264
"dat12_24","dr","CO",97,23,23.5419048455334,17.3825579097183
"dat12_24","dr","CO",97,24,48.6031931346546,18.4388343526233
"dat12_24","dr","CO",97,25,-39.1080911302994,21.2227863293832
"dat12_24","dr","CO",97,26,-21.7220634883458,424.696757408486
"dat12_24","dr","CO",97,27,-12.7732453574264,1184.39564158222
"dat12_24","dr","CO",97,28,-23.21568229025,59.9242844037031
"dat12_24","dr","CO",97,29,-52.8889884579448,32.2730956949958
"dat12_24","dr","CO",97,30,-47.3885957709096,15.1486351318418
"dat12_24","dr","CO",97,31,-1.53716017124503,18.0550288256422
"dat12_24","dr","CO",97,32,67.0307262190963,23.0532893572279
"dat12_24","dr","CO",97,33,82.9383756739222,48.3819340352868
"dat12_24","dr","CO",97,34,-10.1772255078331,932.661609019042
"dat12_24","dr","CO",97,35,-56.1986691020035,53.9593746353617
"dat12_24","dr","CO",97,36,-45.2013887958006,24.4737128449245
"dat12_24","dr","CO",97,37,-23.666389762507,19.7379824118535
"dat12_24","dr","CO",97,38,10.5110508510099,18.3283774182181
"dat12_24","dr","CO",97,39,7.11529364037415,14.4058641069291
"dat12_24","dr","CO",97,40,42.8579163115115,17.7079802582363
"dat12_24","dr","CO",97,41,-6.62418323640097,18.0074415799464
"dat12_24","dr","CO",97,42,23.7586689252768,15.4721694682713
"dat12_24","dr","CO",97,43,21.0870719853018,11.9574618562191
"dat12_24","dr","CO",97,44,7.03640298460803,15.1886407789673
"dat12_24","dr","CO",97,45,8.92267082834203,22.692067931923
"dat12_24","dr","CO",97,46,32.0171642630022,18.9267073572436
"dat12_24","dr","CO",97,47,21.9550973929792,15.8812470249772
"dat12_24","dr","CO",97,48,-0.36811998032249,16.4139842541909
"dat12_24","dr","CO",97,49,-17.418633667198,50.7963021954549
"dat12_24","dr","CO",97,50,-7.86147537078988,15.4992725431674
"dat12_24","dr","CO",97,51,0.28894724741741,13.1357830849664
"dat12_24","dr","CO",97,52,9.03886828715909,19.6557617832113
"dat12_24","dr","CO",97,53,3.01765451621273,34.4907017356063
"dat12_24","dr","CO",97,54,42.4078179654236,15.4085829183203
"dat12_24","dr","CO",97,55,2.64691469499241,27.4901979668634
"dat12_24","dr","CO",97,56,2.3320204804788,40.7069179073968
"dat12_24","dr","CO",97,57,43.9402742327409,58.5190336049328
"dat12_24","dr","CO",97,58,29.0464196762169,46.8186808592497
"dat12_24","dr","CO",97,59,6.03367638200808,9.32585458506444
"dat12_24","dr","CO",97,60,-7.2207695719016,29.9231658533152
"dat12_24","dr","CO",97,61,14.0328853882928,14.1303619085152
"dat12_24","dr","CO",97,62,1.35089166049503,10.2921043688766
"dat12_24","dr","CO",97,63,14.1086776739893,30.5494826396423
"dat12_24","dr","CO",97,64,-9.25668761241903,27.4957905136105
"dat12_24","dr","CO",97,65,-22.3894025484362,13.0888183455713
"dat12_24","dr","CO",97,66,0.396898268081337,78.88737832418
"dat12_24","dr","CO",97,67,7.60296621420129,16.9324408151684
"dat12_24","dr","CO",97,68,3.55942110820764,15.8416829110754
"dat12_24","dr","CO",97,69,11.7044814046663,15.3044115349187
"dat12_24","dr","CO",97,70,22.1780163617385,35.8830541368022
"dat12_24","dr","CO",97,71,6.37300653583331,11.8512864840384
"dat12_24","dr","CO",97,72,-13.4520011229686,17.1408873810264
"dat12_24","dr","CO",97,73,-3.43268716091065,13.2343771892896
"dat12_24","dr","CO",97,74,-9.42604192462838,16.3419060836372
"dat12_24","dr","CO",97,75,12.4573804381386,14.8064247841595
"dat12_24","dr","CO",97,76,8.93384437050438,12.9043666050491
"dat12_24","dr","CO",97,77,17.13425000308,11.7963674403851
"dat12_24","dr","CO",97,78,-2.21503471866372,33.7621664033856
"dat12_24","dr","CO",97,79,0.621740380165024,36.2928701196921
"dat12_24","dr","CO",97,80,18.037896075416,58.9576952006374
"dat12_24","dr","CO",97,81,1.67332790254487,160.196584629241
"dat12_24","dr","CO",97,82,11.3926093555718,62.8153819530626
"dat12_24","dr","CO",97,83,17.7356145970369,14.019978838351
"dat12_24","dr","CO",97,84,9.06193043417763,11.1242421981003
"dat12_24","dr","CO",97,85,-2.54478500726839,8.3799899642703
"dat12_24","dr","CO",97,86,-11.1693550252405,17.9138724205961
"dat12_24","dr","CO",97,87,-6.49032601364019,26.6185602416085
"dat12_24","dr","CO",97,88,-19.6642619641559,15.0399455165708
"dat12_24","dr","CO",97,89,-17.0462592820357,16.8354472006943
"dat12_24","dr","CO",97,90,-22.6998371389347,33.921468377002
"dat12_24","dr","CO",97,91,18.7734828273772,23.2779882941755
"dat12_24","dr","CO",97,92,23.6061164331233,31.7026106226222
"dat12_24","dr","CO",97,93,7.22687638716733,17.7960743941192
"dat12_24","dr","CO",97,94,-19.5256329783315,32.8876540689218
"dat12_24","dr","CO",97,95,0.663022198822206,5.36167647674407
"dat12_24","dr","CO",97,96,0,NA
"dat12_24","dr","CO",97,97,12.8029397584892,8.94130305167016
"dat12_24","dr","CO",97,98,-4.53511831764731,5.45232871277126
"dat12_24","dr","CO",97,99,-1.73117533998322,9.30056093477339
"dat12_24","dr","CO",97,100,-9.71875696423809,10.4442993295511
"dat12_24","dr","CO",97,101,3.42436239137821,10.156063560311
"dat12_24","dr","CO",97,102,12.5282411549881,11.9864962575031
"dat12_24","dr","CO",97,103,0.684094803863063,9.20764078118721
"dat12_24","dr","CO",97,104,-8.25067847423255,11.8813317964016
"dat12_24","dr","CO",97,105,8.03012855872353,9.7952252398608
"dat12_24","dr","CO",97,106,19.8677400559657,12.2754569701839
"dat12_24","dr","CO",97,107,7.81499728408222,10.5503042464436
"dat12_24","dr","CO",97,108,-7.93129737559084,8.67281550552326
"dat12_24","dr","CO",97,109,-10.8079258622578,8.35899736833736
"dat12_24","dr","CO",97,110,-11.7130009273313,9.09038508704316
"dat12_24","dr","CO",97,111,3.60713882567384,13.2702464061954
"dat12_24","dr","CO",97,112,0.564205360144104,10.7244762870548
"dat12_24","dr","CO",97,113,-3.67488155539007,9.92955326246821
"dat12_24","dr","CO",97,114,5.15628334627274,10.2298868520441
"dat12_24","dr","CO",97,115,10.4257328756546,12.5929105926352
"dat12_24","dr","CO",97,116,7.22288351451976,11.5431862809223
"dat12_24","dr","CO",97,117,2.13124794517698,9.82915652112653
"dat12_24","dr","CO",97,118,11.0994393934665,10.3434456164127
"dat12_24","dr","CO",97,119,8.16231813074785,10.1785443478233
"dat12_24","dr","CO",97,120,-9.97203739561198,9.5516320132082
"dat12_24","dr","CO",97,121,-15.009851737725,11.2091790629959
"dat12_24","dr","CO",97,122,-13.56885056109,10.2791480488845
"dat12_24","dr","CO",97,123,-12.8214081119708,9.99888444745025
"dat12_24","dr","CO",97,124,-8.65490030690816,9.87575148488091
"dat12_24","dr","CO",97,125,-11.2157434161182,9.43723387944507
"dat12_24","dr","CO",97,126,-14.7050645245859,9.52327678539073
"dat12_24","dr","CO",97,127,-11.0318451447859,8.86808045845655
"dat12_24","dr","CO",97,128,-9.14198517611278,10.590965635797
"dat12_24","dr","CO",97,129,-5.6007527427639,11.8606555235181
"dat12_24","dr","CO",97,130,-9.5517119611305,9.92312907582249
"dat12_24","dr","CO",97,131,-20.0638016160723,9.5618199910642
"dat12_24","dr","CO",97,132,-15.4121146287424,11.137824544763
"dat12_24","dr","CO",97,133,-8.67738095094314,12.1706537072281
"dat12_24","dr","CO",97,134,-7.77406799552692,10.2627131526148
"dat12_24","dr","CO",97,135,0.298160911811533,11.0459577461653
"dat12_24","dr","CO",97,136,-7.908716774689,10.3943357873934
"dat12_24","dr","CO",97,137,-8.18247185835956,10.517950229966
"dat12_24","dr","CO",97,138,-2.87446837869594,11.7635476458087
"dat12_24","dr","CO",97,139,-1.84451795841621,15.762213502156
"dat12_24","dr","CO",97,140,-1.86993280347217,14.7744658205488
"dat12_24","dr","CO",97,141,5.55572277608415,13.407528059515
"dat12_24","dr","CO",97,142,-0.935320196524381,11.9561009931483
"dat12_24","dr","CO",97,143,-17.9106353219482,8.21247685118332
"dat12_24","dr","CO",97,144,-18.4120602745778,7.91046161718908
"dat12_24","dr","CO",97,145,-15.1630173370884,7.48634649246129
"dat12_24","dr","CO",97,146,-14.051831655555,7.80750323021694
"dat12_24","dr","CO",97,147,-20.8438913732442,6.53328127557463
"dat12_24","dr","CO",97,148,-10.1838321047418,5.99263935406487
"dat12_24","dr","CO",97,149,-16.1193371120125,7.55532107492651
"dat12_24","dr","CO",97,150,-17.055783505255,8.20787788465191
"dat12_24","dr","CO",97,151,-9.0243386584016,8.48621383538101
"dat12_24","dr","CO",97,152,3.18379342822079,10.7437481080078
"dat12_24","dr","CO",97,153,-4.90878796380921,9.27882487815218
"dat12_24","dr","CO",97,154,-10.1825523902803,8.51268444904855
"dat12_24","dr","CO",97,155,-20.2170723914041,7.66568796673969
"dat12_24","dr","CO",97,156,-27.470986256051,8.38654956924625
"dat12_24","dr","SO2",61,1,-0.381632191431524,10.0278668278908
"dat12_24","dr","SO2",61,2,-0.455739016208995,12.2656896203342
"dat12_24","dr","SO2",61,3,0.095490300152919,19.4658056288504
"dat12_24","dr","SO2",61,4,-0.136931302366972,2.40785998861279
"dat12_24","dr","SO2",61,5,-0.375400336349146,4.98931045828658
"dat12_24","dr","SO2",61,6,-0.523148923248571,6.30884359478151
"dat12_24","dr","SO2",61,7,-0.426235037535071,7.44264211284885
"dat12_24","dr","SO2",61,8,-0.10508933930602,2.99670580537465
"dat12_24","dr","SO2",61,9,0.048274629634051,3.95226073071374
"dat12_24","dr","SO2",61,10,-0.196019368467875,8.66843161799079
"dat12_24","dr","SO2",61,11,-0.0465405611609599,4.13345657369428
"dat12_24","dr","SO2",61,12,-0.599210945268132,24.0635203751764
"dat12_24","dr","SO2",61,13,-0.176709519639611,3.85464179433118
"dat12_24","dr","SO2",61,14,-0.140939161951114,10.8919809100018
"dat12_24","dr","SO2",61,15,-0.199534731585142,7.89179446652008
"dat12_24","dr","SO2",61,16,-0.0620948394878308,3.85342711095324
"dat12_24","dr","SO2",61,17,-1.84240235509318,7.28249954095654
"dat12_24","dr","SO2",61,18,-1.13023630261385,17.6162209079794
"dat12_24","dr","SO2",61,19,-0.818605822767593,9.46269584302438
"dat12_24","dr","SO2",61,20,-0.771208504330834,5.59840275528756
"dat12_24","dr","SO2",61,21,-0.209301962710102,1.00103809221801
"dat12_24","dr","SO2",61,22,0.0589837617259535,5.16047945790552
"dat12_24","dr","SO2",61,23,-0.0127548997762166,6.5726177222386
"dat12_24","dr","SO2",61,24,-0.497823280355505,7.34029833017874
"dat12_24","dr","SO2",61,25,-0.686341891238339,3.95573561308926
"dat12_24","dr","SO2",61,26,-0.120005062569193,4.31987428700723
"dat12_24","dr","SO2",61,27,-0.470084435650737,8.98589558416065
"dat12_24","dr","SO2",61,28,-0.617535936192828,8.3964051826976
"dat12_24","dr","SO2",61,29,0.551940006667686,34.8124372778575
"dat12_24","dr","SO2",61,30,-0.180982056281193,30.2330837710247
"dat12_24","dr","SO2",61,31,-1.69311506677771,12.3587392232969
"dat12_24","dr","SO2",61,32,-0.176213263462117,12.6830559929194
"dat12_24","dr","SO2",61,33,-0.0791229121488436,6.7526111097744
"dat12_24","dr","SO2",61,34,0.322964141135696,5.06161711166112
"dat12_24","dr","SO2",61,35,0.00312056910059033,6.12083235733531
"dat12_24","dr","SO2",61,36,-0.175852694047715,4.58757216656659
"dat12_24","dr","SO2",61,37,0.00169467150831826,9.85288031484287
"dat12_24","dr","SO2",61,38,-0.359884066128072,8.93593752242844
"dat12_24","dr","SO2",61,39,0.149546132949017,3.44545599671699
"dat12_24","dr","SO2",61,40,-0.313185284480925,12.5670056912882
"dat12_24","dr","SO2",61,41,-0.455023147413775,9.24781510214424
"dat12_24","dr","SO2",61,42,1.16719974205218,8.94095648379164
"dat12_24","dr","SO2",61,43,0.257840875941937,17.8789929610799
"dat12_24","dr","SO2",61,44,0.274847577368446,6.41505397136228
"dat12_24","dr","SO2",61,45,0.5548908285182,3.69426605661039
"dat12_24","dr","SO2",61,46,0.443759355574682,2.7622393706052
"dat12_24","dr","SO2",61,47,0.292121741233012,5.28107078180471
"dat12_24","dr","SO2",61,48,-0.207012813740994,3.84276066676284
"dat12_24","dr","SO2",61,49,0.0696072861738982,2.66151077254252
"dat12_24","dr","SO2",61,50,-0.0639345671620792,2.1290605062983
"dat12_24","dr","SO2",61,51,-0.126001682559158,3.95338993319392
"dat12_24","dr","SO2",61,52,0.402933076643621,0.580364175197613
"dat12_24","dr","SO2",61,53,-0.228716256384811,6.48474392530151
"dat12_24","dr","SO2",61,54,-0.0033692212574018,9.14115829351153
"dat12_24","dr","SO2",61,55,0.640241999860759,4.26006881538338
"dat12_24","dr","SO2",61,56,0.341399750447359,10.979136001283
"dat12_24","dr","SO2",61,57,0.171447603965677,6.09855201303707
"dat12_24","dr","SO2",61,58,0.208060498894466,0.783377234220907
"dat12_24","dr","SO2",61,59,0.235953912370149,0.424741133099498
"dat12_24","dr","SO2",61,60,0,NA
"dat12_24","dr","SO2",61,61,-0.134747652533059,1.13099006563979
"dat12_24","dr","SO2",61,62,-0.178816177497731,2.234764405948
"dat12_24","dr","SO2",61,63,-0.208301266464707,1.68329707803964
"dat12_24","dr","SO2",61,64,0.123526212688744,6.26268876954806
"dat12_24","dr","SO2",61,65,0.0845153561337962,9.5777037596302
"dat12_24","dr","SO2",61,66,0.463621042497767,7.12162695832352
"dat12_24","dr","SO2",61,67,0.56630523743548,11.8687605977339
"dat12_24","dr","SO2",61,68,0.54762599751527,13.3662423345317
"dat12_24","dr","SO2",61,69,0.3489074899901,5.73058428828863
"dat12_24","dr","SO2",61,70,0.4723254671651,6.88316707984652
"dat12_24","dr","SO2",61,71,0.439904608836089,10.3117482796226
"dat12_24","dr","SO2",61,72,0.452210764336317,5.72580264018804
"dat12_24","dr","SO2",61,73,0.643954988006877,7.62931041536647
"dat12_24","dr","SO2",61,74,0.521819490097651,3.23471484289596
"dat12_24","dr","SO2",61,75,0.552545361665888,2.78501324029984
"dat12_24","dr","SO2",61,76,0.617946806312306,5.99155593161916
"dat12_24","dr","SO2",61,77,0.906842937513916,5.49043507303311
"dat12_24","dr","SO2",61,78,0.774571476513906,4.8711810502977
"dat12_24","dr","SO2",61,79,1.44195138387669,13.6921452682858
"dat12_24","dr","SO2",61,80,1.29631323949034,9.07467583934527
"dat12_24","dr","SO2",61,81,1.44830382246269,11.2281094679311
"dat12_24","dr","SO2",61,82,1.39039683577031,9.47287636683274
"dat12_24","dr","SO2",61,83,0.889419274218044,6.46241252363208
"dat12_24","dr","SO2",61,84,0.491150760829891,4.46725583253396
"dat12_24","dr","SO2",61,85,0.426414586295604,4.51229278458297
"dat12_24","dr","SO2",61,86,1.07155086020693,8.54860416458827
"dat12_24","dr","SO2",61,87,0.855828561966347,10.7465402399673
"dat12_24","dr","SO2",61,88,0.79976576556904,12.6661083875884
"dat12_24","dr","SO2",61,89,0.685595982561885,18.7012289167109
"dat12_24","dr","SO2",61,90,0.948878924972862,12.4563312138096
"dat12_24","dr","SO2",61,91,0.90027260347138,13.2854335252868
"dat12_24","dr","SO2",61,92,1.08206582283959,12.662193807453
"dat12_24","dr","SO2",61,93,1.14430514760159,15.5595972089244
"dat12_24","dr","SO2",61,94,1.11060395597303,12.2894846796496
"dat12_24","dr","SO2",61,95,0.713668617379648,11.3099593731596
"dat12_24","dr","SO2",61,96,0.333833326746266,9.99377419246545
"dat12_24","dr","SO2",61,97,0.880288898963394,9.92604540645449
"dat12_24","dr","SO2",61,98,0.799137153661381,9.81824854196821
"dat12_24","dr","SO2",61,99,1.03184370171115,8.42615574180709
"dat12_24","dr","SO2",61,100,0.927373278959392,9.16959456777576
"dat12_24","dr","SO2",61,101,0.768200633634364,12.7334425032212
"dat12_24","dr","SO2",61,102,1.26992614323236,12.2834820977658
"dat12_24","dr","SO2",61,103,0.878151592592886,11.0246657459117
"dat12_24","dr","SO2",61,104,0.6638396367685,9.67830199340337
"dat12_24","dr","SO2",61,105,1.01144329378702,13.8305182935753
"dat12_24","dr","SO2",61,106,1.00901204151254,13.8755135677675
"dat12_24","dr","SO2",61,107,0.962087647872295,9.77397496460799
"dat12_24","dr","SO2",61,108,1.02470215634427,10.6000305821698
"dat12_24","dr","SO2",61,109,1.06517536977511,12.4879843068066
"dat12_24","dr","SO2",61,110,1.12732146881221,12.0992631177544
"dat12_24","dr","SO2",61,111,1.17593805530011,12.3108379955092
"dat12_24","dr","SO2",61,112,1.87354808609958,12.3471456965463
"dat12_24","dr","SO2",61,113,1.74292675108467,10.2932317073792
"dat12_24","dr","SO2",61,114,1.73581135690369,11.4375201018032
"dat12_24","dr","SO2",61,115,1.81277376247071,12.3072838578406
"dat12_24","dr","SO2",61,116,1.62632209987427,12.0715601005694
"dat12_24","dr","SO2",61,117,1.49592362546437,14.4789863899105
"dat12_24","dr","SO2",61,118,1.58870778629961,11.9615057589295
"dat12_24","dr","SO2",61,119,1.49627012032484,7.96848431556357
"dat12_24","dr","SO2",61,120,0.916927403999976,5.54195085087878
"dat12_24","dr","SO2",61,121,0.939226066834139,5.68902937368795
"dat12_24","dr","SO2",61,122,0.890966682738251,7.60226536545691
"dat12_24","dr","SO2",61,123,1.01056331205885,7.63221651836463
"dat12_24","dr","SO2",61,124,1.32759950714394,10.6416457742601
"dat12_24","dr","SO2",61,125,1.14240291956623,10.9692135395092
"dat12_24","dr","SO2",61,126,1.20952933323705,11.170173047927
"dat12_24","dr","SO2",61,127,1.34861155671448,10.6615448059538
"dat12_24","dr","SO2",61,128,1.17605168964796,11.2495455810094
"dat12_24","dr","SO2",61,129,1.15470430205493,13.6716467546645
"dat12_24","dr","SO2",61,130,1.18842675714068,10.7239258501085
"dat12_24","dr","SO2",61,131,1.03982814637065,5.31528575072813
"dat12_24","dr","SO2",61,132,0.582617283520164,5.03956981408239
"dat12_24","dr","SO2",61,133,0.364719199750648,5.63752783759605
"dat12_24","dr","SO2",61,134,0.281844701403788,6.23687512280651
"dat12_24","dr","SO2",61,135,0.740157318818646,8.51062690842901
"dat12_24","dr","SO2",61,136,0.963303088557245,11.1529821655521
"dat12_24","dr","SO2",61,137,1.50751731558037,10.2186929680688
"dat12_24","dr","SO2",61,138,1.30137321436233,10.0370978967085
"dat12_24","dr","SO2",61,139,1.82720872737846,11.7968867556954
"dat12_24","dr","SO2",61,140,1.52470690430735,11.6657975114818
"dat12_24","dr","SO2",61,141,1.42110862714995,11.3923535244193
"dat12_24","dr","SO2",61,142,1.30650788169131,9.64876133640351
"dat12_24","dr","SO2",61,143,0.723756351178886,6.8080671224646
"dat12_24","dr","SO2",61,144,0.534816893502703,5.87460984611913
"dat12_24","dr","SO2",61,145,0.536137637812972,6.5210742036582
"dat12_24","dr","SO2",61,146,0.835718189760014,8.01726300662057
"dat12_24","dr","SO2",61,147,0.740708689541355,8.43361232731426
"dat12_24","dr","SO2",61,148,1.19658379913672,10.4246446769018
"dat12_24","dr","SO2",61,149,1.08483322841654,9.37378650466818
"dat12_24","dr","SO2",61,150,1.31030791580282,9.99705536974129
"dat12_24","dr","SO2",61,151,1.11469164248836,10.7182390393898
"dat12_24","dr","SO2",61,152,0.972377916945203,10.5005647126527
"dat12_24","dr","SO2",61,153,0.793533362183224,10.4336215120032
"dat12_24","dr","SO2",61,154,0.880910445309687,9.67210628740859
"dat12_24","dr","SO2",61,155,0.602537526451904,6.96129485065492
"dat12_24","dr","SO2",61,156,0.621795933782135,5.1306975855122
"dat12_24","dr","SO2",79,1,-0.214104092783615,6.38992900629462
"dat12_24","dr","SO2",79,2,-0.703069632920769,1.31769683604867
"dat12_24","dr","SO2",79,3,-0.277042508725768,0.707886620074962
"dat12_24","dr","SO2",79,4,-0.0652345189090986,0.179770641475823
"dat12_24","dr","SO2",79,5,0.194541018218373,0.762306160428426
"dat12_24","dr","SO2",79,6,0.194226573718458,0.371027182942221
"dat12_24","dr","SO2",79,7,-0.236900911564813,0.216799522110615
"dat12_24","dr","SO2",79,8,-0.584474232220608,0.267979225234392
"dat12_24","dr","SO2",79,9,-0.0512788207154368,0.186292950096213
"dat12_24","dr","SO2",79,10,-0.341059447296808,0.169606545013628
"dat12_24","dr","SO2",79,11,0.0178401027229146,0.752776821595948
"dat12_24","dr","SO2",79,12,-0.926043378967487,1.39608108223135
"dat12_24","dr","SO2",79,13,-0.325565849726633,0.836046154973827
"dat12_24","dr","SO2",79,14,-0.119531124102446,0.63310114803812
"dat12_24","dr","SO2",79,15,-0.387444381388436,0.147095577623411
"dat12_24","dr","SO2",79,16,-0.613485388359829,1.32978108453263
"dat12_24","dr","SO2",79,17,0.172779979764144,0.147855719075943
"dat12_24","dr","SO2",79,18,-0.22102626952851,0.29060105275434
"dat12_24","dr","SO2",79,19,0.0677529353865483,0.366214671883183
"dat12_24","dr","SO2",79,20,-0.496745668313065,0.217476157411003
"dat12_24","dr","SO2",79,21,-0.227089491017038,0.309905488898857
"dat12_24","dr","SO2",79,22,-0.250439107740352,0.248164577832781
"dat12_24","dr","SO2",79,23,-0.00471168209524747,0.155252393389654
"dat12_24","dr","SO2",79,24,0.424943704197573,0.169664724305996
"dat12_24","dr","SO2",79,25,0.737773540939073,0.209799550533703
"dat12_24","dr","SO2",79,26,-0.243092751724036,0.15803108220781
"dat12_24","dr","SO2",79,27,0.226292573152181,0.419765449408248
"dat12_24","dr","SO2",79,28,0.13164551360684,0.118255404065462
"dat12_24","dr","SO2",79,29,0.0344688842922317,0.438379056377799
"dat12_24","dr","SO2",79,30,0.0319975965391134,0.0758228058867534
"dat12_24","dr","SO2",79,31,0.342836972073696,0.165631840700538
"dat12_24","dr","SO2",79,32,-0.0880192452666369,0.155744567963489
"dat12_24","dr","SO2",79,33,0.0848612210480698,0.0971770462927113
"dat12_24","dr","SO2",79,34,-0.391279088817977,0.117410263378254
"dat12_24","dr","SO2",79,35,-0.513708889868115,0.237294054156446
"dat12_24","dr","SO2",79,36,-0.596506687116679,0.225099233321399
"dat12_24","dr","SO2",79,37,-0.768831239834337,3.50491866957869
"dat12_24","dr","SO2",79,38,-0.387132589202503,0.175410227391121
"dat12_24","dr","SO2",79,39,-0.0150884093958287,0.373316178556792
"dat12_24","dr","SO2",79,40,-0.258615191008493,0.11700512800778
"dat12_24","dr","SO2",79,41,-0.4901704809301,0.210741965145368
"dat12_24","dr","SO2",79,42,0.175990842322407,0.486805398071615
"dat12_24","dr","SO2",79,43,-0.305108769931166,0.133450560809587
"dat12_24","dr","SO2",79,44,-0.329892999490398,0.635938251108201
"dat12_24","dr","SO2",79,45,-0.414249788584348,0.147977044211416
"dat12_24","dr","SO2",79,46,0.445933080982728,0.502749307791648
"dat12_24","dr","SO2",79,47,-0.427101929599944,0.158535814850623
"dat12_24","dr","SO2",79,48,-0.438430356590199,1.70134388270121
"dat12_24","dr","SO2",79,49,-0.789128727959632,0.640304690878725
"dat12_24","dr","SO2",79,50,-0.226199304383434,0.0994289501704807
"dat12_24","dr","SO2",79,51,0.185472863721941,0.272199752309213
"dat12_24","dr","SO2",79,52,0.268523941798394,0.174148011328876
"dat12_24","dr","SO2",79,53,-0.0754960194215738,0.135963171058196
"dat12_24","dr","SO2",79,54,-0.239050599052297,1.27963923391758
"dat12_24","dr","SO2",79,55,-0.155984442284089,0.114199236595767
"dat12_24","dr","SO2",79,56,-1.66759363777403,3.51592468197357
"dat12_24","dr","SO2",79,57,-0.298658656570365,0.153482160878639
"dat12_24","dr","SO2",79,58,-0.23835987002174,0.63730439117396
"dat12_24","dr","SO2",79,59,-0.497890834517759,0.265028462789143
"dat12_24","dr","SO2",79,60,-0.465109507845133,0.262222891272756
"dat12_24","dr","SO2",79,61,-0.290282477480632,0.123045728787006
"dat12_24","dr","SO2",79,62,-0.184981341374947,0.12605225599294
"dat12_24","dr","SO2",79,63,0.385761965891375,0.550031078928448
"dat12_24","dr","SO2",79,64,0.148306700132501,0.776969042654649
"dat12_24","dr","SO2",79,65,-0.055419471879702,0.167937117424111
"dat12_24","dr","SO2",79,66,0.00405698723797218,0.583669266121633
"dat12_24","dr","SO2",79,67,-0.0139001409718279,0.115589063277189
"dat12_24","dr","SO2",79,68,0.193894179106112,0.146372678288646
"dat12_24","dr","SO2",79,69,0.0763768578495204,0.25771313207418
"dat12_24","dr","SO2",79,70,0.684310170108974,0.238242977215525
"dat12_24","dr","SO2",79,71,-0.123187864087855,0.144101434520835
"dat12_24","dr","SO2",79,72,-0.727806336340424,1.47589615578807
"dat12_24","dr","SO2",79,73,0.175731747838918,0.199774194489255
"dat12_24","dr","SO2",79,74,-0.019163041622153,0.471305349328391
"dat12_24","dr","SO2",79,75,0.239038241018432,0.154805605078825
"dat12_24","dr","SO2",79,76,-0.0406610226991062,0.3901173931834
"dat12_24","dr","SO2",79,77,-0.0672861305114817,0.0790056083693009
"dat12_24","dr","SO2",79,78,0,NA
"dat12_24","dr","SO2",79,79,-0.327783228187971,0.0976489769316214
"dat12_24","dr","SO2",79,80,-0.291082075478334,0.166522160148287
"dat12_24","dr","SO2",79,81,-0.294593292074757,0.290628588999741
"dat12_24","dr","SO2",79,82,-0.131563468911079,0.317805509473763
"dat12_24","dr","SO2",79,83,0.0414986724068206,0.276244817188429
"dat12_24","dr","SO2",79,84,-0.0510621809697086,0.381234696272726
"dat12_24","dr","SO2",79,85,0.0686395754995415,0.374586184456442
"dat12_24","dr","SO2",79,86,0.0980163775853459,0.299220993543791
"dat12_24","dr","SO2",79,87,0.0824702468524269,0.24293285844128
"dat12_24","dr","SO2",79,88,-0.00805245002278515,0.209510609109196
"dat12_24","dr","SO2",79,89,0.0758781023010729,0.155652876669493
"dat12_24","dr","SO2",79,90,-0.146234163499787,0.12412770151334
"dat12_24","dr","SO2",79,91,-0.373437453534253,0.231270437103485
"dat12_24","dr","SO2",79,92,-0.317833784986157,0.256332392446821
"dat12_24","dr","SO2",79,93,-0.293381191931398,0.243018331878737
"dat12_24","dr","SO2",79,94,-0.206695017742676,0.345364220213512
"dat12_24","dr","SO2",79,95,-0.0601623071407636,0.351986704492058
"dat12_24","dr","SO2",79,96,-0.140070802988333,0.321713180179572
"dat12_24","dr","SO2",79,97,0.0806268878282611,0.450975181653093
"dat12_24","dr","SO2",79,98,-0.378550152433324,0.613379986679099
"dat12_24","dr","SO2",79,99,-0.263527513999375,0.539165981530838
"dat12_24","dr","SO2",79,100,-0.296323051429335,0.515798475722413
"dat12_24","dr","SO2",79,101,-0.669130387850474,0.603990758965935
"dat12_24","dr","SO2",79,102,-0.469397235724263,0.519321590248734
"dat12_24","dr","SO2",79,103,-0.617121214885235,0.511534033838553
"dat12_24","dr","SO2",79,104,-0.859484086102505,0.57671232467009
"dat12_24","dr","SO2",79,105,-0.807329959739129,0.656490548035778
"dat12_24","dr","SO2",79,106,-0.55893744931487,0.531168216309318
"dat12_24","dr","SO2",79,107,-0.578063276422459,0.663403295422785
"dat12_24","dr","SO2",79,108,-0.219464648691152,0.500586820861044
"dat12_24","dr","SO2",79,109,-0.411575022880844,0.578345608219932
"dat12_24","dr","SO2",79,110,-0.4493392775416,0.441216629213111
"dat12_24","dr","SO2",79,111,-0.488657211990953,0.48120902276711
"dat12_24","dr","SO2",79,112,-0.463864057134264,0.582216042747349
"dat12_24","dr","SO2",79,113,-0.712292870520399,0.654889937746095
"dat12_24","dr","SO2",79,114,-0.721004939051525,0.718657941535337
"dat12_24","dr","SO2",79,115,-0.814588333379558,0.748390124795053
"dat12_24","dr","SO2",79,116,-0.820667416336145,0.649538676830921
"dat12_24","dr","SO2",79,117,-0.970237754355351,0.811530419939598
"dat12_24","dr","SO2",79,118,-0.795886992120632,0.758269963182566
"dat12_24","dr","SO2",79,119,-0.780653541552763,0.754248006700889
"dat12_24","dr","SO2",79,120,-0.747425379938439,0.759260297505542
"dat12_24","dr","SO2",79,121,-0.824980118611521,0.813984125527063
"dat12_24","dr","SO2",79,122,-0.961311048123937,0.80291339676928
"dat12_24","dr","SO2",79,123,-1.1165760740408,0.873559366558234
"dat12_24","dr","SO2",79,124,-0.958502926833447,0.680793200687368
"dat12_24","dr","SO2",79,125,-1.24831527181705,0.751801763031416
"dat12_24","dr","SO2",79,126,-1.30631690327861,0.790148156682506
"dat12_24","dr","SO2",79,127,-1.25029100015876,0.860673529289274
"dat12_24","dr","SO2",79,128,-1.26324373821922,0.898633530366667
"dat12_24","dr","SO2",79,129,-1.06266637940498,0.776100028098837
"dat12_24","dr","SO2",79,130,-0.928675390001631,0.797605696024401
"dat12_24","dr","SO2",79,131,-0.780296344805194,0.770081235435837
"dat12_24","dr","SO2",79,132,-0.715089751925529,0.720955885058259
"dat12_24","dr","SO2",79,133,-0.75076364540238,0.652166506023539
"dat12_24","dr","SO2",79,134,-1.0414828681035,0.747324878708308
"dat12_24","dr","SO2",79,135,-0.874684921582727,0.667627503787748
"dat12_24","dr","SO2",79,136,-0.958605098032422,0.712885353580129
"dat12_24","dr","SO2",79,137,-0.742418472960239,0.753474812992817
"dat12_24","dr","SO2",79,138,-0.857542102924651,0.718664313993161
"dat12_24","dr","SO2",79,139,-0.867321357396856,0.753297632763962
"dat12_24","dr","SO2",79,140,-0.84791337084528,0.78352972023706
"dat12_24","dr","SO2",79,141,-0.754503693303369,0.756323107670672
"dat12_24","dr","SO2",79,142,-0.553021000972397,0.647172678942809
"dat12_24","dr","SO2",79,143,-0.71881569799921,0.647022033073979
"dat12_24","dr","SO2",79,144,-0.700550636563904,0.721072520657538
"dat12_24","dr","SO2",79,145,-0.741595514768606,0.718404801585093
"dat12_24","dr","SO2",79,146,-0.742475524537964,0.709365129399952
"dat12_24","dr","SO2",79,147,-0.830677766563641,0.707602598099627
"dat12_24","dr","SO2",79,148,-0.792157687549406,0.68303421345601
"dat12_24","dr","SO2",79,149,-0.803092656678243,0.638993837800961
"dat12_24","dr","SO2",79,150,-0.892877675555726,0.644195611618564
"dat12_24","dr","SO2",79,151,-1.00923442863133,0.70642281659764
"dat12_24","dr","SO2",79,152,-0.946595975434314,0.778973497728041
"dat12_24","dr","SO2",79,153,-0.91876154340812,0.732181175618839
"dat12_24","dr","SO2",79,154,-0.821430413557242,0.72198166692615
"dat12_24","dr","SO2",79,155,-0.800045941692021,0.610108527921859
"dat12_24","dr","SO2",79,156,-0.631320138763991,0.549414944204472
"dat12_24","dr","SO2",97,1,0.159123396099898,0.269447869561838
"dat12_24","dr","SO2",97,2,-0.0187921457983811,2.36740976733325
"dat12_24","dr","SO2",97,3,0.0588897523138861,0.0987096006202509
"dat12_24","dr","SO2",97,4,0.150032524950332,0.195475434064752
"dat12_24","dr","SO2",97,5,-0.234995994007926,2.20397674142765
"dat12_24","dr","SO2",97,6,0.20707959259825,1.82112213264237
"dat12_24","dr","SO2",97,7,-0.146231210052744,5.57119174263306
"dat12_24","dr","SO2",97,8,0.280470401431775,0.229209086490444
"dat12_24","dr","SO2",97,9,0.298672834852009,0.149026001979943
"dat12_24","dr","SO2",97,10,0.259528387091111,0.111771255150744
"dat12_24","dr","SO2",97,11,0.131829585399256,0.148433984102001
"dat12_24","dr","SO2",97,12,-0.0419453534711171,6.0810868132054
"dat12_24","dr","SO2",97,13,0.091126388298893,0.146770810582689
"dat12_24","dr","SO2",97,14,-0.20145521832358,0.0619155586636585
"dat12_24","dr","SO2",97,15,0.0216223755149916,0.0975411594425347
"dat12_24","dr","SO2",97,16,0.133981067340587,0.147279499753084
"dat12_24","dr","SO2",97,17,0.00464599602688431,0.157857243989405
"dat12_24","dr","SO2",97,18,0.358521010280138,0.227558979883047
"dat12_24","dr","SO2",97,19,-0.267195705888682,0.553151025492603
"dat12_24","dr","SO2",97,20,-0.324949748102906,0.821418303466849
"dat12_24","dr","SO2",97,21,0.193291045789173,0.242843943026323
"dat12_24","dr","SO2",97,22,0.373746510364099,0.176951050029033
"dat12_24","dr","SO2",97,23,0.164447898297354,0.1413388208618
"dat12_24","dr","SO2",97,24,0.171419377219173,0.122212566998138
"dat12_24","dr","SO2",97,25,-0.582439935866094,0.210754731456807
"dat12_24","dr","SO2",97,26,-0.023999831998254,1.34504601512748
"dat12_24","dr","SO2",97,27,-0.0448752770796608,4.30532723481142
"dat12_24","dr","SO2",97,28,-0.0453031399329626,0.606897837483
"dat12_24","dr","SO2",97,29,0.582462648986478,0.184933326744133
"dat12_24","dr","SO2",97,30,-0.0330523143639546,0.198699372909663
"dat12_24","dr","SO2",97,31,0.493464015559496,0.208355818943221
"dat12_24","dr","SO2",97,32,0.500355267303138,0.167770863401713
"dat12_24","dr","SO2",97,33,0.350114024783795,0.36866736541559
"dat12_24","dr","SO2",97,34,0.109548903331601,6.97615767678293
"dat12_24","dr","SO2",97,35,-0.414383880888507,0.357136795110283
"dat12_24","dr","SO2",97,36,-0.322850548972027,0.171502978296718
"dat12_24","dr","SO2",97,37,-0.41784873986876,0.315236016815237
"dat12_24","dr","SO2",97,38,-0.399765350839151,0.309641891174032
"dat12_24","dr","SO2",97,39,0.0194642134623144,0.440564486751523
"dat12_24","dr","SO2",97,40,0.296127440186425,0.178412315783227
"dat12_24","dr","SO2",97,41,0.550363358692227,0.214096633657315
"dat12_24","dr","SO2",97,42,0.0248730037767194,0.190916347342758
"dat12_24","dr","SO2",97,43,0.245755938959488,0.211456797884467
"dat12_24","dr","SO2",97,44,0.321679615248114,0.193040575686124
"dat12_24","dr","SO2",97,45,0.477878933988864,0.172942705299732
"dat12_24","dr","SO2",97,46,0.389890505926422,0.180508260877442
"dat12_24","dr","SO2",97,47,0.120751665875742,0.133531687918453
"dat12_24","dr","SO2",97,48,0.0256693730445865,0.134319944151408
"dat12_24","dr","SO2",97,49,-0.23804421320917,0.547374985639842
"dat12_24","dr","SO2",97,50,0.163577849139272,0.135672355237723
"dat12_24","dr","SO2",97,51,0.220780706171733,0.265357559374828
"dat12_24","dr","SO2",97,52,0.310145413425376,0.222526082958857
"dat12_24","dr","SO2",97,53,0.0752533004000794,0.256583269671998
"dat12_24","dr","SO2",97,54,0.348544767393273,0.215288050646541
"dat12_24","dr","SO2",97,55,-0.0947898369642919,0.363671542012458
"dat12_24","dr","SO2",97,56,0.410209264321904,0.304983567923907
"dat12_24","dr","SO2",97,57,0.483008566869486,0.525438793195571
"dat12_24","dr","SO2",97,58,0.289570574630524,0.361473405002271
"dat12_24","dr","SO2",97,59,0.356012734249046,0.123474135776904
"dat12_24","dr","SO2",97,60,0.15109828764926,0.176989510350589
"dat12_24","dr","SO2",97,61,0.213664923563096,0.346098740777217
"dat12_24","dr","SO2",97,62,0.209427041498369,0.238611784210556
"dat12_24","dr","SO2",97,63,0.430901829966841,0.416756863988746
"dat12_24","dr","SO2",97,64,0.433388257358101,0.226848961772396
"dat12_24","dr","SO2",97,65,0.344998987151709,0.667417478263822
"dat12_24","dr","SO2",97,66,0.391616521217627,0.65453583124597
"dat12_24","dr","SO2",97,67,0.23723691684915,0.572390070035614
"dat12_24","dr","SO2",97,68,0.161407686382122,0.382884686472633
"dat12_24","dr","SO2",97,69,0.407924222008218,0.223891133917282
"dat12_24","dr","SO2",97,70,0.216886384253551,0.670084027389934
"dat12_24","dr","SO2",97,71,0.12388001895221,0.082088782291222
"dat12_24","dr","SO2",97,72,0.209477059011777,0.13716960469793
"dat12_24","dr","SO2",97,73,0.126570829213866,0.294256935996568
"dat12_24","dr","SO2",97,74,0.0385621514437352,0.286849033980779
"dat12_24","dr","SO2",97,75,0.193650689398406,0.10159493045883
"dat12_24","dr","SO2",97,76,0.0965287921364474,0.112838205578726
"dat12_24","dr","SO2",97,77,-0.096417798500018,0.470624878941685
"dat12_24","dr","SO2",97,78,0.157609187435652,0.354216143486214
"dat12_24","dr","SO2",97,79,-0.136858584409926,0.360393472254176
"dat12_24","dr","SO2",97,80,-0.0427737332563587,0.925019224627359
"dat12_24","dr","SO2",97,81,-0.0416535569313587,1.19107031894043
"dat12_24","dr","SO2",97,82,0.0738261301998827,0.416166276914585
"dat12_24","dr","SO2",97,83,-0.240184461473646,0.120063522603702
"dat12_24","dr","SO2",97,84,-0.0269911859772597,0.144146675054575
"dat12_24","dr","SO2",97,85,-0.146366799473316,0.104658361972245
"dat12_24","dr","SO2",97,86,-0.0841290119472775,0.173222684785366
"dat12_24","dr","SO2",97,87,-0.00740389654473975,0.155484506015478
"dat12_24","dr","SO2",97,88,-0.115100739854285,0.191444610141912
"dat12_24","dr","SO2",97,89,-0.252441235947418,0.299677824032404
"dat12_24","dr","SO2",97,90,-0.289760501128022,0.414303300915562
"dat12_24","dr","SO2",97,91,-0.13592256124113,0.194617458341535
"dat12_24","dr","SO2",97,92,0.00118800644315173,0.226811638599929
"dat12_24","dr","SO2",97,93,-0.0488146910993914,0.16620260851749
"dat12_24","dr","SO2",97,94,-0.194499829734303,0.248298011995571
"dat12_24","dr","SO2",97,95,0.011985692685346,0.0994740111170002
"dat12_24","dr","SO2",97,96,0,NA
"dat12_24","dr","SO2",97,97,0.0591438499421598,0.0649596219901971
"dat12_24","dr","SO2",97,98,0.0254678957268926,0.0995416969091072
"dat12_24","dr","SO2",97,99,-0.0500534018852808,0.115846370887522
"dat12_24","dr","SO2",97,100,-0.149302967283018,0.121455087294652
"dat12_24","dr","SO2",97,101,-0.178777426671716,0.142900088393766
"dat12_24","dr","SO2",97,102,0.00300560874619928,0.116591262353359
"dat12_24","dr","SO2",97,103,-0.164344295388343,0.101852648235855
"dat12_24","dr","SO2",97,104,-0.099675687653041,0.0682438817983806
"dat12_24","dr","SO2",97,105,-0.205359665276693,0.0908137019275621
"dat12_24","dr","SO2",97,106,-0.153607966648331,0.0908701567131584
"dat12_24","dr","SO2",97,107,-0.144708110951049,0.0958869636162099
"dat12_24","dr","SO2",97,108,-0.0833842938724879,0.116579860343191
"dat12_24","dr","SO2",97,109,-0.135095425911317,0.0940266756248359
"dat12_24","dr","SO2",97,110,-0.200432630892525,0.0955770272442111
"dat12_24","dr","SO2",97,111,-0.207116064196156,0.0914403754284495
"dat12_24","dr","SO2",97,112,-0.152732271544732,0.0956171649220347
"dat12_24","dr","SO2",97,113,-0.182021263751911,0.090409785889056
"dat12_24","dr","SO2",97,114,-0.182375805558293,0.126698532295477
"dat12_24","dr","SO2",97,115,-0.147407957431223,0.114150839145224
"dat12_24","dr","SO2",97,116,-0.123626217802634,0.138806065869554
"dat12_24","dr","SO2",97,117,-0.114155102214367,0.140334425297579
"dat12_24","dr","SO2",97,118,0.0315961717349876,0.110483130102262
"dat12_24","dr","SO2",97,119,-0.151747104287706,0.125927970678487
"dat12_24","dr","SO2",97,120,-0.290753002729284,0.127936024715997
"dat12_24","dr","SO2",97,121,-0.281329436150295,0.136422577075543
"dat12_24","dr","SO2",97,122,-0.346192047039238,0.135199270804281
"dat12_24","dr","SO2",97,123,-0.35187152630039,0.120755313003374
"dat12_24","dr","SO2",97,124,-0.308352316082609,0.105915288316173
"dat12_24","dr","SO2",97,125,-0.379360052759901,0.14814580276054
"dat12_24","dr","SO2",97,126,-0.386297252177568,0.140253139574119
"dat12_24","dr","SO2",97,127,-0.381343128009516,0.15160331244423
"dat12_24","dr","SO2",97,128,-0.34762269010634,0.14378164492997
"dat12_24","dr","SO2",97,129,-0.330251075805519,0.145394024109839
"dat12_24","dr","SO2",97,130,-0.232772674166934,0.12769230217798
"dat12_24","dr","SO2",97,131,-0.209542357624586,0.0998459683039293
"dat12_24","dr","SO2",97,132,-0.30696823048136,0.106948122727048
"dat12_24","dr","SO2",97,133,-0.335183920093554,0.125865560174923
"dat12_24","dr","SO2",97,134,-0.419364615925561,0.134059440241796
"dat12_24","dr","SO2",97,135,-0.295835015745098,0.125174702594804
"dat12_24","dr","SO2",97,136,-0.298755001122444,0.127818613936921
"dat12_24","dr","SO2",97,137,-0.195515202993137,0.114493186620973
"dat12_24","dr","SO2",97,138,-0.230242681935119,0.125835518518091
"dat12_24","dr","SO2",97,139,-0.18046589842453,0.0914315469798878
"dat12_24","dr","SO2",97,140,-0.217871009818278,0.114177343344121
"dat12_24","dr","SO2",97,141,-0.159052525947312,0.131073222456726
"dat12_24","dr","SO2",97,142,-0.1301997091496,0.118926543305704
"dat12_24","dr","SO2",97,143,-0.206554456503755,0.119382236629422
"dat12_24","dr","SO2",97,144,-0.245508577754297,0.140218508054276
"dat12_24","dr","SO2",97,145,-0.267623966479304,0.123167868175696
"dat12_24","dr","SO2",97,146,-0.267475553922845,0.126528203616522
"dat12_24","dr","SO2",97,147,-0.231492709111214,0.129922204967347
"dat12_24","dr","SO2",97,148,-0.27181777631449,0.139428757222574
"dat12_24","dr","SO2",97,149,-0.226243285463107,0.134754099937153
"dat12_24","dr","SO2",97,150,-0.164251622315841,0.132541974598534
"dat12_24","dr","SO2",97,151,-0.194516306364332,0.136907653688469
"dat12_24","dr","SO2",97,152,-0.188314769068506,0.146333955079303
"dat12_24","dr","SO2",97,153,-0.31548152660792,0.139557836212993
"dat12_24","dr","SO2",97,154,-0.308781404573436,0.108010225667373
"dat12_24","dr","SO2",97,155,-0.283044294163193,0.0895391010513255
"dat12_24","dr","SO2",97,156,-0.250938288181909,0.0695594735549707
"dat12_24","dr","O3",61,1,-0.028807222813372,18.6567917661361
"dat12_24","dr","O3",61,2,-0.221005248498406,11.1280305734167
"dat12_24","dr","O3",61,3,-1.41788838758012,63.5974592957609
"dat12_24","dr","O3",61,4,-1.50328341054965,50.0530662314164
"dat12_24","dr","O3",61,5,-0.446934124409373,20.1007899638124
"dat12_24","dr","O3",61,6,0.217011549515054,38.5603536509581
"dat12_24","dr","O3",61,7,-0.49537173383747,43.0999112179925
"dat12_24","dr","O3",61,8,-1.98910876209611,29.9394193291327
"dat12_24","dr","O3",61,9,0.242732078640595,26.8302196884389
"dat12_24","dr","O3",61,10,0.708669331113404,47.5566055686583
"dat12_24","dr","O3",61,11,0.168862069119119,28.7024337680626
"dat12_24","dr","O3",61,12,1.24319191199352,15.0904729347097
"dat12_24","dr","O3",61,13,0.526339869178109,30.2151561738824
"dat12_24","dr","O3",61,14,0.831647726558974,34.0099278820656
"dat12_24","dr","O3",61,15,1.0590247549735,43.9914079683285
"dat12_24","dr","O3",61,16,0.820840249632693,12.2730166384232
"dat12_24","dr","O3",61,17,1.32380997111413,31.2123829720352
"dat12_24","dr","O3",61,18,0.568092177361727,28.6993160747927
"dat12_24","dr","O3",61,19,-1.33374217312026,24.4377975710117
"dat12_24","dr","O3",61,20,-0.853216972082876,21.5898566900443
"dat12_24","dr","O3",61,21,1.00950595644786,36.0519211151152
"dat12_24","dr","O3",61,22,0.693304332082497,16.0653981123878
"dat12_24","dr","O3",61,23,-0.619372546421829,10.0793714897061
"dat12_24","dr","O3",61,24,-0.510058095058633,21.8095926415348
"dat12_24","dr","O3",61,25,-0.410438137847527,18.8935470094791
"dat12_24","dr","O3",61,26,0.574578585238884,43.8403306197211
"dat12_24","dr","O3",61,27,0.389687275675667,37.3889464023998
"dat12_24","dr","O3",61,28,1.72088435315574,21.5627203700963
"dat12_24","dr","O3",61,29,2.55306734185092,79.3304060983165
"dat12_24","dr","O3",61,30,2.4378053211258,53.6899041381598
"dat12_24","dr","O3",61,31,5.4866468935112,58.1793294220591
"dat12_24","dr","O3",61,32,-1.26714318700383,26.0290369023673
"dat12_24","dr","O3",61,33,0.589624519980974,45.4257962668727
"dat12_24","dr","O3",61,34,-0.43718865651105,16.4815419043465
"dat12_24","dr","O3",61,35,0.261675278113662,14.2628881904974
"dat12_24","dr","O3",61,36,0.0606279905018983,29.8558413330859
"dat12_24","dr","O3",61,37,-0.00168909548777396,11.3396980781989
"dat12_24","dr","O3",61,38,-0.762868368207136,53.6960815359737
"dat12_24","dr","O3",61,39,0.189001653166041,27.0211601897435
"dat12_24","dr","O3",61,40,-0.359130982631676,6.66417984243775
"dat12_24","dr","O3",61,41,0.432329498074592,34.7282312580122
"dat12_24","dr","O3",61,42,-1.28831906045968,12.4317641533258
"dat12_24","dr","O3",61,43,-3.53705265600249,42.9129837104242
"dat12_24","dr","O3",61,44,-1.23964671781834,38.9739814974561
"dat12_24","dr","O3",61,45,0.587706990434548,7.89185984998752
"dat12_24","dr","O3",61,46,0.411245222262419,2.13005113364878
"dat12_24","dr","O3",61,47,0.33316196992434,9.55848244922569
"dat12_24","dr","O3",61,48,-0.0735758656380334,10.6295921846344
"dat12_24","dr","O3",61,49,0.615948147168657,15.3465858232663
"dat12_24","dr","O3",61,50,0.435388131477343,12.6417895351009
"dat12_24","dr","O3",61,51,0.504331445795849,20.0523078791118
"dat12_24","dr","O3",61,52,0.13025978781836,11.0782434725513
"dat12_24","dr","O3",61,53,1.07042753930524,16.8062615751102
"dat12_24","dr","O3",61,54,0.717789328704246,16.1622889959277
"dat12_24","dr","O3",61,55,-2.83542423028023,10.8318886281645
"dat12_24","dr","O3",61,56,-3.94609034685672,12.9772140241409
"dat12_24","dr","O3",61,57,-1.39709066817227,18.1393601461375
"dat12_24","dr","O3",61,58,0.102168064074028,7.40308460165638
"dat12_24","dr","O3",61,59,-0.495915576892142,5.08699344131897
"dat12_24","dr","O3",61,60,0,NA
"dat12_24","dr","O3",61,61,0.511497948854748,9.65631587117449
"dat12_24","dr","O3",61,62,-0.00321036420375781,9.43838253437272
"dat12_24","dr","O3",61,63,0.438387903605129,16.1117352105211
"dat12_24","dr","O3",61,64,1.00444920643678,5.59426269354445
"dat12_24","dr","O3",61,65,1.22368595919061,3.70298857865137
"dat12_24","dr","O3",61,66,2.05817070517134,15.6100091284154
"dat12_24","dr","O3",61,67,0.153531101053994,11.3346513366248
"dat12_24","dr","O3",61,68,0.141102033927994,10.9952598812001
"dat12_24","dr","O3",61,69,1.15239182394328,10.622693513604
"dat12_24","dr","O3",61,70,1.54566682837913,26.967669161916
"dat12_24","dr","O3",61,71,0.962948701755752,22.7813826330429
"dat12_24","dr","O3",61,72,0.613573468144803,21.7519047760459
"dat12_24","dr","O3",61,73,0.894077510092361,4.78060291904603
"dat12_24","dr","O3",61,74,0.631211021856603,3.58109048208018
"dat12_24","dr","O3",61,75,0.489027731423353,18.3589797165605
"dat12_24","dr","O3",61,76,0.087962163488593,20.5581252690515
"dat12_24","dr","O3",61,77,-2.00209514977235,11.3011946963082
"dat12_24","dr","O3",61,78,-1.9681562497442,22.2897681917828
"dat12_24","dr","O3",61,79,-2.56020535416668,56.2106820360054
"dat12_24","dr","O3",61,80,1.36650573619447,38.0756772409537
"dat12_24","dr","O3",61,81,1.94153847446257,3.96469933362493
"dat12_24","dr","O3",61,82,1.34836146545157,12.8085295236689
"dat12_24","dr","O3",61,83,2.21037573131496,20.1870745453672
"dat12_24","dr","O3",61,84,1.76899753247536,10.0768042883535
"dat12_24","dr","O3",61,85,1.55298017344937,19.9799073731748
"dat12_24","dr","O3",61,86,-0.727007795252436,10.9516969543063
"dat12_24","dr","O3",61,87,-1.33580671490904,31.420740123468
"dat12_24","dr","O3",61,88,-3.53231875497024,21.8716445760799
"dat12_24","dr","O3",61,89,-4.05463859541086,23.0579839151656
"dat12_24","dr","O3",61,90,-3.05173151229388,39.0532493350299
"dat12_24","dr","O3",61,91,-0.542959763186793,23.8235494636221
"dat12_24","dr","O3",61,92,-0.937697819325645,20.9670067481055
"dat12_24","dr","O3",61,93,-0.847068540243812,13.0574036423182
"dat12_24","dr","O3",61,94,0.423464012612646,4.23416515820575
"dat12_24","dr","O3",61,95,0.225374794117125,10.3230364629021
"dat12_24","dr","O3",61,96,1.59272963787522,12.714163537701
"dat12_24","dr","O3",61,97,-1.06117656713847,4.55332841017405
"dat12_24","dr","O3",61,98,-1.71070055396385,8.5723018725667
"dat12_24","dr","O3",61,99,-3.0597497175781,8.53928641037971
"dat12_24","dr","O3",61,100,-3.86089963089687,13.9517018912826
"dat12_24","dr","O3",61,101,-1.43558558960946,19.1364518994845
"dat12_24","dr","O3",61,102,-0.406386681598889,24.5479711315396
"dat12_24","dr","O3",61,103,3.53206206319316,10.7539090159973
"dat12_24","dr","O3",61,104,-2.66348034806876,18.1249182598248
"dat12_24","dr","O3",61,105,0.465492909900412,7.87657732391663
"dat12_24","dr","O3",61,106,0.503603053120488,7.00103287511404
"dat12_24","dr","O3",61,107,1.27426158721454,8.59614710087013
"dat12_24","dr","O3",61,108,1.65415739681706,11.820993504368
"dat12_24","dr","O3",61,109,-1.55918238614947,4.99825894601114
"dat12_24","dr","O3",61,110,-1.61989921762092,8.48111194815518
"dat12_24","dr","O3",61,111,-4.19858467861906,9.34168865771148
"dat12_24","dr","O3",61,112,-3.86760322026335,29.8608725096703
"dat12_24","dr","O3",61,113,-0.706784642514267,22.2244971407013
"dat12_24","dr","O3",61,114,-0.212926500875585,49.4747777387948
"dat12_24","dr","O3",61,115,6.55836121884558,28.0078412212265
"dat12_24","dr","O3",61,116,2.87994261207977,15.7160288451715
"dat12_24","dr","O3",61,117,1.80764879817523,22.7025465218035
"dat12_24","dr","O3",61,118,1.74975445732958,11.376287250096
"dat12_24","dr","O3",61,119,1.54631916875891,2.6848497720189
"dat12_24","dr","O3",61,120,0.437636845293047,10.4990737175112
"dat12_24","dr","O3",61,121,0.689041508609806,16.4774438793119
"dat12_24","dr","O3",61,122,-2.10456177607321,26.7594891271495
"dat12_24","dr","O3",61,123,-3.6012109441548,36.1041224993946
"dat12_24","dr","O3",61,124,-1.77067682362626,40.9601516115037
"dat12_24","dr","O3",61,125,-3.20903871606244,55.8357337730104
"dat12_24","dr","O3",61,126,-2.98559596014849,48.7770768324331
"dat12_24","dr","O3",61,127,6.28744854558424,36.456092139497
"dat12_24","dr","O3",61,128,2.22280941462364,8.05694976824275
"dat12_24","dr","O3",61,129,3.15916540399939,12.2249797061781
"dat12_24","dr","O3",61,130,0.829855111057153,17.3127197209098
"dat12_24","dr","O3",61,131,1.15018973143826,14.1589111456884
"dat12_24","dr","O3",61,132,0.967072361225828,14.5540409324206
"dat12_24","dr","O3",61,133,0.521736878533351,12.1753423382079
"dat12_24","dr","O3",61,134,-0.616669381924389,18.2401475387232
"dat12_24","dr","O3",61,135,-3.1943922561734,36.4820610683745
"dat12_24","dr","O3",61,136,-3.00359699402973,36.8737606637673
"dat12_24","dr","O3",61,137,-2.94565901669103,35.003002481197
"dat12_24","dr","O3",61,138,1.53829052889633,36.9908704804075
"dat12_24","dr","O3",61,139,4.69647003939771,15.2511785734873
"dat12_24","dr","O3",61,140,3.67057451482387,25.8999711794376
"dat12_24","dr","O3",61,141,3.30963921157271,24.9990474388594
"dat12_24","dr","O3",61,142,2.43276735996751,19.5313245088973
"dat12_24","dr","O3",61,143,1.29927251712056,4.67182003502174
"dat12_24","dr","O3",61,144,-0.00299844431402296,7.58560646801629
"dat12_24","dr","O3",61,145,0.403710790943955,15.3226398409487
"dat12_24","dr","O3",61,146,-0.936600095377452,19.3216480808436
"dat12_24","dr","O3",61,147,-2.30050765213611,26.8438889461061
"dat12_24","dr","O3",61,148,-1.20732507615683,24.5498093845679
"dat12_24","dr","O3",61,149,-1.03005036382801,35.3358506023291
"dat12_24","dr","O3",61,150,2.75770898090503,24.5392586743021
"dat12_24","dr","O3",61,151,5.13334169899475,17.0731654501944
"dat12_24","dr","O3",61,152,6.29855891824198,25.0997784911938
"dat12_24","dr","O3",61,153,2.22471228065432,26.3649787020618
"dat12_24","dr","O3",61,154,2.670187472873,13.9850114590312
"dat12_24","dr","O3",61,155,1.29987439420064,14.079813913155
"dat12_24","dr","O3",61,156,-1.26174743411166,17.9996364551606
"dat12_24","dr","O3",79,1,0.694525968657888,20.8593783978695
"dat12_24","dr","O3",79,2,0.149113611356367,2.66416652117089
"dat12_24","dr","O3",79,3,0.448307382089523,2.11406637775024
"dat12_24","dr","O3",79,4,-2.19654595266782,0.623954270904411
"dat12_24","dr","O3",79,5,-1.23842573131755,3.57811743663929
"dat12_24","dr","O3",79,6,-0.606007063446422,7.26356619109908
"dat12_24","dr","O3",79,7,-1.6404409402399,1.12921194883301
"dat12_24","dr","O3",79,8,4.94403873151205,0.946283929242531
"dat12_24","dr","O3",79,9,-0.578371058940555,0.70408454935364
"dat12_24","dr","O3",79,10,3.64694194463106,6.25133770058883
"dat12_24","dr","O3",79,11,-2.84911148638125,1.84488099148847
"dat12_24","dr","O3",79,12,-0.802599626419263,6.62666124191627
"dat12_24","dr","O3",79,13,-0.610155324697561,0.677290587042712
"dat12_24","dr","O3",79,14,-1.28595728778002,0.792389166876232
"dat12_24","dr","O3",79,15,-0.213171282166099,0.932281073864938
"dat12_24","dr","O3",79,16,-4.77898440373661,9.64433055789939
"dat12_24","dr","O3",79,17,-2.43339871634499,0.863903260924691
"dat12_24","dr","O3",79,18,1.21458889084204,0.638319054191376
"dat12_24","dr","O3",79,19,1.00722979510851,3.53207104653122
"dat12_24","dr","O3",79,20,-0.300042780053188,1.32685504342226
"dat12_24","dr","O3",79,21,-1.50505038914289,1.78190246246375
"dat12_24","dr","O3",79,22,0.339648651300763,0.673298282980887
"dat12_24","dr","O3",79,23,-0.304782457383772,0.597559254647433
"dat12_24","dr","O3",79,24,-2.35915379338663,0.540067184832995
"dat12_24","dr","O3",79,25,-1.73298150152433,0.73128649384174
"dat12_24","dr","O3",79,26,-2.03107922932137,0.714670028689267
"dat12_24","dr","O3",79,27,-0.0294416841388775,2.9562420105401
"dat12_24","dr","O3",79,28,-3.19335286417285,1.61714645977091
"dat12_24","dr","O3",79,29,-0.389270865187345,0.509203170896053
"dat12_24","dr","O3",79,30,-0.946826521096791,0.451168689268553
"dat12_24","dr","O3",79,31,5.47260908213237,1.32221400499669
"dat12_24","dr","O3",79,32,-0.365334554090428,2.50844445676295
"dat12_24","dr","O3",79,33,-1.865087902156,0.499938382833852
"dat12_24","dr","O3",79,34,-2.86382458856509,0.718170542237291
"dat12_24","dr","O3",79,35,-1.83129896947396,2.31929885937611
"dat12_24","dr","O3",79,36,-1.92790446185042,0.933875732012286
"dat12_24","dr","O3",79,37,-0.411599124632992,4.25277281328595
"dat12_24","dr","O3",79,38,-1.95107555435047,0.930074420369709
"dat12_24","dr","O3",79,39,-2.78037185643666,1.27369609300283
"dat12_24","dr","O3",79,40,-1.10248495933899,0.702505776887018
"dat12_24","dr","O3",79,41,0.292163102117192,0.707863021898289
"dat12_24","dr","O3",79,42,1.47230341797242,2.56829721183979
"dat12_24","dr","O3",79,43,1.75693549402537,2.03626977060393
"dat12_24","dr","O3",79,44,1.43358166560466,4.03249438083072
"dat12_24","dr","O3",79,45,-0.866853196899376,0.625733598906099
"dat12_24","dr","O3",79,46,-2.0369983214164,1.76641020856807
"dat12_24","dr","O3",79,47,-3.19659546297081,0.784735115082016
"dat12_24","dr","O3",79,48,-0.674722661936918,2.40888471842023
"dat12_24","dr","O3",79,49,-0.112653634213313,2.51333854824854
"dat12_24","dr","O3",79,50,-0.71636846890492,0.370456027403228
"dat12_24","dr","O3",79,51,-0.326310616620947,3.57080119928045
"dat12_24","dr","O3",79,52,-0.820319033313259,2.22559679692725
"dat12_24","dr","O3",79,53,-0.260622642984898,0.668134633143443
"dat12_24","dr","O3",79,54,2.69341990889328,2.95328834460503
"dat12_24","dr","O3",79,55,-0.384623573622129,0.579091755123827
"dat12_24","dr","O3",79,56,0.102902165498749,2.1281944539313
"dat12_24","dr","O3",79,57,-0.099859015789176,1.38982645853202
"dat12_24","dr","O3",79,58,-0.461725884238011,1.67348181120395
"dat12_24","dr","O3",79,59,-0.00507851712226892,4.01549774729412
"dat12_24","dr","O3",79,60,0.426893974416398,3.2569449585392
"dat12_24","dr","O3",79,61,-1.06749289392708,0.444392332279608
"dat12_24","dr","O3",79,62,-0.208953116347726,0.988727166888885
"dat12_24","dr","O3",79,63,0.0803399929553974,0.697687486589911
"dat12_24","dr","O3",79,64,1.07375464100592,2.01498539135914
"dat12_24","dr","O3",79,65,1.44102245038045,0.902825178431181
"dat12_24","dr","O3",79,66,1.37260993630668,0.377970840986926
"dat12_24","dr","O3",79,67,1.18644111335907,0.641223663131105
"dat12_24","dr","O3",79,68,2.35091738539899,1.98217757224934
"dat12_24","dr","O3",79,69,2.06297207393834,1.58044816241716
"dat12_24","dr","O3",79,70,-1.17417584933842,1.45996407977955
"dat12_24","dr","O3",79,71,0.214616593248292,1.50219754110752
"dat12_24","dr","O3",79,72,4.24403715467614,7.22325653596282
"dat12_24","dr","O3",79,73,-0.613625834489886,0.650601761975821
"dat12_24","dr","O3",79,74,1.00575411799817,1.9134323433998
"dat12_24","dr","O3",79,75,0.34177231493544,0.388722952792129
"dat12_24","dr","O3",79,76,-1.49949857779213,1.54375190158208
"dat12_24","dr","O3",79,77,-0.0812074287319782,0.51715409143506
"dat12_24","dr","O3",79,78,0,NA
"dat12_24","dr","O3",79,79,0.291735652728256,1.03060975220956
"dat12_24","dr","O3",79,80,3.96711484035324,2.20463606631721
"dat12_24","dr","O3",79,81,2.53615216480255,1.24661557021764
"dat12_24","dr","O3",79,82,1.29685717746393,0.787717842336624
"dat12_24","dr","O3",79,83,1.48320064419573,0.654448040169354
"dat12_24","dr","O3",79,84,1.35353582735949,0.554333688090313
"dat12_24","dr","O3",79,85,0.517810619322983,0.651376219208368
"dat12_24","dr","O3",79,86,0.0662136831062565,0.550549738613172
"dat12_24","dr","O3",79,87,0.00150634269340943,0.587030177884234
"dat12_24","dr","O3",79,88,0.375383775472205,0.689210486678726
"dat12_24","dr","O3",79,89,1.14311447732801,1.1767433037398
"dat12_24","dr","O3",79,90,1.79355389039999,1.53787428094756
"dat12_24","dr","O3",79,91,3.08288438614356,1.85568249416447
"dat12_24","dr","O3",79,92,3.4983380077819,1.85690125985281
"dat12_24","dr","O3",79,93,1.6016633295834,1.09031398003176
"dat12_24","dr","O3",79,94,1.64472276474863,1.27545444333121
"dat12_24","dr","O3",79,95,1.2016535407064,0.938000977624293
"dat12_24","dr","O3",79,96,1.20107000605311,0.595152929286563
"dat12_24","dr","O3",79,97,1.1516927792578,0.905922285480708
"dat12_24","dr","O3",79,98,1.51564799731332,0.862970066906624
"dat12_24","dr","O3",79,99,3.01613450348043,1.87088706315578
"dat12_24","dr","O3",79,100,3.96243559285865,1.52881446837381
"dat12_24","dr","O3",79,101,4.60350673122123,1.62993324708342
"dat12_24","dr","O3",79,102,8.30053822863275,2.9614145858028
"dat12_24","dr","O3",79,103,9.43427625424603,3.16477069861738
"dat12_24","dr","O3",79,104,3.81940244686568,2.6150679570503
"dat12_24","dr","O3",79,105,4.14825227192897,2.44598890298882
"dat12_24","dr","O3",79,106,1.41226255483238,1.0906140508556
"dat12_24","dr","O3",79,107,2.07851286144683,1.00531325165479
"dat12_24","dr","O3",79,108,2.04228279307526,0.818814235484729
"dat12_24","dr","O3",79,109,1.22412565177194,0.985949867478751
"dat12_24","dr","O3",79,110,1.49330216660106,1.91737017237278
"dat12_24","dr","O3",79,111,0.909701139013269,1.82830235702298
"dat12_24","dr","O3",79,112,3.18065562920185,2.01673019382433
"dat12_24","dr","O3",79,113,2.84682128713158,0.5709957948417
"dat12_24","dr","O3",79,114,6.22085720217242,1.60212867289342
"dat12_24","dr","O3",79,115,13.3594953192796,3.45409909930029
"dat12_24","dr","O3",79,116,8.03094264964819,3.58085041648001
"dat12_24","dr","O3",79,117,5.19989762951997,2.58838056142129
"dat12_24","dr","O3",79,118,1.64091985966336,0.945938739821383
"dat12_24","dr","O3",79,119,1.81244986073048,1.07139208522346
"dat12_24","dr","O3",79,120,0.865685554297174,0.669179025017696
"dat12_24","dr","O3",79,121,1.13223151156838,0.754371101121369
"dat12_24","dr","O3",79,122,-0.0734342392498436,0.706732416251482
"dat12_24","dr","O3",79,123,-1.69425829498065,0.634256832551161
"dat12_24","dr","O3",79,124,3.84944468365622,1.74860258510981
"dat12_24","dr","O3",79,125,2.04171117182055,1.11640543953557
"dat12_24","dr","O3",79,126,4.63399392376807,1.83790986076258
"dat12_24","dr","O3",79,127,10.0392119842384,2.54440066536838
"dat12_24","dr","O3",79,128,7.79334437278187,3.61454812421372
"dat12_24","dr","O3",79,129,7.23645127916676,2.83992462577806
"dat12_24","dr","O3",79,130,1.80415830931192,0.723344634590993
"dat12_24","dr","O3",79,131,0.599672828146608,0.647264977641166
"dat12_24","dr","O3",79,132,0.729253303124426,0.696578808686009
"dat12_24","dr","O3",79,133,0.0799786262501867,0.759302996050507
"dat12_24","dr","O3",79,134,1.48010938653721,0.899701376119736
"dat12_24","dr","O3",79,135,1.94351615915276,1.02390025664194
"dat12_24","dr","O3",79,136,3.50753150430028,1.4348619132463
"dat12_24","dr","O3",79,137,4.7583066821971,2.01233453226036
"dat12_24","dr","O3",79,138,8.19155696175325,1.95872666794255
"dat12_24","dr","O3",79,139,11.4854196640266,3.06549040764047
"dat12_24","dr","O3",79,140,8.74127289875193,2.76817345910114
"dat12_24","dr","O3",79,141,7.10690213116288,2.06728688069865
"dat12_24","dr","O3",79,142,1.53698267686533,0.688836845822569
"dat12_24","dr","O3",79,143,2.39369594026274,0.778317141439954
"dat12_24","dr","O3",79,144,0.850267306510918,0.697510058811186
"dat12_24","dr","O3",79,145,1.63519029101094,0.68861115458954
"dat12_24","dr","O3",79,146,2.14214068548643,1.24948857292176
"dat12_24","dr","O3",79,147,2.8729639013125,1.66950638609446
"dat12_24","dr","O3",79,148,7.21992488546845,3.4423054256402
"dat12_24","dr","O3",79,149,4.5655343736769,1.43586892267364
"dat12_24","dr","O3",79,150,9.32164143693479,2.64586532908155
"dat12_24","dr","O3",79,151,10.2063076745822,3.18416131893194
"dat12_24","dr","O3",79,152,12.0209862054699,3.62032459086097
"dat12_24","dr","O3",79,153,7.91906315834686,2.95814387101156
"dat12_24","dr","O3",79,154,3.12972719377229,1.13954788709071
"dat12_24","dr","O3",79,155,2.31203762378465,1.11243036157516
"dat12_24","dr","O3",79,156,-0.275689749168925,0.827458369920278
"dat12_24","dr","O3",97,1,-0.462400636690577,0.387615774765827
"dat12_24","dr","O3",97,2,-0.238592575451017,20.1307802626849
"dat12_24","dr","O3",97,3,-0.183979587850223,0.53815619059702
"dat12_24","dr","O3",97,4,0.475725086984102,0.732147103175821
"dat12_24","dr","O3",97,5,-0.771808137799907,36.1058138062315
"dat12_24","dr","O3",97,6,1.80408812575795,7.82682571434417
"dat12_24","dr","O3",97,7,1.24798247176415,12.7650950154227
"dat12_24","dr","O3",97,8,4.28659424640439,0.896902327812834
"dat12_24","dr","O3",97,9,-0.309217861778358,0.359929557801198
"dat12_24","dr","O3",97,10,0.711037008457732,0.300313959736122
"dat12_24","dr","O3",97,11,0.372133002500897,0.47622435732666
"dat12_24","dr","O3",97,12,0.307050195737945,8.04155004273983
"dat12_24","dr","O3",97,13,0.483467248159789,0.742054812239541
"dat12_24","dr","O3",97,14,-0.344855227855192,0.381275719677015
"dat12_24","dr","O3",97,15,0.479103196571073,0.40524533051249
"dat12_24","dr","O3",97,16,0.489899071009345,0.458759734055534
"dat12_24","dr","O3",97,17,1.04316032024937,0.629146691022266
"dat12_24","dr","O3",97,18,0.252698981613845,0.67885194507264
"dat12_24","dr","O3",97,19,1.54946536804112,0.857607988610189
"dat12_24","dr","O3",97,20,0.870100293416022,0.941770020698615
"dat12_24","dr","O3",97,21,0.617788764060756,1.04266324241152
"dat12_24","dr","O3",97,22,0.537155945952363,0.416694477850749
"dat12_24","dr","O3",97,23,-0.215396444139817,0.50208343348916
"dat12_24","dr","O3",97,24,0.36221115150749,0.384990720092229
"dat12_24","dr","O3",97,25,-0.00648583007094738,0.49795809846543
"dat12_24","dr","O3",97,26,-1.07410777879347,21.2861720320281
"dat12_24","dr","O3",97,27,1.17028902954469,29.4824897282716
"dat12_24","dr","O3",97,28,1.90852760071183,1.7685126377995
"dat12_24","dr","O3",97,29,0.750204293781123,0.699175740585139
"dat12_24","dr","O3",97,30,2.11101390781074,0.441105622215793
"dat12_24","dr","O3",97,31,5.23419560382004,0.957801457264016
"dat12_24","dr","O3",97,32,1.89118255427085,0.632114971172158
"dat12_24","dr","O3",97,33,0.906276539169413,0.373430126100813
"dat12_24","dr","O3",97,34,1.69938197103752,14.7081420115731
"dat12_24","dr","O3",97,35,0.822521560562959,0.725754558878632
"dat12_24","dr","O3",97,36,0.955193607096926,0.252664695975779
"dat12_24","dr","O3",97,37,0.271607171550336,0.496005916104657
"dat12_24","dr","O3",97,38,-0.171089630003087,0.605429282652213
"dat12_24","dr","O3",97,39,0.115781429793466,0.665921471083101
"dat12_24","dr","O3",97,40,0.109601903221404,0.45094048894873
"dat12_24","dr","O3",97,41,0.861710825838048,0.597280751954011
"dat12_24","dr","O3",97,42,0.945587649849425,0.456005890383625
"dat12_24","dr","O3",97,43,2.73604841106132,0.865541127396904
"dat12_24","dr","O3",97,44,2.98875857511025,0.638707223751258
"dat12_24","dr","O3",97,45,1.50069780807227,0.497534432667326
"dat12_24","dr","O3",97,46,-0.232332414141795,0.438231505587964
"dat12_24","dr","O3",97,47,-0.0632575597311955,0.516117911504238
"dat12_24","dr","O3",97,48,0.245912203212068,0.762528636978216
"dat12_24","dr","O3",97,49,0.411018528809465,1.31711411712642
"dat12_24","dr","O3",97,50,0.280106175546467,0.951025430318594
"dat12_24","dr","O3",97,51,0.439093354500502,0.638516742220905
"dat12_24","dr","O3",97,52,-0.936836025755283,0.99498360467981
"dat12_24","dr","O3",97,53,-1.35573384334012,1.51185252389154
"dat12_24","dr","O3",97,54,-0.151866455725168,1.00269133436794
"dat12_24","dr","O3",97,55,1.59205128341646,0.778422970432124
"dat12_24","dr","O3",97,56,0.819345149547064,0.958022144734188
"dat12_24","dr","O3",97,57,0.371259095055904,1.3701862879445
"dat12_24","dr","O3",97,58,0.149617715401616,0.592676078211659
"dat12_24","dr","O3",97,59,1.12061156563953,0.577822127292967
"dat12_24","dr","O3",97,60,0.40974462345267,0.437189002662424
"dat12_24","dr","O3",97,61,0.0322034145050932,1.4891422204246
"dat12_24","dr","O3",97,62,-0.519031168307418,1.02718035862682
"dat12_24","dr","O3",97,63,-0.858747496067711,2.36522962231251
"dat12_24","dr","O3",97,64,-1.1373117870614,1.15413643763961
"dat12_24","dr","O3",97,65,-1.59118671364901,2.30997609015634
"dat12_24","dr","O3",97,66,-1.2480468038149,1.64676244812154
"dat12_24","dr","O3",97,67,-0.94965276415865,5.24393743273002
"dat12_24","dr","O3",97,68,1.22480042483202,1.04260426977526
"dat12_24","dr","O3",97,69,-1.01621057117387,0.710607431021169
"dat12_24","dr","O3",97,70,-1.0442721773059,0.989426500821195
"dat12_24","dr","O3",97,71,-0.167324898105327,0.542635343165684
"dat12_24","dr","O3",97,72,-0.374445896768027,0.446045595567873
"dat12_24","dr","O3",97,73,0.225670263590289,0.518897768889256
"dat12_24","dr","O3",97,74,-0.463126980437959,0.735606761808932
"dat12_24","dr","O3",97,75,0.58019626057377,0.714921509895854
"dat12_24","dr","O3",97,76,-0.26712987757627,1.71623602105453
"dat12_24","dr","O3",97,77,0.0810852784268737,0.778365330376452
"dat12_24","dr","O3",97,78,-0.178442910234039,0.999728764366818
"dat12_24","dr","O3",97,79,1.12213763778434,1.38918456106869
"dat12_24","dr","O3",97,80,2.8120953986488,1.7177160227251
"dat12_24","dr","O3",97,81,0.601816056437378,1.60605238387938
"dat12_24","dr","O3",97,82,0.902849676464374,1.84662190626929
"dat12_24","dr","O3",97,83,1.02223362151339,0.312596059552995
"dat12_24","dr","O3",97,84,0.496434710835063,0.563165173287253
"dat12_24","dr","O3",97,85,-0.0533782163123263,0.127402617657365
"dat12_24","dr","O3",97,86,0.119637383297082,0.403600795831251
"dat12_24","dr","O3",97,87,0.144360895106427,0.428613639483748
"dat12_24","dr","O3",97,88,0.416551679317165,0.380319697984125
"dat12_24","dr","O3",97,89,1.76513039766844,0.495386517665658
"dat12_24","dr","O3",97,90,2.97907890123198,0.689732892098023
"dat12_24","dr","O3",97,91,4.6529304241665,0.607429498086537
"dat12_24","dr","O3",97,92,2.98725016816511,0.621420271901211
"dat12_24","dr","O3",97,93,1.63351022963313,0.47156278874964
"dat12_24","dr","O3",97,94,0.72744317379841,0.226391523560253
"dat12_24","dr","O3",97,95,0.266574180716818,0.197297633130086
"dat12_24","dr","O3",97,96,0,NA
"dat12_24","dr","O3",97,97,0.0961346655549447,0.224812042394429
"dat12_24","dr","O3",97,98,0.141635671290974,0.229867901275607
"dat12_24","dr","O3",97,99,-0.00121960728455615,0.424057376258446
"dat12_24","dr","O3",97,100,1.2520903434246,0.838339075243973
"dat12_24","dr","O3",97,101,1.76972696092343,0.812685939215731
"dat12_24","dr","O3",97,102,2.7468504203928,1.46304815153463
"dat12_24","dr","O3",97,103,2.67616918035928,0.962983736113852
"dat12_24","dr","O3",97,104,1.4792488921474,0.694704466851867
"dat12_24","dr","O3",97,105,0.862560420892385,0.76514118017573
"dat12_24","dr","O3",97,106,-0.323334952269945,0.549222920912016
"dat12_24","dr","O3",97,107,-0.0831331936853693,0.586167998198732
"dat12_24","dr","O3",97,108,0.0863292083730643,0.538878306004716
"dat12_24","dr","O3",97,109,-0.11519824602765,0.731569477376364
"dat12_24","dr","O3",97,110,-0.790440394058316,0.676670516986797
"dat12_24","dr","O3",97,111,-0.806056960526107,0.675784973079994
"dat12_24","dr","O3",97,112,-0.115999936016902,0.863782420852246
"dat12_24","dr","O3",97,113,1.65770690541183,0.613294291769325
"dat12_24","dr","O3",97,114,1.56140224046702,1.03619518567449
"dat12_24","dr","O3",97,115,4.1539700249508,1.02381646354898
"dat12_24","dr","O3",97,116,2.33763544594967,0.842192267708873
"dat12_24","dr","O3",97,117,1.37594108506925,0.686970079231663
"dat12_24","dr","O3",97,118,0.558285415145163,0.347168481320519
"dat12_24","dr","O3",97,119,-0.233469167918083,0.400831227895618
"dat12_24","dr","O3",97,120,-0.441525816610906,0.406238633105073
"dat12_24","dr","O3",97,121,-0.681972999720643,0.255912083995327
"dat12_24","dr","O3",97,122,-1.05193888819288,0.598926790415561
"dat12_24","dr","O3",97,123,-0.896757030869171,0.458536914165141
"dat12_24","dr","O3",97,124,1.07755266214188,0.579386280955718
"dat12_24","dr","O3",97,125,0.64476576381077,0.88901170409599
"dat12_24","dr","O3",97,126,1.17695278740144,0.965467649084786
"dat12_24","dr","O3",97,127,3.24416473867489,1.26087790103278
"dat12_24","dr","O3",97,128,2.54607855060634,0.81660148063637
"dat12_24","dr","O3",97,129,2.24590142664702,0.915005247305046
"dat12_24","dr","O3",97,130,0.462295998180789,0.612084654808169
"dat12_24","dr","O3",97,131,0.00647633781924689,0.315430213498153
"dat12_24","dr","O3",97,132,-0.135603131934639,0.239432899511786
"dat12_24","dr","O3",97,133,0.1160294534357,0.326453797985268
"dat12_24","dr","O3",97,134,-0.280616720086215,0.312612859186157
"dat12_24","dr","O3",97,135,-0.297679374891492,0.461445197535692
"dat12_24","dr","O3",97,136,1.03652590679305,0.679999435463079
"dat12_24","dr","O3",97,137,1.38803351126975,0.743686701586748
"dat12_24","dr","O3",97,138,3.25244176093333,1.26296134328995
"dat12_24","dr","O3",97,139,4.15891764837589,0.997045431642499
"dat12_24","dr","O3",97,140,3.13004040883645,1.21422027217346
"dat12_24","dr","O3",97,141,2.48009358679641,0.984605175743684
"dat12_24","dr","O3",97,142,1.00801944411405,0.432450145904123
"dat12_24","dr","O3",97,143,0.885363576828264,0.321716585650936
"dat12_24","dr","O3",97,144,0.296259761558352,0.316431713770018
"dat12_24","dr","O3",97,145,-0.101492574215666,0.293181611815705
"dat12_24","dr","O3",97,146,0.373552925745087,0.313016737024242
"dat12_24","dr","O3",97,147,0.368421199115858,0.71520774530269
"dat12_24","dr","O3",97,148,1.35129923864504,0.570404014607764
"dat12_24","dr","O3",97,149,1.12048613349039,0.910584213099587
"dat12_24","dr","O3",97,150,2.87878321465044,1.15171894589353
"dat12_24","dr","O3",97,151,2.79549138487673,0.752948398252303
"dat12_24","dr","O3",97,152,3.66162552404199,1.28105399825059
"dat12_24","dr","O3",97,153,2.22751893430013,0.945376064690288
"dat12_24","dr","O3",97,154,0.862330052646821,0.51066361106776
"dat12_24","dr","O3",97,155,-0.240516633730564,0.305898436124376
"dat12_24","dr","O3",97,156,-0.902924625644027,0.48507120759242
"dat12_24","dr","PM10",61,1,4.82822288244254,76.0199294840377
"dat12_24","dr","PM10",61,2,2.18359267710042,23.6046468493759
"dat12_24","dr","PM10",61,3,-0.946000836742203,17.0951744666045
"dat12_24","dr","PM10",61,4,0.264770734590307,21.3406674295187
"dat12_24","dr","PM10",61,5,2.39893755937584,37.9077351315511
"dat12_24","dr","PM10",61,6,3.40703966249962,11.9717713313098
"dat12_24","dr","PM10",61,7,3.87082980384674,35.528075040745
"dat12_24","dr","PM10",61,8,5.12933627431698,37.7268135690163
"dat12_24","dr","PM10",61,9,4.31949479590518,37.0186479630279
"dat12_24","dr","PM10",61,10,-0.730248040131309,113.172414835859
"dat12_24","dr","PM10",61,11,0.449289939436936,28.4857486275612
"dat12_24","dr","PM10",61,12,-0.354029500581736,58.0005051080547
"dat12_24","dr","PM10",61,13,4.81304889956418,35.1179522397371
"dat12_24","dr","PM10",61,14,4.92918748608496,63.3152609306508
"dat12_24","dr","PM10",61,15,1.8703039265609,63.1545044585501
"dat12_24","dr","PM10",61,16,-1.7088023913778,10.367550971396
"dat12_24","dr","PM10",61,17,-4.17118207926543,43.6044565070748
"dat12_24","dr","PM10",61,18,-2.06968344224133,29.5955043285991
"dat12_24","dr","PM10",61,19,-0.0422615057630464,86.6951993363877
"dat12_24","dr","PM10",61,20,-0.680047844730274,46.1968518394112
"dat12_24","dr","PM10",61,21,3.04049011998362,55.8982863566589
"dat12_24","dr","PM10",61,22,-3.76908031122204,57.4826357598097
"dat12_24","dr","PM10",61,23,0.0565643361122955,44.8790792620948
"dat12_24","dr","PM10",61,24,0.713028189897183,65.9377544260363
"dat12_24","dr","PM10",61,25,0.866244746499204,25.9645292937049
"dat12_24","dr","PM10",61,26,2.41051470597554,39.0792880782243
"dat12_24","dr","PM10",61,27,-0.972296832694509,23.1924169447209
"dat12_24","dr","PM10",61,28,-3.55695146632251,76.3721896520742
"dat12_24","dr","PM10",61,29,-2.2894197633571,95.8830900727809
"dat12_24","dr","PM10",61,30,-6.98332881834764,64.4371164093878
"dat12_24","dr","PM10",61,31,-8.53808352580355,16.1734114929214
"dat12_24","dr","PM10",61,32,4.85720179560679,37.6407454801786
"dat12_24","dr","PM10",61,33,-2.38637765140849,64.0536670368323
"dat12_24","dr","PM10",61,34,-0.866519191204787,31.196447186845
"dat12_24","dr","PM10",61,35,1.31185433043373,4.20407004263737
"dat12_24","dr","PM10",61,36,2.60459183260126,26.9560155699941
"dat12_24","dr","PM10",61,37,0.0857916131895291,45.0814981033005
"dat12_24","dr","PM10",61,38,2.58765320954466,78.5606762941063
"dat12_24","dr","PM10",61,39,2.63364144868948,52.7190530702504
"dat12_24","dr","PM10",61,40,-1.02559480536062,35.6961463229493
"dat12_24","dr","PM10",61,41,-3.36841121578905,43.1186976537399
"dat12_24","dr","PM10",61,42,-1.26263806939166,88.524733363152
"dat12_24","dr","PM10",61,43,3.85433649279969,49.4113719555698
"dat12_24","dr","PM10",61,44,1.26388270446431,20.7171585980886
"dat12_24","dr","PM10",61,45,1.28465127914778,8.89495773672054
"dat12_24","dr","PM10",61,46,1.23228132325343,14.0545120644054
"dat12_24","dr","PM10",61,47,0.746917227542167,14.7061342781612
"dat12_24","dr","PM10",61,48,-1.59634188207824,7.82900908570645
"dat12_24","dr","PM10",61,49,-1.92665052798799,45.133795644664
"dat12_24","dr","PM10",61,50,-0.449571575661157,29.0219954591796
"dat12_24","dr","PM10",61,51,-1.21676945058511,74.8305122015713
"dat12_24","dr","PM10",61,52,0.478689545813133,83.0754041377244
"dat12_24","dr","PM10",61,53,-0.554708205613253,34.2476670862906
"dat12_24","dr","PM10",61,54,6.57548690891572,19.4632415320027
"dat12_24","dr","PM10",61,55,6.19926035357931,18.6610731204098
"dat12_24","dr","PM10",61,56,4.25254028258997,17.6971032763244
"dat12_24","dr","PM10",61,57,2.65860138954544,44.3936684364104
"dat12_24","dr","PM10",61,58,1.63288272305254,15.1003366671171
"dat12_24","dr","PM10",61,59,-0.0406907204172711,2.73704963573307
"dat12_24","dr","PM10",61,60,0,NA
"dat12_24","dr","PM10",61,61,0.743908993578708,37.2571337579529
"dat12_24","dr","PM10",61,62,1.08518468833069,46.8463015331404
"dat12_24","dr","PM10",61,63,-0.552775870066608,61.9003350615232
"dat12_24","dr","PM10",61,64,0.0696323955111045,29.0317340151057
"dat12_24","dr","PM10",61,65,0.15093038353978,19.6359779233392
"dat12_24","dr","PM10",61,66,2.2218648708292,36.1016614357954
"dat12_24","dr","PM10",61,67,2.91899727399935,33.0057965421719
"dat12_24","dr","PM10",61,68,2.75635239319298,35.9632946554864
"dat12_24","dr","PM10",61,69,-1.25158296463237,39.5575911627149
"dat12_24","dr","PM10",61,70,-0.229068234941703,24.1994792023956
"dat12_24","dr","PM10",61,71,0.0876365477984575,19.8837717253947
"dat12_24","dr","PM10",61,72,1.81283029550675,57.848995207434
"dat12_24","dr","PM10",61,73,1.19944561269547,9.62377144168011
"dat12_24","dr","PM10",61,74,2.19335204044224,35.3739058757553
"dat12_24","dr","PM10",61,75,0.426032738010148,35.6907351455409
"dat12_24","dr","PM10",61,76,3.46117731236636,14.386342810631
"dat12_24","dr","PM10",61,77,3.33155099524162,51.1740691110853
"dat12_24","dr","PM10",61,78,2.30945642826459,20.9347571898266
"dat12_24","dr","PM10",61,79,4.6200613777248,136.129468334131
"dat12_24","dr","PM10",61,80,5.6533834303466,90.7354976765477
"dat12_24","dr","PM10",61,81,3.41737482943547,98.1599680913544
"dat12_24","dr","PM10",61,82,2.11507144182214,85.2470092596648
"dat12_24","dr","PM10",61,83,-2.39115547254706,83.9905262567557
"dat12_24","dr","PM10",61,84,-3.18361594939667,77.6570688144256
"dat12_24","dr","PM10",61,85,1.14360165471334,13.4791414171218
"dat12_24","dr","PM10",61,86,5.26304208338651,36.1059137619123
"dat12_24","dr","PM10",61,87,6.25517761876185,23.0139854943464
"dat12_24","dr","PM10",61,88,3.91849283194141,59.4693848300445
"dat12_24","dr","PM10",61,89,5.43124011937273,52.3939026702499
"dat12_24","dr","PM10",61,90,6.05969891706511,76.6203869101501
"dat12_24","dr","PM10",61,91,5.74405558955955,68.2387648543307
"dat12_24","dr","PM10",61,92,5.76026654600313,71.0807241338733
"dat12_24","dr","PM10",61,93,7.19793369148322,66.3992119782918
"dat12_24","dr","PM10",61,94,7.92561229155077,33.3988274988905
"dat12_24","dr","PM10",61,95,2.7621940924218,29.7524656914136
"dat12_24","dr","PM10",61,96,-0.877842892265343,28.4486961931553
"dat12_24","dr","PM10",61,97,4.54956037054156,35.0583363069246
"dat12_24","dr","PM10",61,98,3.5789557901556,23.4358535301813
"dat12_24","dr","PM10",61,99,6.30756517651053,37.6306879442883
"dat12_24","dr","PM10",61,100,4.61229885629984,29.5332717782889
"dat12_24","dr","PM10",61,101,4.21224213535664,53.0261284655976
"dat12_24","dr","PM10",61,102,5.53552184455063,36.0497432840272
"dat12_24","dr","PM10",61,103,6.62897065823301,37.3219030840954
"dat12_24","dr","PM10",61,104,5.1141457205337,23.9129813022523
"dat12_24","dr","PM10",61,105,3.85005088106687,36.2271208804792
"dat12_24","dr","PM10",61,106,4.55055448517825,38.4108927931395
"dat12_24","dr","PM10",61,107,3.6684263335738,50.6289594473472
"dat12_24","dr","PM10",61,108,1.55192091549656,42.3133333378607
"dat12_24","dr","PM10",61,109,0.754648197835792,42.0603602604575
"dat12_24","dr","PM10",61,110,5.91828064475357,39.4451638524859
"dat12_24","dr","PM10",61,111,11.8077465200105,28.6598368128159
"dat12_24","dr","PM10",61,112,3.3749820444753,40.7315807437506
"dat12_24","dr","PM10",61,113,16.5823691634329,37.5755504970847
"dat12_24","dr","PM10",61,114,7.2354283660755,58.1856471468552
"dat12_24","dr","PM10",61,115,10.3617826873862,37.5940124591174
"dat12_24","dr","PM10",61,116,6.14281325319891,39.1805453530613
"dat12_24","dr","PM10",61,117,4.66645528999259,39.550321229969
"dat12_24","dr","PM10",61,118,6.86450007507889,37.6098590588806
"dat12_24","dr","PM10",61,119,5.16385001617958,51.5232238270101
"dat12_24","dr","PM10",61,120,2.78852158506995,53.4489881028599
"dat12_24","dr","PM10",61,121,4.71758294920848,44.1068447868357
"dat12_24","dr","PM10",61,122,5.14228601927227,42.0052704283093
"dat12_24","dr","PM10",61,123,1.0910063025319,33.4394370337555
"dat12_24","dr","PM10",61,124,8.25374251770588,32.9171869838436
"dat12_24","dr","PM10",61,125,3.92862025168016,41.2845903496181
"dat12_24","dr","PM10",61,126,5.1734759555306,35.181600016333
"dat12_24","dr","PM10",61,127,9.13461967306538,30.2970157941576
"dat12_24","dr","PM10",61,128,6.56788374177352,37.6783664468388
"dat12_24","dr","PM10",61,129,8.58555749269392,34.5625659108574
"dat12_24","dr","PM10",61,130,8.14139633818536,38.7508297756388
"dat12_24","dr","PM10",61,131,2.07990829530302,68.0189661957212
"dat12_24","dr","PM10",61,132,2.71820336609161,53.4928424591094
"dat12_24","dr","PM10",61,133,6.93658582258887,59.5816307469486
"dat12_24","dr","PM10",61,134,4.61988118635207,49.3479816618664
"dat12_24","dr","PM10",61,135,6.15343578983216,41.9747619233425
"dat12_24","dr","PM10",61,136,1.14140014673262,54.8989197626765
"dat12_24","dr","PM10",61,137,7.53694049040319,30.406212879115
"dat12_24","dr","PM10",61,138,7.30043725036208,32.4458019987021
"dat12_24","dr","PM10",61,139,8.67219709821446,38.350964414444
"dat12_24","dr","PM10",61,140,9.28314236824139,41.8398638029075
"dat12_24","dr","PM10",61,141,7.27927263073777,44.8086713319548
"dat12_24","dr","PM10",61,142,3.65332578709631,52.1712761589622
"dat12_24","dr","PM10",61,143,1.75894672762307,55.8007555414546
"dat12_24","dr","PM10",61,144,1.34137783030877,55.9773308237883
"dat12_24","dr","PM10",61,145,2.01594013444669,58.3417106060063
"dat12_24","dr","PM10",61,146,7.68599313293582,46.9169264246123
"dat12_24","dr","PM10",61,147,5.96469829183747,40.760606573429
"dat12_24","dr","PM10",61,148,-2.25789988647619,45.189953284207
"dat12_24","dr","PM10",61,149,5.78309476654916,43.6565146630644
"dat12_24","dr","PM10",61,150,6.28644093380569,36.277174604684
"dat12_24","dr","PM10",61,151,9.07498254884777,31.6086732811176
"dat12_24","dr","PM10",61,152,11.8282417857649,24.2636915382141
"dat12_24","dr","PM10",61,153,8.45342714727689,28.9251000211898
"dat12_24","dr","PM10",61,154,9.29783963949234,30.3633805023096
"dat12_24","dr","PM10",61,155,7.42391609746192,39.3822813636692
"dat12_24","dr","PM10",61,156,6.88961503718497,35.9222956303335
"dat12_24","dr","PM10",79,1,0.669618932881698,24.8735607560324
"dat12_24","dr","PM10",79,2,-3.2395613858953,7.22977433003903
"dat12_24","dr","PM10",79,3,-1.7050127534231,4.45154018540956
"dat12_24","dr","PM10",79,4,1.60164320428157,1.40129655601241
"dat12_24","dr","PM10",79,5,0.997682052173541,5.82178204144534
"dat12_24","dr","PM10",79,6,0.197900218508949,1.17849227921438
"dat12_24","dr","PM10",79,7,-0.414949699291022,1.38395807073998
"dat12_24","dr","PM10",79,8,3.20666395046849,1.73016493575139
"dat12_24","dr","PM10",79,9,-0.821038754271664,0.616557482098747
"dat12_24","dr","PM10",79,10,-0.116221498584529,4.8467861624949
"dat12_24","dr","PM10",79,11,-0.907875410709144,1.41331255022205
"dat12_24","dr","PM10",79,12,-0.581896454507606,3.95468992206919
"dat12_24","dr","PM10",79,13,-4.41321305487247,4.70271621108074
"dat12_24","dr","PM10",79,14,-0.161409569340364,1.89213562580939
"dat12_24","dr","PM10",79,15,-2.1364095739756,0.885617903999819
"dat12_24","dr","PM10",79,16,5.98452628332685,11.8960413936231
"dat12_24","dr","PM10",79,17,2.49594492125669,1.80686061060728
"dat12_24","dr","PM10",79,18,1.74452649512722,0.97784640824115
"dat12_24","dr","PM10",79,19,-2.18172147523678,4.96556837582399
"dat12_24","dr","PM10",79,20,1.62295948326386,0.947885109584991
"dat12_24","dr","PM10",79,21,2.58727755868112,1.48209309727833
"dat12_24","dr","PM10",79,22,-0.32715704394669,1.25158712976705
"dat12_24","dr","PM10",79,23,0.436144594922841,0.771894501069744
"dat12_24","dr","PM10",79,24,0.312815122250075,0.663821167043406
"dat12_24","dr","PM10",79,25,0.57884911488623,0.805000838126344
"dat12_24","dr","PM10",79,26,2.05599873249117,1.04766795695388
"dat12_24","dr","PM10",79,27,0.0153725976016577,3.78540104147416
"dat12_24","dr","PM10",79,28,3.20423135717629,4.15545479983369
"dat12_24","dr","PM10",79,29,0.197190092716683,0.715800912686567
"dat12_24","dr","PM10",79,30,-0.867922517946796,0.599007235735775
"dat12_24","dr","PM10",79,31,1.8205618232384,1.28579436638518
"dat12_24","dr","PM10",79,32,-2.01674347176523,3.17424589259364
"dat12_24","dr","PM10",79,33,1.68396718614052,0.695131921711516
"dat12_24","dr","PM10",79,34,0.574448823804338,0.611481226111441
"dat12_24","dr","PM10",79,35,1.05672579941485,1.38497709641884
"dat12_24","dr","PM10",79,36,-0.225651140064247,0.725746525067765
"dat12_24","dr","PM10",79,37,-1.5575720640108,10.3658339544778
"dat12_24","dr","PM10",79,38,1.01972086560955,1.30879265982894
"dat12_24","dr","PM10",79,39,2.02792287552864,4.76935670089051
"dat12_24","dr","PM10",79,40,0.0121686568747765,0.820534437139479
"dat12_24","dr","PM10",79,41,-0.532781239994867,0.929728208588182
"dat12_24","dr","PM10",79,42,-0.923488496256319,2.67457733787482
"dat12_24","dr","PM10",79,43,1.3271472057508,0.87498826182567
"dat12_24","dr","PM10",79,44,8.00300422632494,8.99511570419467
"dat12_24","dr","PM10",79,45,-0.265245182569129,0.874344810175385
"dat12_24","dr","PM10",79,46,2.47498653063671,2.90213941839673
"dat12_24","dr","PM10",79,47,-0.609389300897091,0.892955038552294
"dat12_24","dr","PM10",79,48,-0.758276875029018,6.6122655277132
"dat12_24","dr","PM10",79,49,1.1277053874741,3.29922441509619
"dat12_24","dr","PM10",79,50,1.43414474253122,1.17572467178773
"dat12_24","dr","PM10",79,51,1.25387475956427,2.62229525087404
"dat12_24","dr","PM10",79,52,4.90985341259902,8.90044235751874
"dat12_24","dr","PM10",79,53,1.50453401050443,0.8044175670399
"dat12_24","dr","PM10",79,54,1.04603965029221,8.04485514620023
"dat12_24","dr","PM10",79,55,1.252376295245,0.873866378860209
"dat12_24","dr","PM10",79,56,4.75430345017413,7.61081433294229
"dat12_24","dr","PM10",79,57,-1.50873269257729,2.08424011864958
"dat12_24","dr","PM10",79,58,0.100482453434256,1.37003561534408
"dat12_24","dr","PM10",79,59,-0.557481397353085,1.64923969212748
"dat12_24","dr","PM10",79,60,-0.0302349109802878,3.02820747197847
"dat12_24","dr","PM10",79,61,0.954938853000446,0.831235794531287
"dat12_24","dr","PM10",79,62,-0.34464890327568,0.794723180428054
"dat12_24","dr","PM10",79,63,0.251356396704637,2.4545769219821
"dat12_24","dr","PM10",79,64,-1.69445536306857,2.31974524177467
"dat12_24","dr","PM10",79,65,-0.913091784984962,1.40720962627821
"dat12_24","dr","PM10",79,66,3.16436974675605,5.05964356087243
"dat12_24","dr","PM10",79,67,1.36709006988956,0.794169435430394
"dat12_24","dr","PM10",79,68,0.348731889439746,0.785324524740941
"dat12_24","dr","PM10",79,69,0.576433392996352,1.86147688006521
"dat12_24","dr","PM10",79,70,2.15329216843798,2.93258685702743
"dat12_24","dr","PM10",79,71,-0.778250483993638,2.23336458381947
"dat12_24","dr","PM10",79,72,-8.89397447781317,12.7160130030435
"dat12_24","dr","PM10",79,73,-0.164600290145894,0.741045271268206
"dat12_24","dr","PM10",79,74,0.24058087858316,2.92954275351065
"dat12_24","dr","PM10",79,75,0.350095350639336,0.549960598804631
"dat12_24","dr","PM10",79,76,-3.47228876743673,2.88368384303325
"dat12_24","dr","PM10",79,77,-0.841323232638194,0.993561790932336
"dat12_24","dr","PM10",79,78,0,NA
"dat12_24","dr","PM10",79,79,-1.16681634359784,0.668880334978098
"dat12_24","dr","PM10",79,80,0.481031792559236,0.596662152120745
"dat12_24","dr","PM10",79,81,0.626486559655125,0.517473132273236
"dat12_24","dr","PM10",79,82,1.50440260582653,0.786879917010803
"dat12_24","dr","PM10",79,83,3.55597399201776,1.70250199944844
"dat12_24","dr","PM10",79,84,3.02116910732141,2.3563936294454
"dat12_24","dr","PM10",79,85,6.43685095948546,4.51104957829799
"dat12_24","dr","PM10",79,86,3.44125744662731,2.01363369761737
"dat12_24","dr","PM10",79,87,6.21243773294625,3.17123627697713
"dat12_24","dr","PM10",79,88,2.3360557546574,1.24110265909179
"dat12_24","dr","PM10",79,89,2.77564329443199,1.83133051607148
"dat12_24","dr","PM10",79,90,0.049012628492239,0.732421022598475
"dat12_24","dr","PM10",79,91,2.03169979674286,0.847117032208608
"dat12_24","dr","PM10",79,92,1.24672777139627,0.786599854319166
"dat12_24","dr","PM10",79,93,1.83596500544531,0.769587021451783
"dat12_24","dr","PM10",79,94,3.43723377777248,1.31380865899394
"dat12_24","dr","PM10",79,95,2.40462415773571,1.48502765234654
"dat12_24","dr","PM10",79,96,2.65119947940059,2.88425378539853
"dat12_24","dr","PM10",79,97,12.4565187691406,6.187981536202
"dat12_24","dr","PM10",79,98,7.64845201376407,4.65821587229651
"dat12_24","dr","PM10",79,99,10.3310501814986,4.79650964000804
"dat12_24","dr","PM10",79,100,7.50313842874593,4.24340568306111
"dat12_24","dr","PM10",79,101,4.63686287151837,1.9277122171453
"dat12_24","dr","PM10",79,102,5.68959714017662,1.48951193151024
"dat12_24","dr","PM10",79,103,5.83908377804389,2.56250340837792
"dat12_24","dr","PM10",79,104,2.32712846327433,2.8077594289185
"dat12_24","dr","PM10",79,105,-0.0363516253125139,1.07058160518825
"dat12_24","dr","PM10",79,106,5.80213562374678,3.09959133630291
"dat12_24","dr","PM10",79,107,9.18555957630223,5.10687735900308
"dat12_24","dr","PM10",79,108,9.3508864276966,5.72479627971513
"dat12_24","dr","PM10",79,109,4.51636792879492,3.92410673573016
"dat12_24","dr","PM10",79,110,10.6262552245963,5.42253317806087
"dat12_24","dr","PM10",79,111,10.7589555810938,3.99231912370909
"dat12_24","dr","PM10",79,112,5.11191280544551,2.29037614582364
"dat12_24","dr","PM10",79,113,16.5303882995506,5.02706758505681
"dat12_24","dr","PM10",79,114,7.96731947376879,2.01997162484123
"dat12_24","dr","PM10",79,115,9.42187267400531,3.17728939606418
"dat12_24","dr","PM10",79,116,5.58091747833328,2.89487350020341
"dat12_24","dr","PM10",79,117,2.32029595584035,1.90425840380011
"dat12_24","dr","PM10",79,118,5.97008668337121,2.69561104234907
"dat12_24","dr","PM10",79,119,11.0348216705066,4.95963464992674
"dat12_24","dr","PM10",79,120,7.01845110545072,3.8961905637883
"dat12_24","dr","PM10",79,121,8.99632578749718,5.31447278665036
"dat12_24","dr","PM10",79,122,7.83398384813035,4.78028228251419
"dat12_24","dr","PM10",79,123,4.54379499141579,2.91490609849658
"dat12_24","dr","PM10",79,124,9.90006234052425,4.22923543469416
"dat12_24","dr","PM10",79,125,4.06546601767426,2.96940169918129
"dat12_24","dr","PM10",79,126,3.18290704313291,2.14585755968658
"dat12_24","dr","PM10",79,127,7.01235199251959,3.31763987829515
"dat12_24","dr","PM10",79,128,3.95653254524991,2.63022911255353
"dat12_24","dr","PM10",79,129,5.49600639538842,2.2699297678192
"dat12_24","dr","PM10",79,130,6.53548186866134,2.41314890702949
"dat12_24","dr","PM10",79,131,6.75285285349525,3.55624988421786
"dat12_24","dr","PM10",79,132,6.34153744991582,3.90670153415302
"dat12_24","dr","PM10",79,133,10.3826806845502,5.02210718473586
"dat12_24","dr","PM10",79,134,9.36667080360857,4.76732095206383
"dat12_24","dr","PM10",79,135,12.5101511365565,4.3980536500327
"dat12_24","dr","PM10",79,136,2.90681721417305,1.47153971933642
"dat12_24","dr","PM10",79,137,7.20165605313106,3.17502866148082
"dat12_24","dr","PM10",79,138,7.36215687617447,3.70686874917661
"dat12_24","dr","PM10",79,139,6.6741107750888,3.44979998685481
"dat12_24","dr","PM10",79,140,5.68012233317072,3.09842375606785
"dat12_24","dr","PM10",79,141,6.22118098560179,3.48752620399015
"dat12_24","dr","PM10",79,142,6.51345328715014,3.72322010083881
"dat12_24","dr","PM10",79,143,8.20909375088281,4.94982135867258
"dat12_24","dr","PM10",79,144,7.41110994396706,4.54165485547193
"dat12_24","dr","PM10",79,145,9.34416360936556,5.50151869503308
"dat12_24","dr","PM10",79,146,9.0898557231047,3.98664576645305
"dat12_24","dr","PM10",79,147,11.7172002881184,4.76339069986848
"dat12_24","dr","PM10",79,148,2.13020411109196,2.41669910169235
"dat12_24","dr","PM10",79,149,3.98038395176152,1.91363224682493
"dat12_24","dr","PM10",79,150,5.50493409837675,3.30738795318257
"dat12_24","dr","PM10",79,151,7.3655279600688,4.00611579519691
"dat12_24","dr","PM10",79,152,8.13929085265621,4.11068905495577
"dat12_24","dr","PM10",79,153,3.38984646672429,2.25033181842051
"dat12_24","dr","PM10",79,154,6.332093302974,2.64484220324596
"dat12_24","dr","PM10",79,155,7.41034786055953,3.6669409191401
"dat12_24","dr","PM10",79,156,10.4940259504416,5.29079089832954
"dat12_24","dr","PM10",97,1,2.92347340293691,1.86048926056145
"dat12_24","dr","PM10",97,2,2.1279128315329,10.3238537188909
"dat12_24","dr","PM10",97,3,1.42794236739652,0.958682251004426
"dat12_24","dr","PM10",97,4,-0.867328077577291,1.47434277042934
"dat12_24","dr","PM10",97,5,1.93936993334864,67.6458341882386
"dat12_24","dr","PM10",97,6,3.3971819514548,7.96335147384963
"dat12_24","dr","PM10",97,7,-2.46478917553795,51.2578001446615
"dat12_24","dr","PM10",97,8,-2.08375837775864,1.43250170872248
"dat12_24","dr","PM10",97,9,0.762581803465032,0.905426782609726
"dat12_24","dr","PM10",97,10,-1.56614552758807,0.840169563674499
"dat12_24","dr","PM10",97,11,0.630266294938695,0.652702501150614
"dat12_24","dr","PM10",97,12,1.82638870691831,23.8488771498322
"dat12_24","dr","PM10",97,13,0.39763425322771,2.31364087154738
"dat12_24","dr","PM10",97,14,0.680549012236449,0.950410059407144
"dat12_24","dr","PM10",97,15,1.17898600330825,1.82878424086818
"dat12_24","dr","PM10",97,16,2.15286453516088,0.850895126432702
"dat12_24","dr","PM10",97,17,-0.336878421617047,1.20318744041725
"dat12_24","dr","PM10",97,18,2.05188042948481,1.26044714819931
"dat12_24","dr","PM10",97,19,-0.310692642937162,3.38538515976655
"dat12_24","dr","PM10",97,20,-1.30669088854491,4.60129951499172
"dat12_24","dr","PM10",97,21,0.0653338981234183,1.30016494131229
"dat12_24","dr","PM10",97,22,0.955738937763068,0.943946974905622
"dat12_24","dr","PM10",97,23,0.483103567827705,0.794494929263111
"dat12_24","dr","PM10",97,24,3.09990735162308,1.41939013465142
"dat12_24","dr","PM10",97,25,0.136773875093696,1.04239132802837
"dat12_24","dr","PM10",97,26,1.63041332184788,11.9582274036757
"dat12_24","dr","PM10",97,27,4.24270575412069,28.439666710626
"dat12_24","dr","PM10",97,28,4.16553635852197,1.5668026616922
"dat12_24","dr","PM10",97,29,-3.05474182369241,1.40566009041633
"dat12_24","dr","PM10",97,30,0.269370730468844,1.11832353401113
"dat12_24","dr","PM10",97,31,1.37151258344596,1.87141280779639
"dat12_24","dr","PM10",97,32,3.98880410343803,2.16661962414032
"dat12_24","dr","PM10",97,33,-2.01504084324776,0.886440972386252
"dat12_24","dr","PM10",97,34,-0.371620452971908,20.6377811692483
"dat12_24","dr","PM10",97,35,-2.12079340802448,2.12134683094028
"dat12_24","dr","PM10",97,36,0.850739026021186,2.20386666862686
"dat12_24","dr","PM10",97,37,0.0166184904605678,0.778203746070252
"dat12_24","dr","PM10",97,38,1.64087799648819,1.10067693844725
"dat12_24","dr","PM10",97,39,0.230549822800257,1.20993810031896
"dat12_24","dr","PM10",97,40,-1.40486821758463,1.26748614472746
"dat12_24","dr","PM10",97,41,-2.69029989873485,1.39494001581642
"dat12_24","dr","PM10",97,42,0.0264623080638946,0.549145714336365
"dat12_24","dr","PM10",97,43,-4.23260872930367,2.18485580613247
"dat12_24","dr","PM10",97,44,-0.0868225801121981,0.533099036537405
"dat12_24","dr","PM10",97,45,0.192012048452133,0.864895630380123
"dat12_24","dr","PM10",97,46,0.327104345355697,0.781525936223639
"dat12_24","dr","PM10",97,47,0.0622971488962125,0.608424471900884
"dat12_24","dr","PM10",97,48,1.0367273035737,1.18787013270156
"dat12_24","dr","PM10",97,49,-1.40501895057369,2.04458626750038
"dat12_24","dr","PM10",97,50,-3.14140588792082,1.39998486504857
"dat12_24","dr","PM10",97,51,0.0834539600647746,1.03190788223261
"dat12_24","dr","PM10",97,52,0.0929822388339421,0.914813539634216
"dat12_24","dr","PM10",97,53,-0.112071984174696,1.03392813108335
"dat12_24","dr","PM10",97,54,1.14013276853757,0.913369997666424
"dat12_24","dr","PM10",97,55,-2.03372312959631,0.650692989762161
"dat12_24","dr","PM10",97,56,-1.73654415263328,4.10311344333089
"dat12_24","dr","PM10",97,57,2.08058767944197,2.10209533363814
"dat12_24","dr","PM10",97,58,0.585114199492125,1.10888466668462
"dat12_24","dr","PM10",97,59,0.34031726234755,0.805092702951322
"dat12_24","dr","PM10",97,60,0.749336711343795,0.626116984117155
"dat12_24","dr","PM10",97,61,0.33606734721854,2.13650008283322
"dat12_24","dr","PM10",97,62,-0.47963129791276,0.526032100923056
"dat12_24","dr","PM10",97,63,3.87584239283133,1.25578893038699
"dat12_24","dr","PM10",97,64,-1.30473366076544,1.15121277925103
"dat12_24","dr","PM10",97,65,2.0600463736499,2.26616741043248
"dat12_24","dr","PM10",97,66,-0.130585457146072,4.51815763580384
"dat12_24","dr","PM10",97,67,0.969992811069103,4.19877585657746
"dat12_24","dr","PM10",97,68,-4.03028578007581,3.50819786570965
"dat12_24","dr","PM10",97,69,-0.630052073938968,0.727588349741321
"dat12_24","dr","PM10",97,70,-1.33041693211718,2.75402859837186
"dat12_24","dr","PM10",97,71,-1.85715954607336,0.70684359006666
"dat12_24","dr","PM10",97,72,-0.830996346027026,1.25710307177348
"dat12_24","dr","PM10",97,73,-0.118136865119782,0.780304480860837
"dat12_24","dr","PM10",97,74,0.000936435978869055,0.859081576781073
"dat12_24","dr","PM10",97,75,0.449076580898382,1.41592010670087
"dat12_24","dr","PM10",97,76,-1.99530888217695,1.33921441709027
"dat12_24","dr","PM10",97,77,-1.1427883841204,2.07665334892888
"dat12_24","dr","PM10",97,78,-1.98356733242135,3.33505454521756
"dat12_24","dr","PM10",97,79,-2.06933170543892,3.37967500213782
"dat12_24","dr","PM10",97,80,-0.729399757577666,5.54956073154671
"dat12_24","dr","PM10",97,81,-2.69385832064081,8.97469013968082
"dat12_24","dr","PM10",97,82,-0.351189752211124,1.56003900747931
"dat12_24","dr","PM10",97,83,-1.38253208832373,1.55637807295631
"dat12_24","dr","PM10",97,84,-1.53747035463035,1.35984499196268
"dat12_24","dr","PM10",97,85,0.355453685159531,0.915957981867638
"dat12_24","dr","PM10",97,86,-0.867599872334762,0.698721029445438
"dat12_24","dr","PM10",97,87,1.2477453622797,1.42889809088974
"dat12_24","dr","PM10",97,88,-1.68235869797405,0.904050590375054
"dat12_24","dr","PM10",97,89,0.383965109352587,0.781480448371546
"dat12_24","dr","PM10",97,90,-3.46560011709954,1.44092055004247
"dat12_24","dr","PM10",97,91,-3.26686913362465,1.283566274005
"dat12_24","dr","PM10",97,92,-1.06362014337789,1.50753062317709
"dat12_24","dr","PM10",97,93,-2.7730196588467,0.759302747725385
"dat12_24","dr","PM10",97,94,-2.43410572999683,1.3719520776157
"dat12_24","dr","PM10",97,95,-0.727627385159946,0.685763317457234
"dat12_24","dr","PM10",97,96,0,NA
"dat12_24","dr","PM10",97,97,0.00432184664398705,0.36474202813912
"dat12_24","dr","PM10",97,98,-0.104871838627203,0.38731437256824
"dat12_24","dr","PM10",97,99,1.36977965405628,0.486749663214902
"dat12_24","dr","PM10",97,100,0.132113379673415,0.660918547881298
"dat12_24","dr","PM10",97,101,0.0726303256164496,0.527584313898166
"dat12_24","dr","PM10",97,102,1.02239245481421,0.713776725471386
"dat12_24","dr","PM10",97,103,-0.149909419466166,0.693165210929625
"dat12_24","dr","PM10",97,104,-1.66357917994154,0.645176363306107
"dat12_24","dr","PM10",97,105,-1.67194448102335,0.558953227942688
"dat12_24","dr","PM10",97,106,-0.265820510000225,0.606003575012948
"dat12_24","dr","PM10",97,107,0.586161474878685,0.526675538625323
"dat12_24","dr","PM10",97,108,0.241018242182558,0.481851605698008
"dat12_24","dr","PM10",97,109,-2.51976680806034,0.62855942842798
"dat12_24","dr","PM10",97,110,-0.546664875676155,0.606613854117802
"dat12_24","dr","PM10",97,111,-0.147962798503084,1.14052981138032
"dat12_24","dr","PM10",97,112,-0.37431277060167,0.637460759537331
"dat12_24","dr","PM10",97,113,1.73885507265732,1.28776448646573
"dat12_24","dr","PM10",97,114,0.167512952979887,0.817396277996873
"dat12_24","dr","PM10",97,115,-0.133467598574103,0.843789400784447
"dat12_24","dr","PM10",97,116,-0.776412862206493,0.645990079546861
"dat12_24","dr","PM10",97,117,-1.90906056173745,0.621170805965025
"dat12_24","dr","PM10",97,118,-0.816265688583787,0.648306554085536
"dat12_24","dr","PM10",97,119,0.29331787351008,0.528956315163453
"dat12_24","dr","PM10",97,120,-1.2601582896748,0.504504116602128
"dat12_24","dr","PM10",97,121,-0.873265496933147,0.433428323586242
"dat12_24","dr","PM10",97,122,-1.61310295271497,0.442624350286089
"dat12_24","dr","PM10",97,123,-0.880419772109133,0.631163375722802
"dat12_24","dr","PM10",97,124,1.27865149309004,0.702914035537304
"dat12_24","dr","PM10",97,125,-0.664833814737531,0.576000641150942
"dat12_24","dr","PM10",97,126,-1.35535392760816,0.62188889204234
"dat12_24","dr","PM10",97,127,-0.228489567505454,0.684794339841138
"dat12_24","dr","PM10",97,128,-0.876658575848359,0.663203363069382
"dat12_24","dr","PM10",97,129,-0.488124625708981,0.684359971316989
"dat12_24","dr","PM10",97,130,0.095471374214899,0.768751940037505
"dat12_24","dr","PM10",97,131,-0.197901883629995,0.917918297016546
"dat12_24","dr","PM10",97,132,-1.54108725501945,0.522837073698865
"dat12_24","dr","PM10",97,133,-1.35048002968677,0.618551031983277
"dat12_24","dr","PM10",97,134,-0.868953408919798,0.616542159699125
"dat12_24","dr","PM10",97,135,1.19288046887889,0.77132715519865
"dat12_24","dr","PM10",97,136,-1.54990370223769,0.91804584768897
"dat12_24","dr","PM10",97,137,0.0750120061399255,0.610568969927822
"dat12_24","dr","PM10",97,138,0.0947419480213227,0.651372642917129
"dat12_24","dr","PM10",97,139,-0.227866949504636,0.658822627972583
"dat12_24","dr","PM10",97,140,-1.31019480926103,0.701833182921206
"dat12_24","dr","PM10",97,141,-1.07896106040838,0.627707061836974
"dat12_24","dr","PM10",97,142,-0.733408442137924,0.651678562644214
"dat12_24","dr","PM10",97,143,-1.06463565924831,0.53036274528594
"dat12_24","dr","PM10",97,144,-1.6538381500016,0.514036094626075
"dat12_24","dr","PM10",97,145,-1.40907836617038,0.375725802375526
"dat12_24","dr","PM10",97,146,-0.165780492942788,0.548197854191513
"dat12_24","dr","PM10",97,147,0.791108150326629,0.724108485575503
"dat12_24","dr","PM10",97,148,0.339592851823743,0.723445013005247
"dat12_24","dr","PM10",97,149,-0.851612930507432,0.625438050151089
"dat12_24","dr","PM10",97,150,0.0632391483802791,0.620568627475913
"dat12_24","dr","PM10",97,151,-0.376936319159816,0.852785968935938
"dat12_24","dr","PM10",97,152,-0.377464156496251,0.687682942400249
"dat12_24","dr","PM10",97,153,-1.37499476555734,0.720409444036324
"dat12_24","dr","PM10",97,154,-1.04133931216962,0.82309667033726
"dat12_24","dr","PM10",97,155,-0.774157086556949,0.667593241109649
"dat12_24","dr","PM10",97,156,-0.0572327416583086,0.478043652205092
"dat13_24","reg","NO2",61,13,-0.8230440680257,0.849158162767544
"dat13_24","reg","NO2",61,14,-0.302903606694181,0.837465101647808
"dat13_24","reg","NO2",61,15,-0.904744484688594,0.703779260430225
"dat13_24","reg","NO2",61,16,0.562486307663604,0.895193348073431
"dat13_24","reg","NO2",61,17,-0.768884533867613,0.897119456214959
"dat13_24","reg","NO2",61,18,-0.672524766799327,1.00861853603508
"dat13_24","reg","NO2",61,19,1.45536583934964,1.00520374151109
"dat13_24","reg","NO2",61,20,-1.10283313445559,0.971711344353843
"dat13_24","reg","NO2",61,21,-0.334953174675277,0.925586594862695
"dat13_24","reg","NO2",61,22,-1.50298279272472,1.10138043882214
"dat13_24","reg","NO2",61,23,0.742497802496958,0.930424865685569
"dat13_24","reg","NO2",61,24,0.927537053761561,0.995921314307439
"dat13_24","reg","NO2",61,25,-1.21033725889344,0.931865886355895
"dat13_24","reg","NO2",61,26,-1.72215209965865,1.06167166105234
"dat13_24","reg","NO2",61,27,2.49570323792894,0.876725270053508
"dat13_24","reg","NO2",61,28,-1.06906698416954,0.799751390602755
"dat13_24","reg","NO2",61,29,0.0243544196512264,0.787045041215168
"dat13_24","reg","NO2",61,30,0.628528380094584,0.718340528500075
"dat13_24","reg","NO2",61,31,-3.5076249168475,0.855053557267889
"dat13_24","reg","NO2",61,32,1.403632842709,0.861174248013718
"dat13_24","reg","NO2",61,33,1.71425454344006,1.08027527157746
"dat13_24","reg","NO2",61,34,0.369459319644478,0.952523103744875
"dat13_24","reg","NO2",61,35,-1.99852246616339,1.09851651866956
"dat13_24","reg","NO2",61,36,-1.43056918742497,0.743924839158777
"dat13_24","reg","NO2",61,37,-0.969624052468171,0.97670902981203
"dat13_24","reg","NO2",61,38,0.741338379266909,0.870825099587791
"dat13_24","reg","NO2",61,39,-0.385263957264598,0.966608111783314
"dat13_24","reg","NO2",61,40,-0.0268141299078564,0.678675401168344
"dat13_24","reg","NO2",61,41,-3.15198185168529,0.883320919099191
"dat13_24","reg","NO2",61,42,-0.638363322459018,1.08286547667869
"dat13_24","reg","NO2",61,43,0.64022992475625,0.754619361738967
"dat13_24","reg","NO2",61,44,0.40997191121882,0.719984587650821
"dat13_24","reg","NO2",61,45,1.95423221664978,0.911632556267297
"dat13_24","reg","NO2",61,46,0.489438896934434,0.86085355290238
"dat13_24","reg","NO2",61,47,0.528216860963317,0.713224573680739
"dat13_24","reg","NO2",61,48,-0.711278202662136,0.947908361794679
"dat13_24","reg","NO2",61,49,-0.550276987429324,0.779326041519571
"dat13_24","reg","NO2",61,50,-0.109269879252938,0.712358413316845
"dat13_24","reg","NO2",61,51,1.21714493906433,0.797480691214342
"dat13_24","reg","NO2",61,52,2.15290856326516,0.795245228236075
"dat13_24","reg","NO2",61,53,-0.127832991160054,0.723070276749637
"dat13_24","reg","NO2",61,54,3.52330674422774,0.844435201589438
"dat13_24","reg","NO2",61,55,4.16825948975401,0.704979997763158
"dat13_24","reg","NO2",61,56,2.37963615702022,0.783439196709878
"dat13_24","reg","NO2",61,57,1.77574089692054,0.815549831909409
"dat13_24","reg","NO2",61,58,1.55660270429182,0.782617133555671
"dat13_24","reg","NO2",61,59,1.38120907213046,0.308476097365647
"dat13_24","reg","NO2",61,60,0,NA
"dat13_24","reg","NO2",61,61,-1.18527317841023,0.428234856187289
"dat13_24","reg","NO2",61,62,0.217082732017954,0.417412546597622
"dat13_24","reg","NO2",61,63,0.998843506610787,0.61074186871348
"dat13_24","reg","NO2",61,64,1.35451631928089,0.699159787270996
"dat13_24","reg","NO2",61,65,2.05669168868743,0.768125241226648
"dat13_24","reg","NO2",61,66,2.38004297349661,0.776947231274663
"dat13_24","reg","NO2",61,67,2.8152695797661,0.900511801455016
"dat13_24","reg","NO2",61,68,1.1408362773513,0.913270472035321
"dat13_24","reg","NO2",61,69,-0.831891637670903,0.773897847261055
"dat13_24","reg","NO2",61,70,-0.170574753904544,0.809722985691898
"dat13_24","reg","NO2",61,71,-1.21658266396843,0.722131613165448
"dat13_24","reg","NO2",61,72,-1.83874214319007,0.750022048753903
"dat13_24","reg","NO2",61,73,-2.53542718919752,0.892752194325512
"dat13_24","reg","NO2",61,74,-1.78126292957678,0.989360497703447
"dat13_24","reg","NO2",61,75,1.0656478460465,0.915426210562256
"dat13_24","reg","NO2",61,76,1.38140498240311,0.855305591795394
"dat13_24","reg","NO2",61,77,1.41338451126092,0.776903600441472
"dat13_24","reg","NO2",61,78,1.16587876830727,0.862610836180838
"dat13_24","reg","NO2",61,79,1.93272693877075,1.67336848365628
"dat13_24","reg","NO2",61,80,2.17540706502918,1.41176120499159
"dat13_24","reg","NO2",61,81,1.27230596157963,1.3475720213486
"dat13_24","reg","NO2",61,82,1.52660583258413,1.20123762244812
"dat13_24","reg","NO2",61,83,-0.845037727388258,1.62537042060335
"dat13_24","reg","NO2",61,84,-1.05639598775099,1.41318531607791
"dat13_24","reg","NO2",61,85,-0.774505706625661,1.36546326243412
"dat13_24","reg","NO2",61,86,2.4276366840421,1.33470858268911
"dat13_24","reg","NO2",61,87,3.96305556210018,1.28813007432348
"dat13_24","reg","NO2",61,88,5.41139940191688,1.32387468702328
"dat13_24","reg","NO2",61,89,3.5666866088954,1.35991362853487
"dat13_24","reg","NO2",61,90,3.57128453939787,1.42822269912477
"dat13_24","reg","NO2",61,91,2.59007426796827,1.49259616987152
"dat13_24","reg","NO2",61,92,3.5799843336773,1.27866562911225
"dat13_24","reg","NO2",61,93,4.10814820784354,1.24108715415637
"dat13_24","reg","NO2",61,94,2.69113518349293,1.3090018769843
"dat13_24","reg","NO2",61,95,1.34801830634201,1.26570484162396
"dat13_24","reg","NO2",61,96,-1.56549834542773,1.27221106970941
"dat13_24","reg","NO2",61,97,2.79070312256082,1.50257425859213
"dat13_24","reg","NO2",61,98,3.32510652919238,1.2982201791922
"dat13_24","reg","NO2",61,99,4.38212805549329,1.27684422010015
"dat13_24","reg","NO2",61,100,3.65023826447907,1.35622139699108
"dat13_24","reg","NO2",61,101,3.86922075250275,1.3200561325311
"dat13_24","reg","NO2",61,102,2.6411308649074,1.29555668449106
"dat13_24","reg","NO2",61,103,1.9382358500473,1.32010032313813
"dat13_24","reg","NO2",61,104,1.20543765204855,1.28858523472129
"dat13_24","reg","NO2",61,105,2.01532362358916,1.31577361161301
"dat13_24","reg","NO2",61,106,1.97836105678155,1.34430929276085
"dat13_24","reg","NO2",61,107,2.01272397969619,1.43718329708403
"dat13_24","reg","NO2",61,108,2.97087369051196,1.28162342568517
"dat13_24","reg","NO2",61,109,4.46528832423907,1.2977076089779
"dat13_24","reg","NO2",61,110,4.07427742205433,1.44371637495639
"dat13_24","reg","NO2",61,111,6.79561170727494,1.42448268621666
"dat13_24","reg","NO2",61,112,4.30622802117422,1.34460602150305
"dat13_24","reg","NO2",61,113,2.46069371176035,1.29994213026009
"dat13_24","reg","NO2",61,114,3.80294887115224,1.37415139709797
"dat13_24","reg","NO2",61,115,3.9605893238958,1.35683441537225
"dat13_24","reg","NO2",61,116,1.58667763745391,1.34684707132199
"dat13_24","reg","NO2",61,117,2.06590902767036,1.30096141560189
"dat13_24","reg","NO2",61,118,2.46377054550579,1.47249113094306
"dat13_24","reg","NO2",61,119,3.16661564570216,1.85751613504473
"dat13_24","reg","NO2",61,120,2.72884557153064,1.82978391710513
"dat13_24","reg","NO2",61,121,0.955568954281338,1.66037661502536
"dat13_24","reg","NO2",61,122,2.09497265382493,1.55183998286844
"dat13_24","reg","NO2",61,123,2.77614541567635,1.43851026963136
"dat13_24","reg","NO2",61,124,1.43204940367336,1.31071157834713
"dat13_24","reg","NO2",61,125,0.432721523415402,1.32792275068262
"dat13_24","reg","NO2",61,126,2.08924341461383,1.38009891390176
"dat13_24","reg","NO2",61,127,1.75378077998289,1.31188791754596
"dat13_24","reg","NO2",61,128,1.16237683692613,1.33958967969242
"dat13_24","reg","NO2",61,129,3.6858173159801,1.29417370293844
"dat13_24","reg","NO2",61,130,3.56580162644669,1.34131709387135
"dat13_24","reg","NO2",61,131,1.66015968279863,1.78513684099669
"dat13_24","reg","NO2",61,132,0.973133825376431,1.76431981221656
"dat13_24","reg","NO2",61,133,2.62038449939498,1.87266911065421
"dat13_24","reg","NO2",61,134,2.38969291320141,1.77400362001421
"dat13_24","reg","NO2",61,135,4.84139497481207,1.4373129976018
"dat13_24","reg","NO2",61,136,3.99222208952414,1.25962735701398
"dat13_24","reg","NO2",61,137,2.5728999049598,1.24906164514241
"dat13_24","reg","NO2",61,138,1.48285725090136,1.28868898858867
"dat13_24","reg","NO2",61,139,1.33641999089349,1.31622779505984
"dat13_24","reg","NO2",61,140,3.15428406175481,1.31292769189612
"dat13_24","reg","NO2",61,141,2.56866431763405,1.3798930732335
"dat13_24","reg","NO2",61,142,2.23531607213723,1.40877361365887
"dat13_24","reg","NO2",61,143,-0.378968406924766,1.60881480675846
"dat13_24","reg","NO2",61,144,2.34567598085919,1.64248927583834
"dat13_24","reg","NO2",61,145,1.93845354899964,1.57047212764859
"dat13_24","reg","NO2",61,146,4.02824158767453,1.41074590143701
"dat13_24","reg","NO2",61,147,2.69072083245848,1.32725715313173
"dat13_24","reg","NO2",61,148,3.00695896145467,1.26960557777149
"dat13_24","reg","NO2",61,149,1.22659919552234,1.20936618528192
"dat13_24","reg","NO2",61,150,1.14849711112873,1.29427200504983
"dat13_24","reg","NO2",61,151,0.227379347138069,1.39230628104427
"dat13_24","reg","NO2",61,152,2.28847463730044,1.31396961385553
"dat13_24","reg","NO2",61,153,1.9343198488453,1.32551267018009
"dat13_24","reg","NO2",61,154,2.38409285522492,1.57042409991165
"dat13_24","reg","NO2",61,155,1.90679766015282,1.60103644243288
"dat13_24","reg","NO2",61,156,0.323622069326383,1.71247448929113
"dat13_24","reg","NO2",79,13,-1.06483645963473,1.03987273378926
"dat13_24","reg","NO2",79,14,-2.49484881427303,0.96064375433874
"dat13_24","reg","NO2",79,15,-2.91242446795946,0.803946389011829
"dat13_24","reg","NO2",79,16,-1.2458470239077,0.69245374609523
"dat13_24","reg","NO2",79,17,1.14354347235157,0.614013400517025
"dat13_24","reg","NO2",79,18,1.3267324049579,0.752603172138028
"dat13_24","reg","NO2",79,19,-2.77131585362567,0.768196764464745
"dat13_24","reg","NO2",79,20,-3.38121240354441,0.686908445005612
"dat13_24","reg","NO2",79,21,0.168029507098437,0.562210653915872
"dat13_24","reg","NO2",79,22,-0.314452888787432,0.612912850457689
"dat13_24","reg","NO2",79,23,-0.520909920921509,0.774577332329543
"dat13_24","reg","NO2",79,24,0.23095500638777,0.780544774291625
"dat13_24","reg","NO2",79,25,0.481904794022689,0.911360318743937
"dat13_24","reg","NO2",79,26,2.35015781241161,0.921959078151507
"dat13_24","reg","NO2",79,27,0.497187168476168,0.717961104152604
"dat13_24","reg","NO2",79,28,2.28315840776814,0.784802322555011
"dat13_24","reg","NO2",79,29,0.341984671701391,0.565783966607857
"dat13_24","reg","NO2",79,30,0.254815077625207,0.448144630832914
"dat13_24","reg","NO2",79,31,0.820843102282738,0.452386525894707
"dat13_24","reg","NO2",79,32,-0.602518386581162,0.532940962623881
"dat13_24","reg","NO2",79,33,4.28141851520743,0.684307734573059
"dat13_24","reg","NO2",79,34,1.06745822935849,0.900878772247258
"dat13_24","reg","NO2",79,35,0.588738074264484,0.97372093938353
"dat13_24","reg","NO2",79,36,-2.87633866955617,0.920811821510576
"dat13_24","reg","NO2",79,37,-1.60263274830907,1.26327668979489
"dat13_24","reg","NO2",79,38,-1.8990090282504,0.917885809914739
"dat13_24","reg","NO2",79,39,1.20313482824084,0.81646960560047
"dat13_24","reg","NO2",79,40,0.584536050201157,0.595137594996885
"dat13_24","reg","NO2",79,41,-1.52253354308952,0.67398550639244
"dat13_24","reg","NO2",79,42,0.248859466598608,0.568768414935961
"dat13_24","reg","NO2",79,43,-1.47122161125434,0.501208729331103
"dat13_24","reg","NO2",79,44,-1.26453096860946,0.530009791126587
"dat13_24","reg","NO2",79,45,-0.326751269343624,0.787951036142135
"dat13_24","reg","NO2",79,46,1.83415294165493,0.862626506274007
"dat13_24","reg","NO2",79,47,-0.863768991772405,0.885096050081649
"dat13_24","reg","NO2",79,48,0.0565720172915345,1.05930729333176
"dat13_24","reg","NO2",79,49,-1.88887707206168,1.02066648381244
"dat13_24","reg","NO2",79,50,-0.339545804718222,0.598253522546212
"dat13_24","reg","NO2",79,51,0.753242679551731,0.779076254677247
"dat13_24","reg","NO2",79,52,1.7757583051171,0.626709939543311
"dat13_24","reg","NO2",79,53,-0.716432795617951,0.602480494387833
"dat13_24","reg","NO2",79,54,-0.293869359871817,0.637447592849702
"dat13_24","reg","NO2",79,55,-0.402627993011814,0.469075495513894
"dat13_24","reg","NO2",79,56,-1.75435778795522,0.568123141682797
"dat13_24","reg","NO2",79,57,0.22978678742927,0.574462634039198
"dat13_24","reg","NO2",79,58,2.31510868405479,0.621837376396149
"dat13_24","reg","NO2",79,59,-1.36574447433945,0.699053827892316
"dat13_24","reg","NO2",79,60,-1.47680068893831,0.703298421726142
"dat13_24","reg","NO2",79,61,-1.95011722866024,0.75067686667974
"dat13_24","reg","NO2",79,62,-1.24214644527775,0.650635249631957
"dat13_24","reg","NO2",79,63,0.63721334916897,0.783648446198968
"dat13_24","reg","NO2",79,64,0.219857471717599,0.511178190234539
"dat13_24","reg","NO2",79,65,-0.63644108608006,0.46096568413909
"dat13_24","reg","NO2",79,66,-0.117390510226061,0.326050403630874
"dat13_24","reg","NO2",79,67,-0.791725919930447,0.447549741618294
"dat13_24","reg","NO2",79,68,0.387931886778604,0.425416970708294
"dat13_24","reg","NO2",79,69,-0.269915435345386,0.663462787410085
"dat13_24","reg","NO2",79,70,1.19925665058394,0.595025691128593
"dat13_24","reg","NO2",79,71,-1.01094923071189,0.675946199001874
"dat13_24","reg","NO2",79,72,-1.99670674436992,0.709387020732075
"dat13_24","reg","NO2",79,73,-2.21280666843982,0.805583309843247
"dat13_24","reg","NO2",79,74,-0.831399231233496,0.665902786150959
"dat13_24","reg","NO2",79,75,0.875782041444638,0.371982871201824
"dat13_24","reg","NO2",79,76,1.31274460008805,0.291608973585589
"dat13_24","reg","NO2",79,77,0.941369373133111,0.251259213775911
"dat13_24","reg","NO2",79,78,0,NA
"dat13_24","reg","NO2",79,79,-1.7141535980478,0.298322806636131
"dat13_24","reg","NO2",79,80,-1.09154013001014,0.419187642892137
"dat13_24","reg","NO2",79,81,-0.0172262950850843,0.51687152858096
"dat13_24","reg","NO2",79,82,1.60913628925213,0.526824203378892
"dat13_24","reg","NO2",79,83,2.30893262314267,0.666720122283962
"dat13_24","reg","NO2",79,84,1.7307171540622,0.549070104642814
"dat13_24","reg","NO2",79,85,3.17877592874228,0.579239547785785
"dat13_24","reg","NO2",79,86,2.98726417722348,0.550722401731332
"dat13_24","reg","NO2",79,87,2.86417809321644,0.502939345383055
"dat13_24","reg","NO2",79,88,2.23011118297553,0.43539405720216
"dat13_24","reg","NO2",79,89,0.382394367992688,0.435503087577526
"dat13_24","reg","NO2",79,90,-0.691294510767608,0.397026148456535
"dat13_24","reg","NO2",79,91,-1.48978604579022,0.543753917316916
"dat13_24","reg","NO2",79,92,-0.725447763385738,0.436364930657188
"dat13_24","reg","NO2",79,93,1.65213095512537,0.558240306840059
"dat13_24","reg","NO2",79,94,2.00417307036581,0.622090315793398
"dat13_24","reg","NO2",79,95,2.79375919576878,0.679686875331558
"dat13_24","reg","NO2",79,96,1.61491506913501,0.671396698668585
"dat13_24","reg","NO2",79,97,3.75597067477265,0.663791700875771
"dat13_24","reg","NO2",79,98,2.91629446728681,0.558724790835862
"dat13_24","reg","NO2",79,99,2.36467549017861,0.50781152128494
"dat13_24","reg","NO2",79,100,-0.378450237296919,0.520141605267627
"dat13_24","reg","NO2",79,101,0.264102303445509,0.478243452608974
"dat13_24","reg","NO2",79,102,-0.759324326759809,0.451441795722535
"dat13_24","reg","NO2",79,103,-1.83380306043221,0.517928628732329
"dat13_24","reg","NO2",79,104,-2.87274457376926,0.59167360053427
"dat13_24","reg","NO2",79,105,-0.935736285271769,0.617365141782812
"dat13_24","reg","NO2",79,106,1.43228847382926,0.602948033854065
"dat13_24","reg","NO2",79,107,2.45225247095078,0.615939373395315
"dat13_24","reg","NO2",79,108,1.96900231276156,0.607530246113678
"dat13_24","reg","NO2",79,109,1.98098647385632,0.715525442734796
"dat13_24","reg","NO2",79,110,2.32193524463933,0.631269957831213
"dat13_24","reg","NO2",79,111,4.42158749778211,0.647846240042236
"dat13_24","reg","NO2",79,112,0.79471001205379,0.599232074219498
"dat13_24","reg","NO2",79,113,-0.519085099138089,0.563049852353267
"dat13_24","reg","NO2",79,114,-0.212926334511711,0.552528522325749
"dat13_24","reg","NO2",79,115,-0.789427401198192,0.621897005019258
"dat13_24","reg","NO2",79,116,-1.81093980548622,0.629019432708534
"dat13_24","reg","NO2",79,117,-1.44417563259089,0.690693176660995
"dat13_24","reg","NO2",79,118,0.607771522254084,0.687665857360335
"dat13_24","reg","NO2",79,119,2.36602910287962,0.757950939469006
"dat13_24","reg","NO2",79,120,2.15809783514815,0.819579887257227
"dat13_24","reg","NO2",79,121,0.968913521934544,0.694751067431033
"dat13_24","reg","NO2",79,122,0.841009153662729,0.675072256057274
"dat13_24","reg","NO2",79,123,1.29530483825945,0.614921388417871
"dat13_24","reg","NO2",79,124,-1.38025114207817,0.566638698836773
"dat13_24","reg","NO2",79,125,-3.41068719170156,0.546914007022677
"dat13_24","reg","NO2",79,126,-2.80538228720602,0.557503178145353
"dat13_24","reg","NO2",79,127,-2.97701497446476,0.542903918757877
"dat13_24","reg","NO2",79,128,-3.21221268631246,0.590875521139847
"dat13_24","reg","NO2",79,129,-0.54480220723232,0.633415314219999
"dat13_24","reg","NO2",79,130,0.926333343371229,0.643096689734264
"dat13_24","reg","NO2",79,131,1.63429982790473,0.822900318065338
"dat13_24","reg","NO2",79,132,0.731212030382027,0.768535300709889
"dat13_24","reg","NO2",79,133,2.0725484890759,0.828074491727135
"dat13_24","reg","NO2",79,134,1.41332299401725,0.761001915486041
"dat13_24","reg","NO2",79,135,1.93720576119381,0.62343043525621
"dat13_24","reg","NO2",79,136,-0.676217910403752,0.70035369625028
"dat13_24","reg","NO2",79,137,-1.19942501107096,0.596221336481236
"dat13_24","reg","NO2",79,138,-3.07272560107726,0.517913610470182
"dat13_24","reg","NO2",79,139,-3.9964438051304,0.613250314673411
"dat13_24","reg","NO2",79,140,-2.77227148599746,0.589142911763313
"dat13_24","reg","NO2",79,141,-1.91081177403379,0.606866681517592
"dat13_24","reg","NO2",79,142,-0.0498725762785259,0.632153676917359
"dat13_24","reg","NO2",79,143,-1.18961330629677,0.732450841480444
"dat13_24","reg","NO2",79,144,0.808328183627771,0.789557640434823
"dat13_24","reg","NO2",79,145,0.0601048065393579,0.775650651322481
"dat13_24","reg","NO2",79,146,0.641122323637466,0.743307224380666
"dat13_24","reg","NO2",79,147,-0.903767000856265,0.719528027699636
"dat13_24","reg","NO2",79,148,-0.633259739321354,0.658806697601477
"dat13_24","reg","NO2",79,149,-2.89479533112069,0.556916864402685
"dat13_24","reg","NO2",79,150,-3.30574707080507,0.528653884757084
"dat13_24","reg","NO2",79,151,-4.49798578152889,0.623281886230498
"dat13_24","reg","NO2",79,152,-2.71537451338364,0.614456593845374
"dat13_24","reg","NO2",79,153,-2.24210539931678,0.656693665123381
"dat13_24","reg","NO2",79,154,0.332065924798777,0.787136040129222
"dat13_24","reg","NO2",79,155,1.20082282684986,0.753717536857149
"dat13_24","reg","NO2",79,156,-0.113517185665051,0.674389461519672
"dat13_24","reg","NO2",97,13,-0.272425657873121,0.679123886037481
"dat13_24","reg","NO2",97,14,-1.97401961774449,0.804797894712484
"dat13_24","reg","NO2",97,15,-0.942927297490916,0.689715443883791
"dat13_24","reg","NO2",97,16,-1.64114923997026,0.64583819398888
"dat13_24","reg","NO2",97,17,-2.13784079226176,0.603590607716047
"dat13_24","reg","NO2",97,18,0.816158691074182,1.02618264425746
"dat13_24","reg","NO2",97,19,-2.95484227319684,0.791014710785465
"dat13_24","reg","NO2",97,20,-3.00659378390328,0.752694836175468
"dat13_24","reg","NO2",97,21,-1.19572498038637,0.87630650120455
"dat13_24","reg","NO2",97,22,-0.879396284656881,0.811743659869684
"dat13_24","reg","NO2",97,23,-0.484323223350147,0.756751227408944
"dat13_24","reg","NO2",97,24,0.622098592612946,0.941257347951935
"dat13_24","reg","NO2",97,25,-0.885213496145208,0.778474494501108
"dat13_24","reg","NO2",97,26,-0.369999604899722,0.897634045714594
"dat13_24","reg","NO2",97,27,-1.2753139670471,0.841376639413017
"dat13_24","reg","NO2",97,28,0.185447907604284,0.804165674416228
"dat13_24","reg","NO2",97,29,-0.690422507358326,0.67119305888195
"dat13_24","reg","NO2",97,30,-0.758764793309828,0.606118819806073
"dat13_24","reg","NO2",97,31,-0.905419735954283,0.605064688670308
"dat13_24","reg","NO2",97,32,-0.321546897648421,0.631084257198815
"dat13_24","reg","NO2",97,33,1.90551968545761,0.794591649685464
"dat13_24","reg","NO2",97,34,-1.77290172245698,0.977667203628752
"dat13_24","reg","NO2",97,35,0.56190905347185,0.831942515226251
"dat13_24","reg","NO2",97,36,-0.540634820235871,0.676140343880459
"dat13_24","reg","NO2",97,37,0.544147717473112,0.863293969892337
"dat13_24","reg","NO2",97,38,-0.508373028030942,0.699032782416831
"dat13_24","reg","NO2",97,39,0.864485835389385,0.96467598525695
"dat13_24","reg","NO2",97,40,1.24501613791412,0.677504233876785
"dat13_24","reg","NO2",97,41,-0.733821635884619,0.797495629819827
"dat13_24","reg","NO2",97,42,-0.188211846732607,0.720841618159318
"dat13_24","reg","NO2",97,43,-0.180816552438305,0.569034628064451
"dat13_24","reg","NO2",97,44,-0.254770273172573,0.725895012054188
"dat13_24","reg","NO2",97,45,0.55801316416018,0.970375511850697
"dat13_24","reg","NO2",97,46,1.32730846074688,0.996008181886006
"dat13_24","reg","NO2",97,47,-0.955890137205438,0.652170649073309
"dat13_24","reg","NO2",97,48,-0.311737727446662,1.07010585180238
"dat13_24","reg","NO2",97,49,0.254794456375958,0.792505878138401
"dat13_24","reg","NO2",97,50,-1.39793214632856,0.658839952791003
"dat13_24","reg","NO2",97,51,0.629917471716382,0.761036652600731
"dat13_24","reg","NO2",97,52,1.03418541028395,0.698577743672375
"dat13_24","reg","NO2",97,53,-1.65309898800437,0.993825475019891
"dat13_24","reg","NO2",97,54,0.04537450830159,0.757339328521008
"dat13_24","reg","NO2",97,55,-0.878290980680038,0.580723345038597
"dat13_24","reg","NO2",97,56,-0.178878866874774,0.733967448372636
"dat13_24","reg","NO2",97,57,0.472002460191315,0.91404021011718
"dat13_24","reg","NO2",97,58,0.0458555775289078,0.863306934556503
"dat13_24","reg","NO2",97,59,-0.537894625671279,0.622817629744228
"dat13_24","reg","NO2",97,60,-0.668012120166154,0.663283559209243
"dat13_24","reg","NO2",97,61,-0.199722554262843,0.720295130456713
"dat13_24","reg","NO2",97,62,-0.838193824812012,0.668207587984092
"dat13_24","reg","NO2",97,63,2.91756679537617,0.829019770377773
"dat13_24","reg","NO2",97,64,-0.0703875254471544,0.618299503286752
"dat13_24","reg","NO2",97,65,-0.343169342726831,0.690249993896375
"dat13_24","reg","NO2",97,66,-1.14128450768944,0.605326764129593
"dat13_24","reg","NO2",97,67,-0.0591719964644106,0.591868474158232
"dat13_24","reg","NO2",97,68,-1.754401185037,0.595604151959142
"dat13_24","reg","NO2",97,69,0.886586969192661,0.653217036782151
"dat13_24","reg","NO2",97,70,0.930828720774363,0.543700240918243
"dat13_24","reg","NO2",97,71,-0.141668200733388,0.574205254090743
"dat13_24","reg","NO2",97,72,1.16200754959009,0.57490458568756
"dat13_24","reg","NO2",97,73,0.209901472799128,0.626475795156836
"dat13_24","reg","NO2",97,74,0.176809676449488,0.593204600370439
"dat13_24","reg","NO2",97,75,0.525714680188472,0.505183431496315
"dat13_24","reg","NO2",97,76,-0.602854448535627,0.502579673461861
"dat13_24","reg","NO2",97,77,-1.17629459556878,0.50295521637323
"dat13_24","reg","NO2",97,78,-1.58959817207081,0.736261415903165
"dat13_24","reg","NO2",97,79,-3.10314043059653,0.620658738417277
"dat13_24","reg","NO2",97,80,-1.99339699607034,0.491773442710962
"dat13_24","reg","NO2",97,81,-2.19102101228161,0.503115024964247
"dat13_24","reg","NO2",97,82,-1.03655021744046,0.566772054744741
"dat13_24","reg","NO2",97,83,0.221058034884792,0.734806652984476
"dat13_24","reg","NO2",97,84,-0.318361160769161,0.565352732277916
"dat13_24","reg","NO2",97,85,1.0197046688868,0.60795054315816
"dat13_24","reg","NO2",97,86,0.671572864039808,0.512637322014646
"dat13_24","reg","NO2",97,87,0.198556162691768,0.390537475265056
"dat13_24","reg","NO2",97,88,-0.815042783513335,0.45062566573005
"dat13_24","reg","NO2",97,89,-1.75574755211158,0.52976490791929
"dat13_24","reg","NO2",97,90,-1.22056822432322,0.451777035518501
"dat13_24","reg","NO2",97,91,-2.40735816392716,0.378671176851893
"dat13_24","reg","NO2",97,92,-1.72583887670716,0.514653315848718
"dat13_24","reg","NO2",97,93,-1.41782803243584,0.4770828177915
"dat13_24","reg","NO2",97,94,-2.05683786974997,0.429917293943301
"dat13_24","reg","NO2",97,95,0.192670790193457,0.309818077647485
"dat13_24","reg","NO2",97,96,0,NA
"dat13_24","reg","NO2",97,97,0.293805516209843,0.324618157470672
"dat13_24","reg","NO2",97,98,0.0504627802992772,0.350364423891061
"dat13_24","reg","NO2",97,99,-0.249998033419209,0.458745734445514
"dat13_24","reg","NO2",97,100,-1.68094651478757,0.57888980623802
"dat13_24","reg","NO2",97,101,-1.55435282394099,0.568862562935602
"dat13_24","reg","NO2",97,102,-1.75412736400594,0.494288348584617
"dat13_24","reg","NO2",97,103,-2.64810878846062,0.56765157865965
"dat13_24","reg","NO2",97,104,-3.20870966515355,0.716141582790032
"dat13_24","reg","NO2",97,105,-2.7424694757347,0.546972777537666
"dat13_24","reg","NO2",97,106,-0.850098998406484,0.393868580500989
"dat13_24","reg","NO2",97,107,0.139152025998737,0.328554885818613
"dat13_24","reg","NO2",97,108,-0.253268622076718,0.368401478610636
"dat13_24","reg","NO2",97,109,-1.05465580616532,0.530124100611709
"dat13_24","reg","NO2",97,110,-0.273173592349889,0.508878488672241
"dat13_24","reg","NO2",97,111,0.358357012268574,0.605551111112995
"dat13_24","reg","NO2",97,112,-1.33859588684012,0.546882644579177
"dat13_24","reg","NO2",97,113,-1.96788345730444,0.570897459203352
"dat13_24","reg","NO2",97,114,-1.76631224347034,0.599218932776879
"dat13_24","reg","NO2",97,115,-2.55995974379012,0.640149737277356
"dat13_24","reg","NO2",97,116,-2.89261983245625,0.62588973726887
"dat13_24","reg","NO2",97,117,-3.08054343473581,0.631837626664309
"dat13_24","reg","NO2",97,118,-1.76080084852949,0.505520103461316
"dat13_24","reg","NO2",97,119,0.0764860573779842,0.435707993614412
"dat13_24","reg","NO2",97,120,-0.462822590191656,0.447492249983932
"dat13_24","reg","NO2",97,121,0.00941624788136952,0.464856635193204
"dat13_24","reg","NO2",97,122,-0.988692421882668,0.461993538404565
"dat13_24","reg","NO2",97,123,-0.363362380749454,0.467763147304314
"dat13_24","reg","NO2",97,124,-1.77035517808202,0.533753106259027
"dat13_24","reg","NO2",97,125,-2.62943366146584,0.633230937964228
"dat13_24","reg","NO2",97,126,-3.00477640737422,0.70194535906304
"dat13_24","reg","NO2",97,127,-3.01417912725021,0.647009066320377
"dat13_24","reg","NO2",97,128,-2.96701913242577,0.708282276743848
"dat13_24","reg","NO2",97,129,-2.33091334246051,0.576290748783753
"dat13_24","reg","NO2",97,130,-1.3204511958322,0.497727667374196
"dat13_24","reg","NO2",97,131,-1.07234573959722,0.384845030311413
"dat13_24","reg","NO2",97,132,-1.26246000491398,0.357048923509598
"dat13_24","reg","NO2",97,133,-0.755429245801309,0.420151073755253
"dat13_24","reg","NO2",97,134,-0.279216929638137,0.455699676731816
"dat13_24","reg","NO2",97,135,-0.373011104385201,0.497383100992698
"dat13_24","reg","NO2",97,136,-2.50022211033727,0.700382453632211
"dat13_24","reg","NO2",97,137,-2.47334464446113,0.622829568932598
"dat13_24","reg","NO2",97,138,-3.04924805757758,0.657376303974841
"dat13_24","reg","NO2",97,139,-3.31505395409896,0.722770450288961
"dat13_24","reg","NO2",97,140,-3.43046816215166,0.660299169343671
"dat13_24","reg","NO2",97,141,-3.18320384386533,0.563683255069144
"dat13_24","reg","NO2",97,142,-1.80843608967998,0.463103026227908
"dat13_24","reg","NO2",97,143,-2.62084797883291,0.444671218770495
"dat13_24","reg","NO2",97,144,-2.04052858940315,0.427019064099483
"dat13_24","reg","NO2",97,145,-1.55121522297621,0.449740565847078
"dat13_24","reg","NO2",97,146,-1.99946161685755,0.581772857049331
"dat13_24","reg","NO2",97,147,-2.33469109786834,0.687041881766584
"dat13_24","reg","NO2",97,148,-1.76231715154975,0.580363667088247
"dat13_24","reg","NO2",97,149,-2.93655253364371,0.685296115346864
"dat13_24","reg","NO2",97,150,-2.93700123947879,0.638869110049288
"dat13_24","reg","NO2",97,151,-3.90002385635993,0.792341098936068
"dat13_24","reg","NO2",97,152,-3.43552118033224,0.692569076836319
"dat13_24","reg","NO2",97,153,-3.61173667173358,0.656534665748335
"dat13_24","reg","NO2",97,154,-2.67117102293196,0.55313117954596
"dat13_24","reg","NO2",97,155,-1.48521063704082,0.476855431119692
"dat13_24","reg","NO2",97,156,-1.41395119836974,0.469801912393371
"dat13_24","reg","CO",61,13,-94.8922933917912,22.0737922221977
"dat13_24","reg","CO",61,14,-23.1725298470622,26.6856208945486
"dat13_24","reg","CO",61,15,-50.1084439325623,21.940573666888
"dat13_24","reg","CO",61,16,-1.96347567315303,18.4348657894143
"dat13_24","reg","CO",61,17,-41.3291407911484,21.1240829227968
"dat13_24","reg","CO",61,18,-99.9972303773397,20.5030302983744
"dat13_24","reg","CO",61,19,-49.8269343579352,21.3482862524053
"dat13_24","reg","CO",61,20,-80.7446142118505,21.8222612643409
"dat13_24","reg","CO",61,21,-76.4253091714598,17.9017953686286
"dat13_24","reg","CO",61,22,-83.2732212291463,16.1845459139439
"dat13_24","reg","CO",61,23,-43.7507654711815,21.1347801951043
"dat13_24","reg","CO",61,24,-0.566989984778573,18.0168663358082
"dat13_24","reg","CO",61,25,-45.3911586620785,17.192899845548
"dat13_24","reg","CO",61,26,-4.97875126720823,17.1683424809222
"dat13_24","reg","CO",61,27,-10.4468037713698,17.748556996171
"dat13_24","reg","CO",61,28,-0.385162006855921,17.5743014162409
"dat13_24","reg","CO",61,29,-11.4004727712643,14.6614842247016
"dat13_24","reg","CO",61,30,-59.9973876166397,20.794902456059
"dat13_24","reg","CO",61,31,-127.639791641964,29.6766050090382
"dat13_24","reg","CO",61,32,10.1683359345917,21.3652626347485
"dat13_24","reg","CO",61,33,-9.06144573069855,15.162045760289
"dat13_24","reg","CO",61,34,3.34421030421399,16.9674504277311
"dat13_24","reg","CO",61,35,-3.68247340022222,15.8243585806635
"dat13_24","reg","CO",61,36,21.2770807638348,16.7941253757938
"dat13_24","reg","CO",61,37,-32.2959501680694,16.0656429027624
"dat13_24","reg","CO",61,38,-18.0823520127749,20.0905216927319
"dat13_24","reg","CO",61,39,-11.4474834422364,21.6921261439368
"dat13_24","reg","CO",61,40,17.6628166541143,20.8758195114257
"dat13_24","reg","CO",61,41,-12.4009926205322,19.5401809869983
"dat13_24","reg","CO",61,42,-41.2153875141825,29.4274713983095
"dat13_24","reg","CO",61,43,5.17975257185873,19.1713212162612
"dat13_24","reg","CO",61,44,40.0740510708333,19.3767230115513
"dat13_24","reg","CO",61,45,33.7172112892501,18.6375874080745
"dat13_24","reg","CO",61,46,17.9313432999312,17.072302120489
"dat13_24","reg","CO",61,47,16.2860106152345,16.4685496930357
"dat13_24","reg","CO",61,48,4.42548385700135,14.5161453375829
"dat13_24","reg","CO",61,49,-7.5032829718434,14.54752729487
"dat13_24","reg","CO",61,50,-2.14405760400507,15.7902781622769
"dat13_24","reg","CO",61,51,27.8983943143267,15.305258892378
"dat13_24","reg","CO",61,52,12.9829954476875,20.1732066344587
"dat13_24","reg","CO",61,53,9.9271184950112,20.4083147799009
"dat13_24","reg","CO",61,54,13.1413981088641,20.4684811279948
"dat13_24","reg","CO",61,55,13.842210091912,17.045965049927
"dat13_24","reg","CO",61,56,7.30991196311612,18.9936264354991
"dat13_24","reg","CO",61,57,18.9738130051755,17.4586120141306
"dat13_24","reg","CO",61,58,-7.27087586133365,14.698296683428
"dat13_24","reg","CO",61,59,-12.1973352936642,6.09754011283047
"dat13_24","reg","CO",61,60,0,NA
"dat13_24","reg","CO",61,61,-12.7648230808105,10.162054867104
"dat13_24","reg","CO",61,62,17.4909798266969,12.0935368331111
"dat13_24","reg","CO",61,63,21.6545545335488,14.1345587715227
"dat13_24","reg","CO",61,64,33.4231498894337,13.3774526940584
"dat13_24","reg","CO",61,65,26.7305867752031,13.8592136224555
"dat13_24","reg","CO",61,66,45.3283412347554,14.9555511168608
"dat13_24","reg","CO",61,67,58.6761025584664,18.1909108794433
"dat13_24","reg","CO",61,68,52.7781149293444,16.4444896786945
"dat13_24","reg","CO",61,69,32.9151933895065,16.3880701124547
"dat13_24","reg","CO",61,70,35.2232337285441,15.4791015162318
"dat13_24","reg","CO",61,71,42.1887649756243,14.5476770047898
"dat13_24","reg","CO",61,72,32.7958494515597,15.960601021085
"dat13_24","reg","CO",61,73,0.0591549379223508,17.1758615296819
"dat13_24","reg","CO",61,74,-1.20094993289734,14.4009701393865
"dat13_24","reg","CO",61,75,50.8349259045357,14.9823987396448
"dat13_24","reg","CO",61,76,47.4541543322751,15.9473516615977
"dat13_24","reg","CO",61,77,46.1338582384245,17.3135523528183
"dat13_24","reg","CO",61,78,62.2924109950262,17.8434138603604
"dat13_24","reg","CO",61,79,74.2173893465465,28.0354284824942
"dat13_24","reg","CO",61,80,45.9734516041819,25.0538243280574
"dat13_24","reg","CO",61,81,59.0984224895175,24.8546629134164
"dat13_24","reg","CO",61,82,84.7655027118023,22.6194149529075
"dat13_24","reg","CO",61,83,54.7303957288134,26.8116231176298
"dat13_24","reg","CO",61,84,19.2534532052837,25.9504569860443
"dat13_24","reg","CO",61,85,50.2949633897524,32.9389820100712
"dat13_24","reg","CO",61,86,38.9995945547953,32.6295413509808
"dat13_24","reg","CO",61,87,64.3376942967404,31.4389219743304
"dat13_24","reg","CO",61,88,44.8426281125841,27.0402796487883
"dat13_24","reg","CO",61,89,32.318423924277,27.594833695553
"dat13_24","reg","CO",61,90,21.661646392271,26.8246689419485
"dat13_24","reg","CO",61,91,41.9272882629379,26.1195835882917
"dat13_24","reg","CO",61,92,45.0374334951092,25.0643003720838
"dat13_24","reg","CO",61,93,47.5453470078265,25.3171185815779
"dat13_24","reg","CO",61,94,34.0660519407861,23.3896588177882
"dat13_24","reg","CO",61,95,14.3423519191245,23.2672144291444
"dat13_24","reg","CO",61,96,-47.1504645911671,28.6917080351922
"dat13_24","reg","CO",61,97,-4.30588734796769,37.829080717625
"dat13_24","reg","CO",61,98,-20.5210386049433,29.3012320519744
"dat13_24","reg","CO",61,99,15.5502817350759,24.8166069074306
"dat13_24","reg","CO",61,100,13.6057589093199,23.8574535837691
"dat13_24","reg","CO",61,101,16.3939915798862,24.7264094503607
"dat13_24","reg","CO",61,102,12.865087452289,27.1395704960122
"dat13_24","reg","CO",61,103,-24.9424647631585,29.4439156809485
"dat13_24","reg","CO",61,104,-44.3659510036206,31.3148479555125
"dat13_24","reg","CO",61,105,-15.2100803101581,27.7003612528972
"dat13_24","reg","CO",61,106,27.5559377581176,27.9215497134338
"dat13_24","reg","CO",61,107,31.6639170623241,24.9397551197334
"dat13_24","reg","CO",61,108,6.84207517495607,24.639044176958
"dat13_24","reg","CO",61,109,0.466901827476477,25.213745597837
"dat13_24","reg","CO",61,110,-2.91385661280688,28.3082883039292
"dat13_24","reg","CO",61,111,44.7220073106444,28.0454180921341
"dat13_24","reg","CO",61,112,76.7950046086484,23.6514594906156
"dat13_24","reg","CO",61,113,54.8831475524394,25.0014349070654
"dat13_24","reg","CO",61,114,48.9768637526196,25.8188895521997
"dat13_24","reg","CO",61,115,48.6466924525089,25.6057313126052
"dat13_24","reg","CO",61,116,59.0481121662021,25.6302797428357
"dat13_24","reg","CO",61,117,44.5764922090256,26.4063619454357
"dat13_24","reg","CO",61,118,50.9786568407299,22.7468259521882
"dat13_24","reg","CO",61,119,72.7739911629691,22.1655181011973
"dat13_24","reg","CO",61,120,61.728228767177,23.5287121022265
"dat13_24","reg","CO",61,121,38.8640849822566,22.268539997469
"dat13_24","reg","CO",61,122,46.712332256198,22.6850393392778
"dat13_24","reg","CO",61,123,34.9626152979503,23.2080513403704
"dat13_24","reg","CO",61,124,59.0001123930904,24.3342878491551
"dat13_24","reg","CO",61,125,42.4669827646129,24.3906733217934
"dat13_24","reg","CO",61,126,61.8791439154621,24.1551828349438
"dat13_24","reg","CO",61,127,27.6603564028921,26.4630552572189
"dat13_24","reg","CO",61,128,24.8125745646253,25.7860432759762
"dat13_24","reg","CO",61,129,81.6001985119404,23.5598187309973
"dat13_24","reg","CO",61,130,76.3968757090089,20.8913723001505
"dat13_24","reg","CO",61,131,87.6629553939307,21.5552980998264
"dat13_24","reg","CO",61,132,37.2810033664954,20.176017653598
"dat13_24","reg","CO",61,133,76.5947594466586,22.7147122818067
"dat13_24","reg","CO",61,134,52.1639349778139,19.8685066080208
"dat13_24","reg","CO",61,135,101.890282350389,19.9574538057592
"dat13_24","reg","CO",61,136,68.9211706611366,22.8023435289975
"dat13_24","reg","CO",61,137,58.3257650035722,23.5560788829051
"dat13_24","reg","CO",61,138,65.5550939721288,24.3572878487456
"dat13_24","reg","CO",61,139,39.536646910659,24.596227680043
"dat13_24","reg","CO",61,140,64.2355962904817,24.3975114546161
"dat13_24","reg","CO",61,141,83.2782201476742,23.933157684992
"dat13_24","reg","CO",61,142,67.5444442391233,20.6564983861345
"dat13_24","reg","CO",61,143,50.3346415332411,22.6730763328678
"dat13_24","reg","CO",61,144,57.2176390465865,20.3591825007035
"dat13_24","reg","CO",61,145,53.9347108632552,20.7035396751962
"dat13_24","reg","CO",61,146,52.6041926024244,22.297569879886
"dat13_24","reg","CO",61,147,2.55858063969265,24.7737963552725
"dat13_24","reg","CO",61,148,23.8180531406626,28.3663186456554
"dat13_24","reg","CO",61,149,3.9987415201137,24.3184761663299
"dat13_24","reg","CO",61,150,-25.508651926139,22.7316497443304
"dat13_24","reg","CO",61,151,-28.8594869910243,26.7219922476415
"dat13_24","reg","CO",61,152,-3.37664443657201,27.3932591768403
"dat13_24","reg","CO",61,153,-18.4573493082904,28.3155636260186
"dat13_24","reg","CO",61,154,-8.86199805570533,26.1363395407001
"dat13_24","reg","CO",61,155,-25.8276118159989,29.8662216548427
"dat13_24","reg","CO",61,156,-69.1851498616248,29.2415888180138
"dat13_24","reg","CO",79,13,54.0016943259504,22.5145796850945
"dat13_24","reg","CO",79,14,37.9976275979697,22.40733928382
"dat13_24","reg","CO",79,15,0.884520452787967,14.9818138822904
"dat13_24","reg","CO",79,16,51.4516458677879,14.9506616747637
"dat13_24","reg","CO",79,17,61.5104421016536,15.2082642629592
"dat13_24","reg","CO",79,18,60.585311569381,12.8891406204018
"dat13_24","reg","CO",79,19,30.1898332754597,13.4424373121341
"dat13_24","reg","CO",79,20,22.9872537520734,16.4117975476004
"dat13_24","reg","CO",79,21,-6.11846769325853,14.6393438211244
"dat13_24","reg","CO",79,22,2.35467846617527,12.0945570721847
"dat13_24","reg","CO",79,23,17.1906425863158,18.9895905469251
"dat13_24","reg","CO",79,24,43.1555834279114,14.077102507272
"dat13_24","reg","CO",79,25,9.50043013743493,18.0077829083818
"dat13_24","reg","CO",79,26,34.2772954215183,15.6748713672614
"dat13_24","reg","CO",79,27,45.762876024635,13.2309890259459
"dat13_24","reg","CO",79,28,54.2670545037934,14.2124584967404
"dat13_24","reg","CO",79,29,42.3456796742032,9.5555873003066
"dat13_24","reg","CO",79,30,39.4728886416048,9.69388637921809
"dat13_24","reg","CO",79,31,45.3434440948551,12.9978217499694
"dat13_24","reg","CO",79,32,45.6361366070323,12.2087195632184
"dat13_24","reg","CO",79,33,72.6776798846599,12.3717807243213
"dat13_24","reg","CO",79,34,18.8802560799384,15.3400593380749
"dat13_24","reg","CO",79,35,3.94785271244311,19.3420207409713
"dat13_24","reg","CO",79,36,-39.3438008217332,15.3445019910104
"dat13_24","reg","CO",79,37,-52.9226774121248,18.2646509141641
"dat13_24","reg","CO",79,38,1.90067264732397,12.4392228145471
"dat13_24","reg","CO",79,39,42.7748095323014,14.5074392340858
"dat13_24","reg","CO",79,40,48.0544358535224,17.1874307089674
"dat13_24","reg","CO",79,41,32.9083049242847,16.3883565719962
"dat13_24","reg","CO",79,42,29.3884265286554,34.6315795526916
"dat13_24","reg","CO",79,43,11.6487870082579,12.7183592110755
"dat13_24","reg","CO",79,44,54.629698450675,11.2678687822566
"dat13_24","reg","CO",79,45,32.0949673880822,13.9546334105705
"dat13_24","reg","CO",79,46,72.5779708088847,11.3702626802863
"dat13_24","reg","CO",79,47,11.5335990633993,12.9852497506235
"dat13_24","reg","CO",79,48,10.5126167674583,18.4608253179243
"dat13_24","reg","CO",79,49,-35.9837542595624,12.4815621374311
"dat13_24","reg","CO",79,50,-12.3478129795893,11.2295203478732
"dat13_24","reg","CO",79,51,45.662296655754,13.9818098268171
"dat13_24","reg","CO",79,52,16.1610429181637,10.9302306128487
"dat13_24","reg","CO",79,53,5.46482473452402,10.900232603821
"dat13_24","reg","CO",79,54,2.43530075960462,15.5263890679085
"dat13_24","reg","CO",79,55,16.8421414064026,10.9715227924866
"dat13_24","reg","CO",79,56,21.1499041162851,10.7241438406116
"dat13_24","reg","CO",79,57,47.0885257621281,11.3108169938566
"dat13_24","reg","CO",79,58,14.0621957141057,9.4928128686798
"dat13_24","reg","CO",79,59,-32.0739121012766,12.8360280965991
"dat13_24","reg","CO",79,60,-20.2774926173039,16.9911119306243
"dat13_24","reg","CO",79,61,-2.91038397343038,12.4902388337043
"dat13_24","reg","CO",79,62,8.42946975641621,11.8656676426748
"dat13_24","reg","CO",79,63,18.5479231831224,11.5625623649372
"dat13_24","reg","CO",79,64,26.7088036916019,11.5223022460905
"dat13_24","reg","CO",79,65,10.3230122641088,9.66311911034129
"dat13_24","reg","CO",79,66,-28.3210112280381,7.04197501014819
"dat13_24","reg","CO",79,67,34.9861419800189,13.8680420764824
"dat13_24","reg","CO",79,68,17.0758758556587,9.29768945217274
"dat13_24","reg","CO",79,69,5.4739917409557,12.3692717801424
"dat13_24","reg","CO",79,70,17.8039688033403,10.3795285469966
"dat13_24","reg","CO",79,71,9.12921869301405,11.0848998488314
"dat13_24","reg","CO",79,72,15.6993320724459,14.8458824219365
"dat13_24","reg","CO",79,73,-28.9369412184469,12.5938995395886
"dat13_24","reg","CO",79,74,-3.69914958888381,9.85942369837811
"dat13_24","reg","CO",79,75,32.5213092498683,10.5795596646152
"dat13_24","reg","CO",79,76,27.1025206959571,7.01422028944515
"dat13_24","reg","CO",79,77,11.5367651466321,5.69429469709727
"dat13_24","reg","CO",79,78,0,NA
"dat13_24","reg","CO",79,79,-2.43454181481588,7.77583930375835
"dat13_24","reg","CO",79,80,10.2828706737242,7.99022805227628
"dat13_24","reg","CO",79,81,7.72670673401096,8.21205081253682
"dat13_24","reg","CO",79,82,26.6199718260281,8.91096373219896
"dat13_24","reg","CO",79,83,40.659323626488,12.7405469693583
"dat13_24","reg","CO",79,84,40.6817127894131,12.6572233061753
"dat13_24","reg","CO",79,85,69.5886320277366,15.2338537837391
"dat13_24","reg","CO",79,86,44.0610456378035,12.4982030136222
"dat13_24","reg","CO",79,87,48.1285334186686,11.4593906350843
"dat13_24","reg","CO",79,88,13.2349633566385,8.76052533429833
"dat13_24","reg","CO",79,89,5.34338948577199,8.20422265441897
"dat13_24","reg","CO",79,90,-9.74701790267917,8.40853654444876
"dat13_24","reg","CO",79,91,6.126204287913,9.15725586880643
"dat13_24","reg","CO",79,92,-6.00118005353555,7.85785937919744
"dat13_24","reg","CO",79,93,24.624781548092,8.32571907127921
"dat13_24","reg","CO",79,94,32.4806306802995,10.0298740008689
"dat13_24","reg","CO",79,95,57.2861249493015,12.8575959146091
"dat13_24","reg","CO",79,96,61.3448003170956,16.1663459031063
"dat13_24","reg","CO",79,97,99.6451809669238,17.8885118695907
"dat13_24","reg","CO",79,98,52.8327035115451,15.2528713970884
"dat13_24","reg","CO",79,99,41.7694307659889,12.8355780508417
"dat13_24","reg","CO",79,100,18.1348247361859,12.6723608569105
"dat13_24","reg","CO",79,101,21.0560913838571,12.5611120080285
"dat13_24","reg","CO",79,102,20.2954918626815,10.7803862301272
"dat13_24","reg","CO",79,103,9.4438368131678,10.5182954797853
"dat13_24","reg","CO",79,104,-20.9095922970079,10.7276280963241
"dat13_24","reg","CO",79,105,-6.75694016110941,10.2956674592491
"dat13_24","reg","CO",79,106,27.9237439794349,11.6133212050795
"dat13_24","reg","CO",79,107,40.9023950792477,13.1186768822567
"dat13_24","reg","CO",79,108,59.6213615262744,14.9594625685566
"dat13_24","reg","CO",79,109,28.6432301746111,13.2840601237105
"dat13_24","reg","CO",79,110,34.6202740933497,12.6040252926942
"dat13_24","reg","CO",79,111,51.3238016776489,12.9436263445215
"dat13_24","reg","CO",79,112,24.625950281261,11.9436530234705
"dat13_24","reg","CO",79,113,15.6770932037344,12.0647358502014
"dat13_24","reg","CO",79,114,32.5014376155473,13.1740638017154
"dat13_24","reg","CO",79,115,25.7952185177125,13.1521394104225
"dat13_24","reg","CO",79,116,6.87108770924927,12.5599450460945
"dat13_24","reg","CO",79,117,12.6470434200072,12.8804148424737
"dat13_24","reg","CO",79,118,30.6792910628127,13.5987048963556
"dat13_24","reg","CO",79,119,63.032673039232,15.4746823427837
"dat13_24","reg","CO",79,120,62.1632436118934,16.4416816098903
"dat13_24","reg","CO",79,121,49.7175537742102,17.9929260257164
"dat13_24","reg","CO",79,122,33.6013779827514,14.6429812269587
"dat13_24","reg","CO",79,123,15.5864304664363,13.6331090450219
"dat13_24","reg","CO",79,124,4.0185928835139,12.2543869995846
"dat13_24","reg","CO",79,125,-14.8024939127913,11.2244478908089
"dat13_24","reg","CO",79,126,-17.4580693514344,11.6272047514394
"dat13_24","reg","CO",79,127,-11.7504766909002,13.2809968495379
"dat13_24","reg","CO",79,128,-4.37992780270221,13.2690777442423
"dat13_24","reg","CO",79,129,17.3522432808472,11.9414597408151
"dat13_24","reg","CO",79,130,25.5272024644564,11.7521779062475
"dat13_24","reg","CO",79,131,40.4256453025037,13.058603600938
"dat13_24","reg","CO",79,132,28.0439985499585,14.0490803583866
"dat13_24","reg","CO",79,133,55.7646417958931,14.7005052249712
"dat13_24","reg","CO",79,134,33.1710277854193,13.3031457583174
"dat13_24","reg","CO",79,135,35.0332156556694,13.9074290694761
"dat13_24","reg","CO",79,136,10.1911234551873,12.0292289550087
"dat13_24","reg","CO",79,137,5.13117724440562,10.6077614707161
"dat13_24","reg","CO",79,138,8.0099773520925,9.98173725823841
"dat13_24","reg","CO",79,139,8.42328049926356,11.7861117568166
"dat13_24","reg","CO",79,140,15.8125553808012,11.9844680056147
"dat13_24","reg","CO",79,141,14.1281933009791,10.3036968683266
"dat13_24","reg","CO",79,142,31.039004831565,11.4463213207913
"dat13_24","reg","CO",79,143,22.6011004824044,12.6759744053496
"dat13_24","reg","CO",79,144,32.488526393982,14.9911378497909
"dat13_24","reg","CO",79,145,35.3624765517652,15.8368742721955
"dat13_24","reg","CO",79,146,38.7156474130976,13.7926247156903
"dat13_24","reg","CO",79,147,2.87410655679683,12.120671663115
"dat13_24","reg","CO",79,148,19.4282194766475,11.6146551752676
"dat13_24","reg","CO",79,149,-2.67346282809385,10.9644087811322
"dat13_24","reg","CO",79,150,-15.3258649356255,10.5282068336375
"dat13_24","reg","CO",79,151,1.94289466055702,11.9593033442397
"dat13_24","reg","CO",79,152,21.6006385170423,11.8353265951246
"dat13_24","reg","CO",79,153,9.00204222211306,11.6405081967149
"dat13_24","reg","CO",79,154,28.4196590622206,14.2074472378485
"dat13_24","reg","CO",79,155,23.6582256499121,16.3995482270523
"dat13_24","reg","CO",79,156,18.4568773877828,16.5101238468727
"dat13_24","reg","CO",97,13,-9.25799247446753,13.134435199666
"dat13_24","reg","CO",97,14,1.00085263167469,10.2670598567817
"dat13_24","reg","CO",97,15,-9.84281005269763,13.6416658015938
"dat13_24","reg","CO",97,16,3.45254236120378,9.93059309599649
"dat13_24","reg","CO",97,17,-21.3824002143584,11.9730033711438
"dat13_24","reg","CO",97,18,35.926985874662,13.0949642120047
"dat13_24","reg","CO",97,19,10.3964030865737,13.6024387715119
"dat13_24","reg","CO",97,20,24.0405795034191,18.1060283166268
"dat13_24","reg","CO",97,21,-7.25250774014955,17.2938488277669
"dat13_24","reg","CO",97,22,1.91873236582603,13.7873381417968
"dat13_24","reg","CO",97,23,5.05145287643218,18.601591082676
"dat13_24","reg","CO",97,24,37.7450475719185,14.6862943518857
"dat13_24","reg","CO",97,25,-39.8665696836618,14.8189134015491
"dat13_24","reg","CO",97,26,-16.1306953158763,17.733763717526
"dat13_24","reg","CO",97,27,5.07266372044594,13.4158669388926
"dat13_24","reg","CO",97,28,5.74074960562652,12.1537219741066
"dat13_24","reg","CO",97,29,-5.16842267084624,10.9158982195761
"dat13_24","reg","CO",97,30,-6.46008645707474,12.5046173692937
"dat13_24","reg","CO",97,31,12.0485026912291,12.7769106565574
"dat13_24","reg","CO",97,32,61.3930484595666,16.4907079178832
"dat13_24","reg","CO",97,33,28.2132491087662,19.127737979227
"dat13_24","reg","CO",97,34,7.54742093300946,20.2705138524242
"dat13_24","reg","CO",97,35,-13.5376700796609,14.4908829869054
"dat13_24","reg","CO",97,36,-39.457204570359,15.5953784011396
"dat13_24","reg","CO",97,37,-23.6024273374934,15.5187427462822
"dat13_24","reg","CO",97,38,11.9176255395836,13.5713972642462
"dat13_24","reg","CO",97,39,-7.61183872210501,14.8334451633932
"dat13_24","reg","CO",97,40,41.9541778063706,17.6318127221001
"dat13_24","reg","CO",97,41,-3.52083602232224,14.4026371765204
"dat13_24","reg","CO",97,42,38.4476707664673,15.0241296413754
"dat13_24","reg","CO",97,43,-2.53066121935711,13.5722273614421
"dat13_24","reg","CO",97,44,19.9686796731864,14.9213489503233
"dat13_24","reg","CO",97,45,13.9106239115213,21.0771963653726
"dat13_24","reg","CO",97,46,29.8776621664565,20.8446393200014
"dat13_24","reg","CO",97,47,1.74122027749521,16.7491576162887
"dat13_24","reg","CO",97,48,-32.7856129971299,19.1478553255362
"dat13_24","reg","CO",97,49,-14.062830534105,14.3064196285178
"dat13_24","reg","CO",97,50,-16.277192593493,12.1587297263471
"dat13_24","reg","CO",97,51,-10.1425107591787,11.7026329512112
"dat13_24","reg","CO",97,52,29.7069605653094,14.7137155729803
"dat13_24","reg","CO",97,53,-33.3011190210206,18.9941888690868
"dat13_24","reg","CO",97,54,17.7038900783433,12.563272103612
"dat13_24","reg","CO",97,55,21.0872893708243,14.5896362001493
"dat13_24","reg","CO",97,56,-6.91968326442668,14.9746380025112
"dat13_24","reg","CO",97,57,7.27690904319155,17.6237405612578
"dat13_24","reg","CO",97,58,7.28470654541648,16.8105179220606
"dat13_24","reg","CO",97,59,-2.89227939299936,11.9210101093002
"dat13_24","reg","CO",97,60,-20.6899787603661,12.8214769811813
"dat13_24","reg","CO",97,61,-5.89558353733906,11.3867125560681
"dat13_24","reg","CO",97,62,9.3394149356295,12.5764756750613
"dat13_24","reg","CO",97,63,6.04603396218077,13.2542986985676
"dat13_24","reg","CO",97,64,-13.4137773507558,14.7856203522496
"dat13_24","reg","CO",97,65,-16.0672440530699,13.9391725023874
"dat13_24","reg","CO",97,66,-32.0971420352311,13.0086019731464
"dat13_24","reg","CO",97,67,18.1402136617749,15.6626226375297
"dat13_24","reg","CO",97,68,-8.82499335838466,13.8405137956425
"dat13_24","reg","CO",97,69,17.0265926750917,14.3017563955013
"dat13_24","reg","CO",97,70,20.9011861719306,15.1211402634815
"dat13_24","reg","CO",97,71,-4.60053756427266,12.1793513816782
"dat13_24","reg","CO",97,72,-11.7329131040397,13.4227531869726
"dat13_24","reg","CO",97,73,-9.52357473520156,12.0707410000843
"dat13_24","reg","CO",97,74,-18.0111817651703,10.4850337639688
"dat13_24","reg","CO",97,75,2.26117404647044,12.6595206033243
"dat13_24","reg","CO",97,76,6.78473468172751,11.0489303298369
"dat13_24","reg","CO",97,77,19.8201501019312,11.5452436398114
"dat13_24","reg","CO",97,78,-24.2977495151184,14.0040919721947
"dat13_24","reg","CO",97,79,-6.69646642025583,13.7276877809113
"dat13_24","reg","CO",97,80,-11.4864089801789,16.2377195454536
"dat13_24","reg","CO",97,81,-6.97691202005387,17.1161247464493
"dat13_24","reg","CO",97,82,-0.44446840377239,11.7393184035355
"dat13_24","reg","CO",97,83,-19.656874993604,10.1324592036535
"dat13_24","reg","CO",97,84,8.30251395998485,9.52626754689597
"dat13_24","reg","CO",97,85,0.560575226403216,9.16729062181147
"dat13_24","reg","CO",97,86,-7.50441160870943,10.3820604525544
"dat13_24","reg","CO",97,87,5.2127377639153,13.7685680060002
"dat13_24","reg","CO",97,88,-23.1151766451881,15.4263712751509
"dat13_24","reg","CO",97,89,-1.25871686422599,13.3963944618473
"dat13_24","reg","CO",97,90,28.4794662411221,19.1180188542021
"dat13_24","reg","CO",97,91,22.89943816414,20.7513947390059
"dat13_24","reg","CO",97,92,-6.73829685690941,29.6778029578704
"dat13_24","reg","CO",97,93,4.05158851925123,19.2427588559137
"dat13_24","reg","CO",97,94,-24.6858734557318,16.7527540658684
"dat13_24","reg","CO",97,95,6.72371912095013,7.00891361816021
"dat13_24","reg","CO",97,96,0,NA
"dat13_24","reg","CO",97,97,8.2253597364494,9.6885887596599
"dat13_24","reg","CO",97,98,-8.12854500273875,6.44639231515309
"dat13_24","reg","CO",97,99,0.562891086683976,9.70501256464729
"dat13_24","reg","CO",97,100,-12.5276328318262,10.7033892025066
"dat13_24","reg","CO",97,101,-1.64879490614845,12.2500041570179
"dat13_24","reg","CO",97,102,16.8514207360458,12.5605374293798
"dat13_24","reg","CO",97,103,12.408501028255,10.8302140501863
"dat13_24","reg","CO",97,104,5.16096502247859,11.8466276899473
"dat13_24","reg","CO",97,105,8.49494109197201,11.3305756547533
"dat13_24","reg","CO",97,106,22.2218780803104,10.9010556245759
"dat13_24","reg","CO",97,107,10.2456412690664,10.2425689685686
"dat13_24","reg","CO",97,108,1.70651752262658,9.58119578317866
"dat13_24","reg","CO",97,109,-14.7889812848447,10.2493347353881
"dat13_24","reg","CO",97,110,-8.9615328093643,10.7021063259672
"dat13_24","reg","CO",97,111,6.02715218294077,15.5817804803206
"dat13_24","reg","CO",97,112,-0.956694868883886,13.0274834909358
"dat13_24","reg","CO",97,113,-0.978469938036511,11.8133550097815
"dat13_24","reg","CO",97,114,3.11917054522547,12.0725547294565
"dat13_24","reg","CO",97,115,14.8816224291072,14.7814108139108
"dat13_24","reg","CO",97,116,8.54024541869381,15.2504260857948
"dat13_24","reg","CO",97,117,8.54849238395795,12.4047828984054
"dat13_24","reg","CO",97,118,17.0227175031604,12.81121143465
"dat13_24","reg","CO",97,119,23.4154253024051,12.5592382535008
"dat13_24","reg","CO",97,120,-0.764325359043795,12.2283391450831
"dat13_24","reg","CO",97,121,-3.65073383219612,13.5550174440084
"dat13_24","reg","CO",97,122,-8.59364710328592,12.2813512766652
"dat13_24","reg","CO",97,123,-15.6636132594645,12.557312978299
"dat13_24","reg","CO",97,124,-12.8949711662791,12.5674742163581
"dat13_24","reg","CO",97,125,-14.7761967653967,12.0452815600238
"dat13_24","reg","CO",97,126,-21.7607677675726,11.8118827747795
"dat13_24","reg","CO",97,127,-15.6637336339518,12.2537390382063
"dat13_24","reg","CO",97,128,-3.23985438118791,12.7326946841584
"dat13_24","reg","CO",97,129,1.55184258096438,13.2886321381549
"dat13_24","reg","CO",97,130,-1.57616057606089,11.7182275765116
"dat13_24","reg","CO",97,131,-4.02325659677598,10.728177427435
"dat13_24","reg","CO",97,132,-15.7119781850908,12.0570693804883
"dat13_24","reg","CO",97,133,-4.56426025863699,12.7582137872065
"dat13_24","reg","CO",97,134,-6.52994847587253,11.9981863593373
"dat13_24","reg","CO",97,135,3.42060154276555,12.8460284541882
"dat13_24","reg","CO",97,136,-5.53431377817361,12.4869267999544
"dat13_24","reg","CO",97,137,-6.01693168236022,12.018292411708
"dat13_24","reg","CO",97,138,0.11042432570008,12.7840340420079
"dat13_24","reg","CO",97,139,4.76780939991966,15.5018771389654
"dat13_24","reg","CO",97,140,-4.20155913369314,16.1038767641053
"dat13_24","reg","CO",97,141,3.54323311146408,15.5521333841282
"dat13_24","reg","CO",97,142,3.18960254817071,12.8028753142466
"dat13_24","reg","CO",97,143,-17.7774636739856,9.35587985959184
"dat13_24","reg","CO",97,144,-25.8192141175825,9.80210482977608
"dat13_24","reg","CO",97,145,-21.2711525300919,9.63558733846773
"dat13_24","reg","CO",97,146,-22.3306169796749,8.54387070829226
"dat13_24","reg","CO",97,147,-35.4705562426469,6.92154299456045
"dat13_24","reg","CO",97,148,-20.7421268111759,7.60388723355533
"dat13_24","reg","CO",97,149,-25.0147723401045,8.49270747421333
"dat13_24","reg","CO",97,150,-24.9771569120864,9.87779787957542
"dat13_24","reg","CO",97,151,-17.2808875701145,10.8046277347515
"dat13_24","reg","CO",97,152,-4.21522960431963,12.586122392142
"dat13_24","reg","CO",97,153,-16.8457436272684,11.1561050551678
"dat13_24","reg","CO",97,154,-27.1552978294694,9.27293492059475
"dat13_24","reg","CO",97,155,-42.4323917341991,8.79748411943427
"dat13_24","reg","CO",97,156,-48.0488246831483,9.82671207283246
"dat13_24","reg","SO2",61,13,-1.00891637326884,0.270377576102163
"dat13_24","reg","SO2",61,14,-0.396268809953052,0.2277096378657
"dat13_24","reg","SO2",61,15,-0.546059173783649,0.19679142997954
"dat13_24","reg","SO2",61,16,-0.228407858798963,0.170034371522437
"dat13_24","reg","SO2",61,17,-2.27304469912659,0.332587264911146
"dat13_24","reg","SO2",61,18,-2.25837250159619,0.451230004539656
"dat13_24","reg","SO2",61,19,-1.1020518504925,0.326973747138769
"dat13_24","reg","SO2",61,20,-1.53535860686646,0.376988316419348
"dat13_24","reg","SO2",61,21,-0.351240524683576,0.188030754998973
"dat13_24","reg","SO2",61,22,-0.345911688353642,0.130213312668078
"dat13_24","reg","SO2",61,23,-0.0874203648748572,0.209252251348997
"dat13_24","reg","SO2",61,24,-0.410127319355353,0.165530928614614
"dat13_24","reg","SO2",61,25,-0.865219553020188,0.206846757000408
"dat13_24","reg","SO2",61,26,-0.453411836850038,0.169895722432953
"dat13_24","reg","SO2",61,27,-0.769806903273592,0.145434172984969
"dat13_24","reg","SO2",61,28,-1.42453476125985,0.259012552899065
"dat13_24","reg","SO2",61,29,-0.833376880101106,0.202820284578382
"dat13_24","reg","SO2",61,30,-0.797047096409338,0.238709703898457
"dat13_24","reg","SO2",61,31,-2.19525948537023,0.412442662075256
"dat13_24","reg","SO2",61,32,-0.266078906100181,0.195418674685787
"dat13_24","reg","SO2",61,33,-0.288590251076213,0.171138801228705
"dat13_24","reg","SO2",61,34,-0.161053124286758,0.151118611009877
"dat13_24","reg","SO2",61,35,-0.597961707638397,0.171838380619836
"dat13_24","reg","SO2",61,36,-0.616959447153433,0.155610935874407
"dat13_24","reg","SO2",61,37,-0.514569328644295,0.165263351569399
"dat13_24","reg","SO2",61,38,-0.460615297520168,0.156332584310547
"dat13_24","reg","SO2",61,39,-0.16312122847708,0.188700996916426
"dat13_24","reg","SO2",61,40,-0.676719153843016,0.244858360128173
"dat13_24","reg","SO2",61,41,-1.58961022708701,0.386752772789465
"dat13_24","reg","SO2",61,42,0.990109965940651,0.361644934964931
"dat13_24","reg","SO2",61,43,-0.472812499845183,0.295459245657736
"dat13_24","reg","SO2",61,44,0.0796804668506505,0.20975245216701
"dat13_24","reg","SO2",61,45,0.617215625952754,0.157319317051627
"dat13_24","reg","SO2",61,46,0.43516365432479,0.140008321513152
"dat13_24","reg","SO2",61,47,0.137019627559604,0.125343863568564
"dat13_24","reg","SO2",61,48,-0.346399771329687,0.119337247173204
"dat13_24","reg","SO2",61,49,-0.0158981420384932,0.123486535003908
"dat13_24","reg","SO2",61,50,-0.0199734605349181,0.101514711314109
"dat13_24","reg","SO2",61,51,-0.280139669054773,0.135005085312528
"dat13_24","reg","SO2",61,52,-0.00561245918584848,0.139427586633757
"dat13_24","reg","SO2",61,53,-0.811629731987107,0.216612980625473
"dat13_24","reg","SO2",61,54,-0.338536162520813,0.268933639093636
"dat13_24","reg","SO2",61,55,0.0860515739080828,0.243138720836566
"dat13_24","reg","SO2",61,56,0.468648851925784,0.157736748740547
"dat13_24","reg","SO2",61,57,0.232309522071395,0.145311893927345
"dat13_24","reg","SO2",61,58,0.360618241717077,0.113221601480659
"dat13_24","reg","SO2",61,59,0.188698870467314,0.0591613338211057
"dat13_24","reg","SO2",61,60,0,NA
"dat13_24","reg","SO2",61,61,-0.419267145139925,0.0970569609299388
"dat13_24","reg","SO2",61,62,-0.241944729399828,0.087281405171333
"dat13_24","reg","SO2",61,63,-0.258637444155945,0.12527344614857
"dat13_24","reg","SO2",61,64,0.223396013272126,0.110366875313412
"dat13_24","reg","SO2",61,65,0.359354874308029,0.14000029206908
"dat13_24","reg","SO2",61,66,0.504606701749037,0.129980964198078
"dat13_24","reg","SO2",61,67,0.651366960000632,0.19730842820798
"dat13_24","reg","SO2",61,68,0.737114759097411,0.163009935258192
"dat13_24","reg","SO2",61,69,0.584016880814048,0.143006509361749
"dat13_24","reg","SO2",61,70,0.619377588022498,0.141151581706509
"dat13_24","reg","SO2",61,71,0.342439210003572,0.113398832509788
"dat13_24","reg","SO2",61,72,0.190956830575953,0.13652128959567
"dat13_24","reg","SO2",61,73,0.10664019392373,0.17049829557293
"dat13_24","reg","SO2",61,74,0.0307076086024378,0.168426114275392
"dat13_24","reg","SO2",61,75,0.379865545116023,0.163826152986337
"dat13_24","reg","SO2",61,76,0.4083861486075,0.145499650736695
"dat13_24","reg","SO2",61,77,0.751263043813941,0.184965121208361
"dat13_24","reg","SO2",61,78,0.630680460583265,0.189675518951595
"dat13_24","reg","SO2",61,79,0.708464258587164,0.356977868872026
"dat13_24","reg","SO2",61,80,0.706190319797466,0.230872327189062
"dat13_24","reg","SO2",61,81,0.915134879751927,0.23110593365934
"dat13_24","reg","SO2",61,82,0.98911478099834,0.216835626730665
"dat13_24","reg","SO2",61,83,0.715496352818757,0.189387047695974
"dat13_24","reg","SO2",61,84,0.475681336935891,0.213586230819157
"dat13_24","reg","SO2",61,85,0.37216538186983,0.180432205395145
"dat13_24","reg","SO2",61,86,0.762115022633425,0.160157838238615
"dat13_24","reg","SO2",61,87,0.373385321110023,0.171931366302911
"dat13_24","reg","SO2",61,88,0.118549872438768,0.224899277132057
"dat13_24","reg","SO2",61,89,-0.283914700572587,0.349042414550872
"dat13_24","reg","SO2",61,90,0.198526450180842,0.276957917501033
"dat13_24","reg","SO2",61,91,0.0169036223232459,0.31415090425124
"dat13_24","reg","SO2",61,92,0.412698251746342,0.241202417685579
"dat13_24","reg","SO2",61,93,0.559751044589173,0.247946190808559
"dat13_24","reg","SO2",61,94,0.474984004790454,0.204727402080722
"dat13_24","reg","SO2",61,95,0.225460778297655,0.189040563483541
"dat13_24","reg","SO2",61,96,-0.0102244252740955,0.188499780995037
"dat13_24","reg","SO2",61,97,0.299826833587011,0.1939384167016
"dat13_24","reg","SO2",61,98,0.216002574126822,0.194343100194637
"dat13_24","reg","SO2",61,99,0.542140803073938,0.186700462186265
"dat13_24","reg","SO2",61,100,0.380114878669891,0.1943137340798
"dat13_24","reg","SO2",61,101,0.0270638586751888,0.257129549817141
"dat13_24","reg","SO2",61,102,0.527908739207151,0.248846778135526
"dat13_24","reg","SO2",61,103,0.174724664723714,0.238379155297779
"dat13_24","reg","SO2",61,104,-0.0125517221991776,0.234773013449205
"dat13_24","reg","SO2",61,105,0.185617574116216,0.2870420697628
"dat13_24","reg","SO2",61,106,0.222073861480104,0.265972226416845
"dat13_24","reg","SO2",61,107,0.335783826152159,0.228159020910977
"dat13_24","reg","SO2",61,108,0.412401767404146,0.237608992719618
"dat13_24","reg","SO2",61,109,0.374132827451689,0.245227316501293
"dat13_24","reg","SO2",61,110,0.401102619735783,0.237724688906208
"dat13_24","reg","SO2",61,111,0.401260254439044,0.258333608674999
"dat13_24","reg","SO2",61,112,1.18838611444201,0.244818451494822
"dat13_24","reg","SO2",61,113,1.09615217368315,0.228307772974093
"dat13_24","reg","SO2",61,114,1.10572308271196,0.260205268070422
"dat13_24","reg","SO2",61,115,1.16810603877125,0.272131021715883
"dat13_24","reg","SO2",61,116,0.858841803270344,0.276564644732295
"dat13_24","reg","SO2",61,117,0.740080503426335,0.310146554733394
"dat13_24","reg","SO2",61,118,0.868891362328965,0.263878896682827
"dat13_24","reg","SO2",61,119,0.980869777924219,0.217438475570273
"dat13_24","reg","SO2",61,120,0.644437209724384,0.213493872209142
"dat13_24","reg","SO2",61,121,0.637654661182935,0.216500810958893
"dat13_24","reg","SO2",61,122,0.462116092875125,0.223812796925398
"dat13_24","reg","SO2",61,123,0.551723879992788,0.241250430582054
"dat13_24","reg","SO2",61,124,0.67478537237433,0.280049564630184
"dat13_24","reg","SO2",61,125,0.512107980845166,0.293225565149094
"dat13_24","reg","SO2",61,126,0.55610195796256,0.295819127299659
"dat13_24","reg","SO2",61,127,0.790576115152249,0.272610993678181
"dat13_24","reg","SO2",61,128,0.600350980500059,0.288047007515451
"dat13_24","reg","SO2",61,129,0.413700998365967,0.301477190392445
"dat13_24","reg","SO2",61,130,0.566731727508907,0.269288166717381
"dat13_24","reg","SO2",61,131,0.60082707334676,0.239671043640224
"dat13_24","reg","SO2",61,132,0.256036948223552,0.223953070591884
"dat13_24","reg","SO2",61,133,0.0561591295209252,0.23913310867247
"dat13_24","reg","SO2",61,134,-0.100326677684367,0.242260694905036
"dat13_24","reg","SO2",61,135,0.216896758785136,0.293926905010345
"dat13_24","reg","SO2",61,136,0.331856796436249,0.309409564488719
"dat13_24","reg","SO2",61,137,0.941429236229121,0.238113897215303
"dat13_24","reg","SO2",61,138,0.695524702513263,0.245975043373337
"dat13_24","reg","SO2",61,139,1.18598651014753,0.274841230037834
"dat13_24","reg","SO2",61,140,0.923444361657372,0.250872173196104
"dat13_24","reg","SO2",61,141,0.752858220303524,0.236367198018566
"dat13_24","reg","SO2",61,142,0.710268165927347,0.22394230384348
"dat13_24","reg","SO2",61,143,0.249440411355404,0.218112911319785
"dat13_24","reg","SO2",61,144,0.166263312952124,0.215570207620169
"dat13_24","reg","SO2",61,145,0.121183366711104,0.202324187753786
"dat13_24","reg","SO2",61,146,0.338308077965564,0.229747497989337
"dat13_24","reg","SO2",61,147,0.207228129570953,0.24526747392549
"dat13_24","reg","SO2",61,148,0.572795370948574,0.243700965357062
"dat13_24","reg","SO2",61,149,0.532890387743929,0.224240730454812
"dat13_24","reg","SO2",61,150,0.705529331863395,0.243052106024714
"dat13_24","reg","SO2",61,151,0.562415570795121,0.23445360468235
"dat13_24","reg","SO2",61,152,0.501206027563209,0.234234085767155
"dat13_24","reg","SO2",61,153,0.291184869300846,0.252796369662963
"dat13_24","reg","SO2",61,154,0.395034732333925,0.21746190134418
"dat13_24","reg","SO2",61,155,0.227707848321898,0.226502443152476
"dat13_24","reg","SO2",61,156,0.232727265266887,0.207928399725381
"dat13_24","reg","SO2",79,13,-0.175547621567885,0.344476382320568
"dat13_24","reg","SO2",79,14,-0.728477577309858,0.311814789645833
"dat13_24","reg","SO2",79,15,-0.344555926062778,0.208900361253294
"dat13_24","reg","SO2",79,16,-0.358046520578908,0.200468262170083
"dat13_24","reg","SO2",79,17,0.470843946279036,0.189484044375263
"dat13_24","reg","SO2",79,18,0.596133990887139,0.320041633628819
"dat13_24","reg","SO2",79,19,0.0850168617620343,0.230323417589257
"dat13_24","reg","SO2",79,20,-0.167788001658068,0.30035986442816
"dat13_24","reg","SO2",79,21,-0.0879036144583494,0.156076851009642
"dat13_24","reg","SO2",79,22,-0.456634844505243,0.165519414284507
"dat13_24","reg","SO2",79,23,0.343609089287103,0.164293459806178
"dat13_24","reg","SO2",79,24,0.316407481563513,0.204970139373013
"dat13_24","reg","SO2",79,25,0.03211048478338,0.260604780658236
"dat13_24","reg","SO2",79,26,-0.143411762210579,0.183395177715429
"dat13_24","reg","SO2",79,27,0.411584304387548,0.191550060621838
"dat13_24","reg","SO2",79,28,0.43949365900758,0.185350743564922
"dat13_24","reg","SO2",79,29,0.642696773121244,0.146630491132446
"dat13_24","reg","SO2",79,30,0.232842888265326,0.119917174698962
"dat13_24","reg","SO2",79,31,0.154265595838765,0.125478909685939
"dat13_24","reg","SO2",79,32,0.0560708629109515,0.125668371632303
"dat13_24","reg","SO2",79,33,0.0795158662775531,0.145638149182814
"dat13_24","reg","SO2",79,34,-0.416069478507218,0.190279990571325
"dat13_24","reg","SO2",79,35,-0.586079587573898,0.238227357061497
"dat13_24","reg","SO2",79,36,-1.04506284507948,0.318266574540592
"dat13_24","reg","SO2",79,37,-0.918975365526908,0.314535146716823
"dat13_24","reg","SO2",79,38,-0.627933999092341,0.219142045078293
"dat13_24","reg","SO2",79,39,0.283955518647484,0.185357324876664
"dat13_24","reg","SO2",79,40,-0.0760188329971159,0.124257244125045
"dat13_24","reg","SO2",79,41,0.347181949842402,0.194825746668982
"dat13_24","reg","SO2",79,42,0.701636321126882,0.205943437200533
"dat13_24","reg","SO2",79,43,-0.152083682213389,0.127687540618176
"dat13_24","reg","SO2",79,44,0.575775804064336,0.12197539569593
"dat13_24","reg","SO2",79,45,0.104835894893135,0.17674946710984
"dat13_24","reg","SO2",79,46,0.390896079054382,0.148644842487177
"dat13_24","reg","SO2",79,47,0.0984003579735708,0.20618450603137
"dat13_24","reg","SO2",79,48,-0.0871401141075896,0.208476073015193
"dat13_24","reg","SO2",79,49,-0.746800073297966,0.248204880640923
"dat13_24","reg","SO2",79,50,0.0358156441803938,0.173160845702063
"dat13_24","reg","SO2",79,51,0.716665055217813,0.172932185271256
"dat13_24","reg","SO2",79,52,0.421145053544974,0.166056794492302
"dat13_24","reg","SO2",79,53,0.440629485263236,0.146412832797084
"dat13_24","reg","SO2",79,54,0.179661746575014,0.143230912540172
"dat13_24","reg","SO2",79,55,0.0730065675043151,0.120709471755062
"dat13_24","reg","SO2",79,56,-0.106641288767136,0.182764577361609
"dat13_24","reg","SO2",79,57,0.0662690439557692,0.132866077351437
"dat13_24","reg","SO2",79,58,0.210489780722989,0.161498656503012
"dat13_24","reg","SO2",79,59,-0.284786049304244,0.185949211361379
"dat13_24","reg","SO2",79,60,-0.226709771049738,0.171058046369858
"dat13_24","reg","SO2",79,61,-0.315171485965033,0.177588291366456
"dat13_24","reg","SO2",79,62,-0.00227962753736355,0.179831009489775
"dat13_24","reg","SO2",79,63,0.511911147907392,0.207700647072056
"dat13_24","reg","SO2",79,64,0.54277104933155,0.126150212397782
"dat13_24","reg","SO2",79,65,0.43496704353664,0.132030221584308
"dat13_24","reg","SO2",79,66,-0.153188939325565,0.0844744234859466
"dat13_24","reg","SO2",79,67,0.569508205083943,0.14006561343085
"dat13_24","reg","SO2",79,68,0.380910456001781,0.108509952169996
"dat13_24","reg","SO2",79,69,0.284469238437349,0.23830821270985
"dat13_24","reg","SO2",79,70,0.922064524196183,0.148849125991485
"dat13_24","reg","SO2",79,71,0.202575934458785,0.165846349309397
"dat13_24","reg","SO2",79,72,0.154947723123315,0.183800133213045
"dat13_24","reg","SO2",79,73,-0.277592793808588,0.203712515857218
"dat13_24","reg","SO2",79,74,-0.248356561573323,0.192087412061697
"dat13_24","reg","SO2",79,75,0.156149503141408,0.11447403141401
"dat13_24","reg","SO2",79,76,0.216670860299289,0.0952919193522263
"dat13_24","reg","SO2",79,77,0.053958911248089,0.0787769742706124
"dat13_24","reg","SO2",79,78,0,NA
"dat13_24","reg","SO2",79,79,-0.323954407170667,0.102633328037727
"dat13_24","reg","SO2",79,80,-0.0647259582061919,0.114813481801225
"dat13_24","reg","SO2",79,81,0.175371155616623,0.154228835671479
"dat13_24","reg","SO2",79,82,0.374942310068985,0.171407289863324
"dat13_24","reg","SO2",79,83,0.492601486197642,0.169562592419697
"dat13_24","reg","SO2",79,84,0.699851411293728,0.203877593397029
"dat13_24","reg","SO2",79,85,0.798944894300275,0.213377856879649
"dat13_24","reg","SO2",79,86,0.617053112245557,0.190746472249804
"dat13_24","reg","SO2",79,87,0.50418519234317,0.166749478420364
"dat13_24","reg","SO2",79,88,0.244039284012698,0.121170179498851
"dat13_24","reg","SO2",79,89,0.201945434129331,0.121359279312648
"dat13_24","reg","SO2",79,90,-0.0139116410080286,0.101135320852288
"dat13_24","reg","SO2",79,91,-0.202766824462223,0.142843422687976
"dat13_24","reg","SO2",79,92,-0.100710663587091,0.13511954558784
"dat13_24","reg","SO2",79,93,-0.0458333245831186,0.147619162828172
"dat13_24","reg","SO2",79,94,0.271230675997849,0.17602633527326
"dat13_24","reg","SO2",79,95,0.519594354509308,0.193879105447528
"dat13_24","reg","SO2",79,96,0.457126112545189,0.195202123456755
"dat13_24","reg","SO2",79,97,0.738919323919967,0.211119854401798
"dat13_24","reg","SO2",79,98,0.38857366105413,0.207045743190725
"dat13_24","reg","SO2",79,99,0.415223518759346,0.20048280276152
"dat13_24","reg","SO2",79,100,0.278149082275619,0.200684713785711
"dat13_24","reg","SO2",79,101,0.000143439089205444,0.168820476935787
"dat13_24","reg","SO2",79,102,0.135717210489052,0.155553592810124
"dat13_24","reg","SO2",79,103,-0.0206091774890398,0.183271541671987
"dat13_24","reg","SO2",79,104,-0.171501519866711,0.189280148960816
"dat13_24","reg","SO2",79,105,-0.0990289349519733,0.200958327943025
"dat13_24","reg","SO2",79,106,0.0473359571360576,0.216765034879302
"dat13_24","reg","SO2",79,107,0.178507934290499,0.217335013664902
"dat13_24","reg","SO2",79,108,0.377869905207223,0.223181315129545
"dat13_24","reg","SO2",79,109,0.272140456123731,0.222680392143692
"dat13_24","reg","SO2",79,110,0.0827343351343595,0.216247104984886
"dat13_24","reg","SO2",79,111,0.0882218547658991,0.211288674066414
"dat13_24","reg","SO2",79,112,0.260172100745982,0.223592896187213
"dat13_24","reg","SO2",79,113,0.0521737939281672,0.226653741709171
"dat13_24","reg","SO2",79,114,0.107787280662804,0.220400481471104
"dat13_24","reg","SO2",79,115,0.0148781130112356,0.225030277444378
"dat13_24","reg","SO2",79,116,-0.150870925359514,0.221578657518416
"dat13_24","reg","SO2",79,117,-0.0773593169529887,0.251560949139148
"dat13_24","reg","SO2",79,118,0.0582409720213035,0.23005447894794
"dat13_24","reg","SO2",79,119,0.13217041739784,0.228421410434574
"dat13_24","reg","SO2",79,120,0.179546124615934,0.24205857934895
"dat13_24","reg","SO2",79,121,0.0941050184626784,0.240747803626291
"dat13_24","reg","SO2",79,122,-0.0804988680296765,0.241994982973788
"dat13_24","reg","SO2",79,123,-0.137634763881638,0.23126733585122
"dat13_24","reg","SO2",79,124,-0.199839779489934,0.21361237919517
"dat13_24","reg","SO2",79,125,-0.462864699315533,0.215921852829589
"dat13_24","reg","SO2",79,126,-0.451157217649384,0.207023214380871
"dat13_24","reg","SO2",79,127,-0.324530051638962,0.183633191642479
"dat13_24","reg","SO2",79,128,-0.298775108201761,0.200448403462046
"dat13_24","reg","SO2",79,129,-0.270370361797488,0.210031447455432
"dat13_24","reg","SO2",79,130,-0.0841732091906806,0.205146303637213
"dat13_24","reg","SO2",79,131,0.0609366162157319,0.200311307720856
"dat13_24","reg","SO2",79,132,0.15615667545334,0.225926605396312
"dat13_24","reg","SO2",79,133,0.083566953306798,0.223431037503031
"dat13_24","reg","SO2",79,134,-0.147485714287691,0.218662657953935
"dat13_24","reg","SO2",79,135,-0.0708854448376512,0.22844807237183
"dat13_24","reg","SO2",79,136,-0.102807187521406,0.227128529433043
"dat13_24","reg","SO2",79,137,0.168247188720787,0.213262298521954
"dat13_24","reg","SO2",79,138,-0.066174672222407,0.196094652010871
"dat13_24","reg","SO2",79,139,0.0840189037619083,0.19981387014055
"dat13_24","reg","SO2",79,140,0.0777105304255861,0.212727030560849
"dat13_24","reg","SO2",79,141,0.106400529670634,0.215296841033002
"dat13_24","reg","SO2",79,142,0.234848213314048,0.219911994481321
"dat13_24","reg","SO2",79,143,0.0872188398191109,0.21905165490712
"dat13_24","reg","SO2",79,144,0.190228369234667,0.24420227900311
"dat13_24","reg","SO2",79,145,0.129326731586618,0.250682524042666
"dat13_24","reg","SO2",79,146,0.0728016044522695,0.241381534257753
"dat13_24","reg","SO2",79,147,-0.0138632155288203,0.236362678710462
"dat13_24","reg","SO2",79,148,-0.0104292814891989,0.210112549395636
"dat13_24","reg","SO2",79,149,-0.0591975355194172,0.20871087126226
"dat13_24","reg","SO2",79,150,-0.110166972716301,0.190937983184102
"dat13_24","reg","SO2",79,151,-0.126306854226769,0.208649035671594
"dat13_24","reg","SO2",79,152,-0.0233689083947728,0.219782413129361
"dat13_24","reg","SO2",79,153,-0.092152278569043,0.226824505725279
"dat13_24","reg","SO2",79,154,0.0286841234371842,0.237987590429302
"dat13_24","reg","SO2",79,155,-0.0360527795989196,0.235820315934992
"dat13_24","reg","SO2",79,156,0.0650021741691456,0.238407625745142
"dat13_24","reg","SO2",97,13,0.12170633748561,0.180397799676635
"dat13_24","reg","SO2",97,14,-0.298609325684495,0.11237654856204
"dat13_24","reg","SO2",97,15,0.280055312533756,0.126257820415715
"dat13_24","reg","SO2",97,16,0.0735294556210524,0.149281899429286
"dat13_24","reg","SO2",97,17,-0.482437572842471,0.213403708796417
"dat13_24","reg","SO2",97,18,0.713910746623378,0.324282541889442
"dat13_24","reg","SO2",97,19,0.272280708601426,0.255923867924748
"dat13_24","reg","SO2",97,20,-0.00440235034952829,0.290708889724773
"dat13_24","reg","SO2",97,21,0.0804293846979537,0.256694735296161
"dat13_24","reg","SO2",97,22,0.225801373519465,0.125797908469476
"dat13_24","reg","SO2",97,23,0.360445312904463,0.133485060049666
"dat13_24","reg","SO2",97,24,0.29292178366441,0.110478194727721
"dat13_24","reg","SO2",97,25,-0.376175672223441,0.151435481963897
"dat13_24","reg","SO2",97,26,-0.192203513863221,0.193868406211636
"dat13_24","reg","SO2",97,27,0.248195494692939,0.146956538721087
"dat13_24","reg","SO2",97,28,0.404169145170356,0.256186157477078
"dat13_24","reg","SO2",97,29,0.792468937703658,0.199150658867171
"dat13_24","reg","SO2",97,30,0.58400058135471,0.218486586741508
"dat13_24","reg","SO2",97,31,0.2547190127766,0.179719056510581
"dat13_24","reg","SO2",97,32,0.527831855817092,0.15105939086102
"dat13_24","reg","SO2",97,33,-0.0654692440103188,0.1702237848568
"dat13_24","reg","SO2",97,34,0.340924786783625,0.152518014355932
"dat13_24","reg","SO2",97,35,-0.0503114755322827,0.172184072416622
"dat13_24","reg","SO2",97,36,-0.376135948820128,0.199506061539183
"dat13_24","reg","SO2",97,37,-0.318635621517343,0.253316546370636
"dat13_24","reg","SO2",97,38,-0.096468065176309,0.194923400090156
"dat13_24","reg","SO2",97,39,0.373119282684728,0.166540161122735
"dat13_24","reg","SO2",97,40,0.0885931527846546,0.186820060100434
"dat13_24","reg","SO2",97,41,0.613231906532679,0.324363070667445
"dat13_24","reg","SO2",97,42,0.520002832700807,0.224718606128996
"dat13_24","reg","SO2",97,43,0.0440529714156943,0.227642349325709
"dat13_24","reg","SO2",97,44,0.476341520008199,0.182579894516813
"dat13_24","reg","SO2",97,45,0.276521620505872,0.175575302479507
"dat13_24","reg","SO2",97,46,0.63074147939956,0.178207397205489
"dat13_24","reg","SO2",97,47,0.266804779552112,0.138231130102845
"dat13_24","reg","SO2",97,48,-0.167560562941538,0.160446682687912
"dat13_24","reg","SO2",97,49,-0.0820766641196027,0.177011034868644
"dat13_24","reg","SO2",97,50,0.131278081468786,0.128544218870889
"dat13_24","reg","SO2",97,51,0.190466676270665,0.216906860476907
"dat13_24","reg","SO2",97,52,0.533977627142687,0.168696617049958
"dat13_24","reg","SO2",97,53,-0.017387741087464,0.24578259973033
"dat13_24","reg","SO2",97,54,0.471158714556956,0.183710707983069
"dat13_24","reg","SO2",97,55,0.384031051840861,0.201379487692714
"dat13_24","reg","SO2",97,56,0.450121569700748,0.204128824564837
"dat13_24","reg","SO2",97,57,0.363802487950428,0.211326527129707
"dat13_24","reg","SO2",97,58,0.256221021710905,0.165616295010036
"dat13_24","reg","SO2",97,59,0.459532643583183,0.134765306538034
"dat13_24","reg","SO2",97,60,0.0995868516311817,0.158864461243361
"dat13_24","reg","SO2",97,61,0.121003150582936,0.154490935549328
"dat13_24","reg","SO2",97,62,0.30371591286801,0.134893669598613
"dat13_24","reg","SO2",97,63,0.375822456949123,0.17831202014959
"dat13_24","reg","SO2",97,64,0.48809441697838,0.190750092384827
"dat13_24","reg","SO2",97,65,0.638826399762836,0.213756507802031
"dat13_24","reg","SO2",97,66,-0.139749757030099,0.241194461976828
"dat13_24","reg","SO2",97,67,0.769086381240804,0.244198217548344
"dat13_24","reg","SO2",97,68,0.377129892105376,0.162544402722302
"dat13_24","reg","SO2",97,69,0.749109235191705,0.206210535499612
"dat13_24","reg","SO2",97,70,0.451784422532852,0.123003143990026
"dat13_24","reg","SO2",97,71,0.355021157249313,0.102062688639823
"dat13_24","reg","SO2",97,72,0.330099192503097,0.0910715571365872
"dat13_24","reg","SO2",97,73,0.323240082900161,0.138857894030786
"dat13_24","reg","SO2",97,74,0.226376856099806,0.125204725737438
"dat13_24","reg","SO2",97,75,0.343893981229002,0.1006088302761
"dat13_24","reg","SO2",97,76,0.302746179068068,0.122131933851733
"dat13_24","reg","SO2",97,77,-0.298091411769763,0.194284289176651
"dat13_24","reg","SO2",97,78,-0.0189299008307452,0.23470651262526
"dat13_24","reg","SO2",97,79,-0.210170725955982,0.194889525050083
"dat13_24","reg","SO2",97,80,-0.510433494341197,0.187973069765079
"dat13_24","reg","SO2",97,81,0.0133382268104019,0.120192642459745
"dat13_24","reg","SO2",97,82,0.0627823180153046,0.099572970564541
"dat13_24","reg","SO2",97,83,0.0132737142944169,0.0901693193884134
"dat13_24","reg","SO2",97,84,0.207384827580747,0.110032256984421
"dat13_24","reg","SO2",97,85,0.0760117372366167,0.115984938508624
"dat13_24","reg","SO2",97,86,0.0994135810632918,0.134845567752862
"dat13_24","reg","SO2",97,87,0.191140949642036,0.116382615421569
"dat13_24","reg","SO2",97,88,-0.0947776814061986,0.191916758558451
"dat13_24","reg","SO2",97,89,-0.162717697119933,0.23003128488981
"dat13_24","reg","SO2",97,90,0.440254295869257,0.206644271299974
"dat13_24","reg","SO2",97,91,-0.0703709204718522,0.181093375625578
"dat13_24","reg","SO2",97,92,-0.154725528067611,0.211847979079699
"dat13_24","reg","SO2",97,93,-0.032638114309823,0.109916291478318
"dat13_24","reg","SO2",97,94,-0.218010148812624,0.157669877561812
"dat13_24","reg","SO2",97,95,0.0465972760840282,0.0655540314920218
"dat13_24","reg","SO2",97,96,0,NA
"dat13_24","reg","SO2",97,97,0.0405187811169377,0.0560620498107968
"dat13_24","reg","SO2",97,98,-0.0330843684780264,0.0795840017624793
"dat13_24","reg","SO2",97,99,-0.123716918274326,0.105790754446922
"dat13_24","reg","SO2",97,100,-0.211369075671103,0.106957139296563
"dat13_24","reg","SO2",97,101,-0.18653623912636,0.120390087449853
"dat13_24","reg","SO2",97,102,-0.0159812750301277,0.108188136422998
"dat13_24","reg","SO2",97,103,-0.237695716511062,0.0980186741960987
"dat13_24","reg","SO2",97,104,-0.146656214685646,0.0895259990621489
"dat13_24","reg","SO2",97,105,-0.214762187677799,0.103293625276066
"dat13_24","reg","SO2",97,106,-0.136131358828925,0.102811586323988
"dat13_24","reg","SO2",97,107,-0.105420096141992,0.104777992945174
"dat13_24","reg","SO2",97,108,-0.0688642337329584,0.117825455507887
"dat13_24","reg","SO2",97,109,-0.174101150091471,0.10580431073212
"dat13_24","reg","SO2",97,110,-0.199524799582943,0.095051944403322
"dat13_24","reg","SO2",97,111,-0.138844924704277,0.112967849953191
"dat13_24","reg","SO2",97,112,-0.159651879647029,0.1208757099782
"dat13_24","reg","SO2",97,113,-0.244214346591902,0.120068940860381
"dat13_24","reg","SO2",97,114,-0.250868745288959,0.145020073175188
"dat13_24","reg","SO2",97,115,-0.226268152781664,0.136917326801192
"dat13_24","reg","SO2",97,116,-0.180054687254482,0.15750175916882
"dat13_24","reg","SO2",97,117,-0.176097038895858,0.144298639496187
"dat13_24","reg","SO2",97,118,0.0309002948428038,0.139946195656212
"dat13_24","reg","SO2",97,119,-0.148498120829473,0.13379789576978
"dat13_24","reg","SO2",97,120,-0.368970829008435,0.140798737549431
"dat13_24","reg","SO2",97,121,-0.397231540653901,0.146346156572983
"dat13_24","reg","SO2",97,122,-0.491815459298428,0.132275330219877
"dat13_24","reg","SO2",97,123,-0.525101461813774,0.119922812245643
"dat13_24","reg","SO2",97,124,-0.432349155811981,0.111260737532436
"dat13_24","reg","SO2",97,125,-0.524466987631819,0.144349305355639
"dat13_24","reg","SO2",97,126,-0.584969039578094,0.132482783544021
"dat13_24","reg","SO2",97,127,-0.519498220895669,0.126714621421041
"dat13_24","reg","SO2",97,128,-0.472435203866172,0.121563910733122
"dat13_24","reg","SO2",97,129,-0.439412851882067,0.125772169347684
"dat13_24","reg","SO2",97,130,-0.294748193763842,0.119040681311068
"dat13_24","reg","SO2",97,131,-0.262749093673209,0.0902741280155919
"dat13_24","reg","SO2",97,132,-0.362550149755171,0.0947147971688781
"dat13_24","reg","SO2",97,133,-0.418769547082839,0.105955518172428
"dat13_24","reg","SO2",97,134,-0.476838479191624,0.105611208733539
"dat13_24","reg","SO2",97,135,-0.342584148376179,0.115708601310104
"dat13_24","reg","SO2",97,136,-0.373291053841244,0.111482635288864
"dat13_24","reg","SO2",97,137,-0.272212467348437,0.110082883468003
"dat13_24","reg","SO2",97,138,-0.366444438504612,0.110893131663971
"dat13_24","reg","SO2",97,139,-0.236224648887802,0.102913649655852
"dat13_24","reg","SO2",97,140,-0.342567432757063,0.103742431271049
"dat13_24","reg","SO2",97,141,-0.263113408296267,0.124726215084539
"dat13_24","reg","SO2",97,142,-0.157244918998842,0.122202483399534
"dat13_24","reg","SO2",97,143,-0.215138293821052,0.120254008298412
"dat13_24","reg","SO2",97,144,-0.25895206085066,0.13452042417614
"dat13_24","reg","SO2",97,145,-0.300347086558401,0.124845581381605
"dat13_24","reg","SO2",97,146,-0.356819258772105,0.115368171922188
"dat13_24","reg","SO2",97,147,-0.359461476757451,0.115073133071621
"dat13_24","reg","SO2",97,148,-0.392547599820536,0.115216551956258
"dat13_24","reg","SO2",97,149,-0.3434385546462,0.113855024503606
"dat13_24","reg","SO2",97,150,-0.224280923360949,0.116556402363139
"dat13_24","reg","SO2",97,151,-0.299356029703878,0.127575127111845
"dat13_24","reg","SO2",97,152,-0.294266716047366,0.132870965781455
"dat13_24","reg","SO2",97,153,-0.439032492560648,0.111239786072618
"dat13_24","reg","SO2",97,154,-0.435394983734055,0.0920793624495927
"dat13_24","reg","SO2",97,155,-0.378103931053138,0.0900674665003152
"dat13_24","reg","SO2",97,156,-0.334663908726733,0.0799301087820497
"dat13_24","reg","O3",61,13,1.0325366231074,0.428106827925896
"dat13_24","reg","O3",61,14,1.78300236407487,0.691308781316423
"dat13_24","reg","O3",61,15,1.87834788286368,0.793264527194242
"dat13_24","reg","O3",61,16,-0.34202318734372,0.605607590363193
"dat13_24","reg","O3",61,17,0.0790681957696329,0.738269128005686
"dat13_24","reg","O3",61,18,1.21768528427199,0.780570399166978
"dat13_24","reg","O3",61,19,-2.0816531588127,0.774285369692522
"dat13_24","reg","O3",61,20,-0.853957058376807,1.02214495025994
"dat13_24","reg","O3",61,21,1.31114944977357,0.640078102225988
"dat13_24","reg","O3",61,22,-0.414115997944247,0.496310044744145
"dat13_24","reg","O3",61,23,-0.317410359843403,0.399833875331845
"dat13_24","reg","O3",61,24,-0.545454632905806,0.36533112970313
"dat13_24","reg","O3",61,25,-0.172252682395419,0.336029396551582
"dat13_24","reg","O3",61,26,0.249746232697172,0.617828859697597
"dat13_24","reg","O3",61,27,0.562188164441965,0.45851012377979
"dat13_24","reg","O3",61,28,1.57144023332251,0.7422352111405
"dat13_24","reg","O3",61,29,3.12585309946811,0.69436471832893
"dat13_24","reg","O3",61,30,3.09300797177527,0.780075827832002
"dat13_24","reg","O3",61,31,6.61876211939407,1.53831021840595
"dat13_24","reg","O3",61,32,-1.25138733551004,0.502762902952212
"dat13_24","reg","O3",61,33,-0.553220537273619,0.5324271555992
"dat13_24","reg","O3",61,34,-0.757850893217217,0.504648476234373
"dat13_24","reg","O3",61,35,0.079451147550158,0.408424609047311
"dat13_24","reg","O3",61,36,0.37640324134757,0.318072003120017
"dat13_24","reg","O3",61,37,0.298490626478222,0.38071806186618
"dat13_24","reg","O3",61,38,-0.749599024281433,0.559933235703881
"dat13_24","reg","O3",61,39,-0.404209411309258,0.539326441927954
"dat13_24","reg","O3",61,40,-2.07161634085587,0.587906967971442
"dat13_24","reg","O3",61,41,0.488924840742829,0.916808533970361
"dat13_24","reg","O3",61,42,-0.875262829992682,0.97367797534547
"dat13_24","reg","O3",61,43,-2.92455462495749,0.830231606835136
"dat13_24","reg","O3",61,44,-1.78089000134357,0.973693134868114
"dat13_24","reg","O3",61,45,-0.523491905658606,0.507034595623815
"dat13_24","reg","O3",61,46,1.0029461796903,0.476511849998181
"dat13_24","reg","O3",61,47,-0.116588876005449,0.340258286857087
"dat13_24","reg","O3",61,48,-0.00795165615019777,0.26600013137459
"dat13_24","reg","O3",61,49,1.12133992489046,0.338733940029475
"dat13_24","reg","O3",61,50,0.715894466958197,0.388319380262539
"dat13_24","reg","O3",61,51,1.18458141015235,0.574641452577787
"dat13_24","reg","O3",61,52,-0.0215675701810198,0.638928479720667
"dat13_24","reg","O3",61,53,2.41900121487905,0.862291105185577
"dat13_24","reg","O3",61,54,1.32862755643644,0.983886733333142
"dat13_24","reg","O3",61,55,-3.18793492018833,1.02937677586191
"dat13_24","reg","O3",61,56,-4.25460722201035,0.837217363544717
"dat13_24","reg","O3",61,57,-1.73558026232014,0.660293471522263
"dat13_24","reg","O3",61,58,0.0317240290439287,0.271438465948165
"dat13_24","reg","O3",61,59,-0.272720923725108,0.246242816531994
"dat13_24","reg","O3",61,60,0,NA
"dat13_24","reg","O3",61,61,0.442968498005504,0.200321315260033
"dat13_24","reg","O3",61,62,-0.150430012937914,0.360477392382712
"dat13_24","reg","O3",61,63,0.157667341469544,0.586040283360772
"dat13_24","reg","O3",61,64,0.767341322892563,0.618326363110715
"dat13_24","reg","O3",61,65,0.483222142642806,0.720717463524747
"dat13_24","reg","O3",61,66,0.834414537229247,0.796162288854121
"dat13_24","reg","O3",61,67,0.0898644525107741,0.792421394592473
"dat13_24","reg","O3",61,68,-0.267527479189113,0.914057431153605
"dat13_24","reg","O3",61,69,1.54090912470646,0.590247017577271
"dat13_24","reg","O3",61,70,1.6470861867153,0.384495189547323
"dat13_24","reg","O3",61,71,0.841227805782934,0.349782192015436
"dat13_24","reg","O3",61,72,0.546254641554373,0.369131240118713
"dat13_24","reg","O3",61,73,1.13927529134999,0.386488289687668
"dat13_24","reg","O3",61,74,0.554527608781452,0.539033008545664
"dat13_24","reg","O3",61,75,-0.0159545832798322,0.464185903271034
"dat13_24","reg","O3",61,76,-0.762815136864269,0.595992291075203
"dat13_24","reg","O3",61,77,-1.91157771988362,0.721291262231928
"dat13_24","reg","O3",61,78,-1.43072855909492,0.850771624671049
"dat13_24","reg","O3",61,79,-2.38795040658275,1.25931021109457
"dat13_24","reg","O3",61,80,1.10355038787132,1.07958220360039
"dat13_24","reg","O3",61,81,1.18850955171283,0.717496024058896
"dat13_24","reg","O3",61,82,0.845574445941027,0.52949747602953
"dat13_24","reg","O3",61,83,1.44890268638966,0.607184984971975
"dat13_24","reg","O3",61,84,1.64782647528788,0.474670401395231
"dat13_24","reg","O3",61,85,1.41076772226926,0.597824566218914
"dat13_24","reg","O3",61,86,-0.422149186546275,0.756508937572153
"dat13_24","reg","O3",61,87,-1.35673858781491,0.969948579872655
"dat13_24","reg","O3",61,88,-3.51165732905141,0.991732301409472
"dat13_24","reg","O3",61,89,-4.09942317313811,0.987937173572962
"dat13_24","reg","O3",61,90,-2.8162992637998,1.26848422133639
"dat13_24","reg","O3",61,91,-0.629752172274777,1.13430278770548
"dat13_24","reg","O3",61,92,-1.2698323979851,1.20354115143082
"dat13_24","reg","O3",61,93,-1.20446246441567,0.829265381480333
"dat13_24","reg","O3",61,94,-0.599686034770919,0.679185097462583
"dat13_24","reg","O3",61,95,-0.503107926059426,0.625034695294173
"dat13_24","reg","O3",61,96,1.11640386693446,0.675354396913426
"dat13_24","reg","O3",61,97,-0.963287052165394,0.618368154380997
"dat13_24","reg","O3",61,98,-1.0040213775977,0.794490930750472
"dat13_24","reg","O3",61,99,-2.98071437008688,0.826844869835808
"dat13_24","reg","O3",61,100,-3.87387012849396,0.971046031365576
"dat13_24","reg","O3",61,101,-1.11209955240221,1.0086103069261
"dat13_24","reg","O3",61,102,-0.475586555433921,1.18532252058304
"dat13_24","reg","O3",61,103,3.14427851288928,0.821381298871084
"dat13_24","reg","O3",61,104,-2.75721271140087,1.04347081895928
"dat13_24","reg","O3",61,105,-0.86764764348673,0.757034290664418
"dat13_24","reg","O3",61,106,-0.316790807493962,0.753726448514959
"dat13_24","reg","O3",61,107,0.671242037576343,0.813212087471756
"dat13_24","reg","O3",61,108,1.4911247569035,0.714657044507012
"dat13_24","reg","O3",61,109,-1.52883941936553,0.724527794982493
"dat13_24","reg","O3",61,110,-2.2326743629519,0.726837817252758
"dat13_24","reg","O3",61,111,-4.8483713426601,0.758153354434185
"dat13_24","reg","O3",61,112,-3.63609949143708,1.10058482792928
"dat13_24","reg","O3",61,113,-0.506064405166008,0.948500222834731
"dat13_24","reg","O3",61,114,0.519876008998398,1.45184597124186
"dat13_24","reg","O3",61,115,5.87783908006503,1.33625565754677
"dat13_24","reg","O3",61,116,1.3955180246843,1.24755854551478
"dat13_24","reg","O3",61,117,0.228260033037305,1.18420137604457
"dat13_24","reg","O3",61,118,0.730818013304365,0.933284587294104
"dat13_24","reg","O3",61,119,0.830840703838303,0.875763262907961
"dat13_24","reg","O3",61,120,0.68289714282046,0.705027583094312
"dat13_24","reg","O3",61,121,1.38562334783721,0.775890011716745
"dat13_24","reg","O3",61,122,-0.957892559465282,0.909703019844044
"dat13_24","reg","O3",61,123,-2.34351497846639,1.18762130392245
"dat13_24","reg","O3",61,124,-1.18207691607437,1.49866207163082
"dat13_24","reg","O3",61,125,-1.84582558791057,1.66301952209655
"dat13_24","reg","O3",61,126,-2.06086998718711,1.5504094143525
"dat13_24","reg","O3",61,127,6.29166115685571,1.4445940401669
"dat13_24","reg","O3",61,128,1.41243090721986,1.12843284348555
"dat13_24","reg","O3",61,129,1.87474063648186,1.13028955668683
"dat13_24","reg","O3",61,130,0.500388666182326,1.01234194234446
"dat13_24","reg","O3",61,131,0.742133642642932,0.927359622027406
"dat13_24","reg","O3",61,132,1.63375632291321,0.718638338803067
"dat13_24","reg","O3",61,133,0.797829473268921,0.686592792629417
"dat13_24","reg","O3",61,134,-0.19443065010385,0.830567373553033
"dat13_24","reg","O3",61,135,-2.86151611713827,1.28496176517877
"dat13_24","reg","O3",61,136,-2.86959438558963,1.27053880614747
"dat13_24","reg","O3",61,137,-2.99807629296647,1.35286976413722
"dat13_24","reg","O3",61,138,1.14818451500671,1.4646627810741
"dat13_24","reg","O3",61,139,3.98028317622589,1.36741514939029
"dat13_24","reg","O3",61,140,2.29247914523271,1.62941503911105
"dat13_24","reg","O3",61,141,2.26996707103588,1.19763000778687
"dat13_24","reg","O3",61,142,0.912689753535068,1.16321517817483
"dat13_24","reg","O3",61,143,0.4118157473827,0.700751226130526
"dat13_24","reg","O3",61,144,-0.317125133177486,0.695276355343108
"dat13_24","reg","O3",61,145,0.788287583812689,0.739593140319922
"dat13_24","reg","O3",61,146,-0.720604859412106,0.797223281086081
"dat13_24","reg","O3",61,147,-2.07114194889215,0.901440581586696
"dat13_24","reg","O3",61,148,-1.90249883616058,1.16207177567861
"dat13_24","reg","O3",61,149,-0.89680780516813,1.42403095805906
"dat13_24","reg","O3",61,150,2.31604335581068,1.47656284717116
"dat13_24","reg","O3",61,151,4.49187270383638,1.29660850307194
"dat13_24","reg","O3",61,152,5.35568478846656,1.62620548344419
"dat13_24","reg","O3",61,153,1.8238399841175,1.44732797589671
"dat13_24","reg","O3",61,154,1.91252663920532,0.694534992348727
"dat13_24","reg","O3",61,155,0.553402799718974,0.756863339832136
"dat13_24","reg","O3",61,156,-0.316816751449263,0.762446018054105
"dat13_24","reg","O3",79,13,1.20639342910953,0.794102035557962
"dat13_24","reg","O3",79,14,-0.630276495654236,0.981879308796166
"dat13_24","reg","O3",79,15,1.97350915591462,0.931630715595021
"dat13_24","reg","O3",79,16,-0.91376319846768,1.05407831977395
"dat13_24","reg","O3",79,17,-1.3015329231314,0.925740137625163
"dat13_24","reg","O3",79,18,1.65961746882558,2.05989550438114
"dat13_24","reg","O3",79,19,1.75583374881452,0.993203376273847
"dat13_24","reg","O3",79,20,0.787060726658606,1.25118197593027
"dat13_24","reg","O3",79,21,0.871393378863408,0.987403719771106
"dat13_24","reg","O3",79,22,2.1587691129894,0.727777389408988
"dat13_24","reg","O3",79,23,1.31512622795397,0.7758975045424
"dat13_24","reg","O3",79,24,0.639973781792957,0.699854065415919
"dat13_24","reg","O3",79,25,1.89885497626412,0.665193104381836
"dat13_24","reg","O3",79,26,-1.50582759252648,0.710674802012144
"dat13_24","reg","O3",79,27,0.746542418851034,0.769363370139973
"dat13_24","reg","O3",79,28,-2.8014967442674,0.897914895531271
"dat13_24","reg","O3",79,29,0.954791066930377,0.64434942446762
"dat13_24","reg","O3",79,30,1.36223536837458,0.611152364387279
"dat13_24","reg","O3",79,31,7.52610834458516,0.701344557358405
"dat13_24","reg","O3",79,32,2.26328919746266,0.625248300771564
"dat13_24","reg","O3",79,33,-1.35451694634139,0.614582692280133
"dat13_24","reg","O3",79,34,-2.08513276173336,0.987762055689617
"dat13_24","reg","O3",79,35,-1.39954373954789,0.807767905212376
"dat13_24","reg","O3",79,36,1.07068775140464,0.771444639896756
"dat13_24","reg","O3",79,37,0.589706360207877,0.749418075026501
"dat13_24","reg","O3",79,38,-1.1075871551697,0.689358266139251
"dat13_24","reg","O3",79,39,-2.44438705391182,0.689194701058473
"dat13_24","reg","O3",79,40,-0.937004146095355,1.02319499179661
"dat13_24","reg","O3",79,41,0.711218605683977,0.857924478098791
"dat13_24","reg","O3",79,42,1.94901904056233,0.910298333080299
"dat13_24","reg","O3",79,43,3.30901059869603,0.771916038638529
"dat13_24","reg","O3",79,44,1.30701370762394,0.562053582138949
"dat13_24","reg","O3",79,45,0.818610826306507,0.969660725706927
"dat13_24","reg","O3",79,46,-1.46100264562521,0.709414227196968
"dat13_24","reg","O3",79,47,-2.10487730492192,0.837077492387176
"dat13_24","reg","O3",79,48,-0.616567075991433,0.708517851251484
"dat13_24","reg","O3",79,49,2.54759648817976,0.779868057239294
"dat13_24","reg","O3",79,50,-0.789385144489103,0.532576344804656
"dat13_24","reg","O3",79,51,0.0550251869217107,0.798699671062942
"dat13_24","reg","O3",79,52,-1.99958461834478,0.752681288745326
"dat13_24","reg","O3",79,53,-1.95010104338977,0.833028435837171
"dat13_24","reg","O3",79,54,1.4217756500499,0.995802743560782
"dat13_24","reg","O3",79,55,1.79260964568715,0.636951621839824
"dat13_24","reg","O3",79,56,-0.0848685704127901,0.614706324358677
"dat13_24","reg","O3",79,57,-0.387197610366306,0.732223835871259
"dat13_24","reg","O3",79,58,-0.723532794116984,0.633819923556905
"dat13_24","reg","O3",79,59,1.0149730233127,0.647201777041144
"dat13_24","reg","O3",79,60,0.223796654422465,0.631593946797226
"dat13_24","reg","O3",79,61,0.661498219449633,0.590181911772715
"dat13_24","reg","O3",79,62,-0.660711375939602,0.611950220307846
"dat13_24","reg","O3",79,63,-0.725774493122712,0.688703950369119
"dat13_24","reg","O3",79,64,-0.639317458470691,0.63830233673976
"dat13_24","reg","O3",79,65,-0.51546994429334,0.62379421680532
"dat13_24","reg","O3",79,66,-0.485679231830897,0.466349438543583
"dat13_24","reg","O3",79,67,2.55830681806629,0.751045399878352
"dat13_24","reg","O3",79,68,2.44662344764293,0.645364465547855
"dat13_24","reg","O3",79,69,2.29117117180179,0.764734850569872
"dat13_24","reg","O3",79,70,-0.18619811660523,0.795990319234191
"dat13_24","reg","O3",79,71,0.836642793291695,0.541271813983993
"dat13_24","reg","O3",79,72,2.11444780060824,0.829495855837498
"dat13_24","reg","O3",79,73,2.31039304499364,0.676698248844724
"dat13_24","reg","O3",79,74,1.11740469539828,0.661474372971327
"dat13_24","reg","O3",79,75,0.991218151958005,0.537924869256782
"dat13_24","reg","O3",79,76,-0.878556369972297,0.416043404083151
"dat13_24","reg","O3",79,77,-0.465489758565116,0.281395513629534
"dat13_24","reg","O3",79,78,0,NA
"dat13_24","reg","O3",79,79,0.617512799018973,0.704304129768406
"dat13_24","reg","O3",79,80,3.60442356597316,0.536946228250396
"dat13_24","reg","O3",79,81,2.34001723859013,0.636192668731556
"dat13_24","reg","O3",79,82,0.883658068361328,0.589447388326611
"dat13_24","reg","O3",79,83,1.84506807933654,0.740370420631933
"dat13_24","reg","O3",79,84,1.66761106380398,0.598365999234928
"dat13_24","reg","O3",79,85,0.520195362057294,0.560762459053805
"dat13_24","reg","O3",79,86,-0.155457970602757,0.576001323557747
"dat13_24","reg","O3",79,87,-0.346669176587079,0.542466932874133
"dat13_24","reg","O3",79,88,0.106250492801977,0.554279872254742
"dat13_24","reg","O3",79,89,0.948763716684562,0.637907894146834
"dat13_24","reg","O3",79,90,2.38278490589206,0.729577829648272
"dat13_24","reg","O3",79,91,3.65344768221806,0.71762745654307
"dat13_24","reg","O3",79,92,4.38833981094996,0.746509258339382
"dat13_24","reg","O3",79,93,1.5820331222812,0.567582197786262
"dat13_24","reg","O3",79,94,1.03374523985787,0.627167226787421
"dat13_24","reg","O3",79,95,0.482388640368978,0.570969433718088
"dat13_24","reg","O3",79,96,1.04178831061079,0.591926750345985
"dat13_24","reg","O3",79,97,1.16259989561377,0.671546525110613
"dat13_24","reg","O3",79,98,1.37659864313267,0.66919101918038
"dat13_24","reg","O3",79,99,0.99668602852157,0.61555264493677
"dat13_24","reg","O3",79,100,2.04658850736581,0.688323991246757
"dat13_24","reg","O3",79,101,2.64852611294878,0.592911833496424
"dat13_24","reg","O3",79,102,4.77670262965834,0.595535934987987
"dat13_24","reg","O3",79,103,6.05833345297164,0.612833139856782
"dat13_24","reg","O3",79,104,1.31490981285917,0.792641225023308
"dat13_24","reg","O3",79,105,1.51473899770574,0.591933994549697
"dat13_24","reg","O3",79,106,0.541886674906436,0.654815952640675
"dat13_24","reg","O3",79,107,1.08341601518811,0.632573907992687
"dat13_24","reg","O3",79,108,1.58397963879696,0.676127108021757
"dat13_24","reg","O3",79,109,0.306426281396817,0.654590786237199
"dat13_24","reg","O3",79,110,-0.743980382050198,0.634467009688165
"dat13_24","reg","O3",79,111,-1.04806910205556,0.603980709910012
"dat13_24","reg","O3",79,112,0.76270420039483,0.597485870618429
"dat13_24","reg","O3",79,113,2.37697336339951,0.581374291181058
"dat13_24","reg","O3",79,114,3.9347559350706,0.712030803156851
"dat13_24","reg","O3",79,115,9.70702175366463,0.731870770180725
"dat13_24","reg","O3",79,116,4.19373575143033,0.68813049609109
"dat13_24","reg","O3",79,117,1.98641992090925,0.690228201524024
"dat13_24","reg","O3",79,118,0.553195853558551,0.637921824365555
"dat13_24","reg","O3",79,119,0.592299507504471,0.634669239518561
"dat13_24","reg","O3",79,120,0.575400206612802,0.60682595366649
"dat13_24","reg","O3",79,121,1.08765950805217,0.614731535946714
"dat13_24","reg","O3",79,122,-0.428835584543954,0.583978084678579
"dat13_24","reg","O3",79,123,-1.14508913656784,0.638285482581367
"dat13_24","reg","O3",79,124,2.22114495514539,0.638916965149256
"dat13_24","reg","O3",79,125,0.946746095358673,0.692914199524047
"dat13_24","reg","O3",79,126,2.23654562210995,0.633825582036243
"dat13_24","reg","O3",79,127,7.04817555968822,0.699898293102216
"dat13_24","reg","O3",79,128,4.28453469451664,0.758141651973686
"dat13_24","reg","O3",79,129,3.99006865923323,0.728854506926125
"dat13_24","reg","O3",79,130,1.04847172448854,0.639797704698824
"dat13_24","reg","O3",79,131,0.378784402951613,0.653624291750026
"dat13_24","reg","O3",79,132,1.41226589932727,0.655069963235414
"dat13_24","reg","O3",79,133,0.648247542143849,0.644511435752791
"dat13_24","reg","O3",79,134,0.975844865627762,0.622975778379201
"dat13_24","reg","O3",79,135,0.57953775144326,0.654620878859114
"dat13_24","reg","O3",79,136,1.6929737434265,0.64817704111609
"dat13_24","reg","O3",79,137,2.35036262043668,0.667119388682876
"dat13_24","reg","O3",79,138,4.7696883911947,0.732666741439935
"dat13_24","reg","O3",79,139,8.19687166327663,0.771383158018609
"dat13_24","reg","O3",79,140,4.76444256203022,0.654141384734994
"dat13_24","reg","O3",79,141,4.22184639719796,0.659920026690993
"dat13_24","reg","O3",79,142,1.28772602482934,0.666895653725553
"dat13_24","reg","O3",79,143,1.67456925357385,0.580714140355957
"dat13_24","reg","O3",79,144,0.660507503097982,0.62791801532876
"dat13_24","reg","O3",79,145,1.72519996268495,0.634327427899579
"dat13_24","reg","O3",79,146,1.40169993058675,0.676046880708012
"dat13_24","reg","O3",79,147,1.28733141889031,0.66129812137593
"dat13_24","reg","O3",79,148,4.16895710615218,0.726224614818328
"dat13_24","reg","O3",79,149,3.63336463358719,0.73992072741218
"dat13_24","reg","O3",79,150,6.89832051539052,0.787854724047493
"dat13_24","reg","O3",79,151,7.43686698897747,0.778159020287536
"dat13_24","reg","O3",79,152,8.23687941096884,0.866248236039225
"dat13_24","reg","O3",79,153,5.04489858266705,0.754764907871237
"dat13_24","reg","O3",79,154,2.25892940316269,0.69751361507401
"dat13_24","reg","O3",79,155,1.30990417136549,0.663584353068577
"dat13_24","reg","O3",79,156,0.903876058579893,0.658842675496576
"dat13_24","reg","O3",97,13,1.30948675615958,0.790976593437662
"dat13_24","reg","O3",97,14,0.0077838558428116,0.615367667675479
"dat13_24","reg","O3",97,15,0.893370954484956,0.433012304338184
"dat13_24","reg","O3",97,16,0.795093360985877,0.509758963038792
"dat13_24","reg","O3",97,17,2.4026375285658,0.593069654704664
"dat13_24","reg","O3",97,18,0.0459912105021267,0.798369664981875
"dat13_24","reg","O3",97,19,1.04368178562267,0.664259033602321
"dat13_24","reg","O3",97,20,2.35185785901318,0.56221225737363
"dat13_24","reg","O3",97,21,0.549796365830804,0.820928680130565
"dat13_24","reg","O3",97,22,1.20724203040664,0.487858462168179
"dat13_24","reg","O3",97,23,0.491351024435569,0.449786715929948
"dat13_24","reg","O3",97,24,0.809081178110459,0.412389758346019
"dat13_24","reg","O3",97,25,1.16445116135959,0.394124467045042
"dat13_24","reg","O3",97,26,-0.493228131057661,0.625594596839639
"dat13_24","reg","O3",97,27,1.08542667032078,0.482645507357087
"dat13_24","reg","O3",97,28,0.313763469393688,0.903495662685717
"dat13_24","reg","O3",97,29,0.561324794791112,0.543822617617018
"dat13_24","reg","O3",97,30,0.969667731938376,0.552286536707934
"dat13_24","reg","O3",97,31,5.94815616686173,0.860868873810081
"dat13_24","reg","O3",97,32,1.80660002686408,0.510048066386577
"dat13_24","reg","O3",97,33,-0.212443465502934,0.465562049742989
"dat13_24","reg","O3",97,34,2.21089201099877,0.596484381396393
"dat13_24","reg","O3",97,35,1.39932185655412,0.432984996789921
"dat13_24","reg","O3",97,36,1.22224925137517,0.352077898406733
"dat13_24","reg","O3",97,37,1.15574559875012,0.413912985573613
"dat13_24","reg","O3",97,38,1.07983162551789,0.470933227834378
"dat13_24","reg","O3",97,39,0.961658570005131,0.536183781357154
"dat13_24","reg","O3",97,40,0.560542237289052,0.497953922153968
"dat13_24","reg","O3",97,41,0.877786887358951,0.821930930237488
"dat13_24","reg","O3",97,42,-0.243188420498587,0.53363062386423
"dat13_24","reg","O3",97,43,3.51130082422547,0.691087665944255
"dat13_24","reg","O3",97,44,2.83807855473572,0.493256195860347
"dat13_24","reg","O3",97,45,0.148068563834965,0.462436767707525
"dat13_24","reg","O3",97,46,0.377504531939337,0.489230209855232
"dat13_24","reg","O3",97,47,1.43112794971405,0.501460718399058
"dat13_24","reg","O3",97,48,0.717184645490124,0.421270115197039
"dat13_24","reg","O3",97,49,0.250752049956176,0.402589821920446
"dat13_24","reg","O3",97,50,-0.11818477226706,0.489368564251309
"dat13_24","reg","O3",97,51,-0.191868966052105,0.554173171665647
"dat13_24","reg","O3",97,52,-1.48451835495697,0.593950361010514
"dat13_24","reg","O3",97,53,-1.55018928386588,0.725754217451425
"dat13_24","reg","O3",97,54,-1.51353419026104,0.771684515879839
"dat13_24","reg","O3",97,55,3.23752553119171,0.595737651520757
"dat13_24","reg","O3",97,56,-0.24415174409469,0.601828418722001
"dat13_24","reg","O3",97,57,-0.340925803761575,0.587181116747221
"dat13_24","reg","O3",97,58,0.160711767205895,0.449256352823208
"dat13_24","reg","O3",97,59,1.562593666287,0.443530480668239
"dat13_24","reg","O3",97,60,0.656187903574241,0.382321055855751
"dat13_24","reg","O3",97,61,-0.095387551979786,0.316040785622405
"dat13_24","reg","O3",97,62,-0.570803129919587,0.52589830121438
"dat13_24","reg","O3",97,63,-2.95976335310564,0.667311533159173
"dat13_24","reg","O3",97,64,-2.01171444635158,0.621824216787628
"dat13_24","reg","O3",97,65,-2.17041081324618,0.548460398599251
"dat13_24","reg","O3",97,66,-1.64599206667798,0.531790515194208
"dat13_24","reg","O3",97,67,-0.460497535187191,0.844792369458416
"dat13_24","reg","O3",97,68,1.69017892351524,0.634503618621587
"dat13_24","reg","O3",97,69,-1.00601658327253,0.561297606874061
"dat13_24","reg","O3",97,70,-0.810926686717942,0.413034868026793
"dat13_24","reg","O3",97,71,0.372919317475238,0.362343384471185
"dat13_24","reg","O3",97,72,-0.427760194236811,0.336187626334188
"dat13_24","reg","O3",97,73,0.198758471834446,0.37159470375057
"dat13_24","reg","O3",97,74,-0.57094232325511,0.517017930770128
"dat13_24","reg","O3",97,75,-0.292701456354738,0.533594422574186
"dat13_24","reg","O3",97,76,-0.63992273561372,0.76479517285292
"dat13_24","reg","O3",97,77,-0.300806570745547,0.379498315414413
"dat13_24","reg","O3",97,78,-0.66865983439823,0.712471711461472
"dat13_24","reg","O3",97,79,1.39308671683402,0.422820271722333
"dat13_24","reg","O3",97,80,3.35650950357367,0.532463291317181
"dat13_24","reg","O3",97,81,1.14199767368956,0.413629853457278
"dat13_24","reg","O3",97,82,1.4271851018342,0.388178278020339
"dat13_24","reg","O3",97,83,2.09939522879863,0.436013537971017
"dat13_24","reg","O3",97,84,1.30530237502466,0.339321702815281
"dat13_24","reg","O3",97,85,0.104105618178876,0.209514497322127
"dat13_24","reg","O3",97,86,0.251890966705347,0.39427133518947
"dat13_24","reg","O3",97,87,-0.0949639128798943,0.301349923031264
"dat13_24","reg","O3",97,88,1.2051565481814,0.469198572047151
"dat13_24","reg","O3",97,89,2.54336002040325,0.499800693002671
"dat13_24","reg","O3",97,90,2.61392716255528,0.450774388533447
"dat13_24","reg","O3",97,91,5.4737530428552,0.464027416387186
"dat13_24","reg","O3",97,92,4.1603423231142,0.633930926842131
"dat13_24","reg","O3",97,93,2.28575827366999,0.387561333295018
"dat13_24","reg","O3",97,94,1.09307355166843,0.270197531828634
"dat13_24","reg","O3",97,95,0.122744670754576,0.238271431073946
"dat13_24","reg","O3",97,96,0,NA
"dat13_24","reg","O3",97,97,0.597391969988712,0.279887596137035
"dat13_24","reg","O3",97,98,0.289012583917827,0.308015403381969
"dat13_24","reg","O3",97,99,-0.117574619354158,0.444194901566568
"dat13_24","reg","O3",97,100,0.960555591745631,0.735518965683854
"dat13_24","reg","O3",97,101,1.47249980193546,0.753620833940852
"dat13_24","reg","O3",97,102,2.38830960846748,1.31593137375501
"dat13_24","reg","O3",97,103,3.04620366912001,0.825527931074844
"dat13_24","reg","O3",97,104,1.95440141909902,0.68234020195403
"dat13_24","reg","O3",97,105,1.04686359651589,0.672014540623929
"dat13_24","reg","O3",97,106,-0.166903698388831,0.450464640347719
"dat13_24","reg","O3",97,107,-0.0375983168701577,0.38059855915225
"dat13_24","reg","O3",97,108,0.272057093188794,0.434101898226829
"dat13_24","reg","O3",97,109,-0.0399896260238544,0.546625358653405
"dat13_24","reg","O3",97,110,-1.30634852383375,0.514328767466268
"dat13_24","reg","O3",97,111,-0.958864586458553,0.568537928575594
"dat13_24","reg","O3",97,112,-0.97985529552793,0.754285953865877
"dat13_24","reg","O3",97,113,1.06393024560872,0.616799436656064
"dat13_24","reg","O3",97,114,0.515380635597314,0.954043223856334
"dat13_24","reg","O3",97,115,4.96931395661366,0.817063169867588
"dat13_24","reg","O3",97,116,2.98709884944744,0.809954577452822
"dat13_24","reg","O3",97,117,1.83455015615785,0.573060528920019
"dat13_24","reg","O3",97,118,0.975344223522486,0.338296780551542
"dat13_24","reg","O3",97,119,0.0343023696973805,0.350300538455863
"dat13_24","reg","O3",97,120,-0.643659634631951,0.321483752836712
"dat13_24","reg","O3",97,121,-0.725524855306173,0.273823463780062
"dat13_24","reg","O3",97,122,-1.29793694483374,0.489783339683186
"dat13_24","reg","O3",97,123,-1.20811228239429,0.420025520805995
"dat13_24","reg","O3",97,124,1.09283613866868,0.612521584415626
"dat13_24","reg","O3",97,125,0.242511176050748,0.900904876630256
"dat13_24","reg","O3",97,126,0.253071789554973,0.929375640781212
"dat13_24","reg","O3",97,127,3.29879796428495,1.07456343240224
"dat13_24","reg","O3",97,128,3.67464670160508,0.741878536016108
"dat13_24","reg","O3",97,129,2.84985035545855,0.749437602640021
"dat13_24","reg","O3",97,130,0.593256404399709,0.455630452069739
"dat13_24","reg","O3",97,131,0.284744437417509,0.323053497791567
"dat13_24","reg","O3",97,132,0.250356618467414,0.277914146331936
"dat13_24","reg","O3",97,133,0.335213238542348,0.329815923597086
"dat13_24","reg","O3",97,134,-0.146391914968811,0.312169027179476
"dat13_24","reg","O3",97,135,-0.900384774696615,0.41733695433051
"dat13_24","reg","O3",97,136,0.884335729018833,0.630903909805149
"dat13_24","reg","O3",97,137,1.4124254856015,0.655807357477561
"dat13_24","reg","O3",97,138,2.50232365149366,1.14015121324097
"dat13_24","reg","O3",97,139,4.91245678084028,0.846259174248472
"dat13_24","reg","O3",97,140,3.15560220702107,1.00160059681892
"dat13_24","reg","O3",97,141,2.44297094594017,0.860446964900851
"dat13_24","reg","O3",97,142,1.06096588423648,0.426857563179079
"dat13_24","reg","O3",97,143,1.06052444843206,0.344339760520239
"dat13_24","reg","O3",97,144,0.323153986884392,0.33000042865195
"dat13_24","reg","O3",97,145,0.0757580266202638,0.260799721418327
"dat13_24","reg","O3",97,146,0.974954636962327,0.365948183045163
"dat13_24","reg","O3",97,147,0.639324730500913,0.657940982978163
"dat13_24","reg","O3",97,148,2.51923747819158,0.623529390335185
"dat13_24","reg","O3",97,149,1.87372528131101,0.868604872700585
"dat13_24","reg","O3",97,150,3.75514484534766,1.04308477560188
"dat13_24","reg","O3",97,151,3.90022330517802,0.587260242290884
"dat13_24","reg","O3",97,152,4.71694291971643,0.957474580313933
"dat13_24","reg","O3",97,153,2.94318921094959,0.720699164867341
"dat13_24","reg","O3",97,154,1.7996698922837,0.447659725587763
"dat13_24","reg","O3",97,155,0.375392743881626,0.336290513209508
"dat13_24","reg","O3",97,156,-0.846177126779112,0.415554183220398
"dat13_24","reg","PM10",61,13,1.96999794859342,1.08684992332816
"dat13_24","reg","PM10",61,14,1.20036694800982,1.52269480804797
"dat13_24","reg","PM10",61,15,-0.321266187019877,1.14904760555446
"dat13_24","reg","PM10",61,16,0.493948570329273,1.01717184280813
"dat13_24","reg","PM10",61,17,-2.94047491171719,1.20307825856818
"dat13_24","reg","PM10",61,18,-4.3880644423698,1.24520817611973
"dat13_24","reg","PM10",61,19,-1.65367245120876,1.2171581079442
"dat13_24","reg","PM10",61,20,-5.31856086573184,1.40989202619329
"dat13_24","reg","PM10",61,21,0.207220849413062,1.01729963693026
"dat13_24","reg","PM10",61,22,-0.705850420393531,0.865240965860881
"dat13_24","reg","PM10",61,23,0.273652551820854,1.08624781769121
"dat13_24","reg","PM10",61,24,0.629292195339292,1.01031272103211
"dat13_24","reg","PM10",61,25,1.17386652939305,1.09167692046468
"dat13_24","reg","PM10",61,26,3.78090973119698,1.27729429211736
"dat13_24","reg","PM10",61,27,2.61445406043776,1.24827241300289
"dat13_24","reg","PM10",61,28,-1.50970945548593,1.06001761001969
"dat13_24","reg","PM10",61,29,-2.32880354291859,0.961166869915361
"dat13_24","reg","PM10",61,30,-8.97207052128195,1.24858325154878
"dat13_24","reg","PM10",61,31,-10.2300597602358,1.6413474588624
"dat13_24","reg","PM10",61,32,2.18405886003654,1.22481284871567
"dat13_24","reg","PM10",61,33,-2.36309500976489,1.07913655702222
"dat13_24","reg","PM10",61,34,0.469313541086143,0.98820648400056
"dat13_24","reg","PM10",61,35,1.34619552917254,0.954897244628368
"dat13_24","reg","PM10",61,36,2.89046822928543,0.749290908306334
"dat13_24","reg","PM10",61,37,-1.22187865267046,1.02493119174668
"dat13_24","reg","PM10",61,38,2.29605727315901,1.38462579000475
"dat13_24","reg","PM10",61,39,2.21926081851078,1.25668289830449
"dat13_24","reg","PM10",61,40,-1.89015623764392,0.972835402169346
"dat13_24","reg","PM10",61,41,-5.72805375977343,1.32917556928842
"dat13_24","reg","PM10",61,42,-1.13756850587509,1.72976625282907
"dat13_24","reg","PM10",61,43,2.30633472040221,1.49016569470261
"dat13_24","reg","PM10",61,44,0.0523913402654266,1.27145759931626
"dat13_24","reg","PM10",61,45,1.36709877515105,0.961524828240365
"dat13_24","reg","PM10",61,46,-0.350288512974702,1.29754983650058
"dat13_24","reg","PM10",61,47,-0.04778173060296,1.00917319505019
"dat13_24","reg","PM10",61,48,-1.45434664716975,0.971380417454203
"dat13_24","reg","PM10",61,49,1.09784279970045,1.03090017194921
"dat13_24","reg","PM10",61,50,0.967464984383242,1.11548870112084
"dat13_24","reg","PM10",61,51,1.2106103187789,1.33448449463003
"dat13_24","reg","PM10",61,52,4.66851832298101,1.20083077201408
"dat13_24","reg","PM10",61,53,1.20403949660737,1.04312938605654
"dat13_24","reg","PM10",61,54,4.41213106645529,1.08404254816823
"dat13_24","reg","PM10",61,55,5.50265829459992,1.14896841252783
"dat13_24","reg","PM10",61,56,3.08232752789417,1.3087260017618
"dat13_24","reg","PM10",61,57,4.17500535504105,1.09348812506406
"dat13_24","reg","PM10",61,58,2.54067243363551,0.905047242949658
"dat13_24","reg","PM10",61,59,0.239618728102617,0.490284108331792
"dat13_24","reg","PM10",61,60,0,NA
"dat13_24","reg","PM10",61,61,-0.985082861196799,0.524122067027415
"dat13_24","reg","PM10",61,62,0.151335781747664,0.586788058373084
"dat13_24","reg","PM10",61,63,-0.449819178689141,0.822091113362728
"dat13_24","reg","PM10",61,64,0.321547117430851,0.879535631369253
"dat13_24","reg","PM10",61,65,2.28217488806851,1.06339370045862
"dat13_24","reg","PM10",61,66,2.21584019945698,0.81194707205293
"dat13_24","reg","PM10",61,67,2.00734189032852,0.920649810333484
"dat13_24","reg","PM10",61,68,2.65865522222641,0.978784570187218
"dat13_24","reg","PM10",61,69,-0.828433739324868,0.935981211966913
"dat13_24","reg","PM10",61,70,0.919142187746413,1.09261218800218
"dat13_24","reg","PM10",61,71,-1.30080887591299,1.29317948238974
"dat13_24","reg","PM10",61,72,1.52759872932792,1.2842415721624
"dat13_24","reg","PM10",61,73,1.67412799963829,1.12145717773883
"dat13_24","reg","PM10",61,74,2.09268834244925,1.19347218255119
"dat13_24","reg","PM10",61,75,2.22501548237854,1.12104906913149
"dat13_24","reg","PM10",61,76,3.03309001867819,1.38963087862721
"dat13_24","reg","PM10",61,77,2.8561762560316,1.16567119790755
"dat13_24","reg","PM10",61,78,4.06673159469142,1.26764587105797
"dat13_24","reg","PM10",61,79,3.63239132100335,1.80948495145587
"dat13_24","reg","PM10",61,80,5.18443422317856,1.86922512005949
"dat13_24","reg","PM10",61,81,4.8895943955662,1.97798517976657
"dat13_24","reg","PM10",61,82,3.42210149940984,1.7615682285314
"dat13_24","reg","PM10",61,83,0.507422354400055,1.974987724325
"dat13_24","reg","PM10",61,84,-0.0949118497725836,1.62612559181848
"dat13_24","reg","PM10",61,85,0.993576767405049,1.80143839004923
"dat13_24","reg","PM10",61,86,5.43642581672965,1.51512163715571
"dat13_24","reg","PM10",61,87,5.39251480016311,2.03955800486957
"dat13_24","reg","PM10",61,88,3.61923078566368,1.55567343342215
"dat13_24","reg","PM10",61,89,5.21683089540818,1.76477986317063
"dat13_24","reg","PM10",61,90,6.84401193680199,1.96415795797667
"dat13_24","reg","PM10",61,91,5.93966652501805,1.70635316138722
"dat13_24","reg","PM10",61,92,6.0444852202763,1.82723898471588
"dat13_24","reg","PM10",61,93,7.71895862776352,1.71221346026308
"dat13_24","reg","PM10",61,94,8.31086453257128,1.39398701106182
"dat13_24","reg","PM10",61,95,3.84615955750975,1.5288350337445
"dat13_24","reg","PM10",61,96,-0.738838777936533,1.20261388925148
"dat13_24","reg","PM10",61,97,3.37873906932134,1.5437086486851
"dat13_24","reg","PM10",61,98,3.00823487010841,1.36511190269789
"dat13_24","reg","PM10",61,99,5.8469894828776,1.63931413701579
"dat13_24","reg","PM10",61,100,4.06879892870197,1.52297952938056
"dat13_24","reg","PM10",61,101,5.21238894578247,1.78073705324765
"dat13_24","reg","PM10",61,102,5.38130863349437,1.70287382057348
"dat13_24","reg","PM10",61,103,6.96508987562274,1.78206200528607
"dat13_24","reg","PM10",61,104,5.21021650054335,2.0953193544156
"dat13_24","reg","PM10",61,105,4.37047488795422,1.79371889909745
"dat13_24","reg","PM10",61,106,4.21349587732012,1.61610909629617
"dat13_24","reg","PM10",61,107,3.84436434356154,1.76713682110387
"dat13_24","reg","PM10",61,108,0.897974559421743,1.60964442109314
"dat13_24","reg","PM10",61,109,0.153101016017258,1.71086095129147
"dat13_24","reg","PM10",61,110,4.36384428960657,1.91998510358678
"dat13_24","reg","PM10",61,111,8.93823667330007,2.27356847223544
"dat13_24","reg","PM10",61,112,3.30049579551056,1.74869449865859
"dat13_24","reg","PM10",61,113,13.8686629014451,2.62402631716738
"dat13_24","reg","PM10",61,114,8.02423016930872,1.90043976779024
"dat13_24","reg","PM10",61,115,11.1936835606113,1.78238692456026
"dat13_24","reg","PM10",61,116,6.97243667865731,1.80986842456181
"dat13_24","reg","PM10",61,117,5.5443567823967,1.75614290051931
"dat13_24","reg","PM10",61,118,6.36391688606758,1.73753313781907
"dat13_24","reg","PM10",61,119,4.68326244360688,1.9407801698454
"dat13_24","reg","PM10",61,120,2.72680333093963,1.79439197768889
"dat13_24","reg","PM10",61,121,3.67191837122965,1.97058015414421
"dat13_24","reg","PM10",61,122,4.2318899078838,1.87382663229414
"dat13_24","reg","PM10",61,123,0.639143542083204,1.84753217700544
"dat13_24","reg","PM10",61,124,7.16817053696005,1.89651995253236
"dat13_24","reg","PM10",61,125,4.21204763896428,1.83878476742687
"dat13_24","reg","PM10",61,126,5.65223566537616,1.75532523127409
"dat13_24","reg","PM10",61,127,8.7197485450848,1.84595393626657
"dat13_24","reg","PM10",61,128,6.90486563220834,1.78863335424302
"dat13_24","reg","PM10",61,129,8.88909656420946,1.75010885405273
"dat13_24","reg","PM10",61,130,8.10048789772892,1.68804448302984
"dat13_24","reg","PM10",61,131,2.91744468009807,1.75305289860271
"dat13_24","reg","PM10",61,132,3.16104019161999,1.62799281773995
"dat13_24","reg","PM10",61,133,6.84693915974974,1.89963048578238
"dat13_24","reg","PM10",61,134,3.03347862957107,1.9587400010428
"dat13_24","reg","PM10",61,135,3.895247977864,2.10119176056661
"dat13_24","reg","PM10",61,136,0.936518531183289,2.18778787757154
"dat13_24","reg","PM10",61,137,7.15851154319877,1.87262057420204
"dat13_24","reg","PM10",61,138,6.72305895903514,1.70239864710875
"dat13_24","reg","PM10",61,139,9.31794529942735,1.92202978033729
"dat13_24","reg","PM10",61,140,10.3829395490821,1.79731698417152
"dat13_24","reg","PM10",61,141,8.4071714468987,1.85178934670644
"dat13_24","reg","PM10",61,142,4.29767988684359,1.8098550834553
"dat13_24","reg","PM10",61,143,2.51612886172887,1.62911760912332
"dat13_24","reg","PM10",61,144,1.87836251716725,1.58884429127409
"dat13_24","reg","PM10",61,145,2.63744032455979,1.62193348726608
"dat13_24","reg","PM10",61,146,8.05233019341268,1.64982138350949
"dat13_24","reg","PM10",61,147,5.96939443484191,1.81887316468996
"dat13_24","reg","PM10",61,148,-1.78131306784049,1.72052817566766
"dat13_24","reg","PM10",61,149,6.37641199576492,1.88353483588691
"dat13_24","reg","PM10",61,150,6.50408621055594,1.88268174384964
"dat13_24","reg","PM10",61,151,10.0329235349819,1.87982338810044
"dat13_24","reg","PM10",61,152,11.9218755365023,1.90694952409927
"dat13_24","reg","PM10",61,153,9.49421160631366,1.92700950287737
"dat13_24","reg","PM10",61,154,9.70793493087478,1.64218361513634
"dat13_24","reg","PM10",61,155,8.04861315289725,1.56160055374616
"dat13_24","reg","PM10",61,156,6.57850579894552,1.42832542957451
"dat13_24","reg","PM10",79,13,-0.507548257953722,1.49243502714882
"dat13_24","reg","PM10",79,14,1.43643203887268,1.35296123795053
"dat13_24","reg","PM10",79,15,-0.736916978116625,1.31420534258265
"dat13_24","reg","PM10",79,16,4.18008117221536,1.32139300790603
"dat13_24","reg","PM10",79,17,3.5434349488904,1.4296412373478
"dat13_24","reg","PM10",79,18,3.3796984049897,1.09883934175705
"dat13_24","reg","PM10",79,19,1.90674682869288,1.32483479764607
"dat13_24","reg","PM10",79,20,2.45268506736438,1.03415518424173
"dat13_24","reg","PM10",79,21,3.08271239630579,0.747765653382853
"dat13_24","reg","PM10",79,22,1.31056440496195,0.922897166883037
"dat13_24","reg","PM10",79,23,2.37508633929857,1.17141332682993
"dat13_24","reg","PM10",79,24,2.10098187969317,1.15550095709864
"dat13_24","reg","PM10",79,25,-0.433993877620029,1.11914674465433
"dat13_24","reg","PM10",79,26,2.61634114323557,1.26497927430086
"dat13_24","reg","PM10",79,27,2.51031112223668,1.25752856176357
"dat13_24","reg","PM10",79,28,5.60097896618389,1.81079075033389
"dat13_24","reg","PM10",79,29,1.33823706577899,1.22154105916138
"dat13_24","reg","PM10",79,30,-0.940542253400958,0.941203559052998
"dat13_24","reg","PM10",79,31,4.24508773663712,0.887543659171488
"dat13_24","reg","PM10",79,32,2.51804552638852,0.81234070412308
"dat13_24","reg","PM10",79,33,2.06678472519379,0.848069105027422
"dat13_24","reg","PM10",79,34,0.508273975302042,0.871293313866558
"dat13_24","reg","PM10",79,35,1.26429709152407,1.09818618483831
"dat13_24","reg","PM10",79,36,0.0822116170288503,1.19890487499408
"dat13_24","reg","PM10",79,37,0.202839414403289,1.77075678532646
"dat13_24","reg","PM10",79,38,4.57679459152921,2.19990944441027
"dat13_24","reg","PM10",79,39,2.30064279537787,1.92272603376055
"dat13_24","reg","PM10",79,40,1.19367342015415,0.953018263978028
"dat13_24","reg","PM10",79,41,-0.897494753225651,1.14667426751765
"dat13_24","reg","PM10",79,42,-0.100344059095376,0.982929635039977
"dat13_24","reg","PM10",79,43,0.631646331698415,0.813713224252462
"dat13_24","reg","PM10",79,44,3.28689082120639,0.97004641070863
"dat13_24","reg","PM10",79,45,2.69733779772819,0.960304162695272
"dat13_24","reg","PM10",79,46,1.49481134770111,0.981685386079038
"dat13_24","reg","PM10",79,47,1.78301457756979,0.947256869959297
"dat13_24","reg","PM10",79,48,-0.0601529382980246,1.18602199131552
"dat13_24","reg","PM10",79,49,-0.519923473739492,0.972196490737138
"dat13_24","reg","PM10",79,50,0.401344661874672,0.733727421683515
"dat13_24","reg","PM10",79,51,3.80761175135771,1.4647121653368
"dat13_24","reg","PM10",79,52,5.4068211911991,1.24860691865235
"dat13_24","reg","PM10",79,53,1.72358759288498,0.951065091911864
"dat13_24","reg","PM10",79,54,3.96997419570286,0.982836942780589
"dat13_24","reg","PM10",79,55,4.51152128041224,1.01522039518615
"dat13_24","reg","PM10",79,56,2.65581680815648,0.992178226824257
"dat13_24","reg","PM10",79,57,2.85764169603674,0.883042178293961
"dat13_24","reg","PM10",79,58,1.58920188780239,0.815574176256871
"dat13_24","reg","PM10",79,59,0.691591301279249,0.965707543892674
"dat13_24","reg","PM10",79,60,-0.368639421971274,1.14899006135231
"dat13_24","reg","PM10",79,61,0.0561719492954289,1.07219362920928
"dat13_24","reg","PM10",79,62,-0.182935172439215,1.12112875826027
"dat13_24","reg","PM10",79,63,2.41946775020048,1.42896675324882
"dat13_24","reg","PM10",79,64,0.415390377837987,1.17217916371805
"dat13_24","reg","PM10",79,65,1.67180119375219,0.937815678193513
"dat13_24","reg","PM10",79,66,2.79214227552694,0.723572519192927
"dat13_24","reg","PM10",79,67,4.46342391125264,1.09239068501036
"dat13_24","reg","PM10",79,68,1.4495335523317,0.752260176712954
"dat13_24","reg","PM10",79,69,-0.0852273051097918,0.872003395659449
"dat13_24","reg","PM10",79,70,0.291542298494266,0.963738395066355
"dat13_24","reg","PM10",79,71,-3.87866307027298,0.978411822946166
"dat13_24","reg","PM10",79,72,-1.61299545027403,1.31252720465767
"dat13_24","reg","PM10",79,73,-2.48557487633163,0.860942343021524
"dat13_24","reg","PM10",79,74,-0.00967025967224089,0.851561219308768
"dat13_24","reg","PM10",79,75,2.46963951045658,0.765236529316479
"dat13_24","reg","PM10",79,76,-1.89678212410352,0.769371389532063
"dat13_24","reg","PM10",79,77,-0.550254563333018,0.483145616147502
"dat13_24","reg","PM10",79,78,0,NA
"dat13_24","reg","PM10",79,79,-0.773485151548794,0.632500930406888
"dat13_24","reg","PM10",79,80,1.50152311275968,0.60128532700643
"dat13_24","reg","PM10",79,81,1.95230986601889,0.619676603078613
"dat13_24","reg","PM10",79,82,2.49603696715215,0.751370579499187
"dat13_24","reg","PM10",79,83,3.59998617804844,1.14555043392819
"dat13_24","reg","PM10",79,84,3.1941006613397,0.992338897792879
"dat13_24","reg","PM10",79,85,6.9160636159164,1.20868934231472
"dat13_24","reg","PM10",79,86,3.48419453513658,1.0177693895927
"dat13_24","reg","PM10",79,87,6.96744686442652,1.37289251540124
"dat13_24","reg","PM10",79,88,2.86406177537693,0.863790041166135
"dat13_24","reg","PM10",79,89,3.94374195978746,0.805342807086005
"dat13_24","reg","PM10",79,90,0.502032752132371,0.588739145468569
"dat13_24","reg","PM10",79,91,3.82921176465492,0.698538392568422
"dat13_24","reg","PM10",79,92,2.26947930358588,0.62602542274274
"dat13_24","reg","PM10",79,93,3.14651276905102,0.769582627404529
"dat13_24","reg","PM10",79,94,4.82453416313973,1.0698760621302
"dat13_24","reg","PM10",79,95,4.14896288532309,1.21382435308496
"dat13_24","reg","PM10",79,96,4.20647792156758,1.18780583882403
"dat13_24","reg","PM10",79,97,6.77877263526316,1.32929445256123
"dat13_24","reg","PM10",79,98,3.92479363240989,1.17444905706332
"dat13_24","reg","PM10",79,99,6.58590879187775,1.23384643120347
"dat13_24","reg","PM10",79,100,4.77179299619795,1.22993954501484
"dat13_24","reg","PM10",79,101,4.68045220455212,1.03921734171695
"dat13_24","reg","PM10",79,102,5.61023726964171,0.956233906700908
"dat13_24","reg","PM10",79,103,5.47001278792327,0.978554133079611
"dat13_24","reg","PM10",79,104,1.62245365217302,0.844340946288924
"dat13_24","reg","PM10",79,105,0.89791857849027,0.795469229147297
"dat13_24","reg","PM10",79,106,3.28969624694135,1.04547001988199
"dat13_24","reg","PM10",79,107,5.32052518922604,1.17771774464743
"dat13_24","reg","PM10",79,108,4.40020701304453,1.10749125726016
"dat13_24","reg","PM10",79,109,1.13174170928201,0.980668250101619
"dat13_24","reg","PM10",79,110,6.16161515342231,1.2160680791253
"dat13_24","reg","PM10",79,111,6.56813365699727,1.54078492069424
"dat13_24","reg","PM10",79,112,4.02634681573523,1.00053081582263
"dat13_24","reg","PM10",79,113,11.1145234448688,1.57673251596827
"dat13_24","reg","PM10",79,114,7.14987289536219,1.05902977204321
"dat13_24","reg","PM10",79,115,8.70250183394751,1.06423389254607
"dat13_24","reg","PM10",79,116,4.5524568971041,0.813205938905033
"dat13_24","reg","PM10",79,117,2.28054645112628,0.86579456267998
"dat13_24","reg","PM10",79,118,3.90102622646232,1.10840645603992
"dat13_24","reg","PM10",79,119,7.297904622319,1.36478178940042
"dat13_24","reg","PM10",79,120,3.86292758514516,1.21427010236163
"dat13_24","reg","PM10",79,121,4.11467421816814,1.2117147169659
"dat13_24","reg","PM10",79,122,3.56820464947751,1.10005563529594
"dat13_24","reg","PM10",79,123,2.35443812924828,1.10046628597396
"dat13_24","reg","PM10",79,124,6.66998624586599,1.07999581875056
"dat13_24","reg","PM10",79,125,2.4489021612234,0.777662555055644
"dat13_24","reg","PM10",79,126,2.6558671978506,0.930207994857117
"dat13_24","reg","PM10",79,127,4.78990481440069,0.915635749044189
"dat13_24","reg","PM10",79,128,3.22734701586126,0.72340834689922
"dat13_24","reg","PM10",79,129,4.74170307412787,0.997359185341225
"dat13_24","reg","PM10",79,130,4.52857048754066,1.15486305226562
"dat13_24","reg","PM10",79,131,3.48963880690796,1.21779440996869
"dat13_24","reg","PM10",79,132,3.41987604555795,1.11715682640225
"dat13_24","reg","PM10",79,133,5.82664953766425,1.23856801911865
"dat13_24","reg","PM10",79,134,3.866892593984,1.29422496234813
"dat13_24","reg","PM10",79,135,7.69551128508733,1.33150814637429
"dat13_24","reg","PM10",79,136,1.65261862789611,1.15759793080259
"dat13_24","reg","PM10",79,137,5.15522566447509,1.01055036421963
"dat13_24","reg","PM10",79,138,4.7026844939116,0.903525370699403
"dat13_24","reg","PM10",79,139,5.50959150512579,0.968165344772848
"dat13_24","reg","PM10",79,140,3.60347507674975,0.887121333338118
"dat13_24","reg","PM10",79,141,3.90319118415809,0.901488607793731
"dat13_24","reg","PM10",79,142,3.53476585127368,0.977147173325874
"dat13_24","reg","PM10",79,143,4.82514671486267,1.08764243867153
"dat13_24","reg","PM10",79,144,3.96775376290553,1.1629686287127
"dat13_24","reg","PM10",79,145,5.07892652276526,1.30327987336521
"dat13_24","reg","PM10",79,146,6.03204666074578,1.09457961840301
"dat13_24","reg","PM10",79,147,8.06702381435619,1.06968566417507
"dat13_24","reg","PM10",79,148,1.78525978160545,0.923181906628975
"dat13_24","reg","PM10",79,149,3.47730602383034,0.821003290036082
"dat13_24","reg","PM10",79,150,3.81088252092829,0.721363387342836
"dat13_24","reg","PM10",79,151,5.98011649774476,0.969358005231447
"dat13_24","reg","PM10",79,152,5.87214147978687,0.907217742391399
"dat13_24","reg","PM10",79,153,3.29708365063102,0.884483886062132
"dat13_24","reg","PM10",79,154,5.26671820337886,1.16428675693557
"dat13_24","reg","PM10",79,155,5.36187012513027,1.22830966657777
"dat13_24","reg","PM10",79,156,6.55583026669147,1.27838024626707
"dat13_24","reg","PM10",97,13,0.244188093376547,1.61182416301279
"dat13_24","reg","PM10",97,14,-1.18084731708155,0.824601929440238
"dat13_24","reg","PM10",97,15,0.757791685118828,1.19800297048315
"dat13_24","reg","PM10",97,16,1.79073388396855,0.899815957231289
"dat13_24","reg","PM10",97,17,-2.31389117807737,1.18040466498736
"dat13_24","reg","PM10",97,18,1.35985858420318,1.29331802714208
"dat13_24","reg","PM10",97,19,2.69767635917439,0.987620816441188
"dat13_24","reg","PM10",97,20,1.30395496834868,1.1061037607754
"dat13_24","reg","PM10",97,21,-0.635859307878533,1.27333147590148
"dat13_24","reg","PM10",97,22,0.514236791154348,0.968361457879049
"dat13_24","reg","PM10",97,23,1.24700733784637,0.727351404112862
"dat13_24","reg","PM10",97,24,4.38353740374975,1.43298084248407
"dat13_24","reg","PM10",97,25,0.32066312539315,1.0192426859388
"dat13_24","reg","PM10",97,26,1.93747964188938,0.880744941343523
"dat13_24","reg","PM10",97,27,1.88347418852743,1.2985781397413
"dat13_24","reg","PM10",97,28,4.07598499596276,1.24105293743158
"dat13_24","reg","PM10",97,29,-1.62856155152594,0.956488980553426
"dat13_24","reg","PM10",97,30,-1.95644526283106,1.20775373645784
"dat13_24","reg","PM10",97,31,-0.703920080957853,1.03035204345493
"dat13_24","reg","PM10",97,32,4.0363946657036,1.08341365124141
"dat13_24","reg","PM10",97,33,-0.371712278632268,1.01564678948621
"dat13_24","reg","PM10",97,34,-0.292183590434478,0.863371752271024
"dat13_24","reg","PM10",97,35,0.0522248715767457,0.756473903477329
"dat13_24","reg","PM10",97,36,-0.34449354106027,0.854872755724771
"dat13_24","reg","PM10",97,37,-0.0283210948936805,0.925781978958484
"dat13_24","reg","PM10",97,38,4.65340338850849,1.0935488066578
"dat13_24","reg","PM10",97,39,0.598405960684918,1.29221203859731
"dat13_24","reg","PM10",97,40,0.588746268085752,1.07362593982283
"dat13_24","reg","PM10",97,41,-2.30307578882205,0.812059332775491
"dat13_24","reg","PM10",97,42,0.366088548725919,0.750289360812227
"dat13_24","reg","PM10",97,43,-5.0564029835249,1.17228094115768
"dat13_24","reg","PM10",97,44,-0.391974117477818,0.561799833011475
"dat13_24","reg","PM10",97,45,0.807132346505188,0.994376828032637
"dat13_24","reg","PM10",97,46,-1.10945045378695,0.851398799515569
"dat13_24","reg","PM10",97,47,-1.01271758304638,0.772355010656349
"dat13_24","reg","PM10",97,48,1.12007757752774,1.18004145727653
"dat13_24","reg","PM10",97,49,0.0665627695798321,0.846649918016284
"dat13_24","reg","PM10",97,50,-2.67967143321612,0.979064989034538
"dat13_24","reg","PM10",97,51,1.20351669228077,0.944887831323912
"dat13_24","reg","PM10",97,52,2.5220547581765,1.2166384374838
"dat13_24","reg","PM10",97,53,-1.32516458593156,1.13206116581867
"dat13_24","reg","PM10",97,54,1.6467067104058,0.759162337652665
"dat13_24","reg","PM10",97,55,-2.41758040974171,0.666496458992274
"dat13_24","reg","PM10",97,56,-0.993586691687954,1.11484903989918
"dat13_24","reg","PM10",97,57,1.82952714890957,1.0199856726328
"dat13_24","reg","PM10",97,58,0.50730154080258,0.99145703056946
"dat13_24","reg","PM10",97,59,0.940384539041794,0.832000619720802
"dat13_24","reg","PM10",97,60,0.303046489196037,0.672615949991162
"dat13_24","reg","PM10",97,61,1.20532586185534,0.829782190290555
"dat13_24","reg","PM10",97,62,0.401355188190856,0.751495658731695
"dat13_24","reg","PM10",97,63,5.86451452015595,1.08648122168487
"dat13_24","reg","PM10",97,64,-0.172833885261209,0.910687932174872
"dat13_24","reg","PM10",97,65,1.41023431210717,0.966093469662952
"dat13_24","reg","PM10",97,66,-2.02969299268612,0.805074529302901
"dat13_24","reg","PM10",97,67,1.73396217915073,0.957528804794495
"dat13_24","reg","PM10",97,68,-2.7416606405376,1.01306327024904
"dat13_24","reg","PM10",97,69,-0.704230038162827,0.828905089879002
"dat13_24","reg","PM10",97,70,-0.836362321480467,0.954730936131263
"dat13_24","reg","PM10",97,71,-1.71135618368289,0.834257997227424
"dat13_24","reg","PM10",97,72,0.366621179029774,1.01683992663759
"dat13_24","reg","PM10",97,73,-0.599105720730499,0.638493469228667
"dat13_24","reg","PM10",97,74,-1.09035297527664,0.839280737658784
"dat13_24","reg","PM10",97,75,0.885689097558203,0.700434040175453
"dat13_24","reg","PM10",97,76,-3.09846809995484,0.97069972212964
"dat13_24","reg","PM10",97,77,-2.46395467310002,0.747739715236499
"dat13_24","reg","PM10",97,78,-3.45590628198413,1.23119756570806
"dat13_24","reg","PM10",97,79,-5.47742053040781,1.20652770568768
"dat13_24","reg","PM10",97,80,-3.79524110718085,0.918670017447528
"dat13_24","reg","PM10",97,81,-0.445939561887876,0.741499689503703
"dat13_24","reg","PM10",97,82,-2.03718183283213,0.79182850586928
"dat13_24","reg","PM10",97,83,-3.37778363253542,1.20608505554631
"dat13_24","reg","PM10",97,84,-2.8734479845381,0.796646894208844
"dat13_24","reg","PM10",97,85,0.707976641843917,0.644688531159473
"dat13_24","reg","PM10",97,86,-2.45340352321018,0.733780176666394
"dat13_24","reg","PM10",97,87,0.270918216452309,0.96192309367734
"dat13_24","reg","PM10",97,88,-1.36250752018017,0.826461355074495
"dat13_24","reg","PM10",97,89,0.360614045247106,0.842969947776757
"dat13_24","reg","PM10",97,90,-2.80165024420557,0.890577660186407
"dat13_24","reg","PM10",97,91,-3.14482979219941,1.04130485740548
"dat13_24","reg","PM10",97,92,-3.24804835494415,1.21467210081015
"dat13_24","reg","PM10",97,93,-3.90560760834687,0.871652045410511
"dat13_24","reg","PM10",97,94,-3.00618663607065,0.935489683377985
"dat13_24","reg","PM10",97,95,-1.5764959760252,0.443052312856712
"dat13_24","reg","PM10",97,96,0,NA
"dat13_24","reg","PM10",97,97,-0.591931831382396,0.417243504029822
"dat13_24","reg","PM10",97,98,-0.219861281897624,0.307974068852982
"dat13_24","reg","PM10",97,99,1.67419833459602,0.516589603590358
"dat13_24","reg","PM10",97,100,0.468142243785726,0.544328242896454
"dat13_24","reg","PM10",97,101,-0.119168595811285,0.517266172475879
"dat13_24","reg","PM10",97,102,0.807911480128731,0.731609766561142
"dat13_24","reg","PM10",97,103,0.844825318804318,0.71387712845461
"dat13_24","reg","PM10",97,104,-0.104127451210456,0.776379250501437
"dat13_24","reg","PM10",97,105,-1.53695992905654,0.602608949163815
"dat13_24","reg","PM10",97,106,-0.349427309218322,0.675976785968846
"dat13_24","reg","PM10",97,107,0.839589194929206,0.508415787691173
"dat13_24","reg","PM10",97,108,0.491534328092795,0.383704114150539
"dat13_24","reg","PM10",97,109,-3.06852702820696,0.55534172242558
"dat13_24","reg","PM10",97,110,-0.00397881420139701,0.630149874656174
"dat13_24","reg","PM10",97,111,-0.0416376965269585,1.39220856256708
"dat13_24","reg","PM10",97,112,-0.193340896219706,0.654082650506023
"dat13_24","reg","PM10",97,113,2.15334991620471,1.29435796022155
"dat13_24","reg","PM10",97,114,-0.11628612673875,0.831857001206207
"dat13_24","reg","PM10",97,115,1.57199366865061,0.886770167912198
"dat13_24","reg","PM10",97,116,0.207176525720115,0.705369109165189
"dat13_24","reg","PM10",97,117,-1.60711276512959,0.656827400564093
"dat13_24","reg","PM10",97,118,-1.24889040465546,0.625488081441124
"dat13_24","reg","PM10",97,119,1.05321405450667,0.582253957433921
"dat13_24","reg","PM10",97,120,-2.0910910553281,0.573971870346735
"dat13_24","reg","PM10",97,121,-1.13401528085208,0.519799475068626
"dat13_24","reg","PM10",97,122,-1.82302585417274,0.476030312877214
"dat13_24","reg","PM10",97,123,-1.41727528136158,0.663139775260851
"dat13_24","reg","PM10",97,124,2.16445131354799,0.739219153948997
"dat13_24","reg","PM10",97,125,-0.369597627199777,0.589634190137049
"dat13_24","reg","PM10",97,126,-1.23112349594339,0.619420071007457
"dat13_24","reg","PM10",97,127,0.290277424968302,0.736636936422972
"dat13_24","reg","PM10",97,128,0.240659196626819,0.723944071366011
"dat13_24","reg","PM10",97,129,0.0264862645873265,0.727591944520355
"dat13_24","reg","PM10",97,130,-0.747684682045801,0.847347109815608
"dat13_24","reg","PM10",97,131,-1.62389524258367,0.960863495408568
"dat13_24","reg","PM10",97,132,-1.80856948529339,0.47317367710795
"dat13_24","reg","PM10",97,133,-1.13883056452604,0.624533373482971
"dat13_24","reg","PM10",97,134,-1.56147521206397,0.720597079354114
"dat13_24","reg","PM10",97,135,0.952551880780788,0.816664576971704
"dat13_24","reg","PM10",97,136,-2.90961074490651,1.14007246819102
"dat13_24","reg","PM10",97,137,0.935551393097554,0.791311558869103
"dat13_24","reg","PM10",97,138,0.537021744203276,0.707392637922968
"dat13_24","reg","PM10",97,139,0.985771049037197,0.762369980445845
"dat13_24","reg","PM10",97,140,-1.33684035427249,0.709460158386122
"dat13_24","reg","PM10",97,141,-0.981570130059282,0.706103658709759
"dat13_24","reg","PM10",97,142,-0.814980893482637,0.641079981437064
"dat13_24","reg","PM10",97,143,-0.74928194117674,0.495595389524669
"dat13_24","reg","PM10",97,144,-1.70947647263502,0.492760529600025
"dat13_24","reg","PM10",97,145,-1.37473411142336,0.415018274170503
"dat13_24","reg","PM10",97,146,0.0300050574652477,0.606119405375721
"dat13_24","reg","PM10",97,147,1.88947978491171,0.671432736254055
"dat13_24","reg","PM10",97,148,1.87947115196793,0.836808471948627
"dat13_24","reg","PM10",97,149,-0.697964509008806,0.651306549587114
"dat13_24","reg","PM10",97,150,0.898222502294823,0.683705485412464
"dat13_24","reg","PM10",97,151,1.02944392088505,0.876852609634428
"dat13_24","reg","PM10",97,152,0.854652803792725,0.784178738326898
"dat13_24","reg","PM10",97,153,-0.854601858833547,0.79260502253591
"dat13_24","reg","PM10",97,154,-1.17386023838447,0.791228181409196
"dat13_24","reg","PM10",97,155,-0.833947635942465,0.594224760423069
"dat13_24","reg","PM10",97,156,0.432658818384345,0.477890214858587
"dat13_24","dr","NO2",61,13,-2.24854293431003,47.7481032297595
"dat13_24","dr","NO2",61,14,-1.94776574354256,67.1522123286681
"dat13_24","dr","NO2",61,15,-1.46032473267377,60.1303717433085
"dat13_24","dr","NO2",61,16,-0.0339002060788748,44.8508015784769
"dat13_24","dr","NO2",61,17,-1.1125528966726,58.6430543524363
"dat13_24","dr","NO2",61,18,-0.0891170074011989,43.180183290718
"dat13_24","dr","NO2",61,19,0.567959118746897,8.99139920600881
"dat13_24","dr","NO2",61,20,0.187897391084758,19.6347675730711
"dat13_24","dr","NO2",61,21,0.1269440970038,30.899595620839
"dat13_24","dr","NO2",61,22,-2.78122310556397,100.188743652044
"dat13_24","dr","NO2",61,23,0.548766595481035,24.7972190622099
"dat13_24","dr","NO2",61,24,0.877452852463734,60.5633602881973
"dat13_24","dr","NO2",61,25,-0.774662431882293,29.9482698478212
"dat13_24","dr","NO2",61,26,-2.70248217777849,32.3770749778638
"dat13_24","dr","NO2",61,27,0.424990854385934,56.3916837167307
"dat13_24","dr","NO2",61,28,-1.08170183897762,59.8579215672123
"dat13_24","dr","NO2",61,29,0.311423419283464,21.2707083207902
"dat13_24","dr","NO2",61,30,-0.175366634466076,51.2919737297388
"dat13_24","dr","NO2",61,31,-3.73765554710056,8.65216884106229
"dat13_24","dr","NO2",61,32,0.575132857440919,44.4421927782734
"dat13_24","dr","NO2",61,33,-2.17152549924564,22.9045243007153
"dat13_24","dr","NO2",61,34,-0.810817360434181,20.9704000144546
"dat13_24","dr","NO2",61,35,0.456084908834084,62.7672906439435
"dat13_24","dr","NO2",61,36,-1.02734873811356,26.3673218753659
"dat13_24","dr","NO2",61,37,-1.84968467875326,70.1629012307585
"dat13_24","dr","NO2",61,38,0.759999921027199,58.1491569898614
"dat13_24","dr","NO2",61,39,-0.972500800442708,74.6049007895043
"dat13_24","dr","NO2",61,40,-1.63080628273222,45.5563208919805
"dat13_24","dr","NO2",61,41,-2.10908127707202,45.1574473263504
"dat13_24","dr","NO2",61,42,-1.13016053772778,42.3081230268235
"dat13_24","dr","NO2",61,43,-0.46096621937295,36.4828421238017
"dat13_24","dr","NO2",61,44,0.488265251918618,26.971062841969
"dat13_24","dr","NO2",61,45,-0.815979733659326,65.5123005335657
"dat13_24","dr","NO2",61,46,0.46719551918341,38.3674249064949
"dat13_24","dr","NO2",61,47,0.435335082767246,15.19643592099
"dat13_24","dr","NO2",61,48,-2.28208375959065,36.4042292278822
"dat13_24","dr","NO2",61,49,-0.0409111475119767,19.1551947543329
"dat13_24","dr","NO2",61,50,-1.5721686954918,26.5691024862951
"dat13_24","dr","NO2",61,51,-0.707867703770214,24.217551441952
"dat13_24","dr","NO2",61,52,1.24381926115677,46.6277947868146
"dat13_24","dr","NO2",61,53,-0.610761322425379,25.4241530837635
"dat13_24","dr","NO2",61,54,2.00376044051428,42.031266675919
"dat13_24","dr","NO2",61,55,3.25642357597077,21.837950784507
"dat13_24","dr","NO2",61,56,0.0853925298986988,46.9746223773936
"dat13_24","dr","NO2",61,57,-0.456862406815023,23.5386454674
"dat13_24","dr","NO2",61,58,0.130603062025894,20.13003195717
"dat13_24","dr","NO2",61,59,1.27554002682816,6.62974653791314
"dat13_24","dr","NO2",61,60,0,NA
"dat13_24","dr","NO2",61,61,-0.652924268592713,4.35942877487479
"dat13_24","dr","NO2",61,62,0.129944156714029,4.87271698674602
"dat13_24","dr","NO2",61,63,0.568596134867629,8.59487905838598
"dat13_24","dr","NO2",61,64,0.298185144754804,27.134124059293
"dat13_24","dr","NO2",61,65,0.497468966337141,34.3441024128148
"dat13_24","dr","NO2",61,66,0.873966639401806,23.5649270372869
"dat13_24","dr","NO2",61,67,0.935585959668679,32.4991406588202
"dat13_24","dr","NO2",61,68,-1.61408457017717,42.1606904128764
"dat13_24","dr","NO2",61,69,-1.9779073358111,11.8220609511529
"dat13_24","dr","NO2",61,70,-1.19639936652195,13.3786076421826
"dat13_24","dr","NO2",61,71,-0.787679845512768,30.675806734271
"dat13_24","dr","NO2",61,72,-1.40579579870557,33.0213691590477
"dat13_24","dr","NO2",61,73,-1.64393704932808,48.8087583616605
"dat13_24","dr","NO2",61,74,-0.65617362122397,22.3110932664484
"dat13_24","dr","NO2",61,75,0.70384111064474,3.72118065328291
"dat13_24","dr","NO2",61,76,0.142555532904822,6.35748138140486
"dat13_24","dr","NO2",61,77,0.232816951760532,11.3375258169215
"dat13_24","dr","NO2",61,78,-0.605910982036211,10.5498580917248
"dat13_24","dr","NO2",61,79,1.45028793289141,51.5469370386874
"dat13_24","dr","NO2",61,80,1.07414534721362,42.3614650201603
"dat13_24","dr","NO2",61,81,0.0443292762691212,39.5275921935187
"dat13_24","dr","NO2",61,82,0.547635568908066,21.3834960277481
"dat13_24","dr","NO2",61,83,-2.36363348098188,45.1689969573308
"dat13_24","dr","NO2",61,84,-3.07216505209372,21.0433422446289
"dat13_24","dr","NO2",61,85,-2.99156844749742,12.0936792511279
"dat13_24","dr","NO2",61,86,0.034818447790764,19.0521124461231
"dat13_24","dr","NO2",61,87,1.61651966087365,30.5493189330601
"dat13_24","dr","NO2",61,88,3.26102866972295,25.7945768433073
"dat13_24","dr","NO2",61,89,1.79441498629502,28.2207958108256
"dat13_24","dr","NO2",61,90,1.5384480465963,32.135282347904
"dat13_24","dr","NO2",61,91,0.605354836768782,38.9450440936346
"dat13_24","dr","NO2",61,92,1.45847343307192,25.4781331070311
"dat13_24","dr","NO2",61,93,2.03826015003285,21.548550547961
"dat13_24","dr","NO2",61,94,0.491351133116745,15.2580733045809
"dat13_24","dr","NO2",61,95,-0.606961709412696,10.5852059100848
"dat13_24","dr","NO2",61,96,-3.86819096525518,10.1003787389183
"dat13_24","dr","NO2",61,97,1.48722344944589,61.2246198506363
"dat13_24","dr","NO2",61,98,2.52176292393686,45.4637357623634
"dat13_24","dr","NO2",61,99,3.6362447990958,37.2098172230904
"dat13_24","dr","NO2",61,100,2.90189856851036,28.210899254114
"dat13_24","dr","NO2",61,101,3.29873033110741,25.2055144941815
"dat13_24","dr","NO2",61,102,1.74333540665695,34.3399301006387
"dat13_24","dr","NO2",61,103,0.907873441657501,37.6695200688183
"dat13_24","dr","NO2",61,104,0.287558108087306,21.9325285956151
"dat13_24","dr","NO2",61,105,0.345428876407227,39.8237975611829
"dat13_24","dr","NO2",61,106,0.772672694941392,45.7473379007019
"dat13_24","dr","NO2",61,107,0.830077537962128,48.1004155607572
"dat13_24","dr","NO2",61,108,2.72602874771804,30.8075164052061
"dat13_24","dr","NO2",61,109,4.37826758083653,28.2612033252995
"dat13_24","dr","NO2",61,110,3.13007116863424,41.0828674836536
"dat13_24","dr","NO2",61,111,6.48831834820886,33.9720913285407
"dat13_24","dr","NO2",61,112,3.93173718273459,27.3549461187569
"dat13_24","dr","NO2",61,113,2.11814630301919,26.0968566698335
"dat13_24","dr","NO2",61,114,3.55741561538979,24.3335435851696
"dat13_24","dr","NO2",61,115,3.14987135732905,25.256286700205
"dat13_24","dr","NO2",61,116,0.707173290157318,29.8845689015219
"dat13_24","dr","NO2",61,117,1.39990285853618,23.5826839839185
"dat13_24","dr","NO2",61,118,1.61559546663201,39.3356308717652
"dat13_24","dr","NO2",61,119,1.98007695549769,51.3920150327597
"dat13_24","dr","NO2",61,120,1.44626723825869,53.2717478396335
"dat13_24","dr","NO2",61,121,0.0488490957832826,50.0256345436595
"dat13_24","dr","NO2",61,122,1.31619522478337,45.213141221693
"dat13_24","dr","NO2",61,123,1.93476087624083,40.0909664666504
"dat13_24","dr","NO2",61,124,0.926736005191219,29.9133104235151
"dat13_24","dr","NO2",61,125,-0.144868978464875,32.6117259467775
"dat13_24","dr","NO2",61,126,1.22323780685673,28.0350805587159
"dat13_24","dr","NO2",61,127,0.941004320701742,30.9772342509617
"dat13_24","dr","NO2",61,128,0.322652774477055,30.0094577785701
"dat13_24","dr","NO2",61,129,2.88727210375392,31.4225190753752
"dat13_24","dr","NO2",61,130,2.36820422205719,43.0862691759874
"dat13_24","dr","NO2",61,131,-0.527259783848494,68.0453167326964
"dat13_24","dr","NO2",61,132,-0.334585645042059,59.7227126397927
"dat13_24","dr","NO2",61,133,0.892396305802759,60.4114549131467
"dat13_24","dr","NO2",61,134,0.674012236794596,62.5763792221671
"dat13_24","dr","NO2",61,135,3.24165179976452,48.8625984962757
"dat13_24","dr","NO2",61,136,3.09556092451491,28.5814263449988
"dat13_24","dr","NO2",61,137,1.80624526860263,26.5785806301547
"dat13_24","dr","NO2",61,138,0.471423563168276,30.5591436320684
"dat13_24","dr","NO2",61,139,0.175987098576374,35.1977675264506
"dat13_24","dr","NO2",61,140,1.8360532634022,30.3452266480311
"dat13_24","dr","NO2",61,141,1.17172194448536,37.7371606617781
"dat13_24","dr","NO2",61,142,0.482506900158811,46.8731740895923
"dat13_24","dr","NO2",61,143,-2.37022636651967,57.3233921129899
"dat13_24","dr","NO2",61,144,0.815678817104872,56.2007145442432
"dat13_24","dr","NO2",61,145,0.495452602397307,50.9476140899694
"dat13_24","dr","NO2",61,146,2.76478084489578,43.7947398875052
"dat13_24","dr","NO2",61,147,1.21699164954512,38.6356481875893
"dat13_24","dr","NO2",61,148,1.67599612983616,40.059542544561
"dat13_24","dr","NO2",61,149,0.128784013917941,33.0890227990173
"dat13_24","dr","NO2",61,150,0.00501713814415483,35.9433847946267
"dat13_24","dr","NO2",61,151,-0.978839562391688,33.8253066649944
"dat13_24","dr","NO2",61,152,0.976654777752072,32.0238873203218
"dat13_24","dr","NO2",61,153,0.453274594195301,36.3406157277108
"dat13_24","dr","NO2",61,154,0.799095387259053,49.0648150100476
"dat13_24","dr","NO2",61,155,0.281040086275285,52.9330035310664
"dat13_24","dr","NO2",61,156,-1.02867395752834,49.9814594618578
"dat13_24","dr","NO2",79,13,0.23982699687307,1.78397373527304
"dat13_24","dr","NO2",79,14,-0.93743754438326,1.11980518420572
"dat13_24","dr","NO2",79,15,-2.23937692419394,0.81443004541379
"dat13_24","dr","NO2",79,16,1.10606761036816,2.33629583082444
"dat13_24","dr","NO2",79,17,1.34538518042494,0.762110002233966
"dat13_24","dr","NO2",79,18,3.21450698182758,0.62172121770923
"dat13_24","dr","NO2",79,19,-1.3490280065587,1.99158771480875
"dat13_24","dr","NO2",79,20,-2.78597165595567,0.579458008153181
"dat13_24","dr","NO2",79,21,0.680830762914378,0.56028981206617
"dat13_24","dr","NO2",79,22,0.463039275819822,0.466552715217853
"dat13_24","dr","NO2",79,23,0.534642012170727,0.826172215700381
"dat13_24","dr","NO2",79,24,1.67429123541479,0.678522920331632
"dat13_24","dr","NO2",79,25,1.72142675304334,0.620320196996008
"dat13_24","dr","NO2",79,26,1.89230399662274,0.932687774732555
"dat13_24","dr","NO2",79,27,0.858452588376379,2.60068769154113
"dat13_24","dr","NO2",79,28,1.43598746942602,0.773282111133001
"dat13_24","dr","NO2",79,29,-0.263369316320124,0.743190594197587
"dat13_24","dr","NO2",79,30,0.484673022895106,0.412812832355316
"dat13_24","dr","NO2",79,31,0.381958769704257,0.489898318945193
"dat13_24","dr","NO2",79,32,-0.127615390796973,0.62374786025726
"dat13_24","dr","NO2",79,33,2.12578651625938,0.776001757003453
"dat13_24","dr","NO2",79,34,-0.363376548124652,0.803100302599838
"dat13_24","dr","NO2",79,35,0.437906891400754,2.07415082846879
"dat13_24","dr","NO2",79,36,-1.77496507762614,0.780340726527893
"dat13_24","dr","NO2",79,37,-3.25002880029363,7.62713233398728
"dat13_24","dr","NO2",79,38,-1.98489585657066,0.733882011095322
"dat13_24","dr","NO2",79,39,-0.0866015407442668,1.09723427773279
"dat13_24","dr","NO2",79,40,-1.01445401924682,0.630154447026433
"dat13_24","dr","NO2",79,41,-1.56230779215606,0.572914296870535
"dat13_24","dr","NO2",79,42,-0.387619288695418,0.925275308884972
"dat13_24","dr","NO2",79,43,-1.16872904268286,0.493118145660381
"dat13_24","dr","NO2",79,44,-1.96572910606167,0.821282065677689
"dat13_24","dr","NO2",79,45,-2.04109475430166,0.840198101175592
"dat13_24","dr","NO2",79,46,2.43579284051697,2.27247569209495
"dat13_24","dr","NO2",79,47,-1.56666116796713,0.771071079755298
"dat13_24","dr","NO2",79,48,-0.801546761880466,1.98384987860397
"dat13_24","dr","NO2",79,49,-2.70355384917473,1.18585085596227
"dat13_24","dr","NO2",79,50,-0.0848879265269184,0.463733073589495
"dat13_24","dr","NO2",79,51,-0.969611346599616,1.16312265892186
"dat13_24","dr","NO2",79,52,1.85901063373341,2.25036642465055
"dat13_24","dr","NO2",79,53,-0.658133737138904,0.68870764992266
"dat13_24","dr","NO2",79,54,-0.782907980761063,1.80240569003894
"dat13_24","dr","NO2",79,55,0.132740415658708,0.408839642239234
"dat13_24","dr","NO2",79,56,-2.98446021678916,5.24597310376595
"dat13_24","dr","NO2",79,57,-0.588208811127409,0.89414106667589
"dat13_24","dr","NO2",79,58,1.14188857090486,2.14050022532812
"dat13_24","dr","NO2",79,59,-0.613681993614806,3.193531810402
"dat13_24","dr","NO2",79,60,-0.983118394553715,1.68686856941802
"dat13_24","dr","NO2",79,61,-0.638560263532675,0.533090198284662
"dat13_24","dr","NO2",79,62,-0.129026284339106,0.49961504471667
"dat13_24","dr","NO2",79,63,-0.479423528330414,1.41626327989752
"dat13_24","dr","NO2",79,64,0.0593767449620877,1.30876333721368
"dat13_24","dr","NO2",79,65,-0.662059788532378,1.29026270847938
"dat13_24","dr","NO2",79,66,0.00226426095121725,0.81703722867421
"dat13_24","dr","NO2",79,67,1.16338148186204,0.428515616502989
"dat13_24","dr","NO2",79,68,1.22933930860797,2.46587918704022
"dat13_24","dr","NO2",79,69,0.806222614112384,1.1359087203428
"dat13_24","dr","NO2",79,70,1.44554958595304,1.67249505704031
"dat13_24","dr","NO2",79,71,-0.64119425369168,1.07459117907028
"dat13_24","dr","NO2",79,72,-5.30367231717884,9.24067700505555
"dat13_24","dr","NO2",79,73,-0.955510097849865,0.516319345977736
"dat13_24","dr","NO2",79,74,-1.01956221443207,1.00828653873034
"dat13_24","dr","NO2",79,75,0.754738803867332,0.2765618060025
"dat13_24","dr","NO2",79,76,0.853778680364702,0.238315209181631
"dat13_24","dr","NO2",79,77,0.663854929786638,0.546324649532734
"dat13_24","dr","NO2",79,78,0,NA
"dat13_24","dr","NO2",79,79,-0.968928152699601,0.522706951435644
"dat13_24","dr","NO2",79,80,-0.773661476404496,0.617081326843229
"dat13_24","dr","NO2",79,81,-0.192744529163172,0.85034739998246
"dat13_24","dr","NO2",79,82,0.641757280510984,0.74064020270987
"dat13_24","dr","NO2",79,83,1.09698362428471,0.777343781425493
"dat13_24","dr","NO2",79,84,0.506677020936696,0.75789793820273
"dat13_24","dr","NO2",79,85,1.31232799440259,1.30674098697774
"dat13_24","dr","NO2",79,86,1.16631744547678,0.826768564449662
"dat13_24","dr","NO2",79,87,0.918839489501753,0.954175058999529
"dat13_24","dr","NO2",79,88,0.870701182939418,0.887801160410147
"dat13_24","dr","NO2",79,89,-0.703853644138116,0.867885687673042
"dat13_24","dr","NO2",79,90,-0.919980519519162,0.972881681636252
"dat13_24","dr","NO2",79,91,-1.50501248620147,1.32438718651037
"dat13_24","dr","NO2",79,92,-1.22072518839957,1.08039411805655
"dat13_24","dr","NO2",79,93,0.729607718039865,0.985056946517199
"dat13_24","dr","NO2",79,94,0.671228832941906,1.32324205336242
"dat13_24","dr","NO2",79,95,0.712272109701583,1.49996537096996
"dat13_24","dr","NO2",79,96,-0.216935877103307,1.3672234810398
"dat13_24","dr","NO2",79,97,2.8055373553454,0.645100515159166
"dat13_24","dr","NO2",79,98,1.69516876705668,0.651868994608009
"dat13_24","dr","NO2",79,99,1.32416474028297,0.587780111880736
"dat13_24","dr","NO2",79,100,-2.49846191651571,1.58412350847172
"dat13_24","dr","NO2",79,101,-1.55233274143998,1.32018636199937
"dat13_24","dr","NO2",79,102,-2.45299477411729,1.17284510023145
"dat13_24","dr","NO2",79,103,-3.95550164148768,1.62694310096045
"dat13_24","dr","NO2",79,104,-5.30360914295565,1.67637143874153
"dat13_24","dr","NO2",79,105,-3.37477421434163,1.72743516223768
"dat13_24","dr","NO2",79,106,-0.277283756062698,1.12925634269855
"dat13_24","dr","NO2",79,107,0.501132679571648,0.955028233809665
"dat13_24","dr","NO2",79,108,0.423956643246952,0.799027769130228
"dat13_24","dr","NO2",79,109,-0.0812388982592465,1.33268763895295
"dat13_24","dr","NO2",79,110,-0.134482727751482,1.36836125237275
"dat13_24","dr","NO2",79,111,2.77952234347178,0.95152522052775
"dat13_24","dr","NO2",79,112,-0.872458011382897,1.25381315111603
"dat13_24","dr","NO2",79,113,-2.05738683953698,1.02117862896459
"dat13_24","dr","NO2",79,114,-1.92410674500399,1.37235858956069
"dat13_24","dr","NO2",79,115,-2.88979779563806,1.54037349787898
"dat13_24","dr","NO2",79,116,-3.79691806998434,1.61043357498975
"dat13_24","dr","NO2",79,117,-3.8494920051408,1.94695501440407
"dat13_24","dr","NO2",79,118,-0.971597851940029,1.2268480270706
"dat13_24","dr","NO2",79,119,0.308190845637007,1.26169057550359
"dat13_24","dr","NO2",79,120,0.331698706821615,1.09718360479172
"dat13_24","dr","NO2",79,121,-0.225430348202873,0.705618624060779
"dat13_24","dr","NO2",79,122,-0.528715587913603,0.830022258809874
"dat13_24","dr","NO2",79,123,-0.0659521905760985,0.93825952544262
"dat13_24","dr","NO2",79,124,-2.34546498406303,0.796711405129782
"dat13_24","dr","NO2",79,125,-4.8889674799142,1.24644846412296
"dat13_24","dr","NO2",79,126,-4.51449325479767,1.23282966851629
"dat13_24","dr","NO2",79,127,-4.40054866310033,1.13545368081288
"dat13_24","dr","NO2",79,128,-5.26293944841195,1.49725647095214
"dat13_24","dr","NO2",79,129,-2.39017186953259,1.61724398034634
"dat13_24","dr","NO2",79,130,-0.932307916024565,1.55804008791972
"dat13_24","dr","NO2",79,131,-0.28347538063008,1.35765384554995
"dat13_24","dr","NO2",79,132,0.140725212766641,0.777005076557328
"dat13_24","dr","NO2",79,133,0.952133619204321,0.801066555414666
"dat13_24","dr","NO2",79,134,-0.150375197900021,1.18405113303964
"dat13_24","dr","NO2",79,135,0.658968903256867,0.863506174845706
"dat13_24","dr","NO2",79,136,-2.22549126556952,1.25253239070432
"dat13_24","dr","NO2",79,137,-2.76398285455615,1.26665561533842
"dat13_24","dr","NO2",79,138,-4.56607171430832,1.20136638809285
"dat13_24","dr","NO2",79,139,-5.93908607486529,1.49967948837609
"dat13_24","dr","NO2",79,140,-4.55910082867517,1.46091004126605
"dat13_24","dr","NO2",79,141,-3.66861553912375,1.62711221255978
"dat13_24","dr","NO2",79,142,-1.70107920957825,1.16678255201808
"dat13_24","dr","NO2",79,143,-2.79513902576652,1.06896309018219
"dat13_24","dr","NO2",79,144,-0.351451322363389,0.90499309750938
"dat13_24","dr","NO2",79,145,-1.29625910238673,0.927654224409618
"dat13_24","dr","NO2",79,146,-1.36445718042965,1.44009257438884
"dat13_24","dr","NO2",79,147,-3.2962325565042,1.67201375931572
"dat13_24","dr","NO2",79,148,-2.40892956273419,1.24425523279656
"dat13_24","dr","NO2",79,149,-4.50136745921919,1.07326167890923
"dat13_24","dr","NO2",79,150,-4.71515520696542,0.945258431605328
"dat13_24","dr","NO2",79,151,-6.06224633669664,0.928249160969512
"dat13_24","dr","NO2",79,152,-4.50153345335113,1.47029543962403
"dat13_24","dr","NO2",79,153,-3.95433115546611,1.46595633336856
"dat13_24","dr","NO2",79,154,-1.51937301676244,1.53043075966241
"dat13_24","dr","NO2",79,155,-0.172674379326221,0.970191879382393
"dat13_24","dr","NO2",79,156,-0.923098888379976,0.729753632384838
"dat13_24","dr","NO2",97,13,0.655441714709737,0.847240884654918
"dat13_24","dr","NO2",97,14,-1.29618185949358,0.692382465981372
"dat13_24","dr","NO2",97,15,-0.0581565854169979,0.799652878867612
"dat13_24","dr","NO2",97,16,-0.394480993434116,0.718132052862842
"dat13_24","dr","NO2",97,17,-1.16422588230084,0.665334723406979
"dat13_24","dr","NO2",97,18,1.68206372288124,2.48413814193783
"dat13_24","dr","NO2",97,19,-2.70967552069865,0.849198235918031
"dat13_24","dr","NO2",97,20,-1.10650703478125,0.836249610702018
"dat13_24","dr","NO2",97,21,0.117383675002414,1.37325990810159
"dat13_24","dr","NO2",97,22,0.608107510326482,1.07605569587027
"dat13_24","dr","NO2",97,23,-0.00968603889692826,0.705914800816667
"dat13_24","dr","NO2",97,24,1.60196851283535,0.857407707047318
"dat13_24","dr","NO2",97,25,-0.157382861492492,0.939451726328332
"dat13_24","dr","NO2",97,26,-0.102513443547281,11.5526289630188
"dat13_24","dr","NO2",97,27,-0.639991094002938,25.5580730428973
"dat13_24","dr","NO2",97,28,-0.477299322178668,1.50866487462127
"dat13_24","dr","NO2",97,29,-0.236141449359212,0.727176699295956
"dat13_24","dr","NO2",97,30,-0.643920712601135,0.583343758500402
"dat13_24","dr","NO2",97,31,-0.163841137879298,0.682890609208034
"dat13_24","dr","NO2",97,32,-0.309963946045322,0.832125602628484
"dat13_24","dr","NO2",97,33,2.21763566387975,0.917999988392384
"dat13_24","dr","NO2",97,34,-0.616888360663973,6.92067568958412
"dat13_24","dr","NO2",97,35,1.50705281009073,0.845817032342908
"dat13_24","dr","NO2",97,36,-0.78057858530751,1.10498513368029
"dat13_24","dr","NO2",97,37,0.878921188668919,1.06741746929245
"dat13_24","dr","NO2",97,38,-0.153707677782332,0.590413621890088
"dat13_24","dr","NO2",97,39,0.625892648129241,1.37175889800597
"dat13_24","dr","NO2",97,40,1.99850024670331,0.756024444826966
"dat13_24","dr","NO2",97,41,-0.182446686634245,0.713497274491498
"dat13_24","dr","NO2",97,42,-0.379216918390548,0.648676308350625
"dat13_24","dr","NO2",97,43,-0.778596307828859,1.06892299643877
"dat13_24","dr","NO2",97,44,0.266696298578032,0.710417965308994
"dat13_24","dr","NO2",97,45,1.81039906614163,0.94099142157514
"dat13_24","dr","NO2",97,46,1.88198233596821,0.89888537443245
"dat13_24","dr","NO2",97,47,0.315880948396585,0.516969833151076
"dat13_24","dr","NO2",97,48,0.278194964181154,0.982437717242638
"dat13_24","dr","NO2",97,49,1.12160723675051,1.33838601869356
"dat13_24","dr","NO2",97,50,-0.942922641178829,0.769281198057073
"dat13_24","dr","NO2",97,51,0.950388578915585,0.862473234572144
"dat13_24","dr","NO2",97,52,-0.71769949451603,1.4699030825318
"dat13_24","dr","NO2",97,53,-0.150807054601453,2.02326930621807
"dat13_24","dr","NO2",97,54,0.348951977361764,1.21567165552894
"dat13_24","dr","NO2",97,55,-1.00866494019805,0.928068436785083
"dat13_24","dr","NO2",97,56,0.348078895097008,2.17533877314284
"dat13_24","dr","NO2",97,57,1.87386984832175,3.04088777909447
"dat13_24","dr","NO2",97,58,1.4214045051461,2.25579364082513
"dat13_24","dr","NO2",97,59,0.337882462026418,0.727370836206803
"dat13_24","dr","NO2",97,60,0.574513612284925,0.921575116274914
"dat13_24","dr","NO2",97,61,1.23208950585285,1.02474350332555
"dat13_24","dr","NO2",97,62,0.118691641101803,1.36770728193064
"dat13_24","dr","NO2",97,63,2.67940889722113,0.847321347173662
"dat13_24","dr","NO2",97,64,0.000257075844926721,1.02040218228719
"dat13_24","dr","NO2",97,65,0.564342612887023,3.47160985694947
"dat13_24","dr","NO2",97,66,0.667431492595874,3.33300514199938
"dat13_24","dr","NO2",97,67,-0.681755309868997,0.513154206657872
"dat13_24","dr","NO2",97,68,-0.589952085982107,1.50854937245698
"dat13_24","dr","NO2",97,69,0.869147536858215,0.940270053547297
"dat13_24","dr","NO2",97,70,1.49176153913249,0.570172932450022
"dat13_24","dr","NO2",97,71,0.674922021852505,0.657504644864151
"dat13_24","dr","NO2",97,72,1.07296447503636,0.465490000635582
"dat13_24","dr","NO2",97,73,0.585887833335988,0.908432139168868
"dat13_24","dr","NO2",97,74,0.703009379633986,0.599694576106291
"dat13_24","dr","NO2",97,75,0.138657108628279,0.93488551847838
"dat13_24","dr","NO2",97,76,-0.597685449024334,0.51647313904997
"dat13_24","dr","NO2",97,77,-0.831366461147173,1.35188523013554
"dat13_24","dr","NO2",97,78,-0.982383570509919,1.00572732358778
"dat13_24","dr","NO2",97,79,-2.04016779852244,2.09901934950518
"dat13_24","dr","NO2",97,80,-1.48765277378027,3.3404834807051
"dat13_24","dr","NO2",97,81,-2.40096283915218,2.06006028882933
"dat13_24","dr","NO2",97,82,0.10995252409367,2.66574741230453
"dat13_24","dr","NO2",97,83,0.702425513904595,0.690736962651195
"dat13_24","dr","NO2",97,84,0.327223491620343,0.649436755514607
"dat13_24","dr","NO2",97,85,0.329179611442501,0.790754244595121
"dat13_24","dr","NO2",97,86,0.38449963115278,0.56195081200172
"dat13_24","dr","NO2",97,87,-0.388989205700802,0.425865580125243
"dat13_24","dr","NO2",97,88,-0.590939586517741,0.422466868385621
"dat13_24","dr","NO2",97,89,-1.69111333623697,0.465054903163118
"dat13_24","dr","NO2",97,90,-2.48095328053051,1.12601754300745
"dat13_24","dr","NO2",97,91,-2.3801149742691,0.461356298472793
"dat13_24","dr","NO2",97,92,-1.22135665010912,0.544308900046849
"dat13_24","dr","NO2",97,93,-0.804629765590625,0.381920247217042
"dat13_24","dr","NO2",97,94,-1.30671130652793,0.584189162625066
"dat13_24","dr","NO2",97,95,-0.166737569105383,0.296309139557172
"dat13_24","dr","NO2",97,96,0,NA
"dat13_24","dr","NO2",97,97,0.522051335243002,0.280206434931782
"dat13_24","dr","NO2",97,98,-0.202925697430478,0.329495752907021
"dat13_24","dr","NO2",97,99,-0.659491444738868,0.46512843560383
"dat13_24","dr","NO2",97,100,-1.84151578174222,0.601687911713788
"dat13_24","dr","NO2",97,101,-1.81624625867134,0.591001731120026
"dat13_24","dr","NO2",97,102,-1.96067190507387,0.536864786219842
"dat13_24","dr","NO2",97,103,-2.63305255047846,0.655042480095674
"dat13_24","dr","NO2",97,104,-3.05752748646581,0.808296515502676
"dat13_24","dr","NO2",97,105,-2.49443811622216,0.674012517117007
"dat13_24","dr","NO2",97,106,-0.724909021062656,0.374642140241976
"dat13_24","dr","NO2",97,107,-0.139325661656666,0.328807331014255
"dat13_24","dr","NO2",97,108,-0.662947763346553,0.33186362498051
"dat13_24","dr","NO2",97,109,-1.03610726633906,0.499561290563841
"dat13_24","dr","NO2",97,110,-0.890715160102665,0.535529692838919
"dat13_24","dr","NO2",97,111,-0.242170194914602,0.591384463068032
"dat13_24","dr","NO2",97,112,-1.65343582380939,0.505949301437771
"dat13_24","dr","NO2",97,113,-2.0275567016327,0.650240784924445
"dat13_24","dr","NO2",97,114,-1.81949532227953,0.684550170650163
"dat13_24","dr","NO2",97,115,-2.39934456616041,0.749316935474208
"dat13_24","dr","NO2",97,116,-2.71820850281197,0.705456554392758
"dat13_24","dr","NO2",97,117,-2.7440972105779,0.711945192705074
"dat13_24","dr","NO2",97,118,-1.44547481644519,0.586112422864422
"dat13_24","dr","NO2",97,119,-0.269230679011614,0.469703277562867
"dat13_24","dr","NO2",97,120,-0.541989874798251,0.456190424573993
"dat13_24","dr","NO2",97,121,-0.423344076137834,0.502842065504099
"dat13_24","dr","NO2",97,122,-1.14751088637667,0.561294847763135
"dat13_24","dr","NO2",97,123,-0.69011349760653,0.456898376265274
"dat13_24","dr","NO2",97,124,-1.87240783739194,0.608033341564367
"dat13_24","dr","NO2",97,125,-2.7387949801197,0.742996868849678
"dat13_24","dr","NO2",97,126,-2.94954863310631,0.83601861894341
"dat13_24","dr","NO2",97,127,-2.86981739982997,0.780481116185228
"dat13_24","dr","NO2",97,128,-2.91143580876594,0.832589405800624
"dat13_24","dr","NO2",97,129,-2.13285474358488,0.758634932772726
"dat13_24","dr","NO2",97,130,-1.12765249366148,0.568981943083373
"dat13_24","dr","NO2",97,131,-0.949745075334471,0.429659352362096
"dat13_24","dr","NO2",97,132,-0.865052687800941,0.445201142896816
"dat13_24","dr","NO2",97,133,-0.742768208611189,0.403399739327121
"dat13_24","dr","NO2",97,134,-0.282150729695971,0.365888120884413
"dat13_24","dr","NO2",97,135,-0.61438646389574,0.471460852130589
"dat13_24","dr","NO2",97,136,-2.39589876640821,0.756446469455311
"dat13_24","dr","NO2",97,137,-2.35399622141617,0.736021823331666
"dat13_24","dr","NO2",97,138,-2.89191793153611,0.807195222126983
"dat13_24","dr","NO2",97,139,-3.15461070500587,0.860727973816533
"dat13_24","dr","NO2",97,140,-2.98183329426363,0.803256380738916
"dat13_24","dr","NO2",97,141,-2.61234958636593,0.732214349905857
"dat13_24","dr","NO2",97,142,-1.58020851093591,0.579508853537258
"dat13_24","dr","NO2",97,143,-2.16251663884904,0.570430049172579
"dat13_24","dr","NO2",97,144,-1.7626359567458,0.480035665389621
"dat13_24","dr","NO2",97,145,-1.51799415703153,0.473087339852485
"dat13_24","dr","NO2",97,146,-1.88518251178351,0.66260961019618
"dat13_24","dr","NO2",97,147,-2.31780710051718,0.765981316665086
"dat13_24","dr","NO2",97,148,-2.12307286344944,0.642224626521978
"dat13_24","dr","NO2",97,149,-2.91874986744998,0.793309920723745
"dat13_24","dr","NO2",97,150,-2.91138933337775,0.789351161541201
"dat13_24","dr","NO2",97,151,-3.64991892326444,0.960760545022087
"dat13_24","dr","NO2",97,152,-2.90116032551934,0.834006764055811
"dat13_24","dr","NO2",97,153,-2.93480796047787,0.864919026264799
"dat13_24","dr","NO2",97,154,-1.9408779687456,0.698418116199425
"dat13_24","dr","NO2",97,155,-1.07388387920969,0.539824132982396
"dat13_24","dr","NO2",97,156,-1.08204256876539,0.526382348974156
"dat13_24","dr","CO",61,13,-144.740868488712,1701.21769159911
"dat13_24","dr","CO",61,14,-139.900852637926,3244.66578142072
"dat13_24","dr","CO",61,15,-133.540636577832,2359.75740706373
"dat13_24","dr","CO",61,16,-31.2381320274404,578.607249695136
"dat13_24","dr","CO",61,17,-84.9063752343985,1382.49156989621
"dat13_24","dr","CO",61,18,-112.194770507863,1297.69597594849
"dat13_24","dr","CO",61,19,-100.421539194853,969.997301378414
"dat13_24","dr","CO",61,20,-125.565674729726,845.681174756669
"dat13_24","dr","CO",61,21,-100.081550757592,850.229358157744
"dat13_24","dr","CO",61,22,-79.271342277218,118.189786472321
"dat13_24","dr","CO",61,23,-96.1352442053936,2507.89718227967
"dat13_24","dr","CO",61,24,-32.3098817372519,578.039664986717
"dat13_24","dr","CO",61,25,-75.6645864607999,266.879134768362
"dat13_24","dr","CO",61,26,-31.476396438889,723.168242059207
"dat13_24","dr","CO",61,27,-39.8139479348104,191.311120658292
"dat13_24","dr","CO",61,28,-12.7054342248174,678.106172255031
"dat13_24","dr","CO",61,29,38.9892925538472,1846.57930964709
"dat13_24","dr","CO",61,30,-53.1859703572245,1214.23202467056
"dat13_24","dr","CO",61,31,-127.233278650815,1025.53576626874
"dat13_24","dr","CO",61,32,-34.4882120974017,699.384677218519
"dat13_24","dr","CO",61,33,-30.7420348931835,1486.21556486985
"dat13_24","dr","CO",61,34,-11.1714516573062,977.645637406682
"dat13_24","dr","CO",61,35,-15.151218573256,1621.11646924155
"dat13_24","dr","CO",61,36,-7.04743384934274,203.876238274083
"dat13_24","dr","CO",61,37,-22.7845527872988,591.517579810945
"dat13_24","dr","CO",61,38,-1.47817513534174,1501.26876043788
"dat13_24","dr","CO",61,39,-13.4030005623827,714.105428352578
"dat13_24","dr","CO",61,40,13.8793378002998,506.048162938947
"dat13_24","dr","CO",61,41,-30.4425774354295,378.456899158378
"dat13_24","dr","CO",61,42,-27.0805114939527,354.491974507211
"dat13_24","dr","CO",61,43,9.92941400346648,566.56308538378
"dat13_24","dr","CO",61,44,22.1166463301798,402.764055222368
"dat13_24","dr","CO",61,45,11.5762721647623,95.9324030961343
"dat13_24","dr","CO",61,46,1.28230259802952,540.41673887709
"dat13_24","dr","CO",61,47,-7.74336232577208,512.474938634605
"dat13_24","dr","CO",61,48,-11.0343382231398,697.593765861502
"dat13_24","dr","CO",61,49,-22.5512020926056,455.092166574572
"dat13_24","dr","CO",61,50,-18.3144372195434,384.447006519053
"dat13_24","dr","CO",61,51,10.6730259156429,82.6824304620024
"dat13_24","dr","CO",61,52,10.1312932981636,598.02116975987
"dat13_24","dr","CO",61,53,9.31552473171956,746.719418344901
"dat13_24","dr","CO",61,54,-15.4879644893266,415.787808797244
"dat13_24","dr","CO",61,55,12.2522804643885,144.26313153236
"dat13_24","dr","CO",61,56,-11.16093375835,549.343498021088
"dat13_24","dr","CO",61,57,-6.73512050979343,256.669044494982
"dat13_24","dr","CO",61,58,-23.0448690103359,244.927200714886
"dat13_24","dr","CO",61,59,-11.7387008616933,99.7771831018635
"dat13_24","dr","CO",61,60,0,NA
"dat13_24","dr","CO",61,61,-7.74723542769032,112.639629809444
"dat13_24","dr","CO",61,62,-5.04640630164725,417.525863915296
"dat13_24","dr","CO",61,63,-6.7069344725325,528.784416562771
"dat13_24","dr","CO",61,64,19.3149187129968,561.370114291095
"dat13_24","dr","CO",61,65,14.7128076997602,206.12111607147
"dat13_24","dr","CO",61,66,23.8880556298337,303.796444837236
"dat13_24","dr","CO",61,67,39.560286651822,316.54698291152
"dat13_24","dr","CO",61,68,19.9240687887499,253.467848939129
"dat13_24","dr","CO",61,69,2.43469037040867,337.313226093573
"dat13_24","dr","CO",61,70,10.0980558509436,355.879211951345
"dat13_24","dr","CO",61,71,14.5231292907019,474.400172391592
"dat13_24","dr","CO",61,72,14.3426933807725,374.773918699
"dat13_24","dr","CO",61,73,11.2711403891942,607.796402955498
"dat13_24","dr","CO",61,74,-9.76501166177234,164.196938795297
"dat13_24","dr","CO",61,75,24.1758039943334,406.282276295878
"dat13_24","dr","CO",61,76,13.7321196368675,503.083731537547
"dat13_24","dr","CO",61,77,7.91618273543545,552.708328302827
"dat13_24","dr","CO",61,78,24.5007199611511,561.824965136121
"dat13_24","dr","CO",61,79,143.194927501172,1324.81008929126
"dat13_24","dr","CO",61,80,115.195818304033,1288.05559625305
"dat13_24","dr","CO",61,81,103.81614401732,1415.37025387779
"dat13_24","dr","CO",61,82,126.887028800611,1046.15126025418
"dat13_24","dr","CO",61,83,73.1559772362795,524.040102564843
"dat13_24","dr","CO",61,84,26.5896659753506,307.210856824971
"dat13_24","dr","CO",61,85,70.9878336586586,556.698365000368
"dat13_24","dr","CO",61,86,72.6096308163737,495.359928326035
"dat13_24","dr","CO",61,87,100.144290702051,753.153142117674
"dat13_24","dr","CO",61,88,88.9174250138545,1005.44973135328
"dat13_24","dr","CO",61,89,84.7411626256741,1039.10765314403
"dat13_24","dr","CO",61,90,73.0963508753656,973.402839197733
"dat13_24","dr","CO",61,91,103.69356448479,1083.31652752533
"dat13_24","dr","CO",61,92,101.816041650096,971.517946051513
"dat13_24","dr","CO",61,93,99.2995631365978,1083.40447944509
"dat13_24","dr","CO",61,94,86.4898694766582,924.959556334777
"dat13_24","dr","CO",61,95,53.9291527787739,522.926196723389
"dat13_24","dr","CO",61,96,-8.56159550085081,649.302405014381
"dat13_24","dr","CO",61,97,7.75195822310395,850.875935254737
"dat13_24","dr","CO",61,98,-15.8380822973751,628.578587645539
"dat13_24","dr","CO",61,99,60.9475698245958,840.913922841622
"dat13_24","dr","CO",61,100,58.54376724308,957.624660275115
"dat13_24","dr","CO",61,101,62.8186226529511,1045.72495225149
"dat13_24","dr","CO",61,102,49.1696165135689,807.656199935781
"dat13_24","dr","CO",61,103,6.94471481626188,1033.78278646601
"dat13_24","dr","CO",61,104,-15.3515586076094,1055.19074779106
"dat13_24","dr","CO",61,105,34.5371326338783,980.637543357202
"dat13_24","dr","CO",61,106,88.4699680335616,1107.13234770691
"dat13_24","dr","CO",61,107,75.2421493804129,654.982531333291
"dat13_24","dr","CO",61,108,53.2196976391333,664.589365475707
"dat13_24","dr","CO",61,109,52.9015254004721,723.155086889091
"dat13_24","dr","CO",61,110,41.170515697532,622.003468458991
"dat13_24","dr","CO",61,111,104.588771119293,918.287477363341
"dat13_24","dr","CO",61,112,118.21399358277,785.626395583925
"dat13_24","dr","CO",61,113,93.9928957159112,897.256232954037
"dat13_24","dr","CO",61,114,96.4352004430136,1009.30195086448
"dat13_24","dr","CO",61,115,100.968461136234,1165.77047808775
"dat13_24","dr","CO",61,116,100.098744707528,955.109859259933
"dat13_24","dr","CO",61,117,94.9569947853776,1074.60164487821
"dat13_24","dr","CO",61,118,95.068796565266,884.968362616517
"dat13_24","dr","CO",61,119,101.757631245663,483.284546114358
"dat13_24","dr","CO",61,120,91.5651390408107,406.984836424847
"dat13_24","dr","CO",61,121,59.5687678253301,384.738618454565
"dat13_24","dr","CO",61,122,84.6879164701851,637.582199937316
"dat13_24","dr","CO",61,123,81.4940629391662,766.81811029469
"dat13_24","dr","CO",61,124,117.485147289949,1066.23531318126
"dat13_24","dr","CO",61,125,95.0822841710235,937.769045537175
"dat13_24","dr","CO",61,126,105.846895615346,915.495600972444
"dat13_24","dr","CO",61,127,70.5778324967182,810.560061162696
"dat13_24","dr","CO",61,128,69.3520028300403,871.951824478933
"dat13_24","dr","CO",61,129,132.60447689652,968.174494608134
"dat13_24","dr","CO",61,130,122.044002829765,793.866775663479
"dat13_24","dr","CO",61,131,109.864980178947,394.077722220368
"dat13_24","dr","CO",61,132,65.8006271421314,475.004192679334
"dat13_24","dr","CO",61,133,76.26851200232,335.005625753996
"dat13_24","dr","CO",61,134,69.8456842864912,288.810738316716
"dat13_24","dr","CO",61,135,132.079906679766,564.972727753507
"dat13_24","dr","CO",61,136,99.1464850550093,694.350783102565
"dat13_24","dr","CO",61,137,99.4535709874158,892.458755264162
"dat13_24","dr","CO",61,138,115.430795374157,908.210986022033
"dat13_24","dr","CO",61,139,79.6846483296573,867.754606124549
"dat13_24","dr","CO",61,140,116.473711071028,907.148544334981
"dat13_24","dr","CO",61,141,135.809640226756,882.940478234279
"dat13_24","dr","CO",61,142,106.570196215678,675.38435195757
"dat13_24","dr","CO",61,143,73.0233874511488,417.838767781202
"dat13_24","dr","CO",61,144,69.4897867843484,206.098005685803
"dat13_24","dr","CO",61,145,62.0721071606143,214.718939549239
"dat13_24","dr","CO",61,146,62.6233153093698,440.325538449977
"dat13_24","dr","CO",61,147,18.5953739642751,582.714395936425
"dat13_24","dr","CO",61,148,35.339723817846,584.418922330449
"dat13_24","dr","CO",61,149,34.5305430001776,668.231993618738
"dat13_24","dr","CO",61,150,2.80141297254954,614.577568198609
"dat13_24","dr","CO",61,151,2.93751797688504,734.313747314327
"dat13_24","dr","CO",61,152,33.2862255695584,785.910579392254
"dat13_24","dr","CO",61,153,11.6142880996944,822.92873647868
"dat13_24","dr","CO",61,154,21.8383575151793,570.163272786306
"dat13_24","dr","CO",61,155,-7.61384484732131,420.889332250092
"dat13_24","dr","CO",61,156,-51.1154483108936,268.219324922632
"dat13_24","dr","CO",79,13,67.5955066983463,56.1109256142953
"dat13_24","dr","CO",79,14,30.0004827484025,26.9072091054263
"dat13_24","dr","CO",79,15,-3.22255362975406,11.2722154493659
"dat13_24","dr","CO",79,16,83.5115588754696,133.95514229782
"dat13_24","dr","CO",79,17,37.8194459493004,15.9441295389989
"dat13_24","dr","CO",79,18,47.9589953056441,10.1155662012003
"dat13_24","dr","CO",79,19,17.0212183699693,27.6162993477812
"dat13_24","dr","CO",79,20,11.7719158047549,13.1347186733949
"dat13_24","dr","CO",79,21,19.3229133886877,28.4194656548895
"dat13_24","dr","CO",79,22,24.1326125114035,23.7463821102987
"dat13_24","dr","CO",79,23,-2.24323719338386,20.025492505721
"dat13_24","dr","CO",79,24,24.7496517324285,11.5380271728167
"dat13_24","dr","CO",79,25,40.6036165754864,16.2108873853924
"dat13_24","dr","CO",79,26,52.7946381105532,18.5615243835004
"dat13_24","dr","CO",79,27,24.0810642695765,18.1441139449795
"dat13_24","dr","CO",79,28,54.8186390547332,26.9947077569098
"dat13_24","dr","CO",79,29,30.2610678175652,7.89590216416578
"dat13_24","dr","CO",79,30,20.052504590285,7.09533044709886
"dat13_24","dr","CO",79,31,31.7908521172972,13.4996774714263
"dat13_24","dr","CO",79,32,-8.321104565939,44.0305462338121
"dat13_24","dr","CO",79,33,30.3588941224615,18.5174678917543
"dat13_24","dr","CO",79,34,-21.4727904438091,17.1527709533196
"dat13_24","dr","CO",79,35,27.1295224368639,72.1262102441541
"dat13_24","dr","CO",79,36,-16.8165281074515,12.9413328182334
"dat13_24","dr","CO",79,37,-34.3799232565396,108.475473070919
"dat13_24","dr","CO",79,38,-8.55945969865711,38.6088955791826
"dat13_24","dr","CO",79,39,7.99414653171946,69.6288205801553
"dat13_24","dr","CO",79,40,-27.1181457985364,22.6721548937135
"dat13_24","dr","CO",79,41,-29.7741146473106,20.6579262352906
"dat13_24","dr","CO",79,42,-18.3562904586628,43.2258816383001
"dat13_24","dr","CO",79,43,12.2406677258573,14.3849160983396
"dat13_24","dr","CO",79,44,32.3983503579107,10.5259550465434
"dat13_24","dr","CO",79,45,-17.6136896687566,17.4553864002753
"dat13_24","dr","CO",79,46,78.626800015559,47.3062014939458
"dat13_24","dr","CO",79,47,6.23749051715631,18.0016029791217
"dat13_24","dr","CO",79,48,29.2987935537452,121.475760279327
"dat13_24","dr","CO",79,49,-21.5745157719886,44.115321881506
"dat13_24","dr","CO",79,50,4.53019004389214,8.60555268720385
"dat13_24","dr","CO",79,51,25.0372892507508,27.9583889458232
"dat13_24","dr","CO",79,52,-1.27703378035757,10.1961852000036
"dat13_24","dr","CO",79,53,-12.1852540533466,17.8636982777211
"dat13_24","dr","CO",79,54,-8.32896643661478,41.5395086780002
"dat13_24","dr","CO",79,55,-11.4975213751015,10.2626559816354
"dat13_24","dr","CO",79,56,-0.694508982480581,13.1420495284369
"dat13_24","dr","CO",79,57,24.8987000258111,16.811543489932
"dat13_24","dr","CO",79,58,16.4692842854896,36.0547083967188
"dat13_24","dr","CO",79,59,11.1728639659409,27.5583393021071
"dat13_24","dr","CO",79,60,-10.6050448212582,37.9012939186176
"dat13_24","dr","CO",79,61,3.57939097702527,10.3885623847301
"dat13_24","dr","CO",79,62,-3.33355677458542,13.9622320421194
"dat13_24","dr","CO",79,63,-11.9501874868147,20.2785741116008
"dat13_24","dr","CO",79,64,-4.03143821313936,27.8288251751844
"dat13_24","dr","CO",79,65,-23.8579422121154,15.6414486866407
"dat13_24","dr","CO",79,66,-37.1946304034609,53.8413599531787
"dat13_24","dr","CO",79,67,-13.2750886606056,11.3739897927881
"dat13_24","dr","CO",79,68,26.0461848686455,16.8913549367898
"dat13_24","dr","CO",79,69,16.3549397538577,11.8068413824519
"dat13_24","dr","CO",79,70,48.6078008789232,37.0919717128328
"dat13_24","dr","CO",79,71,23.2517394654359,13.7703294512719
"dat13_24","dr","CO",79,72,-70.4787646048089,143.483858126376
"dat13_24","dr","CO",79,73,26.3090059015576,19.0509878824244
"dat13_24","dr","CO",79,74,11.4702018886025,7.94096517319535
"dat13_24","dr","CO",79,75,14.4313274312935,17.9111415795919
"dat13_24","dr","CO",79,76,9.09732315300019,7.88960509805105
"dat13_24","dr","CO",79,77,-0.995544687382024,11.0975004178135
"dat13_24","dr","CO",79,78,0,NA
"dat13_24","dr","CO",79,79,2.66765150230403,7.58482843486873
"dat13_24","dr","CO",79,80,2.60444136734777,5.2563164154221
"dat13_24","dr","CO",79,81,5.46470162049642,5.80938883268099
"dat13_24","dr","CO",79,82,22.7919431480855,10.0178836787714
"dat13_24","dr","CO",79,83,52.833523800147,17.166066220396
"dat13_24","dr","CO",79,84,36.1267511656346,16.868091182063
"dat13_24","dr","CO",79,85,64.6814664124878,32.9485660513975
"dat13_24","dr","CO",79,86,37.8910841804352,16.8244939464559
"dat13_24","dr","CO",79,87,43.6176507483342,14.7974716405237
"dat13_24","dr","CO",79,88,17.4027888308686,7.24528978849891
"dat13_24","dr","CO",79,89,9.1847566274957,7.86443836185697
"dat13_24","dr","CO",79,90,-2.98395824186756,6.7581688152913
"dat13_24","dr","CO",79,91,5.41470252546568,6.67022255336861
"dat13_24","dr","CO",79,92,-8.43961107183307,8.39797934489821
"dat13_24","dr","CO",79,93,20.8631102385246,5.97968198208473
"dat13_24","dr","CO",79,94,24.4303536864443,9.29593858111985
"dat13_24","dr","CO",79,95,36.0563909732082,18.117490221891
"dat13_24","dr","CO",79,96,30.3951320824269,24.263499733349
"dat13_24","dr","CO",79,97,66.2452464196752,17.4663734996565
"dat13_24","dr","CO",79,98,11.9428477869944,18.4214403780615
"dat13_24","dr","CO",79,99,20.9710083393495,11.3452274201067
"dat13_24","dr","CO",79,100,-2.93033301403259,11.7187340290201
"dat13_24","dr","CO",79,101,-22.9686066674951,29.8287887553589
"dat13_24","dr","CO",79,102,-11.8604035054267,17.0939411967311
"dat13_24","dr","CO",79,103,-47.4815458497018,33.0780244613562
"dat13_24","dr","CO",79,104,-68.61290360255,26.9150443085574
"dat13_24","dr","CO",79,105,-52.2547820359908,31.5916427432391
"dat13_24","dr","CO",79,106,-2.62931669556475,15.0389947365762
"dat13_24","dr","CO",79,107,12.4837025142275,12.4662425196891
"dat13_24","dr","CO",79,108,54.8022001395744,23.2268145075536
"dat13_24","dr","CO",79,109,27.4022957627871,20.2225000373036
"dat13_24","dr","CO",79,110,45.8988304738914,32.7362867918233
"dat13_24","dr","CO",79,111,30.6850367247566,11.6250526529568
"dat13_24","dr","CO",79,112,-19.1600833389886,28.8184639049025
"dat13_24","dr","CO",79,113,-31.4188798498527,23.0827827504925
"dat13_24","dr","CO",79,114,-8.68964602289082,23.076853906841
"dat13_24","dr","CO",79,115,-8.93752217485355,15.8621403190183
"dat13_24","dr","CO",79,116,-0.480707667234408,13.1380993176217
"dat13_24","dr","CO",79,117,0.615273012634388,12.946090009303
"dat13_24","dr","CO",79,118,5.58574978319974,12.4453976632824
"dat13_24","dr","CO",79,119,44.4488821876972,16.1571941721611
"dat13_24","dr","CO",79,120,65.7046157663909,30.9549689537641
"dat13_24","dr","CO",79,121,52.7902021714161,30.6832718742636
"dat13_24","dr","CO",79,122,3.88101457055181,13.2102290007191
"dat13_24","dr","CO",79,123,10.1380420464122,14.1324120798572
"dat13_24","dr","CO",79,124,-1.16827289640008,13.6953890173579
"dat13_24","dr","CO",79,125,-34.6309548866729,11.1880147135864
"dat13_24","dr","CO",79,126,-30.6627941516096,10.9352713644083
"dat13_24","dr","CO",79,127,-16.2509541595563,16.6635497962127
"dat13_24","dr","CO",79,128,-26.1774643862285,12.1230290786392
"dat13_24","dr","CO",79,129,-11.0480487369877,16.1908511480207
"dat13_24","dr","CO",79,130,-6.66241599498608,17.5620348523757
"dat13_24","dr","CO",79,131,-0.84528642182201,14.9029319555951
"dat13_24","dr","CO",79,132,-10.6571459713248,18.6912130216258
"dat13_24","dr","CO",79,133,34.4853968589476,13.5896472959318
"dat13_24","dr","CO",79,134,0.242986922075936,14.1954323206158
"dat13_24","dr","CO",79,135,-4.47381127295701,19.8186853209143
"dat13_24","dr","CO",79,136,-38.2085180602972,27.1380993607915
"dat13_24","dr","CO",79,137,-26.8040602953534,15.526027134087
"dat13_24","dr","CO",79,138,-4.00183689129159,9.51988851946692
"dat13_24","dr","CO",79,139,-5.48063489383306,13.6235938304835
"dat13_24","dr","CO",79,140,12.8544962146884,15.1046482656181
"dat13_24","dr","CO",79,141,-3.98749341128943,9.88780676391839
"dat13_24","dr","CO",79,142,-2.28249624712704,18.7156414720116
"dat13_24","dr","CO",79,143,-15.9061560876009,16.65637531924
"dat13_24","dr","CO",79,144,1.05455809146101,15.9232195510582
"dat13_24","dr","CO",79,145,15.5304233888861,14.9799702489718
"dat13_24","dr","CO",79,146,8.46238635641778,18.2728360440947
"dat13_24","dr","CO",79,147,-46.7208336175385,32.6659675864619
"dat13_24","dr","CO",79,148,-7.31103466830088,13.941521164448
"dat13_24","dr","CO",79,149,-22.2600731677528,10.6255262374523
"dat13_24","dr","CO",79,150,-19.2816538129593,12.5282767572608
"dat13_24","dr","CO",79,151,-6.16357231529507,18.0294957717287
"dat13_24","dr","CO",79,152,19.6462261753162,18.8044819347278
"dat13_24","dr","CO",79,153,-3.48354189838632,12.1345143090977
"dat13_24","dr","CO",79,154,12.4136068689844,13.0940840494235
"dat13_24","dr","CO",79,155,16.3643479977132,20.9687155993571
"dat13_24","dr","CO",79,156,13.4497276311874,22.772762920038
"dat13_24","dr","CO",97,13,3.62656361912525,12.4746574092369
"dat13_24","dr","CO",97,14,4.54045576407548,7.85377342668357
"dat13_24","dr","CO",97,15,-12.3493121955612,14.0558144736648
"dat13_24","dr","CO",97,16,2.5663425237761,10.8777664844367
"dat13_24","dr","CO",97,17,3.60196016271592,11.6199382949453
"dat13_24","dr","CO",97,18,38.5888653876547,13.1935932296596
"dat13_24","dr","CO",97,19,3.79234890209968,30.4296557566565
"dat13_24","dr","CO",97,20,-0.106568134878163,50.7295814405133
"dat13_24","dr","CO",97,21,16.6517802800708,21.2781148134818
"dat13_24","dr","CO",97,22,15.4851929802709,11.4544717782328
"dat13_24","dr","CO",97,23,23.5419048455346,17.3825579097219
"dat13_24","dr","CO",97,24,48.6031931346843,18.4388343526884
"dat13_24","dr","CO",97,25,-39.1080911303531,21.2227863291867
"dat13_24","dr","CO",97,26,-21.7220634968352,424.696758465313
"dat13_24","dr","CO",97,27,-12.7732453540392,1184.39563658445
"dat13_24","dr","CO",97,28,-23.2156822905,59.9242844045794
"dat13_24","dr","CO",97,29,-52.8889884579101,32.2730956950417
"dat13_24","dr","CO",97,30,-47.3885957709949,15.14863513203
"dat13_24","dr","CO",97,31,-1.53716017123918,18.055028825719
"dat13_24","dr","CO",97,32,67.0307262191901,23.0532893567368
"dat13_24","dr","CO",97,33,82.9383756744915,48.3819340367201
"dat13_24","dr","CO",97,34,-10.1772254965795,932.661608778946
"dat13_24","dr","CO",97,35,-56.1986691019411,53.9593746352042
"dat13_24","dr","CO",97,36,-45.2013887956823,24.4737128443075
"dat13_24","dr","CO",97,37,-23.6663897624908,19.7379824119127
"dat13_24","dr","CO",97,38,10.5110508510223,18.3283774182229
"dat13_24","dr","CO",97,39,7.11529364037878,14.4058641069039
"dat13_24","dr","CO",97,40,42.8579163115118,17.7079802582361
"dat13_24","dr","CO",97,41,-6.6241832363966,18.0074415799584
"dat13_24","dr","CO",97,42,23.7586689252775,15.4721694682766
"dat13_24","dr","CO",97,43,21.0870719853061,11.9574618562365
"dat13_24","dr","CO",97,44,7.03640298455771,15.1886407790238
"dat13_24","dr","CO",97,45,8.92267082834416,22.6920679319175
"dat13_24","dr","CO",97,46,32.017164263002,18.9267073572432
"dat13_24","dr","CO",97,47,21.9550973929704,15.8812470249833
"dat13_24","dr","CO",97,48,-0.368119980307902,16.4139842541744
"dat13_24","dr","CO",97,49,-17.4186336671789,50.7963021954371
"dat13_24","dr","CO",97,50,-7.86147537079862,15.4992725431757
"dat13_24","dr","CO",97,51,0.288947247423602,13.1357830849721
"dat13_24","dr","CO",97,52,9.03886828715882,19.6557617832119
"dat13_24","dr","CO",97,53,3.01765451621661,34.4907017356116
"dat13_24","dr","CO",97,54,42.4078179654321,15.4085829183285
"dat13_24","dr","CO",97,55,2.64691469496888,27.4901979668678
"dat13_24","dr","CO",97,56,2.33202048048073,40.7069179073624
"dat13_24","dr","CO",97,57,43.9402742327536,58.5190336049107
"dat13_24","dr","CO",97,58,29.0464196762162,46.8186808592438
"dat13_24","dr","CO",97,59,6.03367638199933,9.32585458507729
"dat13_24","dr","CO",97,60,-7.22076957190159,29.9231658533584
"dat13_24","dr","CO",97,61,14.0328853883036,14.1303619084999
"dat13_24","dr","CO",97,62,1.35089166049307,10.2921043688703
"dat13_24","dr","CO",97,63,14.1086776739971,30.5494826396567
"dat13_24","dr","CO",97,64,-9.25668761241914,27.4957905135742
"dat13_24","dr","CO",97,65,-22.3894025484351,13.0888183455769
"dat13_24","dr","CO",97,66,0.396898268084023,78.8873783241576
"dat13_24","dr","CO",97,67,7.602966214202,16.9324408151741
"dat13_24","dr","CO",97,68,3.55942110821173,15.8416829110614
"dat13_24","dr","CO",97,69,11.7044814046765,15.3044115348887
"dat13_24","dr","CO",97,70,22.1780163617384,35.8830541368007
"dat13_24","dr","CO",97,71,6.37300653582868,11.8512864840458
"dat13_24","dr","CO",97,72,-13.4520011180652,17.140887376654
"dat13_24","dr","CO",97,73,-3.43268716093645,13.2343771893191
"dat13_24","dr","CO",97,74,-9.42604192459868,16.341906083618
"dat13_24","dr","CO",97,75,12.4573804381426,14.8064247841719
"dat13_24","dr","CO",97,76,8.93384437050453,12.9043666050496
"dat13_24","dr","CO",97,77,17.1342500030801,11.7963674403853
"dat13_24","dr","CO",97,78,-2.2150347186567,33.762166403375
"dat13_24","dr","CO",97,79,0.621740380167105,36.2928701196484
"dat13_24","dr","CO",97,80,18.0378960754365,58.9576952007761
"dat13_24","dr","CO",97,81,1.67332798600146,160.196584575555
"dat13_24","dr","CO",97,82,11.3926093555677,62.8153819530977
"dat13_24","dr","CO",97,83,17.735614597073,14.0199788382756
"dat13_24","dr","CO",97,84,9.06193043418182,11.124242198095
"dat13_24","dr","CO",97,85,-2.54478500726908,8.37998996428842
"dat13_24","dr","CO",97,86,-11.1693550251386,17.9138724204676
"dat13_24","dr","CO",97,87,-6.49032601362827,26.6185602415855
"dat13_24","dr","CO",97,88,-19.6642619641552,15.0399455165694
"dat13_24","dr","CO",97,89,-17.0462592820352,16.8354472006952
"dat13_24","dr","CO",97,90,-22.6998371389332,33.9214683769973
"dat13_24","dr","CO",97,91,18.7734828273832,23.2779882941779
"dat13_24","dr","CO",97,92,23.6061164331164,31.7026106226329
"dat13_24","dr","CO",97,93,7.22687638716718,17.7960743941185
"dat13_24","dr","CO",97,94,-19.5256329783316,32.8876540689219
"dat13_24","dr","CO",97,95,0.663022198827739,5.3616764767424
"dat13_24","dr","CO",97,96,0,NA
"dat13_24","dr","CO",97,97,12.8029397584799,8.94130305168877
"dat13_24","dr","CO",97,98,-4.53511831765515,5.45232871277204
"dat13_24","dr","CO",97,99,-1.73117534000378,9.3005609347855
"dat13_24","dr","CO",97,100,-9.71875696425333,10.444299329517
"dat13_24","dr","CO",97,101,3.42436239136033,10.1560635603468
"dat13_24","dr","CO",97,102,12.5282411549635,11.9864962574807
"dat13_24","dr","CO",97,103,0.684094803846387,9.20764078116479
"dat13_24","dr","CO",97,104,-8.25067847426166,11.881331796401
"dat13_24","dr","CO",97,105,8.03012855870214,9.79522523988542
"dat13_24","dr","CO",97,106,19.8677400559451,12.2754569701772
"dat13_24","dr","CO",97,107,7.81499728407314,10.5503042464483
"dat13_24","dr","CO",97,108,-7.93129737558377,8.67281550552331
"dat13_24","dr","CO",97,109,-10.8079258622665,8.35899736833532
"dat13_24","dr","CO",97,110,-11.7130009273445,9.0903850870527
"dat13_24","dr","CO",97,111,3.6071388256552,13.2702464061789
"dat13_24","dr","CO",97,112,0.564205360134316,10.7244762870437
"dat13_24","dr","CO",97,113,-3.67488155539874,9.92955326244541
"dat13_24","dr","CO",97,114,5.1562833462629,10.2298868520361
"dat13_24","dr","CO",97,115,10.4257328756449,12.5929105926503
"dat13_24","dr","CO",97,116,7.22288351450258,11.5431862808866
"dat13_24","dr","CO",97,117,2.13124794516374,9.82915652110813
"dat13_24","dr","CO",97,118,11.0994393934575,10.3434456164126
"dat13_24","dr","CO",97,119,8.16231813073983,10.178544347821
"dat13_24","dr","CO",97,120,-9.97203739562211,9.55163201317947
"dat13_24","dr","CO",97,121,-15.0098517377312,11.2091790630006
"dat13_24","dr","CO",97,122,-13.568850561101,10.2791480488741
"dat13_24","dr","CO",97,123,-12.8214081119839,9.9988844474609
"dat13_24","dr","CO",97,124,-8.65490030692803,9.87575148486192
"dat13_24","dr","CO",97,125,-11.215743416138,9.43723387942976
"dat13_24","dr","CO",97,126,-14.7050645246008,9.52327678537957
"dat13_24","dr","CO",97,127,-11.0318451448081,8.868080458484
"dat13_24","dr","CO",97,128,-9.14198517612937,10.5909656357639
"dat13_24","dr","CO",97,129,-5.60075274276458,11.8606555234762
"dat13_24","dr","CO",97,130,-9.55171196112727,9.9231290758128
"dat13_24","dr","CO",97,131,-20.0638016160642,9.56181999104102
"dat13_24","dr","CO",97,132,-15.4121146287389,11.1378245447747
"dat13_24","dr","CO",97,133,-8.67738095093566,12.1706537072311
"dat13_24","dr","CO",97,134,-7.77406799552639,10.2627131526199
"dat13_24","dr","CO",97,135,0.298160911807542,11.0459577461765
"dat13_24","dr","CO",97,136,-7.90871677470009,10.3943357873921
"dat13_24","dr","CO",97,137,-8.18247185836951,10.5179502299513
"dat13_24","dr","CO",97,138,-2.87446837871283,11.7635476458413
"dat13_24","dr","CO",97,139,-1.84451795843609,15.762213502145
"dat13_24","dr","CO",97,140,-1.86993280349352,14.7744658205835
"dat13_24","dr","CO",97,141,5.55572277606675,13.4075280595086
"dat13_24","dr","CO",97,142,-0.935320196521883,11.956100993146
"dat13_24","dr","CO",97,143,-17.9106353219471,8.21247685118603
"dat13_24","dr","CO",97,144,-18.412060274576,7.91046161719103
"dat13_24","dr","CO",97,145,-15.1630173370862,7.48634649246225
"dat13_24","dr","CO",97,146,-14.051831655546,7.8075032302352
"dat13_24","dr","CO",97,147,-20.8438913732417,6.53328127558821
"dat13_24","dr","CO",97,148,-10.1838321047466,5.99263935408581
"dat13_24","dr","CO",97,149,-16.1193371120191,7.55532107493095
"dat13_24","dr","CO",97,150,-17.055783505261,8.20787788464888
"dat13_24","dr","CO",97,151,-9.02433865841852,8.48621383534263
"dat13_24","dr","CO",97,152,3.18379342820201,10.7437481079937
"dat13_24","dr","CO",97,153,-4.9087879638215,9.27882487817614
"dat13_24","dr","CO",97,154,-10.1825523902905,8.51268444901244
"dat13_24","dr","CO",97,155,-20.2170723914158,7.66568796675368
"dat13_24","dr","CO",97,156,-27.4709862560559,8.38654956930626
"dat13_24","dr","SO2",61,13,-0.176709519730415,3.85464174773417
"dat13_24","dr","SO2",61,14,-0.140939162657552,10.8919809313981
"dat13_24","dr","SO2",61,15,-0.199534731811454,7.89179428472517
"dat13_24","dr","SO2",61,16,-0.0620948393563545,3.85342713222368
"dat13_24","dr","SO2",61,17,-1.84240235550293,7.2824995291379
"dat13_24","dr","SO2",61,18,-1.13023630268075,17.6162203961015
"dat13_24","dr","SO2",61,19,-0.818605822523882,9.46269604793672
"dat13_24","dr","SO2",61,20,-0.771208504326774,5.59840270721115
"dat13_24","dr","SO2",61,21,-0.20930196286357,1.00103807653504
"dat13_24","dr","SO2",61,22,0.0589837619860918,5.16047938418831
"dat13_24","dr","SO2",61,23,-0.0127548992526253,6.57261762469409
"dat13_24","dr","SO2",61,24,-0.497823287521864,7.34029850933176
"dat13_24","dr","SO2",61,25,-0.686341891224644,3.95573543250305
"dat13_24","dr","SO2",61,26,-0.120005062568943,4.31987472437279
"dat13_24","dr","SO2",61,27,-0.470084420795595,8.98589564202295
"dat13_24","dr","SO2",61,28,-0.617535945785809,8.39640512463643
"dat13_24","dr","SO2",61,29,0.551940008953819,34.8124368329043
"dat13_24","dr","SO2",61,30,-0.18098205589273,30.233083838356
"dat13_24","dr","SO2",61,31,-1.69311506732476,12.3587392911152
"dat13_24","dr","SO2",61,32,-0.176213263160662,12.6830552336437
"dat13_24","dr","SO2",61,33,-0.079122913332332,6.7526110403245
"dat13_24","dr","SO2",61,34,0.322964141072074,5.06161713166349
"dat13_24","dr","SO2",61,35,0.00312056893240753,6.12083231436827
"dat13_24","dr","SO2",61,36,-0.175852694113623,4.58757220431653
"dat13_24","dr","SO2",61,37,0.00169467275913449,9.85287783081658
"dat13_24","dr","SO2",61,38,-0.359884065527802,8.93593632525194
"dat13_24","dr","SO2",61,39,0.149546133597115,3.44545599656652
"dat13_24","dr","SO2",61,40,-0.313185284474557,12.5670056893598
"dat13_24","dr","SO2",61,41,-0.455023147504525,9.24781504100988
"dat13_24","dr","SO2",61,42,1.16719974220188,8.94095648595368
"dat13_24","dr","SO2",61,43,0.257840875847084,17.8789915612113
"dat13_24","dr","SO2",61,44,0.274847577040426,6.41505395133282
"dat13_24","dr","SO2",61,45,0.554890830157218,3.69426592574067
"dat13_24","dr","SO2",61,46,0.443759356023077,2.7622393651101
"dat13_24","dr","SO2",61,47,0.292121741260517,5.28107115719656
"dat13_24","dr","SO2",61,48,-0.207012813776401,3.84276024789811
"dat13_24","dr","SO2",61,49,0.0696072857709612,2.6615109232999
"dat13_24","dr","SO2",61,50,-0.0639345673679876,2.12906050370387
"dat13_24","dr","SO2",61,51,-0.126001687049269,3.95338996526872
"dat13_24","dr","SO2",61,52,0.402933060548882,0.580363171600929
"dat13_24","dr","SO2",61,53,-0.228716256372814,6.48474395579164
"dat13_24","dr","SO2",61,54,-0.00336922114855531,9.14115820998948
"dat13_24","dr","SO2",61,55,0.640242000415004,4.26006877151664
"dat13_24","dr","SO2",61,56,0.341399750536449,10.9791360005109
"dat13_24","dr","SO2",61,57,0.171447611046877,6.09855377382668
"dat13_24","dr","SO2",61,58,0.208060498925012,0.783377232955936
"dat13_24","dr","SO2",61,59,0.235953912922331,0.424741120080184
"dat13_24","dr","SO2",61,60,0,NA
"dat13_24","dr","SO2",61,61,-0.1347476525241,1.13099006786174
"dat13_24","dr","SO2",61,62,-0.178816177492341,2.23476445004957
"dat13_24","dr","SO2",61,63,-0.208301266432501,1.68329707492121
"dat13_24","dr","SO2",61,64,0.123526212629577,6.26268893208938
"dat13_24","dr","SO2",61,65,0.0845153560107164,9.57770403312545
"dat13_24","dr","SO2",61,66,0.463621042439777,7.12162707027842
"dat13_24","dr","SO2",61,67,0.566305237311387,11.8687610693686
"dat13_24","dr","SO2",61,68,0.547625997484178,13.3662426396933
"dat13_24","dr","SO2",61,69,0.348907490007447,5.73058443280393
"dat13_24","dr","SO2",61,70,0.472325467241339,6.88316721884917
"dat13_24","dr","SO2",61,71,0.439904608934538,10.3117484895315
"dat13_24","dr","SO2",61,72,0.452210764543189,5.72580273399126
"dat13_24","dr","SO2",61,73,0.643954988264557,7.62931054018874
"dat13_24","dr","SO2",61,74,0.521819490321983,3.23471488021134
"dat13_24","dr","SO2",61,75,0.552545361850389,2.78501330633672
"dat13_24","dr","SO2",61,76,0.617946806367312,5.99155605263668
"dat13_24","dr","SO2",61,77,0.906842937639264,5.49043523484757
"dat13_24","dr","SO2",61,78,0.774571476673883,4.87118116206931
"dat13_24","dr","SO2",61,79,1.44195138023223,13.6921451936339
"dat13_24","dr","SO2",61,80,1.29631323600575,9.07467580835289
"dat13_24","dr","SO2",61,81,1.44830381850389,11.2281094208028
"dat13_24","dr","SO2",61,82,1.39039683219529,9.47287632872102
"dat13_24","dr","SO2",61,83,0.889419272230728,6.46241247780443
"dat13_24","dr","SO2",61,84,0.491150759464077,4.46725580825046
"dat13_24","dr","SO2",61,85,0.426414585234847,4.51229277443331
"dat13_24","dr","SO2",61,86,1.0715508571336,8.54860409864759
"dat13_24","dr","SO2",61,87,0.855828557385352,10.7465401544935
"dat13_24","dr","SO2",61,88,0.799765760906564,12.6661083327136
"dat13_24","dr","SO2",61,89,0.685595978352892,18.7012290121865
"dat13_24","dr","SO2",61,90,0.948878921087184,12.4563311310122
"dat13_24","dr","SO2",61,91,0.900272599914642,13.285433406317
"dat13_24","dr","SO2",61,92,1.08206581905909,12.6621937396299
"dat13_24","dr","SO2",61,93,1.14430514288291,15.5595971726516
"dat13_24","dr","SO2",61,94,1.11060395126771,12.2894846541052
"dat13_24","dr","SO2",61,95,0.713668612832549,11.3099593057182
"dat13_24","dr","SO2",61,96,0.333833323743373,9.993774190149
"dat13_24","dr","SO2",61,97,0.880288898769818,9.92604554024556
"dat13_24","dr","SO2",61,98,0.799137153440282,9.81824874758587
"dat13_24","dr","SO2",61,99,1.03184370154933,8.4261558422523
"dat13_24","dr","SO2",61,100,0.927373278765395,9.16959460755043
"dat13_24","dr","SO2",61,101,0.768200633423655,12.7334425992041
"dat13_24","dr","SO2",61,102,1.26992614301593,12.2834820210962
"dat13_24","dr","SO2",61,103,0.878151592399325,11.0246657554603
"dat13_24","dr","SO2",61,104,0.663839636571973,9.67830207736134
"dat13_24","dr","SO2",61,105,1.01144329354923,13.8305183538936
"dat13_24","dr","SO2",61,106,1.00901204129643,13.8755136919767
"dat13_24","dr","SO2",61,107,0.962087647669038,9.77397512425989
"dat13_24","dr","SO2",61,108,1.02470215611194,10.6000306597608
"dat13_24","dr","SO2",61,109,1.06517536956189,12.4879843808301
"dat13_24","dr","SO2",61,110,1.12732146860286,12.0992633034642
"dat13_24","dr","SO2",61,111,1.1759380550376,12.3108378790097
"dat13_24","dr","SO2",61,112,1.8735480858673,12.3471458843859
"dat13_24","dr","SO2",61,113,1.74292675087329,10.2932318066066
"dat13_24","dr","SO2",61,114,1.7358113566916,11.4375202177116
"dat13_24","dr","SO2",61,115,1.81277376224271,12.3072838993629
"dat13_24","dr","SO2",61,116,1.62632209962627,12.0715602281845
"dat13_24","dr","SO2",61,117,1.49592362517231,14.4789863729923
"dat13_24","dr","SO2",61,118,1.58870778602417,11.961505980021
"dat13_24","dr","SO2",61,119,1.49627012012188,7.96848433925113
"dat13_24","dr","SO2",61,120,0.916927403842114,5.54195094251835
"dat13_24","dr","SO2",61,121,0.939226066646632,5.68902938781512
"dat13_24","dr","SO2",61,122,0.890966682517945,7.60226538840494
"dat13_24","dr","SO2",61,123,1.01056331184092,7.63221651402563
"dat13_24","dr","SO2",61,124,1.32759950689346,10.6416458629076
"dat13_24","dr","SO2",61,125,1.14240291931285,10.9692135931391
"dat13_24","dr","SO2",61,126,1.20952933299139,11.1701731737366
"dat13_24","dr","SO2",61,127,1.34861155648109,10.6615448711005
"dat13_24","dr","SO2",61,128,1.17605168939137,11.2495456683993
"dat13_24","dr","SO2",61,129,1.15470430176883,13.6716467187275
"dat13_24","dr","SO2",61,130,1.1884267568881,10.7239259230349
"dat13_24","dr","SO2",61,131,1.03982814619048,5.31528573843384
"dat13_24","dr","SO2",61,132,0.582617283321432,5.03956986810623
"dat13_24","dr","SO2",61,133,0.364719199533577,5.63752782919722
"dat13_24","dr","SO2",61,134,0.28184470120809,6.23687516117874
"dat13_24","dr","SO2",61,135,0.740157318577082,8.51062693032493
"dat13_24","dr","SO2",61,136,0.963303088291019,11.1529822262754
"dat13_24","dr","SO2",61,137,1.50751731536008,10.218692950536
"dat13_24","dr","SO2",61,138,1.30137321414429,10.037097987986
"dat13_24","dr","SO2",61,139,1.82720872714515,11.7968866611815
"dat13_24","dr","SO2",61,140,1.52470690407768,11.6657975932701
"dat13_24","dr","SO2",61,141,1.42110862689997,11.3923534916145
"dat13_24","dr","SO2",61,142,1.30650788145598,9.64876141186316
"dat13_24","dr","SO2",61,143,0.723756350955863,6.80806719692179
"dat13_24","dr","SO2",61,144,0.534816893300207,5.87460993062128
"dat13_24","dr","SO2",61,145,0.53613763762441,6.52107429087013
"dat13_24","dr","SO2",61,146,0.835718189550696,8.01726313170225
"dat13_24","dr","SO2",61,147,0.740708689329112,8.43361247343119
"dat13_24","dr","SO2",61,148,1.19658379890707,10.424644813315
"dat13_24","dr","SO2",61,149,1.08483322823005,9.37378649414912
"dat13_24","dr","SO2",61,150,1.31030791560947,9.99705546309781
"dat13_24","dr","SO2",61,151,1.1146916422851,10.7182390505491
"dat13_24","dr","SO2",61,152,0.972377916757791,10.5005646176281
"dat13_24","dr","SO2",61,153,0.793533361989948,10.4336215422358
"dat13_24","dr","SO2",61,154,0.880910445120363,9.67210625430305
"dat13_24","dr","SO2",61,155,0.602537526302367,6.96129489208246
"dat13_24","dr","SO2",61,156,0.621795933644699,5.13069755800745
"dat13_24","dr","SO2",79,13,-0.325565849726258,0.836046154973288
"dat13_24","dr","SO2",79,14,-0.119531124102467,0.633101148040798
"dat13_24","dr","SO2",79,15,-0.387444381388534,0.1470955776243
"dat13_24","dr","SO2",79,16,-0.613485388359494,1.32978108453176
"dat13_24","dr","SO2",79,17,0.172779979764135,0.147855719076042
"dat13_24","dr","SO2",79,18,-0.221026269528176,0.290601052754666
"dat13_24","dr","SO2",79,19,0.0677529355734828,0.366214675531002
"dat13_24","dr","SO2",79,20,-0.496745668313076,0.21747615741101
"dat13_24","dr","SO2",79,21,-0.227089491017461,0.309905488899555
"dat13_24","dr","SO2",79,22,-0.250439107740292,0.248164577831719
"dat13_24","dr","SO2",79,23,-0.00471168209510847,0.155252393389803
"dat13_24","dr","SO2",79,24,0.424943704198691,0.16966472430372
"dat13_24","dr","SO2",79,25,0.737773540937807,0.20979955053518
"dat13_24","dr","SO2",79,26,-0.243092751724002,0.158031082207805
"dat13_24","dr","SO2",79,27,0.226292573026304,0.419765450037637
"dat13_24","dr","SO2",79,28,0.131645513606844,0.118255404065457
"dat13_24","dr","SO2",79,29,0.0344688842924404,0.438379056376692
"dat13_24","dr","SO2",79,30,0.0319975965391084,0.0758228058867637
"dat13_24","dr","SO2",79,31,0.342836972073757,0.165631840700565
"dat13_24","dr","SO2",79,32,-0.088019245151925,0.155744567182897
"dat13_24","dr","SO2",79,33,0.0848612210481433,0.0971770462925996
"dat13_24","dr","SO2",79,34,-0.391279088817952,0.117410263378299
"dat13_24","dr","SO2",79,35,-0.513708889868009,0.237294054156569
"dat13_24","dr","SO2",79,36,-0.596506687118205,0.225099233320479
"dat13_24","dr","SO2",79,37,-0.768831237864366,3.50491860392809
"dat13_24","dr","SO2",79,38,-0.387132589201331,0.175410227392961
"dat13_24","dr","SO2",79,39,-0.0150884093308416,0.373316179335146
"dat13_24","dr","SO2",79,40,-0.258615191008527,0.117005128007762
"dat13_24","dr","SO2",79,41,-0.490170480930055,0.210741965145637
"dat13_24","dr","SO2",79,42,0.175990842730325,0.486805398392701
"dat13_24","dr","SO2",79,43,-0.305108769930961,0.133450560808191
"dat13_24","dr","SO2",79,44,-0.32989299949035,0.635938251108325
"dat13_24","dr","SO2",79,45,-0.414249788584225,0.147977044211473
"dat13_24","dr","SO2",79,46,0.445933080982754,0.502749307791639
"dat13_24","dr","SO2",79,47,-0.42710192960003,0.158535814850535
"dat13_24","dr","SO2",79,48,-0.438430358612149,1.70134384870074
"dat13_24","dr","SO2",79,49,-0.789128727751272,0.64030469042013
"dat13_24","dr","SO2",79,50,-0.226199304383337,0.0994289501691073
"dat13_24","dr","SO2",79,51,0.185472863717959,0.272199751895042
"dat13_24","dr","SO2",79,52,0.268523941839244,0.174148011276078
"dat13_24","dr","SO2",79,53,-0.0754960194214936,0.135963171059172
"dat13_24","dr","SO2",79,54,-0.239050604828512,1.27963913951657
"dat13_24","dr","SO2",79,55,-0.155984442284233,0.114199236596203
"dat13_24","dr","SO2",79,56,-1.66759363777513,3.51592468197195
"dat13_24","dr","SO2",79,57,-0.29865865674489,0.153482160986995
"dat13_24","dr","SO2",79,58,-0.238359870066467,0.637304391281102
"dat13_24","dr","SO2",79,59,-0.497890833747059,0.265028461417903
"dat13_24","dr","SO2",79,60,-0.465109506253411,0.262222893426538
"dat13_24","dr","SO2",79,61,-0.290282477481893,0.123045728787099
"dat13_24","dr","SO2",79,62,-0.18498134138261,0.126052255979213
"dat13_24","dr","SO2",79,63,0.385761966173315,0.550031081653637
"dat13_24","dr","SO2",79,64,0.148306709390301,0.776969329307618
"dat13_24","dr","SO2",79,65,-0.0554194718819304,0.167937117247778
"dat13_24","dr","SO2",79,66,0.00405698723816394,0.583669266122061
"dat13_24","dr","SO2",79,67,-0.0139001409712967,0.115589063277195
"dat13_24","dr","SO2",79,68,0.19389417870299,0.146372679002413
"dat13_24","dr","SO2",79,69,0.076376852962927,0.257713164980145
"dat13_24","dr","SO2",79,70,0.684310170153092,0.238242977263561
"dat13_24","dr","SO2",79,71,-0.123187864087819,0.144101434521105
"dat13_24","dr","SO2",79,72,-0.727806336343099,1.47589615578096
"dat13_24","dr","SO2",79,73,0.175731747838545,0.199774194489756
"dat13_24","dr","SO2",79,74,-0.0191630416234977,0.471305349334667
"dat13_24","dr","SO2",79,75,0.23903824101847,0.15480560507865
"dat13_24","dr","SO2",79,76,-0.0406610226991382,0.390117393183503
"dat13_24","dr","SO2",79,77,-0.0672861305114968,0.0790056083694442
"dat13_24","dr","SO2",79,78,0,NA
"dat13_24","dr","SO2",79,79,-0.327783228188029,0.0976489769315814
"dat13_24","dr","SO2",79,80,-0.291082075478542,0.166522160148313
"dat13_24","dr","SO2",79,81,-0.294593292075196,0.29062858900014
"dat13_24","dr","SO2",79,82,-0.131563468911545,0.317805509473399
"dat13_24","dr","SO2",79,83,0.0414986724064546,0.276244817188216
"dat13_24","dr","SO2",79,84,-0.0510621809702368,0.381234696273186
"dat13_24","dr","SO2",79,85,0.0686395754990442,0.37458618445661
"dat13_24","dr","SO2",79,86,0.0980163775849341,0.299220993543769
"dat13_24","dr","SO2",79,87,0.0824702468521444,0.242932858441533
"dat13_24","dr","SO2",79,88,-0.00805245002307112,0.209510609109373
"dat13_24","dr","SO2",79,89,0.0758781023009764,0.155652876669508
"dat13_24","dr","SO2",79,90,-0.146234163499921,0.124127701513334
"dat13_24","dr","SO2",79,91,-0.373437453534551,0.231270437103516
"dat13_24","dr","SO2",79,92,-0.317833784986516,0.256332392446798
"dat13_24","dr","SO2",79,93,-0.293381191931695,0.243018331878974
"dat13_24","dr","SO2",79,94,-0.2066950177432,0.345364220212874
"dat13_24","dr","SO2",79,95,-0.0601623071412773,0.351986704491615
"dat13_24","dr","SO2",79,96,-0.140070802988736,0.321713180180058
"dat13_24","dr","SO2",79,97,0.0806268878275163,0.450975181653052
"dat13_24","dr","SO2",79,98,-0.378550152434366,0.613379986679221
"dat13_24","dr","SO2",79,99,-0.26352751400029,0.539165981530836
"dat13_24","dr","SO2",79,100,-0.296323051430195,0.515798475723257
"dat13_24","dr","SO2",79,101,-0.669130387851512,0.603990758964248
"dat13_24","dr","SO2",79,102,-0.469397235725143,0.519321590249842
"dat13_24","dr","SO2",79,103,-0.617121214886092,0.511534033838742
"dat13_24","dr","SO2",79,104,-0.859484086103483,0.57671232467105
"dat13_24","dr","SO2",79,105,-0.807329959740237,0.656490548034211
"dat13_24","dr","SO2",79,106,-0.55893744931575,0.531168216310008
"dat13_24","dr","SO2",79,107,-0.578063276423583,0.663403295423759
"dat13_24","dr","SO2",79,108,-0.219464648691969,0.500586820861005
"dat13_24","dr","SO2",79,109,-0.411575022881818,0.578345608220645
"dat13_24","dr","SO2",79,110,-0.449339277542288,0.441216629213362
"dat13_24","dr","SO2",79,111,-0.488657211991728,0.481209022767175
"dat13_24","dr","SO2",79,112,-0.463864057135241,0.582216042746536
"dat13_24","dr","SO2",79,113,-0.712292870521494,0.654889937746526
"dat13_24","dr","SO2",79,114,-0.721004939052742,0.718657941534575
"dat13_24","dr","SO2",79,115,-0.814588333380791,0.748390124795775
"dat13_24","dr","SO2",79,116,-0.82066741633721,0.649538676832122
"dat13_24","dr","SO2",79,117,-0.970237754356683,0.811530419939826
"dat13_24","dr","SO2",79,118,-0.795886992121895,0.758269963182377
"dat13_24","dr","SO2",79,119,-0.780653541553993,0.754248006701381
"dat13_24","dr","SO2",79,120,-0.747425379939664,0.759260297505082
"dat13_24","dr","SO2",79,121,-0.824980118612833,0.813984125526907
"dat13_24","dr","SO2",79,122,-0.96131104812523,0.802913396769256
"dat13_24","dr","SO2",79,123,-1.11657607404222,0.873559366558187
"dat13_24","dr","SO2",79,124,-0.958502926834544,0.680793200687748
"dat13_24","dr","SO2",79,125,-1.24831527181827,0.751801763031551
"dat13_24","dr","SO2",79,126,-1.3063169032799,0.790148156682909
"dat13_24","dr","SO2",79,127,-1.2502910001602,0.86067352929028
"dat13_24","dr","SO2",79,128,-1.26324373822071,0.898633530367948
"dat13_24","dr","SO2",79,129,-1.06266637940626,0.776100028098401
"dat13_24","dr","SO2",79,130,-0.928675390002948,0.797605696025981
"dat13_24","dr","SO2",79,131,-0.780296344806455,0.770081235434771
"dat13_24","dr","SO2",79,132,-0.715089751926677,0.720955885058675
"dat13_24","dr","SO2",79,133,-0.750763645403413,0.652166506024366
"dat13_24","dr","SO2",79,134,-1.04148286810471,0.747324878709839
"dat13_24","dr","SO2",79,135,-0.874684921583799,0.667627503789227
"dat13_24","dr","SO2",79,136,-0.958605098033578,0.71288535358071
"dat13_24","dr","SO2",79,137,-0.742418472961471,0.753474812993527
"dat13_24","dr","SO2",79,138,-0.857542102925829,0.718664313994213
"dat13_24","dr","SO2",79,139,-0.86732135739809,0.753297632764799
"dat13_24","dr","SO2",79,140,-0.847913370846561,0.783529720235633
"dat13_24","dr","SO2",79,141,-0.754503693304605,0.756323107671365
"dat13_24","dr","SO2",79,142,-0.553021000973448,0.647172678942355
"dat13_24","dr","SO2",79,143,-0.718815698000258,0.647022033074146
"dat13_24","dr","SO2",79,144,-0.700550636565073,0.721072520657507
"dat13_24","dr","SO2",79,145,-0.741595514769784,0.718404801587617
"dat13_24","dr","SO2",79,146,-0.742475524539149,0.709365129399117
"dat13_24","dr","SO2",79,147,-0.830677766564805,0.707602598100798
"dat13_24","dr","SO2",79,148,-0.792157687550525,0.68303421345511
"dat13_24","dr","SO2",79,149,-0.80309265667927,0.638993837801396
"dat13_24","dr","SO2",79,150,-0.892877675556784,0.644195611619587
"dat13_24","dr","SO2",79,151,-1.00923442863247,0.706422816598869
"dat13_24","dr","SO2",79,152,-0.946595975435607,0.778973497727841
"dat13_24","dr","SO2",79,153,-0.918761543409328,0.732181175619672
"dat13_24","dr","SO2",79,154,-0.821430413558425,0.721981666927157
"dat13_24","dr","SO2",79,155,-0.800045941693006,0.610108527922222
"dat13_24","dr","SO2",79,156,-0.631320138764868,0.549414944203971
"dat13_24","dr","SO2",97,13,0.0911263882991255,0.146770810582655
"dat13_24","dr","SO2",97,14,-0.201455218323598,0.0619155586636451
"dat13_24","dr","SO2",97,15,0.0216223755149927,0.0975411594425485
"dat13_24","dr","SO2",97,16,0.133981067340621,0.147279499753086
"dat13_24","dr","SO2",97,17,0.00464599602688298,0.157857243989396
"dat13_24","dr","SO2",97,18,0.358521010280196,0.227558979883123
"dat13_24","dr","SO2",97,19,-0.267195705888477,0.553151025493551
"dat13_24","dr","SO2",97,20,-0.324949748102895,0.821418303466695
"dat13_24","dr","SO2",97,21,0.193291045789412,0.24284394302657
"dat13_24","dr","SO2",97,22,0.373746510364259,0.176951050029209
"dat13_24","dr","SO2",97,23,0.164447898297264,0.141338820861846
"dat13_24","dr","SO2",97,24,0.171419377219414,0.122212566997744
"dat13_24","dr","SO2",97,25,-0.582439935866609,0.21075473145992
"dat13_24","dr","SO2",97,26,-0.0239998319510986,1.34504601081437
"dat13_24","dr","SO2",97,27,-0.0448752770452935,4.30532722261104
"dat13_24","dr","SO2",97,28,-0.0453031399355094,0.606897837486969
"dat13_24","dr","SO2",97,29,0.582462648986475,0.184933326743672
"dat13_24","dr","SO2",97,30,-0.0330523143645172,0.19869937291061
"dat13_24","dr","SO2",97,31,0.493464015559542,0.208355818943233
"dat13_24","dr","SO2",97,32,0.500355267303735,0.167770863401526
"dat13_24","dr","SO2",97,33,0.350114024787732,0.368667365424084
"dat13_24","dr","SO2",97,34,0.10954890340754,6.97615767797364
"dat13_24","dr","SO2",97,35,-0.414383880887952,0.357136795110987
"dat13_24","dr","SO2",97,36,-0.322850548971513,0.171502978295239
"dat13_24","dr","SO2",97,37,-0.417848739868634,0.315236016815457
"dat13_24","dr","SO2",97,38,-0.399765350839363,0.30964189117425
"dat13_24","dr","SO2",97,39,0.0194642134623061,0.440564486751517
"dat13_24","dr","SO2",97,40,0.296127440186438,0.17841231578325
"dat13_24","dr","SO2",97,41,0.550363358692372,0.214096633657266
"dat13_24","dr","SO2",97,42,0.0248730037766054,0.190916347342642
"dat13_24","dr","SO2",97,43,0.245755938959576,0.211456797884782
"dat13_24","dr","SO2",97,44,0.321679615248079,0.193040575685341
"dat13_24","dr","SO2",97,45,0.477878933988801,0.172942705299769
"dat13_24","dr","SO2",97,46,0.389890505926405,0.180508260877449
"dat13_24","dr","SO2",97,47,0.120751665875761,0.133531687918424
"dat13_24","dr","SO2",97,48,0.025669373044619,0.134319944151202
"dat13_24","dr","SO2",97,49,-0.238044213209097,0.547374985639935
"dat13_24","dr","SO2",97,50,0.163577849139348,0.135672355237841
"dat13_24","dr","SO2",97,51,0.220780706171626,0.265357559374931
"dat13_24","dr","SO2",97,52,0.310145413425374,0.222526082958859
"dat13_24","dr","SO2",97,53,0.0752533004001246,0.256583269672015
"dat13_24","dr","SO2",97,54,0.348544767393373,0.215288050646431
"dat13_24","dr","SO2",97,55,-0.0947898369645048,0.363671542012675
"dat13_24","dr","SO2",97,56,0.41020926432192,0.30498356792385
"dat13_24","dr","SO2",97,57,0.483008566869661,0.525438793195429
"dat13_24","dr","SO2",97,58,0.289570574630508,0.361473405002237
"dat13_24","dr","SO2",97,59,0.356012734249031,0.123474135776918
"dat13_24","dr","SO2",97,60,0.151098287649249,0.176989510350567
"dat13_24","dr","SO2",97,61,0.213664923563277,0.34609874077714
"dat13_24","dr","SO2",97,62,0.209427041498293,0.238611784210406
"dat13_24","dr","SO2",97,63,0.430901829966862,0.416756863988483
"dat13_24","dr","SO2",97,64,0.433388257358028,0.226848961772153
"dat13_24","dr","SO2",97,65,0.344998987151717,0.667417478263937
"dat13_24","dr","SO2",97,66,0.391616521217495,0.654535831246029
"dat13_24","dr","SO2",97,67,0.237236916848997,0.572390070035291
"dat13_24","dr","SO2",97,68,0.161407686382256,0.382884686472618
"dat13_24","dr","SO2",97,69,0.407924222008147,0.223891133917514
"dat13_24","dr","SO2",97,70,0.216886384253558,0.670084027389897
"dat13_24","dr","SO2",97,71,0.123880018952212,0.0820887822913312
"dat13_24","dr","SO2",97,72,0.209477059016535,0.137169604576602
"dat13_24","dr","SO2",97,73,0.126570829213687,0.294256935994695
"dat13_24","dr","SO2",97,74,0.0385621514444364,0.286849033980285
"dat13_24","dr","SO2",97,75,0.193650689398474,0.101594930458947
"dat13_24","dr","SO2",97,76,0.0965287921364502,0.112838205578721
"dat13_24","dr","SO2",97,77,-0.0964177985000255,0.470624878941691
"dat13_24","dr","SO2",97,78,0.157609187435744,0.354216143486227
"dat13_24","dr","SO2",97,79,-0.136858584409819,0.360393472253713
"dat13_24","dr","SO2",97,80,-0.0427737332560714,0.925019224628557
"dat13_24","dr","SO2",97,81,-0.0416535559413324,1.19107032565606
"dat13_24","dr","SO2",97,82,0.0738261301998777,0.416166276914467
"dat13_24","dr","SO2",97,83,-0.240184461473816,0.120063522603826
"dat13_24","dr","SO2",97,84,-0.0269911859773404,0.144146675054741
"dat13_24","dr","SO2",97,85,-0.146366799473096,0.104658361971153
"dat13_24","dr","SO2",97,86,-0.0841290119471118,0.173222684784968
"dat13_24","dr","SO2",97,87,-0.00740389654469747,0.155484506015485
"dat13_24","dr","SO2",97,88,-0.115100739854271,0.191444610141907
"dat13_24","dr","SO2",97,89,-0.252441235947445,0.29967782403246
"dat13_24","dr","SO2",97,90,-0.289760501128008,0.414303300915453
"dat13_24","dr","SO2",97,91,-0.135922561241328,0.194617458341583
"dat13_24","dr","SO2",97,92,0.00118800644318059,0.226811638599982
"dat13_24","dr","SO2",97,93,-0.0488146910994011,0.166202608517475
"dat13_24","dr","SO2",97,94,-0.194499829734304,0.248298011995571
"dat13_24","dr","SO2",97,95,0.0119856926853545,0.0994740111168941
"dat13_24","dr","SO2",97,96,0,NA
"dat13_24","dr","SO2",97,97,0.0591438499422048,0.0649596219902131
"dat13_24","dr","SO2",97,98,0.0254678957269575,0.0995416969093899
"dat13_24","dr","SO2",97,99,-0.0500534018852634,0.115846370887486
"dat13_24","dr","SO2",97,100,-0.149302967282978,0.121455087294709
"dat13_24","dr","SO2",97,101,-0.178777426671576,0.142900088393895
"dat13_24","dr","SO2",97,102,0.00300560874620663,0.116591262353163
"dat13_24","dr","SO2",97,103,-0.164344295388341,0.10185264823579
"dat13_24","dr","SO2",97,104,-0.0996756876531237,0.0682438817982436
"dat13_24","dr","SO2",97,105,-0.205359665276699,0.0908137019274219
"dat13_24","dr","SO2",97,106,-0.153607966648323,0.0908701567130019
"dat13_24","dr","SO2",97,107,-0.144708110950951,0.0958869636162869
"dat13_24","dr","SO2",97,108,-0.0833842938723736,0.116579860343248
"dat13_24","dr","SO2",97,109,-0.13509542591128,0.0940266756250343
"dat13_24","dr","SO2",97,110,-0.200432630892509,0.0955770272441383
"dat13_24","dr","SO2",97,111,-0.207116064196225,0.091440375428621
"dat13_24","dr","SO2",97,112,-0.152732271544872,0.0956171649223323
"dat13_24","dr","SO2",97,113,-0.182021263752082,0.0904097858891294
"dat13_24","dr","SO2",97,114,-0.182375805558424,0.12669853229553
"dat13_24","dr","SO2",97,115,-0.147407957431358,0.114150839145233
"dat13_24","dr","SO2",97,116,-0.123626217802766,0.138806065869475
"dat13_24","dr","SO2",97,117,-0.114155102214413,0.140334425297744
"dat13_24","dr","SO2",97,118,0.0315961717349277,0.110483130102322
"dat13_24","dr","SO2",97,119,-0.151747104287765,0.125927970678473
"dat13_24","dr","SO2",97,120,-0.290753002729348,0.127936024716184
"dat13_24","dr","SO2",97,121,-0.281329436150381,0.136422577075684
"dat13_24","dr","SO2",97,122,-0.346192047039284,0.135199270804357
"dat13_24","dr","SO2",97,123,-0.351871526300499,0.120755313003539
"dat13_24","dr","SO2",97,124,-0.308352316082721,0.105915288316187
"dat13_24","dr","SO2",97,125,-0.379360052759986,0.148145802760696
"dat13_24","dr","SO2",97,126,-0.386297252177648,0.14025313957406
"dat13_24","dr","SO2",97,127,-0.381343128009502,0.151603312444186
"dat13_24","dr","SO2",97,128,-0.347622690106318,0.143781644929895
"dat13_24","dr","SO2",97,129,-0.330251075805504,0.145394024109943
"dat13_24","dr","SO2",97,130,-0.232772674166937,0.127692302178083
"dat13_24","dr","SO2",97,131,-0.209542357624593,0.0998459683039279
"dat13_24","dr","SO2",97,132,-0.306968230481323,0.106948122727088
"dat13_24","dr","SO2",97,133,-0.335183920093533,0.12586556017495
"dat13_24","dr","SO2",97,134,-0.41936461592554,0.134059440241937
"dat13_24","dr","SO2",97,135,-0.295835015745129,0.125174702594909
"dat13_24","dr","SO2",97,136,-0.298755001122441,0.127818613937034
"dat13_24","dr","SO2",97,137,-0.195515202993167,0.11449318662107
"dat13_24","dr","SO2",97,138,-0.230242681935144,0.125835518518246
"dat13_24","dr","SO2",97,139,-0.180465898424602,0.0914315469798951
"dat13_24","dr","SO2",97,140,-0.217871009818329,0.114177343344102
"dat13_24","dr","SO2",97,141,-0.159052525947351,0.131073222456661
"dat13_24","dr","SO2",97,142,-0.130199709149661,0.118926543305869
"dat13_24","dr","SO2",97,143,-0.206554456503785,0.119382236629499
"dat13_24","dr","SO2",97,144,-0.245508577754328,0.140218508054369
"dat13_24","dr","SO2",97,145,-0.267623966479334,0.123167868175687
"dat13_24","dr","SO2",97,146,-0.267475553922844,0.126528203616536
"dat13_24","dr","SO2",97,147,-0.231492709111236,0.129922204967285
"dat13_24","dr","SO2",97,148,-0.271817776314519,0.13942875722262
"dat13_24","dr","SO2",97,149,-0.226243285463124,0.134754099937385
"dat13_24","dr","SO2",97,150,-0.164251622315884,0.132541974598625
"dat13_24","dr","SO2",97,151,-0.194516306364345,0.136907653688389
"dat13_24","dr","SO2",97,152,-0.1883147690685,0.146333955079241
"dat13_24","dr","SO2",97,153,-0.315481526607905,0.139557836213023
"dat13_24","dr","SO2",97,154,-0.308781404573453,0.108010225667317
"dat13_24","dr","SO2",97,155,-0.283044294163246,0.0895391010515533
"dat13_24","dr","SO2",97,156,-0.250938288181977,0.0695594735547871
"dat13_24","dr","O3",61,13,0.526339869194705,30.2151568762712
"dat13_24","dr","O3",61,14,0.831647723570686,34.0099279175489
"dat13_24","dr","O3",61,15,1.05902475263172,43.991408494881
"dat13_24","dr","O3",61,16,0.820840248891162,12.2730166992409
"dat13_24","dr","O3",61,17,1.32380997167064,31.2123830921401
"dat13_24","dr","O3",61,18,0.568092176832187,28.6993156541891
"dat13_24","dr","O3",61,19,-1.33374217307365,24.4378041992748
"dat13_24","dr","O3",61,20,-0.853216971849575,21.5898566093212
"dat13_24","dr","O3",61,21,1.00950595731966,36.0519205168754
"dat13_24","dr","O3",61,22,0.693304332399771,16.065398094375
"dat13_24","dr","O3",61,23,-0.619372546861851,10.0793709322213
"dat13_24","dr","O3",61,24,-0.510058127964397,21.8095924125103
"dat13_24","dr","O3",61,25,-0.410438138271375,18.8935493456622
"dat13_24","dr","O3",61,26,0.574578585212514,43.8403326739678
"dat13_24","dr","O3",61,27,0.389687307217498,37.3889634808631
"dat13_24","dr","O3",61,28,1.72088430177293,21.5627206647792
"dat13_24","dr","O3",61,29,2.55306734044193,79.3304044714825
"dat13_24","dr","O3",61,30,2.43780531318259,53.6899040115301
"dat13_24","dr","O3",61,31,5.48664689322327,58.1793119763958
"dat13_24","dr","O3",61,32,-1.26714318728081,26.029036250477
"dat13_24","dr","O3",61,33,0.589624518310995,45.4257967051514
"dat13_24","dr","O3",61,34,-0.437188656491952,16.4815416971122
"dat13_24","dr","O3",61,35,0.261675277555134,14.2628882531033
"dat13_24","dr","O3",61,36,0.0606279901296439,29.8558426101365
"dat13_24","dr","O3",61,37,-0.00168909661037697,11.3397116913579
"dat13_24","dr","O3",61,38,-0.762868367401426,53.6960766490281
"dat13_24","dr","O3",61,39,0.189001653585539,27.0211600129682
"dat13_24","dr","O3",61,40,-0.359130982620264,6.66417983590249
"dat13_24","dr","O3",61,41,0.432329498155668,34.7282312302236
"dat13_24","dr","O3",61,42,-1.28831906047972,12.4317639370485
"dat13_24","dr","O3",61,43,-3.53705265577375,42.9129792440554
"dat13_24","dr","O3",61,44,-1.23964671730064,38.9739812198005
"dat13_24","dr","O3",61,45,0.587706987190022,7.8918600409532
"dat13_24","dr","O3",61,46,0.411245222821829,2.13005109657137
"dat13_24","dr","O3",61,47,0.33316196996494,9.55848285246461
"dat13_24","dr","O3",61,48,-0.0735758656270428,10.6295917412806
"dat13_24","dr","O3",61,49,0.615948146728982,15.3465872944079
"dat13_24","dr","O3",61,50,0.435388131494301,12.6417893797329
"dat13_24","dr","O3",61,51,0.504331438398221,20.0523051410807
"dat13_24","dr","O3",61,52,0.130259798772984,11.078242992834
"dat13_24","dr","O3",61,53,1.07042753932779,16.8062615609797
"dat13_24","dr","O3",61,54,0.717789328207525,16.1622885225024
"dat13_24","dr","O3",61,55,-2.83542423029478,10.8318886887441
"dat13_24","dr","O3",61,56,-3.94609034989968,12.9772143412195
"dat13_24","dr","O3",61,57,-1.3970906550209,18.1393598048241
"dat13_24","dr","O3",61,58,0.102168064064319,7.40308458575964
"dat13_24","dr","O3",61,59,-0.495915577579986,5.0869937176571
"dat13_24","dr","O3",61,60,0,NA
"dat13_24","dr","O3",61,61,0.51149794862597,9.65631601511385
"dat13_24","dr","O3",61,62,-0.0032103644702117,9.43838273462299
"dat13_24","dr","O3",61,63,0.438387903341252,16.1117356818125
"dat13_24","dr","O3",61,64,1.00444920645825,5.59426278848164
"dat13_24","dr","O3",61,65,1.22368595936764,3.70298869741195
"dat13_24","dr","O3",61,66,2.05817070529188,15.6100092059648
"dat13_24","dr","O3",61,67,0.153531101139568,11.3346514595069
"dat13_24","dr","O3",61,68,0.141102033160842,10.9952599580177
"dat13_24","dr","O3",61,69,1.15239182339949,10.6226935140049
"dat13_24","dr","O3",61,70,1.54566682779976,26.9676700279576
"dat13_24","dr","O3",61,71,0.962948701802915,22.7813827309827
"dat13_24","dr","O3",61,72,0.613573468165097,21.7519054355317
"dat13_24","dr","O3",61,73,0.894077509963228,4.78060310214583
"dat13_24","dr","O3",61,74,0.631211021904258,3.5810904942994
"dat13_24","dr","O3",61,75,0.489027732012501,18.3589800887356
"dat13_24","dr","O3",61,76,0.087962163658997,20.5581252077788
"dat13_24","dr","O3",61,77,-2.00209515002426,11.3011946660253
"dat13_24","dr","O3",61,78,-1.96815624995194,22.2897683011551
"dat13_24","dr","O3",61,79,-2.56020535088993,56.2106824793096
"dat13_24","dr","O3",61,80,1.3665057305069,38.0756779966344
"dat13_24","dr","O3",61,81,1.94153847687336,3.96469975571243
"dat13_24","dr","O3",61,82,1.34836146793236,12.80852960801
"dat13_24","dr","O3",61,83,2.21037572837083,20.1870744137392
"dat13_24","dr","O3",61,84,1.76899753214151,10.0768043492237
"dat13_24","dr","O3",61,85,1.55298017649189,19.9799073348178
"dat13_24","dr","O3",61,86,-0.727007784213041,10.9516970841867
"dat13_24","dr","O3",61,87,-1.33580670354675,31.4207401515256
"dat13_24","dr","O3",61,88,-3.53231874579121,21.8716442938589
"dat13_24","dr","O3",61,89,-4.05463859121635,23.0579839349998
"dat13_24","dr","O3",61,90,-3.05173151461815,39.053249296529
"dat13_24","dr","O3",61,91,-0.542959769989173,23.8235493141118
"dat13_24","dr","O3",61,92,-0.937697829178645,20.9670073049812
"dat13_24","dr","O3",61,93,-0.847068540124955,13.0574036630117
"dat13_24","dr","O3",61,94,0.423464014809491,4.23416532689577
"dat13_24","dr","O3",61,95,0.22537479931241,10.3230364333185
"dat13_24","dr","O3",61,96,1.59272964526428,12.7141634793243
"dat13_24","dr","O3",61,97,-1.06117656728435,4.55332847723849
"dat13_24","dr","O3",61,98,-1.71070055389761,8.57230186574378
"dat13_24","dr","O3",61,99,-3.05974971750058,8.53928657138284
"dat13_24","dr","O3",61,100,-3.86089963072646,13.9517019758177
"dat13_24","dr","O3",61,101,-1.43558558923426,19.1364520474308
"dat13_24","dr","O3",61,102,-0.40638668146208,24.5479712775062
"dat13_24","dr","O3",61,103,3.53206206342443,10.7539089812822
"dat13_24","dr","O3",61,104,-2.66348034773749,18.1249182497523
"dat13_24","dr","O3",61,105,0.46549290973937,7.87657734305953
"dat13_24","dr","O3",61,106,0.503603053033397,7.00103286943239
"dat13_24","dr","O3",61,107,1.27426158691687,8.59614702022592
"dat13_24","dr","O3",61,108,1.65415739662701,11.8209937225615
"dat13_24","dr","O3",61,109,-1.55918238623791,4.99825895047531
"dat13_24","dr","O3",61,110,-1.61989921772835,8.48111199001147
"dat13_24","dr","O3",61,111,-4.19858467854641,9.34168865731065
"dat13_24","dr","O3",61,112,-3.86760321979049,29.8608724947283
"dat13_24","dr","O3",61,113,-0.706784642370998,22.2244975539809
"dat13_24","dr","O3",61,114,-0.212926500171329,49.474778250261
"dat13_24","dr","O3",61,115,6.55836121915106,28.0078412642018
"dat13_24","dr","O3",61,116,2.87994261225606,15.7160290812858
"dat13_24","dr","O3",61,117,1.80764879810556,22.7025468036273
"dat13_24","dr","O3",61,118,1.74975445713236,11.3762874246429
"dat13_24","dr","O3",61,119,1.54631916864816,2.68484979896801
"dat13_24","dr","O3",61,120,0.437636845314857,10.4990737196893
"dat13_24","dr","O3",61,121,0.689041508864342,16.4774438624691
"dat13_24","dr","O3",61,122,-2.1045617756466,26.759489255439
"dat13_24","dr","O3",61,123,-3.6012109438267,36.1041225147372
"dat13_24","dr","O3",61,124,-1.77067682329996,40.9601518790923
"dat13_24","dr","O3",61,125,-3.20903871541788,55.835734259282
"dat13_24","dr","O3",61,126,-2.98559595953397,48.7770767874383
"dat13_24","dr","O3",61,127,6.28744854606703,36.4560921972075
"dat13_24","dr","O3",61,128,2.22280941463467,8.05694977731017
"dat13_24","dr","O3",61,129,3.15916540407156,12.2249798723425
"dat13_24","dr","O3",61,130,0.829855111207743,17.312719712798
"dat13_24","dr","O3",61,131,1.15018973130946,14.1589112728365
"dat13_24","dr","O3",61,132,0.967072361292782,14.5540409147411
"dat13_24","dr","O3",61,133,0.52173687842025,12.1753423267732
"dat13_24","dr","O3",61,134,-0.616669381876055,18.2401473227652
"dat13_24","dr","O3",61,135,-3.19439225589524,36.4820614670258
"dat13_24","dr","O3",61,136,-3.00359699381309,36.8737608669411
"dat13_24","dr","O3",61,137,-2.94565901636631,35.0030029147729
"dat13_24","dr","O3",61,138,1.53829052913874,36.9908705186564
"dat13_24","dr","O3",61,139,4.69647003928214,15.2511785751068
"dat13_24","dr","O3",61,140,3.67057451483079,25.899971775619
"dat13_24","dr","O3",61,141,3.30963921156511,24.9990476279381
"dat13_24","dr","O3",61,142,2.43276735974499,19.5313250115476
"dat13_24","dr","O3",61,143,1.29927251680824,4.67182010366164
"dat13_24","dr","O3",61,144,-0.00299844445354325,7.58560652661893
"dat13_24","dr","O3",61,145,0.403710790976273,15.3226400704385
"dat13_24","dr","O3",61,146,-0.93660009527013,19.3216482723181
"dat13_24","dr","O3",61,147,-2.30050765183198,26.8438888760411
"dat13_24","dr","O3",61,148,-1.20732507602593,24.5498096641317
"dat13_24","dr","O3",61,149,-1.03005036354487,35.3358508163182
"dat13_24","dr","O3",61,150,2.7577089810012,24.5392590535766
"dat13_24","dr","O3",61,151,5.13334169893476,17.073165431268
"dat13_24","dr","O3",61,152,6.29855891847164,25.0997783742174
"dat13_24","dr","O3",61,153,2.22471228096215,26.3649789553034
"dat13_24","dr","O3",61,154,2.67018747270002,13.9850116106047
"dat13_24","dr","O3",61,155,1.299874393938,14.0798141561924
"dat13_24","dr","O3",61,156,-1.26174743399659,17.9996365346071
"dat13_24","dr","O3",79,13,-0.610155324696411,0.67729058704255
"dat13_24","dr","O3",79,14,-1.28595728777915,0.792389166878078
"dat13_24","dr","O3",79,15,-0.213171282165094,0.93228107386569
"dat13_24","dr","O3",79,16,-4.77898440373454,9.64433055789132
"dat13_24","dr","O3",79,17,-2.43339871634475,0.863903260924671
"dat13_24","dr","O3",79,18,1.21458889084251,0.638319054190819
"dat13_24","dr","O3",79,19,1.00722980702574,3.53207105402867
"dat13_24","dr","O3",79,20,-0.300042780053317,1.32685504342226
"dat13_24","dr","O3",79,21,-1.50505038914806,1.78190246245555
"dat13_24","dr","O3",79,22,0.33964865130229,0.673298282982175
"dat13_24","dr","O3",79,23,-0.304782457383652,0.597559254647123
"dat13_24","dr","O3",79,24,-2.35915379338907,0.540067184833073
"dat13_24","dr","O3",79,25,-1.73298150151546,0.731286493818664
"dat13_24","dr","O3",79,26,-2.03107922932142,0.714670028689602
"dat13_24","dr","O3",79,27,-0.0294416826743544,2.9562420132716
"dat13_24","dr","O3",79,28,-3.19335286417271,1.61714645977055
"dat13_24","dr","O3",79,29,-0.389270865188371,0.509203170892997
"dat13_24","dr","O3",79,30,-0.946826521096997,0.451168689269291
"dat13_24","dr","O3",79,31,5.47260908213275,1.32221400499539
"dat13_24","dr","O3",79,32,-0.365334557096163,2.50844445962284
"dat13_24","dr","O3",79,33,-1.86508790215606,0.499938382833685
"dat13_24","dr","O3",79,34,-2.86382458856501,0.71817054223694
"dat13_24","dr","O3",79,35,-1.83129896947546,2.31929885938214
"dat13_24","dr","O3",79,36,-1.92790446184338,0.933875731992173
"dat13_24","dr","O3",79,37,-0.411599132103878,4.25277279026837
"dat13_24","dr","O3",79,38,-1.95107555436036,0.930074420375109
"dat13_24","dr","O3",79,39,-2.78037185639044,1.27369609455972
"dat13_24","dr","O3",79,40,-1.10248495933872,0.702505776886924
"dat13_24","dr","O3",79,41,0.292163102116831,0.70786302189847
"dat13_24","dr","O3",79,42,1.4723034174609,2.56829722763038
"dat13_24","dr","O3",79,43,1.75693549401414,2.03626977061166
"dat13_24","dr","O3",79,44,1.43358166560325,4.03249438084739
"dat13_24","dr","O3",79,45,-0.866853196899389,0.625733598906158
"dat13_24","dr","O3",79,46,-2.03699832141627,1.76641020856843
"dat13_24","dr","O3",79,47,-3.19659546297159,0.784735115082648
"dat13_24","dr","O3",79,48,-0.674722668447903,2.40888469534233
"dat13_24","dr","O3",79,49,-0.112653633947249,2.51333854920795
"dat13_24","dr","O3",79,50,-0.716368468906594,0.370456027409052
"dat13_24","dr","O3",79,51,-0.32631061490379,3.57080120059833
"dat13_24","dr","O3",79,52,-0.820319032755535,2.22559679561483
"dat13_24","dr","O3",79,53,-0.260622642984329,0.668134633151499
"dat13_24","dr","O3",79,54,2.69341990233596,2.95328788263134
"dat13_24","dr","O3",79,55,-0.384623573623043,0.579091755123832
"dat13_24","dr","O3",79,56,0.102902165499449,2.12819445392979
"dat13_24","dr","O3",79,57,-0.0998590174136425,1.38982645050209
"dat13_24","dr","O3",79,58,-0.46172588429661,1.67348181490829
"dat13_24","dr","O3",79,59,-0.00507853028123262,4.01549773038627
"dat13_24","dr","O3",79,60,0.426893995020423,3.25694499618848
"dat13_24","dr","O3",79,61,-1.06749289392722,0.444392332263191
"dat13_24","dr","O3",79,62,-0.208953116344207,0.988727167072904
"dat13_24","dr","O3",79,63,0.080339990081394,0.69768748593049
"dat13_24","dr","O3",79,64,1.0737546281882,2.0149857747133
"dat13_24","dr","O3",79,65,1.44102245003648,0.90282517526028
"dat13_24","dr","O3",79,66,1.37260993630619,0.377970840985986
"dat13_24","dr","O3",79,67,1.18644111336131,0.641223663131365
"dat13_24","dr","O3",79,68,2.35091738601262,1.98217757506595
"dat13_24","dr","O3",79,69,2.06297210012765,1.58044819475104
"dat13_24","dr","O3",79,70,-1.17417585043044,1.45996407265117
"dat13_24","dr","O3",79,71,0.214616593248516,1.50219754110879
"dat13_24","dr","O3",79,72,4.24403715468774,7.22325653591271
"dat13_24","dr","O3",79,73,-0.613625834488003,0.650601761971528
"dat13_24","dr","O3",79,74,1.00575411799066,1.91343234346591
"dat13_24","dr","O3",79,75,0.341772314935506,0.388722952791741
"dat13_24","dr","O3",79,76,-1.49949857779217,1.54375190158266
"dat13_24","dr","O3",79,77,-0.0812074287317516,0.517154091434946
"dat13_24","dr","O3",79,78,0,NA
"dat13_24","dr","O3",79,79,0.291735652729787,1.03060975220932
"dat13_24","dr","O3",79,80,3.96711484035646,2.20463606631429
"dat13_24","dr","O3",79,81,2.53615216480442,1.24661557021595
"dat13_24","dr","O3",79,82,1.29685717746522,0.78771784233784
"dat13_24","dr","O3",79,83,1.48320064419642,0.654448040168371
"dat13_24","dr","O3",79,84,1.35353582735991,0.554333688089896
"dat13_24","dr","O3",79,85,0.517810619322564,0.651376219208402
"dat13_24","dr","O3",79,86,0.0662136831057658,0.550549738612966
"dat13_24","dr","O3",79,87,0.00150634269315153,0.587030177885099
"dat13_24","dr","O3",79,88,0.375383775473194,0.68921048667885
"dat13_24","dr","O3",79,89,1.14311447732986,1.17674330373998
"dat13_24","dr","O3",79,90,1.7935538904025,1.53787428094802
"dat13_24","dr","O3",79,91,3.08288438614655,1.85568249416434
"dat13_24","dr","O3",79,92,3.49833800778471,1.85690125985012
"dat13_24","dr","O3",79,93,1.60166332958506,1.09031398003092
"dat13_24","dr","O3",79,94,1.64472276475066,1.27545444333418
"dat13_24","dr","O3",79,95,1.20165354070807,0.938000977624318
"dat13_24","dr","O3",79,96,1.2010700060536,0.595152929286254
"dat13_24","dr","O3",79,97,1.15169277925858,0.905922285479405
"dat13_24","dr","O3",79,98,1.515647997314,0.862970066908238
"dat13_24","dr","O3",79,99,3.01613450348351,1.87088706315471
"dat13_24","dr","O3",79,100,3.96243559286113,1.52881446837191
"dat13_24","dr","O3",79,101,4.60350673122384,1.6299332470862
"dat13_24","dr","O3",79,102,8.30053822863797,2.96141458579832
"dat13_24","dr","O3",79,103,9.43427625425149,3.16477069861463
"dat13_24","dr","O3",79,104,3.81940244686991,2.61506795705226
"dat13_24","dr","O3",79,105,4.14825227193333,2.44598890298873
"dat13_24","dr","O3",79,106,1.412262554834,1.09061405085898
"dat13_24","dr","O3",79,107,2.07851286144829,1.00531325165563
"dat13_24","dr","O3",79,108,2.04228279307604,0.818814235483383
"dat13_24","dr","O3",79,109,1.2241256517733,0.985949867479203
"dat13_24","dr","O3",79,110,1.49330216660439,1.91737017237543
"dat13_24","dr","O3",79,111,0.909701139016275,1.82830235702463
"dat13_24","dr","O3",79,112,3.18065562920516,2.01673019382608
"dat13_24","dr","O3",79,113,2.84682128713145,0.570995794843511
"dat13_24","dr","O3",79,114,6.22085720217496,1.60212867289483
"dat13_24","dr","O3",79,115,13.3594953192855,3.45409909930188
"dat13_24","dr","O3",79,116,8.03094264965426,3.58085041648271
"dat13_24","dr","O3",79,117,5.19989762952447,2.58838056142069
"dat13_24","dr","O3",79,118,1.64091985966469,0.945938739819568
"dat13_24","dr","O3",79,119,1.81244986073213,1.07139208522171
"dat13_24","dr","O3",79,120,0.86568555429746,0.669179025019509
"dat13_24","dr","O3",79,121,1.13223151156887,0.75437110111988
"dat13_24","dr","O3",79,122,-0.0734342392491633,0.706732416250516
"dat13_24","dr","O3",79,123,-1.69425829498126,0.634256832551323
"dat13_24","dr","O3",79,124,3.84944468365919,1.74860258510936
"dat13_24","dr","O3",79,125,2.04171117182224,1.11640543953169
"dat13_24","dr","O3",79,126,4.63399392377115,1.83790986076239
"dat13_24","dr","O3",79,127,10.0392119842429,2.54440066537085
"dat13_24","dr","O3",79,128,7.7933443727881,3.61454812421227
"dat13_24","dr","O3",79,129,7.23645127917172,2.83992462577881
"dat13_24","dr","O3",79,130,1.80415830931261,0.723344634592524
"dat13_24","dr","O3",79,131,0.599672828146454,0.647264977638317
"dat13_24","dr","O3",79,132,0.729253303123947,0.696578808688368
"dat13_24","dr","O3",79,133,0.0799786262492229,0.759302996049522
"dat13_24","dr","O3",79,134,1.48010938653838,0.899701376119695
"dat13_24","dr","O3",79,135,1.94351615915427,1.0239002566428
"dat13_24","dr","O3",79,136,3.5075315043028,1.43486191324604
"dat13_24","dr","O3",79,137,4.75830668220059,2.01233453226129
"dat13_24","dr","O3",79,138,8.19155696175659,1.958726667944
"dat13_24","dr","O3",79,139,11.4854196640317,3.06549040764363
"dat13_24","dr","O3",79,140,8.74127289875672,2.76817345910087
"dat13_24","dr","O3",79,141,7.10690213116644,2.06728688070107
"dat13_24","dr","O3",79,142,1.5369826768648,0.688836845821962
"dat13_24","dr","O3",79,143,2.39369594026356,0.778317141439374
"dat13_24","dr","O3",79,144,0.850267306511133,0.697510058812794
"dat13_24","dr","O3",79,145,1.6351902910112,0.68861115458868
"dat13_24","dr","O3",79,146,2.1421406854883,1.24948857292109
"dat13_24","dr","O3",79,147,2.87296390131533,1.6695063860984
"dat13_24","dr","O3",79,148,7.21992488547447,3.44230542563536
"dat13_24","dr","O3",79,149,4.56553437367922,1.43586892267094
"dat13_24","dr","O3",79,150,9.32164143693926,2.64586532908259
"dat13_24","dr","O3",79,151,10.2063076745875,3.18416131893158
"dat13_24","dr","O3",79,152,12.0209862054762,3.6203245908642
"dat13_24","dr","O3",79,153,7.91906315835184,2.95814387101087
"dat13_24","dr","O3",79,154,3.12972719377388,1.13954788708851
"dat13_24","dr","O3",79,155,2.31203762378619,1.1124303615736
"dat13_24","dr","O3",79,156,-0.275689749170014,0.827458369918661
"dat13_24","dr","O3",97,13,0.483467248160272,0.742054812239217
"dat13_24","dr","O3",97,14,-0.344855227855113,0.381275719676921
"dat13_24","dr","O3",97,15,0.479103196570988,0.405245330512494
"dat13_24","dr","O3",97,16,0.489899071009822,0.458759734055359
"dat13_24","dr","O3",97,17,1.04316032024936,0.629146691022184
"dat13_24","dr","O3",97,18,0.252698981614201,0.678851945073298
"dat13_24","dr","O3",97,19,1.54946536804052,0.857607988608876
"dat13_24","dr","O3",97,20,0.870100293416035,0.941770020698605
"dat13_24","dr","O3",97,21,0.617788764061503,1.04266324241272
"dat13_24","dr","O3",97,22,0.537155945952071,0.416694477851142
"dat13_24","dr","O3",97,23,-0.215396444140013,0.502083433489322
"dat13_24","dr","O3",97,24,0.362211151507663,0.384990720092139
"dat13_24","dr","O3",97,25,-0.00648583006952208,0.497958098467379
"dat13_24","dr","O3",97,26,-1.07410777888049,21.2861720135537
"dat13_24","dr","O3",97,27,1.17028902951505,29.4824896460643
"dat13_24","dr","O3",97,28,1.90852760071894,1.76851263782912
"dat13_24","dr","O3",97,29,0.750204293780702,0.699175740585061
"dat13_24","dr","O3",97,30,2.11101390781285,0.441105622211948
"dat13_24","dr","O3",97,31,5.23419560382006,0.957801457263801
"dat13_24","dr","O3",97,32,1.89118255426784,0.632114971174071
"dat13_24","dr","O3",97,33,0.906276539167268,0.373430126102561
"dat13_24","dr","O3",97,34,1.69938197108585,14.7081419878861
"dat13_24","dr","O3",97,35,0.822521560562981,0.72575455887795
"dat13_24","dr","O3",97,36,0.955193607094131,0.252664695979042
"dat13_24","dr","O3",97,37,0.271607171549963,0.49600591610465
"dat13_24","dr","O3",97,38,-0.171089630003567,0.605429282653771
"dat13_24","dr","O3",97,39,0.115781429793459,0.665921471083461
"dat13_24","dr","O3",97,40,0.109601903221421,0.450940488948737
"dat13_24","dr","O3",97,41,0.861710825838414,0.597280751953485
"dat13_24","dr","O3",97,42,0.945587649849449,0.456005890383453
"dat13_24","dr","O3",97,43,2.73604841106068,0.86554112739692
"dat13_24","dr","O3",97,44,2.98875857511138,0.638707223752346
"dat13_24","dr","O3",97,45,1.50069780807206,0.497534432667606
"dat13_24","dr","O3",97,46,-0.232332414141819,0.438231505587941
"dat13_24","dr","O3",97,47,-0.0632575597310321,0.516117911503927
"dat13_24","dr","O3",97,48,0.245912203211671,0.762528636980559
"dat13_24","dr","O3",97,49,0.411018528809914,1.317114117124
"dat13_24","dr","O3",97,50,0.28010617554692,0.951025430318994
"dat13_24","dr","O3",97,51,0.43909335450027,0.638516742219585
"dat13_24","dr","O3",97,52,-0.936836025755291,0.994983604679803
"dat13_24","dr","O3",97,53,-1.35573384334008,1.51185252389203
"dat13_24","dr","O3",97,54,-0.151866455725295,1.00269133436817
"dat13_24","dr","O3",97,55,1.59205128341609,0.778422970433209
"dat13_24","dr","O3",97,56,0.819345149546992,0.958022144733979
"dat13_24","dr","O3",97,57,0.371259095056009,1.37018628794442
"dat13_24","dr","O3",97,58,0.149617715401617,0.592676078211602
"dat13_24","dr","O3",97,59,1.12061156563946,0.577822127293257
"dat13_24","dr","O3",97,60,0.409744623452687,0.43718900266248
"dat13_24","dr","O3",97,61,0.0322034145052524,1.48914222042478
"dat13_24","dr","O3",97,62,-0.519031168307473,1.02718035862586
"dat13_24","dr","O3",97,63,-0.858747496067363,2.36522962231007
"dat13_24","dr","O3",97,64,-1.13731178706059,1.15413643763916
"dat13_24","dr","O3",97,65,-1.59118671364901,2.30997609015667
"dat13_24","dr","O3",97,66,-1.24804680381482,1.64676244812196
"dat13_24","dr","O3",97,67,-0.94965276415814,5.24393743273248
"dat13_24","dr","O3",97,68,1.22480042483109,1.04260426977834
"dat13_24","dr","O3",97,69,-1.01621057117448,0.710607431021243
"dat13_24","dr","O3",97,70,-1.04427217730589,0.989426500821163
"dat13_24","dr","O3",97,71,-0.167324898105173,0.542635343166047
"dat13_24","dr","O3",97,72,-0.374445896447929,0.446045596026896
"dat13_24","dr","O3",97,73,0.225670263590001,0.518897768885457
"dat13_24","dr","O3",97,74,-0.463126980437139,0.735606761809675
"dat13_24","dr","O3",97,75,0.580196260573997,0.714921509896059
"dat13_24","dr","O3",97,76,-0.267129877576288,1.71623602105436
"dat13_24","dr","O3",97,77,0.0810852784268796,0.778365330376509
"dat13_24","dr","O3",97,78,-0.178442910234298,0.99972876436665
"dat13_24","dr","O3",97,79,1.12213763778438,1.38918456106703
"dat13_24","dr","O3",97,80,2.81209539864851,1.71771602272896
"dat13_24","dr","O3",97,81,0.601816053562152,1.60605237807931
"dat13_24","dr","O3",97,82,0.902849676464405,1.84662190626951
"dat13_24","dr","O3",97,83,1.02223362151298,0.312596059553288
"dat13_24","dr","O3",97,84,0.496434710834719,0.563165173287391
"dat13_24","dr","O3",97,85,-0.0533782163120396,0.127402617658702
"dat13_24","dr","O3",97,86,0.119637383298092,0.403600795832051
"dat13_24","dr","O3",97,87,0.144360895106245,0.428613639483511
"dat13_24","dr","O3",97,88,0.416551679317181,0.38031969798413
"dat13_24","dr","O3",97,89,1.76513039766835,0.495386517665439
"dat13_24","dr","O3",97,90,2.97907890123192,0.68973289209774
"dat13_24","dr","O3",97,91,4.65293042416652,0.607429498086277
"dat13_24","dr","O3",97,92,2.98725016816526,0.621420271900958
"dat13_24","dr","O3",97,93,1.6335102296331,0.471562788749651
"dat13_24","dr","O3",97,94,0.727443173798408,0.226391523560238
"dat13_24","dr","O3",97,95,0.266574180716718,0.197297633130123
"dat13_24","dr","O3",97,96,0,NA
"dat13_24","dr","O3",97,97,0.0961346655551798,0.224812042394286
"dat13_24","dr","O3",97,98,0.141635671291731,0.22986790127508
"dat13_24","dr","O3",97,99,-0.00121960728412526,0.424057376258976
"dat13_24","dr","O3",97,100,1.25209034342524,0.838339075245964
"dat13_24","dr","O3",97,101,1.76972696092373,0.812685939215515
"dat13_24","dr","O3",97,102,2.74685042039289,1.46304815153414
"dat13_24","dr","O3",97,103,2.67616918035918,0.962983736114238
"dat13_24","dr","O3",97,104,1.47924889214704,0.694704466852058
"dat13_24","dr","O3",97,105,0.862560420891929,0.765141180175511
"dat13_24","dr","O3",97,106,-0.323334952269708,0.54922292091337
"dat13_24","dr","O3",97,107,-0.0831331936846007,0.586167998199199
"dat13_24","dr","O3",97,108,0.086329208373721,0.53887830600506
"dat13_24","dr","O3",97,109,-0.115198246026599,0.731569477377721
"dat13_24","dr","O3",97,110,-0.790440394057937,0.676670516987033
"dat13_24","dr","O3",97,111,-0.806056960525468,0.675784973078791
"dat13_24","dr","O3",97,112,-0.115999936016484,0.863782420852545
"dat13_24","dr","O3",97,113,1.6577069054118,0.613294291768059
"dat13_24","dr","O3",97,114,1.56140224046712,1.03619518567632
"dat13_24","dr","O3",97,115,4.15397002495003,1.02381646354789
"dat13_24","dr","O3",97,116,2.33763544594869,0.842192267710063
"dat13_24","dr","O3",97,117,1.37594108506875,0.686970079231248
"dat13_24","dr","O3",97,118,0.558285415144851,0.347168481321069
"dat13_24","dr","O3",97,119,-0.233469167917776,0.400831227894265
"dat13_24","dr","O3",97,120,-0.441525816610394,0.406238633103935
"dat13_24","dr","O3",97,121,-0.681972999720332,0.25591208399596
"dat13_24","dr","O3",97,122,-1.05193888819221,0.598926790414334
"dat13_24","dr","O3",97,123,-0.896757030868781,0.458536914165104
"dat13_24","dr","O3",97,124,1.07755266214178,0.579386280955575
"dat13_24","dr","O3",97,125,0.644765763810752,0.889011704096346
"dat13_24","dr","O3",97,126,1.17695278740163,0.965467649087043
"dat13_24","dr","O3",97,127,3.24416473867496,1.26087790103235
"dat13_24","dr","O3",97,128,2.54607855060589,0.816601480636729
"dat13_24","dr","O3",97,129,2.24590142664618,0.915005247306053
"dat13_24","dr","O3",97,130,0.462295998180759,0.612084654808231
"dat13_24","dr","O3",97,131,0.00647633781931944,0.315430213498174
"dat13_24","dr","O3",97,132,-0.135603131934346,0.23943289951141
"dat13_24","dr","O3",97,133,0.116029453436075,0.326453797985562
"dat13_24","dr","O3",97,134,-0.280616720085777,0.312612859186361
"dat13_24","dr","O3",97,135,-0.297679374891466,0.461445197535558
"dat13_24","dr","O3",97,136,1.03652590679312,0.679999435462921
"dat13_24","dr","O3",97,137,1.38803351126973,0.743686701586869
"dat13_24","dr","O3",97,138,3.25244176093311,1.26296134328924
"dat13_24","dr","O3",97,139,4.15891764837483,0.997045431645318
"dat13_24","dr","O3",97,140,3.13004040883623,1.21422027217227
"dat13_24","dr","O3",97,141,2.48009358679642,0.984605175744839
"dat13_24","dr","O3",97,142,1.00801944411353,0.432450145903674
"dat13_24","dr","O3",97,143,0.885363576828114,0.321716585651436
"dat13_24","dr","O3",97,144,0.296259761558319,0.316431713770234
"dat13_24","dr","O3",97,145,-0.101492574215062,0.293181611815839
"dat13_24","dr","O3",97,146,0.373552925745415,0.313016737023089
"dat13_24","dr","O3",97,147,0.368421199116744,0.715207745301451
"dat13_24","dr","O3",97,148,1.35129923864554,0.570404014605591
"dat13_24","dr","O3",97,149,1.12048613349137,0.910584213098332
"dat13_24","dr","O3",97,150,2.87878321465072,1.1517189458921
"dat13_24","dr","O3",97,151,2.79549138487594,0.752948398252871
"dat13_24","dr","O3",97,152,3.66162552404165,1.28105399824843
"dat13_24","dr","O3",97,153,2.22751893429966,0.945376064689853
"dat13_24","dr","O3",97,154,0.862330052646763,0.510663611067634
"dat13_24","dr","O3",97,155,-0.24051663373033,0.305898436124789
"dat13_24","dr","O3",97,156,-0.902924625643397,0.485071207592289
"dat13_24","dr","PM10",61,13,4.81304889984864,35.1179531675323
"dat13_24","dr","PM10",61,14,4.92918749874507,63.3152610871492
"dat13_24","dr","PM10",61,15,1.87030394868142,63.1545088298675
"dat13_24","dr","PM10",61,16,-1.70880239055454,10.3675508415067
"dat13_24","dr","PM10",61,17,-4.17118208009922,43.6044564756108
"dat13_24","dr","PM10",61,18,-2.06968344277043,29.5955038033897
"dat13_24","dr","PM10",61,19,-0.0422615036655252,86.6952046416938
"dat13_24","dr","PM10",61,20,-0.680047845323497,46.1968519587612
"dat13_24","dr","PM10",61,21,3.04049009249179,55.8982858596097
"dat13_24","dr","PM10",61,22,-3.76908031085083,57.4826356391785
"dat13_24","dr","PM10",61,23,0.0565643384812002,44.8790794643585
"dat13_24","dr","PM10",61,24,0.713028157478262,65.937754946508
"dat13_24","dr","PM10",61,25,0.866244754807166,25.964532932968
"dat13_24","dr","PM10",61,26,2.41051470727931,39.0792917319345
"dat13_24","dr","PM10",61,27,-0.972296757272724,23.1923923002806
"dat13_24","dr","PM10",61,28,-3.55695149778755,76.3721909788867
"dat13_24","dr","PM10",61,29,-2.28941975844108,95.8830896536698
"dat13_24","dr","PM10",61,30,-6.98332880126343,64.4371164745273
"dat13_24","dr","PM10",61,31,-8.53808352547816,16.1734127164985
"dat13_24","dr","PM10",61,32,4.85720179623018,37.6407446760629
"dat13_24","dr","PM10",61,33,-2.3863776376994,64.0536679704813
"dat13_24","dr","PM10",61,34,-0.866519190977015,31.1964471856386
"dat13_24","dr","PM10",61,35,1.31185433125615,4.20407003692684
"dat13_24","dr","PM10",61,36,2.60459183686353,26.9560156963181
"dat13_24","dr","PM10",61,37,0.0857916255664672,45.0814968763909
"dat13_24","dr","PM10",61,38,2.58765320609743,78.5606741135706
"dat13_24","dr","PM10",61,39,2.63364144003809,52.719051774892
"dat13_24","dr","PM10",61,40,-1.02559480537195,35.6961463026307
"dat13_24","dr","PM10",61,41,-3.36841121569469,43.1186978304445
"dat13_24","dr","PM10",61,42,-1.26263807012598,88.5247325995275
"dat13_24","dr","PM10",61,43,3.85433649255182,49.4113666444748
"dat13_24","dr","PM10",61,44,1.26388270633055,20.7171586573895
"dat13_24","dr","PM10",61,45,1.28465127970948,8.89495771690953
"dat13_24","dr","PM10",61,46,1.23228132430283,14.0545120601843
"dat13_24","dr","PM10",61,47,0.746917227499231,14.7061341801639
"dat13_24","dr","PM10",61,48,-1.59634188229524,7.82900815394265
"dat13_24","dr","PM10",61,49,-1.92665051869102,45.133799023334
"dat13_24","dr","PM10",61,50,-0.449571576227897,29.0219958888322
"dat13_24","dr","PM10",61,51,-1.21676942729314,74.8305119356963
"dat13_24","dr","PM10",61,52,0.478689519687498,83.0754015948598
"dat13_24","dr","PM10",61,53,-0.554708205519123,34.2476671919279
"dat13_24","dr","PM10",61,54,6.57548690327119,19.4632414185217
"dat13_24","dr","PM10",61,55,6.19926035495536,18.6610727602363
"dat13_24","dr","PM10",61,56,4.25254028155537,17.6971032607127
"dat13_24","dr","PM10",61,57,2.65860141109127,44.3936684513527
"dat13_24","dr","PM10",61,58,1.63288272256311,15.1003366913013
"dat13_24","dr","PM10",61,59,-0.0406907173526217,2.73704983759514
"dat13_24","dr","PM10",61,60,0,NA
"dat13_24","dr","PM10",61,61,0.743908994636151,37.2571350089012
"dat13_24","dr","PM10",61,62,1.08518468984281,46.8463031307309
"dat13_24","dr","PM10",61,63,-0.552775868373867,61.9003370364257
"dat13_24","dr","PM10",61,64,0.0696323965161336,29.031734553146
"dat13_24","dr","PM10",61,65,0.150930384133402,19.6359785696554
"dat13_24","dr","PM10",61,66,2.22186487130487,36.1016622323335
"dat13_24","dr","PM10",61,67,2.91899727426143,33.0057969593258
"dat13_24","dr","PM10",61,68,2.75635239318812,35.963295642548
"dat13_24","dr","PM10",61,69,-1.25158296433368,39.5575918673912
"dat13_24","dr","PM10",61,70,-0.229068234658327,24.1994798875932
"dat13_24","dr","PM10",61,71,0.0876365483760695,19.8837717243965
"dat13_24","dr","PM10",61,72,1.8128302952913,57.8489953645054
"dat13_24","dr","PM10",61,73,1.1994456131873,9.62377179054131
"dat13_24","dr","PM10",61,74,2.1933520406831,35.3739052434346
"dat13_24","dr","PM10",61,75,0.426032738298108,35.6907360780838
"dat13_24","dr","PM10",61,76,3.46117731305552,14.386342717951
"dat13_24","dr","PM10",61,77,3.33155099660196,51.1740707334905
"dat13_24","dr","PM10",61,78,2.30945642912037,20.9347573630793
"dat13_24","dr","PM10",61,79,4.62006137466878,136.129470030599
"dat13_24","dr","PM10",61,80,5.65338341997332,90.7354980914663
"dat13_24","dr","PM10",61,81,3.41737482800854,98.1599678128047
"dat13_24","dr","PM10",61,82,2.11507144296817,85.2470152013028
"dat13_24","dr","PM10",61,83,-2.39115545693869,83.9905259213584
"dat13_24","dr","PM10",61,84,-3.18361592944521,77.6570693625656
"dat13_24","dr","PM10",61,85,1.14360164238712,13.4791424090888
"dat13_24","dr","PM10",61,86,5.26304206915909,36.1059151971477
"dat13_24","dr","PM10",61,87,6.25517759534186,23.0139859182243
"dat13_24","dr","PM10",61,88,3.91849282237811,59.469386756686
"dat13_24","dr","PM10",61,89,5.43124010009181,52.3939039715655
"dat13_24","dr","PM10",61,90,6.05969890737259,76.6203918190849
"dat13_24","dr","PM10",61,91,5.74405557759881,68.2387670464238
"dat13_24","dr","PM10",61,92,5.76026653415426,71.0807258932399
"dat13_24","dr","PM10",61,93,7.19793368068805,66.3992140105227
"dat13_24","dr","PM10",61,94,7.92561227997312,33.3988287862533
"dat13_24","dr","PM10",61,95,2.76219408025225,29.7524687798911
"dat13_24","dr","PM10",61,96,-0.877842904369695,28.4486970776511
"dat13_24","dr","PM10",61,97,4.54956037055697,35.0583366796287
"dat13_24","dr","PM10",61,98,3.57895578979731,23.4358536786705
"dat13_24","dr","PM10",61,99,6.30756517615009,37.6306882301711
"dat13_24","dr","PM10",61,100,4.61229885586471,29.5332724105741
"dat13_24","dr","PM10",61,101,4.21224213529928,53.0261285770488
"dat13_24","dr","PM10",61,102,5.5355218438751,36.0497433941722
"dat13_24","dr","PM10",61,103,6.62897065791332,37.3219031038804
"dat13_24","dr","PM10",61,104,5.11414572035755,23.9129814774536
"dat13_24","dr","PM10",61,105,3.85005088086353,36.2271209972856
"dat13_24","dr","PM10",61,106,4.55055448492066,38.410892860238
"dat13_24","dr","PM10",61,107,3.6684263336687,50.6289598164221
"dat13_24","dr","PM10",61,108,1.55192091530097,42.3133341225775
"dat13_24","dr","PM10",61,109,0.754648197688218,42.0603614821045
"dat13_24","dr","PM10",61,110,5.91828064425904,39.4451647447007
"dat13_24","dr","PM10",61,111,11.8077465191721,28.6598370468735
"dat13_24","dr","PM10",61,112,3.37498204392034,40.7315809707872
"dat13_24","dr","PM10",61,113,16.5823691622987,37.5755506348157
"dat13_24","dr","PM10",61,114,7.23542836608081,58.1856473062338
"dat13_24","dr","PM10",61,115,10.3617826872065,37.5940124843581
"dat13_24","dr","PM10",61,116,6.14281325312838,39.1805451511769
"dat13_24","dr","PM10",61,117,4.66645528998353,39.5503212900926
"dat13_24","dr","PM10",61,118,6.86450007495663,37.6098595155872
"dat13_24","dr","PM10",61,119,5.16385001615921,51.5232239709544
"dat13_24","dr","PM10",61,120,2.78852158527038,53.4489882269528
"dat13_24","dr","PM10",61,121,4.71758294912926,44.1068461649244
"dat13_24","dr","PM10",61,122,5.14228601908202,42.0052710918399
"dat13_24","dr","PM10",61,123,1.09100630229623,33.4394365829369
"dat13_24","dr","PM10",61,124,8.25374251723718,32.9171874130176
"dat13_24","dr","PM10",61,125,3.92862025167613,41.2845906964311
"dat13_24","dr","PM10",61,126,5.17347595540276,35.1816002865079
"dat13_24","dr","PM10",61,127,9.13461967282259,30.2970162630928
"dat13_24","dr","PM10",61,128,6.56788374161485,37.6783667672297
"dat13_24","dr","PM10",61,129,8.58555749265111,34.5625657859315
"dat13_24","dr","PM10",61,130,8.14139633818111,38.7508300384785
"dat13_24","dr","PM10",61,131,2.07990829592252,68.0189665207804
"dat13_24","dr","PM10",61,132,2.71820336638587,53.4928426424738
"dat13_24","dr","PM10",61,133,6.93658582291125,59.5816316415498
"dat13_24","dr","PM10",61,134,4.61988118628199,49.3479813920279
"dat13_24","dr","PM10",61,135,6.15343578953184,41.9747630136842
"dat13_24","dr","PM10",61,136,1.14140014676847,54.8989196242585
"dat13_24","dr","PM10",61,137,7.53694049015635,30.4062126720269
"dat13_24","dr","PM10",61,138,7.30043725019166,32.44580219374
"dat13_24","dr","PM10",61,139,8.67219709838089,38.3509641570086
"dat13_24","dr","PM10",61,140,9.28314236849376,41.8398637840906
"dat13_24","dr","PM10",61,141,7.27927263092866,44.8086716927978
"dat13_24","dr","PM10",61,142,3.65332578729797,52.1712764365302
"dat13_24","dr","PM10",61,143,1.75894672795772,55.8007557481308
"dat13_24","dr","PM10",61,144,1.34137783064497,55.9773313000587
"dat13_24","dr","PM10",61,145,2.0159401349253,58.3417108735461
"dat13_24","dr","PM10",61,146,7.68599313299951,46.9169270946595
"dat13_24","dr","PM10",61,147,5.96469829163987,40.7606070522154
"dat13_24","dr","PM10",61,148,-2.25789988678112,45.189953464709
"dat13_24","dr","PM10",61,149,5.78309476645767,43.656515234489
"dat13_24","dr","PM10",61,150,6.28644093358242,36.2771747951305
"dat13_24","dr","PM10",61,151,9.07498254883177,31.6086735900511
"dat13_24","dr","PM10",61,152,11.8282417856729,24.2636914330217
"dat13_24","dr","PM10",61,153,8.45342714722745,28.925100286492
"dat13_24","dr","PM10",61,154,9.29783963947866,30.3633803309609
"dat13_24","dr","PM10",61,155,7.42391609762878,39.38228136297
"dat13_24","dr","PM10",61,156,6.88961503709423,35.9222959435918
"dat13_24","dr","PM10",79,13,-4.41321305486953,4.70271621106771
"dat13_24","dr","PM10",79,14,-0.161409569342453,1.89213562583161
"dat13_24","dr","PM10",79,15,-2.13640957397498,0.885617903998494
"dat13_24","dr","PM10",79,16,5.98452628332423,11.8960413936089
"dat13_24","dr","PM10",79,17,2.49594492125644,1.80686061060714
"dat13_24","dr","PM10",79,18,1.74452649512697,0.977846408240071
"dat13_24","dr","PM10",79,19,-2.18172148078901,4.96556840146686
"dat13_24","dr","PM10",79,20,1.62295948326377,0.947885109585214
"dat13_24","dr","PM10",79,21,2.58727755868278,1.48209309728238
"dat13_24","dr","PM10",79,22,-0.327157043947471,1.25158712975942
"dat13_24","dr","PM10",79,23,0.436144594923119,0.771894501069068
"dat13_24","dr","PM10",79,24,0.312815122248635,0.663821167040932
"dat13_24","dr","PM10",79,25,0.578849114883807,0.805000838133745
"dat13_24","dr","PM10",79,26,2.05599873249108,1.04766795695283
"dat13_24","dr","PM10",79,27,0.0153725961815274,3.78540105232037
"dat13_24","dr","PM10",79,28,3.2042313571763,4.15545479983322
"dat13_24","dr","PM10",79,29,0.197190092717601,0.715800912686421
"dat13_24","dr","PM10",79,30,-0.867922517946752,0.599007235735771
"dat13_24","dr","PM10",79,31,1.82056182323869,1.28579436638607
"dat13_24","dr","PM10",79,32,-2.01674347094569,3.17424591000082
"dat13_24","dr","PM10",79,33,1.68396718614031,0.695131921710785
"dat13_24","dr","PM10",79,34,0.574448823804233,0.611481226111338
"dat13_24","dr","PM10",79,35,1.05672579941364,1.38497709642558
"dat13_24","dr","PM10",79,36,-0.225651140056667,0.725746525085862
"dat13_24","dr","PM10",79,37,-1.55757204857809,10.3658338497212
"dat13_24","dr","PM10",79,38,1.01972086560396,1.30879265982187
"dat13_24","dr","PM10",79,39,2.02792287366255,4.76935670183905
"dat13_24","dr","PM10",79,40,0.0121686568744037,0.820534437140296
"dat13_24","dr","PM10",79,41,-0.532781239994715,0.929728208588486
"dat13_24","dr","PM10",79,42,-0.92348849815935,2.6745773380792
"dat13_24","dr","PM10",79,43,1.32714720575367,0.874988261833094
"dat13_24","dr","PM10",79,44,8.00300422632258,8.99511570421854
"dat13_24","dr","PM10",79,45,-0.265245182568632,0.874344810174791
"dat13_24","dr","PM10",79,46,2.47498653063681,2.9021394183969
"dat13_24","dr","PM10",79,47,-0.609389300897449,0.892955038553002
"dat13_24","dr","PM10",79,48,-0.758276862353099,6.61226551133363
"dat13_24","dr","PM10",79,49,1.12770538956859,3.29922440555588
"dat13_24","dr","PM10",79,50,1.43414474254503,1.17572467181516
"dat13_24","dr","PM10",79,51,1.25387475852886,2.62229524887897
"dat13_24","dr","PM10",79,52,4.90985341654439,8.90044234737861
"dat13_24","dr","PM10",79,53,1.5045340105059,0.80441756704172
"dat13_24","dr","PM10",79,54,1.04603961892856,8.04485444602901
"dat13_24","dr","PM10",79,55,1.25237629524332,0.873866378858892
"dat13_24","dr","PM10",79,56,4.75430345017708,7.61081433293853
"dat13_24","dr","PM10",79,57,-1.50873269219498,2.08424010922803
"dat13_24","dr","PM10",79,58,0.100482453451934,1.37003561587991
"dat13_24","dr","PM10",79,59,-0.557481397660706,1.64923968310426
"dat13_24","dr","PM10",79,60,-0.0302348976516555,3.02820746936113
"dat13_24","dr","PM10",79,61,0.954938853016033,0.831235794534259
"dat13_24","dr","PM10",79,62,-0.344648903290571,0.794723180549175
"dat13_24","dr","PM10",79,63,0.251356391598265,2.45457683678287
"dat13_24","dr","PM10",79,64,-1.69445534809383,2.31974540432203
"dat13_24","dr","PM10",79,65,-0.913091784117145,1.40720962434012
"dat13_24","dr","PM10",79,66,3.16436974675843,5.05964356088504
"dat13_24","dr","PM10",79,67,1.36709006989066,0.794169435434804
"dat13_24","dr","PM10",79,68,0.348731889502624,0.785324525253921
"dat13_24","dr","PM10",79,69,0.5764333754595,1.86147689566976
"dat13_24","dr","PM10",79,70,2.15329216770024,2.93258685343431
"dat13_24","dr","PM10",79,71,-0.778250483993692,2.23336458382397
"dat13_24","dr","PM10",79,72,-8.89397447783523,12.7160130029534
"dat13_24","dr","PM10",79,73,-0.164600290148391,0.741045271280315
"dat13_24","dr","PM10",79,74,0.240580878574377,2.92954275356305
"dat13_24","dr","PM10",79,75,0.350095350639279,0.549960598804703
"dat13_24","dr","PM10",79,76,-3.47228876743681,2.88368384303428
"dat13_24","dr","PM10",79,77,-0.841323232637704,0.993561790932596
"dat13_24","dr","PM10",79,78,0,NA
"dat13_24","dr","PM10",79,79,-1.16681634359702,0.668880334977909
"dat13_24","dr","PM10",79,80,0.48103179255993,0.596662152121087
"dat13_24","dr","PM10",79,81,0.626486559655545,0.517473132273471
"dat13_24","dr","PM10",79,82,1.50440260582706,0.786879917010413
"dat13_24","dr","PM10",79,83,3.55597399201904,1.70250199944824
"dat13_24","dr","PM10",79,84,3.02116910732381,2.3563936294457
"dat13_24","dr","PM10",79,85,6.43685095949052,4.51104957830269
"dat13_24","dr","PM10",79,86,3.44125744662953,2.0136336976181
"dat13_24","dr","PM10",79,87,6.21243773294981,3.17123627697123
"dat13_24","dr","PM10",79,88,2.33605575465836,1.24110265909319
"dat13_24","dr","PM10",79,89,2.77564329443369,1.83133051607446
"dat13_24","dr","PM10",79,90,0.0490126284911916,0.732421022598341
"dat13_24","dr","PM10",79,91,2.03169979674373,0.847117032209649
"dat13_24","dr","PM10",79,92,1.24672777139748,0.786599854319052
"dat13_24","dr","PM10",79,93,1.83596500544572,0.769587021450725
"dat13_24","dr","PM10",79,94,3.43723377777328,1.31380865899498
"dat13_24","dr","PM10",79,95,2.40462415773633,1.48502765234779
"dat13_24","dr","PM10",79,96,2.65119947940352,2.88425378540636
"dat13_24","dr","PM10",79,97,12.4565187691511,6.18798153620179
"dat13_24","dr","PM10",79,98,7.64845201377206,4.6582158722983
"dat13_24","dr","PM10",79,99,10.3310501815066,4.79650964001426
"dat13_24","dr","PM10",79,100,7.50313842875293,4.24340568306717
"dat13_24","dr","PM10",79,101,4.63686287152106,1.92771221714546
"dat13_24","dr","PM10",79,102,5.68959714017864,1.48951193151238
"dat13_24","dr","PM10",79,103,5.83908377804807,2.56250340837905
"dat13_24","dr","PM10",79,104,2.32712846327913,2.80775942891834
"dat13_24","dr","PM10",79,105,-0.0363516253114806,1.07058160518744
"dat13_24","dr","PM10",79,106,5.80213562375176,3.09959133630047
"dat13_24","dr","PM10",79,107,9.18555957631067,5.1068773590073
"dat13_24","dr","PM10",79,108,9.35088642770622,5.72479627971781
"dat13_24","dr","PM10",79,109,4.51636792880157,3.9241067357352
"dat13_24","dr","PM10",79,110,10.6262552246054,5.42253317806586
"dat13_24","dr","PM10",79,111,10.7589555811005,3.99231912371337
"dat13_24","dr","PM10",79,112,5.11191280544909,2.29037614582762
"dat13_24","dr","PM10",79,113,16.5303882995591,5.02706758505492
"dat13_24","dr","PM10",79,114,7.96731947377164,2.01997162484016
"dat13_24","dr","PM10",79,115,9.42187267401055,3.17728939606307
"dat13_24","dr","PM10",79,116,5.58091747833804,2.89487350020495
"dat13_24","dr","PM10",79,117,2.32029595584326,1.90425840379844
"dat13_24","dr","PM10",79,118,5.97008668337545,2.69561104234983
"dat13_24","dr","PM10",79,119,11.0348216705148,4.95963464992737
"dat13_24","dr","PM10",79,120,7.0184511054573,3.89619056379462
"dat13_24","dr","PM10",79,121,8.99632578750629,5.31447278665227
"dat13_24","dr","PM10",79,122,7.83398384813851,4.78028228251313
"dat13_24","dr","PM10",79,123,4.54379499142052,2.91490609849111
"dat13_24","dr","PM10",79,124,9.90006234053133,4.22923543469734
"dat13_24","dr","PM10",79,125,4.06546601767904,2.9694016991814
"dat13_24","dr","PM10",79,126,3.18290704313639,2.14585755968441
"dat13_24","dr","PM10",79,127,7.01235199252526,3.31763987828854
"dat13_24","dr","PM10",79,128,3.9565325452543,2.63022911255386
"dat13_24","dr","PM10",79,129,5.49600639539199,2.26992976782058
"dat13_24","dr","PM10",79,130,6.53548186866503,2.41314890702764
"dat13_24","dr","PM10",79,131,6.75285285350087,3.55624988422353
"dat13_24","dr","PM10",79,132,6.3415374499223,3.90670153415849
"dat13_24","dr","PM10",79,133,10.3826806845586,5.02210718474246
"dat13_24","dr","PM10",79,134,9.36667080361645,4.7673209520648
"dat13_24","dr","PM10",79,135,12.5101511365636,4.39805365004434
"dat13_24","dr","PM10",79,136,2.90681721417461,1.47153971933752
"dat13_24","dr","PM10",79,137,7.20165605313624,3.17502866147958
"dat13_24","dr","PM10",79,138,7.3621568761806,3.70686874917828
"dat13_24","dr","PM10",79,139,6.67411077509462,3.44979998685028
"dat13_24","dr","PM10",79,140,5.68012233317591,3.09842375607009
"dat13_24","dr","PM10",79,141,6.22118098560761,3.48752620398993
"dat13_24","dr","PM10",79,142,6.51345328715612,3.72322010084308
"dat13_24","dr","PM10",79,143,8.2090937508911,4.9498213586768
"dat13_24","dr","PM10",79,144,7.4111099439746,4.54165485546635
"dat13_24","dr","PM10",79,145,9.34416360937479,5.50151869503524
"dat13_24","dr","PM10",79,146,9.08985572311115,3.98664576645932
"dat13_24","dr","PM10",79,147,11.7172002881264,4.76339069987384
"dat13_24","dr","PM10",79,148,2.13020411109545,2.41669910169751
"dat13_24","dr","PM10",79,149,3.98038395176446,1.91363224682266
"dat13_24","dr","PM10",79,150,5.50493409838209,3.30738795318556
"dat13_24","dr","PM10",79,151,7.3655279600755,4.00611579520342
"dat13_24","dr","PM10",79,152,8.13929085266319,4.11068905495248
"dat13_24","dr","PM10",79,153,3.38984646672782,2.25033181841902
"dat13_24","dr","PM10",79,154,6.332093302978,2.64484220324611
"dat13_24","dr","PM10",79,155,7.41034786056535,3.66694091914087
"dat13_24","dr","PM10",79,156,10.4940259504505,5.29079089832825
"dat13_24","dr","PM10",97,13,0.397634253225706,2.31364087155297
"dat13_24","dr","PM10",97,14,0.680549012236677,0.950410059407017
"dat13_24","dr","PM10",97,15,1.17898600330803,1.82878424086834
"dat13_24","dr","PM10",97,16,2.1528645351609,0.850895126433111
"dat13_24","dr","PM10",97,17,-0.336878421617037,1.20318744041726
"dat13_24","dr","PM10",97,18,2.05188042948477,1.26044714819936
"dat13_24","dr","PM10",97,19,-0.310692642935106,3.38538515977319
"dat13_24","dr","PM10",97,20,-1.30669088854487,4.60129951499122
"dat13_24","dr","PM10",97,21,0.0653338981235657,1.30016494131124
"dat13_24","dr","PM10",97,22,0.955738937764046,0.943946974905569
"dat13_24","dr","PM10",97,23,0.483103567827414,0.794494929262832
"dat13_24","dr","PM10",97,24,3.09990735162412,1.41939013465005
"dat13_24","dr","PM10",97,25,0.136773875091227,1.04239132805012
"dat13_24","dr","PM10",97,26,1.63041332215484,11.9582274003789
"dat13_24","dr","PM10",97,27,4.24270575397668,28.4396666572247
"dat13_24","dr","PM10",97,28,4.1655363585274,1.5668026617032
"dat13_24","dr","PM10",97,29,-3.05474182369224,1.40566009041641
"dat13_24","dr","PM10",97,30,0.269370730474531,1.1183235340093
"dat13_24","dr","PM10",97,31,1.37151258344581,1.87141280779576
"dat13_24","dr","PM10",97,32,3.98880410342989,2.16661962403604
"dat13_24","dr","PM10",97,33,-2.01504084323246,0.886440972390038
"dat13_24","dr","PM10",97,34,-0.37162045288998,20.6377812086835
"dat13_24","dr","PM10",97,35,-2.12079340802051,2.12134683094307
"dat13_24","dr","PM10",97,36,0.850739026009609,2.20386666862741
"dat13_24","dr","PM10",97,37,0.0166184904606638,0.778203746068678
"dat13_24","dr","PM10",97,38,1.6408779964884,1.10067693843997
"dat13_24","dr","PM10",97,39,0.23054982280132,1.20993810031965
"dat13_24","dr","PM10",97,40,-1.40486821758462,1.2674861447274
"dat13_24","dr","PM10",97,41,-2.69029989873466,1.39494001581748
"dat13_24","dr","PM10",97,42,0.0264623080637145,0.549145714336801
"dat13_24","dr","PM10",97,43,-4.23260872930216,2.18485580612624
"dat13_24","dr","PM10",97,44,-0.0868225801131162,0.533099036537796
"dat13_24","dr","PM10",97,45,0.192012048452419,0.864895630379718
"dat13_24","dr","PM10",97,46,0.327104345355757,0.781525936223592
"dat13_24","dr","PM10",97,47,0.0622971488959232,0.608424471901529
"dat13_24","dr","PM10",97,48,1.03672730357444,1.18787013270314
"dat13_24","dr","PM10",97,49,-1.40501895057369,2.04458626749916
"dat13_24","dr","PM10",97,50,-3.1414058879217,1.39998486504954
"dat13_24","dr","PM10",97,51,0.0834539600654545,1.03190788223003
"dat13_24","dr","PM10",97,52,0.0929822388339527,0.914813539634252
"dat13_24","dr","PM10",97,53,-0.112071984174195,1.03392813108298
"dat13_24","dr","PM10",97,54,1.1401327685381,0.913369997665908
"dat13_24","dr","PM10",97,55,-2.03372312959692,0.650692989761883
"dat13_24","dr","PM10",97,56,-1.73654415263279,4.10311344332556
"dat13_24","dr","PM10",97,57,2.0805876794428,2.10209533363848
"dat13_24","dr","PM10",97,58,0.585114199492083,1.10888466668466
"dat13_24","dr","PM10",97,59,0.340317262347372,0.805092702951156
"dat13_24","dr","PM10",97,60,0.749336711344037,0.626116984117553
"dat13_24","dr","PM10",97,61,0.336067347219391,2.13650008283828
"dat13_24","dr","PM10",97,62,-0.479631297912548,0.52603210092316
"dat13_24","dr","PM10",97,63,3.87584239283195,1.25578893038516
"dat13_24","dr","PM10",97,64,-1.30473366076625,1.15121277925137
"dat13_24","dr","PM10",97,65,2.06004637364968,2.26616741043125
"dat13_24","dr","PM10",97,66,-0.13058545714611,4.51815763580373
"dat13_24","dr","PM10",97,67,0.969992811068668,4.19877585657873
"dat13_24","dr","PM10",97,68,-4.03028578007366,3.50819786570452
"dat13_24","dr","PM10",97,69,-0.630052073937964,0.727588349741384
"dat13_24","dr","PM10",97,70,-1.33041693211714,2.75402859837195
"dat13_24","dr","PM10",97,71,-1.85715954607321,0.7068435900663
"dat13_24","dr","PM10",97,72,-0.83099634663759,1.25710307099615
"dat13_24","dr","PM10",97,73,-0.118136865120492,0.780304480858051
"dat13_24","dr","PM10",97,74,0.000936435978372341,0.859081576781191
"dat13_24","dr","PM10",97,75,0.449076580898117,1.41592010670076
"dat13_24","dr","PM10",97,76,-1.99530888217695,1.33921441709017
"dat13_24","dr","PM10",97,77,-1.14278838412035,2.07665334892878
"dat13_24","dr","PM10",97,78,-1.98356733242136,3.33505454521732
"dat13_24","dr","PM10",97,79,-2.06933170543939,3.37967500213604
"dat13_24","dr","PM10",97,80,-0.729399757575883,5.54956073155894
"dat13_24","dr","PM10",97,81,-2.69385832100408,8.97468997279632
"dat13_24","dr","PM10",97,82,-0.351189752211063,1.56003900747933
"dat13_24","dr","PM10",97,83,-1.38253208832353,1.55637807295673
"dat13_24","dr","PM10",97,84,-1.53747035462944,1.35984499196215
"dat13_24","dr","PM10",97,85,0.355453685158604,0.915957981867007
"dat13_24","dr","PM10",97,86,-0.867599872332981,0.69872102944554
"dat13_24","dr","PM10",97,87,1.2477453622793,1.42889809088706
"dat13_24","dr","PM10",97,88,-1.68235869797413,0.904050590375418
"dat13_24","dr","PM10",97,89,0.383965109352418,0.781480448371533
"dat13_24","dr","PM10",97,90,-3.46560011709947,1.44092055004203
"dat13_24","dr","PM10",97,91,-3.26686913362545,1.28356627400479
"dat13_24","dr","PM10",97,92,-1.06362014337653,1.50753062317804
"dat13_24","dr","PM10",97,93,-2.77301965884655,0.7593027477255
"dat13_24","dr","PM10",97,94,-2.43410572999683,1.37195207761572
"dat13_24","dr","PM10",97,95,-0.727627385160201,0.685763317457373
"dat13_24","dr","PM10",97,96,0,NA
"dat13_24","dr","PM10",97,97,0.00432184664399604,0.364742028139096
"dat13_24","dr","PM10",97,98,-0.104871838627246,0.387314372568723
"dat13_24","dr","PM10",97,99,1.36977965405571,0.486749663214425
"dat13_24","dr","PM10",97,100,0.132113379672692,0.660918547880122
"dat13_24","dr","PM10",97,101,0.0726303256161028,0.527584313898353
"dat13_24","dr","PM10",97,102,1.02239245481384,0.713776725471725
"dat13_24","dr","PM10",97,103,-0.149909419466695,0.693165210929864
"dat13_24","dr","PM10",97,104,-1.66357917994123,0.64517636330311
"dat13_24","dr","PM10",97,105,-1.67194448102334,0.558953227942342
"dat13_24","dr","PM10",97,106,-0.265820510000582,0.60600357501146
"dat13_24","dr","PM10",97,107,0.586161474877529,0.526675538623733
"dat13_24","dr","PM10",97,108,0.241018242182126,0.481851605698187
"dat13_24","dr","PM10",97,109,-2.51976680805996,0.628559428425931
"dat13_24","dr","PM10",97,110,-0.546664875676969,0.606613854116557
"dat13_24","dr","PM10",97,111,-0.14796279850391,1.14052981138418
"dat13_24","dr","PM10",97,112,-0.374312770601934,0.637460759537829
"dat13_24","dr","PM10",97,113,1.73885507265693,1.28776448646798
"dat13_24","dr","PM10",97,114,0.167512952980129,0.817396277998071
"dat13_24","dr","PM10",97,115,-0.133467598573877,0.843789400784711
"dat13_24","dr","PM10",97,116,-0.776412862206164,0.645990079547251
"dat13_24","dr","PM10",97,117,-1.90906056173666,0.621170805965297
"dat13_24","dr","PM10",97,118,-0.816265688583212,0.648306554085509
"dat13_24","dr","PM10",97,119,0.293317873510287,0.5289563151632
"dat13_24","dr","PM10",97,120,-1.26015828967507,0.504504116599837
"dat13_24","dr","PM10",97,121,-0.873265496933402,0.433428323585895
"dat13_24","dr","PM10",97,122,-1.61310295271489,0.442624350287663
"dat13_24","dr","PM10",97,123,-0.880419772108992,0.631163375723393
"dat13_24","dr","PM10",97,124,1.27865149308932,0.702914035537221
"dat13_24","dr","PM10",97,125,-0.664833814737142,0.576000641151707
"dat13_24","dr","PM10",97,126,-1.35535392760747,0.621888892041885
"dat13_24","dr","PM10",97,127,-0.22848956750535,0.684794339841284
"dat13_24","dr","PM10",97,128,-0.876658575848015,0.663203363072275
"dat13_24","dr","PM10",97,129,-0.488124625708814,0.684359971317562
"dat13_24","dr","PM10",97,130,0.0954713742150549,0.768751940037421
"dat13_24","dr","PM10",97,131,-0.197901883629653,0.917918297019655
"dat13_24","dr","PM10",97,132,-1.54108725501835,0.522837073698901
"dat13_24","dr","PM10",97,133,-1.35048002968553,0.618551031981971
"dat13_24","dr","PM10",97,134,-0.868953408919766,0.616542159705987
"dat13_24","dr","PM10",97,135,1.19288046887856,0.771327155202377
"dat13_24","dr","PM10",97,136,-1.54990370223801,0.918045847694086
"dat13_24","dr","PM10",97,137,0.0750120061399625,0.610568969928705
"dat13_24","dr","PM10",97,138,0.0947419480216387,0.651372642917236
"dat13_24","dr","PM10",97,139,-0.227866949504806,0.658822627973554
"dat13_24","dr","PM10",97,140,-1.31019480926035,0.701833182921226
"dat13_24","dr","PM10",97,141,-1.07896106040773,0.627707061836921
"dat13_24","dr","PM10",97,142,-0.733408442137147,0.651678562646501
"dat13_24","dr","PM10",97,143,-1.06463565924751,0.530362745286187
"dat13_24","dr","PM10",97,144,-1.6538381500007,0.514036094626585
"dat13_24","dr","PM10",97,145,-1.40907836617001,0.37572580237537
"dat13_24","dr","PM10",97,146,-0.165780492942988,0.548197854192644
"dat13_24","dr","PM10",97,147,0.79110815032759,0.724108485575215
"dat13_24","dr","PM10",97,148,0.339592851823839,0.723445013005783
"dat13_24","dr","PM10",97,149,-0.851612930506902,0.625438050150341
"dat13_24","dr","PM10",97,150,0.063239148380467,0.620568627475989
"dat13_24","dr","PM10",97,151,-0.376936319159505,0.852785968935952
"dat13_24","dr","PM10",97,152,-0.377464156495983,0.687682942400562
"dat13_24","dr","PM10",97,153,-1.37499476555672,0.720409444035446
"dat13_24","dr","PM10",97,154,-1.04133931216972,0.823096670335755
"dat13_24","dr","PM10",97,155,-0.774157086557271,0.667593241111578
"dat13_24","dr","PM10",97,156,-0.0572327416581028,0.47804365220533
