"dataset","estimator","outcome","event_month","estimate","se","low","high"
"dat12_24","reg","NO2",-48,0.157064860440283,0.401746504562039,-1.11459152865475,1.42872124953532
"dat12_24","reg","NO2",-47,-0.641559610958446,0.414214331281334,-1.952680665771,0.669561443854105
"dat12_24","reg","NO2",-46,1.85506798695011,0.475623678187359,0.349566676288588,3.36056929761164
"dat12_24","reg","NO2",-45,0.888597343189434,0.521664018150017,-0.762636392782043,2.53983107916091
"dat12_24","reg","NO2",-44,-0.275432432760142,0.698886913356745,-2.48763340659032,1.93676854107004
"dat12_24","reg","NO2",-43,-1.601302794473,0.631378656755074,-3.59981850944133,0.397212920495336
"dat12_24","reg","NO2",-42,-0.42638058843721,0.783383683423272,-2.90604090862843,2.053279731754
"dat12_24","reg","NO2",-41,-1.32002150163734,0.605196287482801,-3.23566163016335,0.595618626888672
"dat12_24","reg","NO2",-40,0.546190706904583,0.510449595380288,-1.06954578838602,2.16192720219519
"dat12_24","reg","NO2",-39,-0.226297062372625,0.539609977294755,-1.93433550814418,1.48174138339894
"dat12_24","reg","NO2",-38,-0.571491220266244,0.485404848404524,-2.10795306812782,0.964970627595332
"dat12_24","reg","NO2",-37,0.318004796066167,0.451581474239208,-1.11139523702004,1.74740482915237
"dat12_24","reg","NO2",-36,-1.15544631605007,0.460031138718307,-2.61159224411865,0.300699612018515
"dat12_24","reg","NO2",-35,-1.34532748103224,0.498245057854898,-2.92243270525047,0.231777743185995
"dat12_24","reg","NO2",-34,1.21759801179571,0.576278648026814,-0.60650852389459,3.04170454748601
"dat12_24","reg","NO2",-33,0.500734801683167,0.517137971928802,-1.13617254804925,2.13764215141558
"dat12_24","reg","NO2",-32,-0.466907612002769,0.555883382335496,-2.22645659802147,1.29264137401593
"dat12_24","reg","NO2",-31,0.0391305685973348,0.634396969516385,-1.96893907319705,2.04720021039172
"dat12_24","reg","NO2",-30,-2.11740488215594,0.587480322821289,-3.97696830710153,-0.257841457210343
"dat12_24","reg","NO2",-29,0.00547263694666553,0.430482395021184,-1.35714205118458,1.36808732507791
"dat12_24","reg","NO2",-28,1.106102574929,0.52487228620509,-0.555286357226729,2.76749150708472
"dat12_24","reg","NO2",-27,1.14368215123668,0.373812193794133,-0.0395531953362867,2.32691749780964
"dat12_24","reg","NO2",-26,-1.0531492617842,0.423591588936498,-2.39395234114201,0.287653817573599
"dat12_24","reg","NO2",-25,-0.423884371732421,0.384504586511289,-1.64096456663408,0.793195823169235
"dat12_24","reg","NO2",-24,-0.487724135900394,0.369967786803612,-1.65879070276709,0.683342430966304
"dat12_24","reg","NO2",-23,-0.555760784971459,0.404199192792132,-1.83518071804967,0.723659148106755
"dat12_24","reg","NO2",-22,0.0718524585049246,0.422185855562433,-1.26450102438796,1.40820594139781
"dat12_24","reg","NO2",-21,0.993443052921344,0.412420727910977,-0.312000672631296,2.29888677847398
"dat12_24","reg","NO2",-20,-1.94373195392339,0.463366140182132,-3.4104342300148,-0.47702967783197
"dat12_24","reg","NO2",-19,-1.20975182755119,0.535760628644666,-2.90560585168086,0.48610219657848
"dat12_24","reg","NO2",-18,-1.26834493810899,0.498539766137023,-2.84638300845191,0.309693132233918
"dat12_24","reg","NO2",-17,-0.810136832235132,0.414123226067385,-2.12096950985938,0.500695845389113
"dat12_24","reg","NO2",-16,0.58458903393832,0.494750193926824,-0.981453826344734,2.15063189422137
"dat12_24","reg","NO2",-15,0.0884360425582301,0.410459891223816,-1.21080100671251,1.38767309182897
"dat12_24","reg","NO2",-14,-0.0848803018522881,0.374105006854086,-1.26904249556461,1.09928189186003
"dat12_24","reg","NO2",-13,-0.356566000198143,0.345433126389412,-1.44997250701278,0.736840506616493
"dat12_24","reg","NO2",-12,-0.386454399832464,0.34620750395383,-1.48231205971547,0.70940326005054
"dat12_24","reg","NO2",-11,0.268168716280071,0.345126202376146,-0.824266277707436,1.36060371026758
"dat12_24","reg","NO2",-10,0.322778265130309,0.422198337958764,-1.01361472854578,1.6591712588064
"dat12_24","reg","NO2",-9,1.16713891323827,0.434902462360361,-0.209466704019352,2.54374453049588
"dat12_24","reg","NO2",-8,-0.841147479881759,0.423518690260229,-2.1817198115756,0.49942485181208
"dat12_24","reg","NO2",-7,0.031925282692386,0.53693421179344,-1.66764350806829,1.73149407345307
"dat12_24","reg","NO2",-6,-0.0621561956520044,0.602256314779547,-1.96849036873247,1.84417797742846
"dat12_24","reg","NO2",-5,0.108986649796436,0.481171811285996,-1.41407627950349,1.63204957909637
"dat12_24","reg","NO2",-4,0.775536019889176,0.356252693227299,-0.352117882087338,1.90318992186569
"dat12_24","reg","NO2",-3,0.796195017857914,0.372665111297308,-0.383409445137116,1.97579948085294
"dat12_24","reg","NO2",-2,0.958669522403225,0.16811802277551,0.426522122595575,1.49081692221088
"dat12_24","reg","NO2",-1,0,NA,NA,NA
"dat12_24","reg","NO2",0,-1.1754484065918,0.24755738504588,-1.95904683691153,-0.391849976272064
"dat12_24","reg","NO2",1,-0.440011234328982,0.266911128579652,-1.28487046303315,0.404847994375188
"dat12_24","reg","NO2",2,0.289290313737561,0.353147491082884,-0.828534628679788,1.40711525615491
"dat12_24","reg","NO2",3,0.936032512515182,0.392448000877056,-0.30619113357958,2.17825615860994
"dat12_24","reg","NO2",4,1.53456640158831,0.485886644263695,-0.00342048451403865,3.07255328769067
"dat12_24","reg","NO2",5,1.33250026023994,0.471716882548733,-0.160634790657453,2.82563531113733
"dat12_24","reg","NO2",6,2.01662305137185,0.576329275887348,0.192356262283989,3.84088984045971
"dat12_24","reg","NO2",7,1.2515332532823,0.546496743439147,-0.478304013557448,2.98137052012206
"dat12_24","reg","NO2",8,0.5999567004966,0.457498593107708,-0.848172909396662,2.04808631038986
"dat12_24","reg","NO2",9,0.859427884619804,0.388442529496903,-0.370117161377464,2.08897293061707
"dat12_24","reg","NO2",10,-0.208517635362781,0.34033179548818,-1.28577679562984,0.868741524904279
"dat12_24","reg","NO2",11,-1.00625141840569,0.349867400342506,-2.11369382283093,0.101190986019543
"dat12_24","reg","NO2",12,-1.77039338099651,0.414153855007182,-3.08132300902739,-0.459463752965621
"dat12_24","reg","NO2",13,-1.00648632408861,0.421123115541618,-2.3394758943598,0.32650324618258
"dat12_24","reg","NO2",14,1.22088247589099,0.418987068294431,-0.105345820545961,2.54711077232794
"dat12_24","reg","NO2",15,1.19560870539671,0.446869584282657,-0.218876686491824,2.61009409728524
"dat12_24","reg","NO2",16,1.47306437929415,0.476904238540968,-0.0364903151225464,2.98261907371085
"dat12_24","reg","NO2",17,0.85899914331908,0.509940000316757,-0.755124320343289,2.47312260698145
"dat12_24","reg","NO2",18,2.00681740297316,0.644162160431821,-0.0321621964122305,4.04579700235855
"dat12_24","reg","NO2",19,1.62810171450461,0.551718784759696,-0.118264986030238,3.37446841503946
"dat12_24","reg","NO2",20,1.02087981567365,0.546503296231265,-0.708978192852386,2.75073782419969
"dat12_24","reg","NO2",21,0.0277941983332551,0.499826522322096,-1.55431686755629,1.6099052642228
"dat12_24","reg","NO2",22,-0.149151285180814,0.63157845967266,-2.1482994403915,1.84999687002987
"dat12_24","reg","NO2",23,-0.80825951784739,0.566685838366052,-2.6020017378412,0.985482702146423
"dat12_24","reg","NO2",24,-1.1427854597029,0.546326811093075,-2.87208483622838,0.586513916822581
"dat12_24","reg","NO2",25,-0.722029376237618,0.603020036506569,-2.63078097324743,1.18672222077219
"dat12_24","reg","NO2",26,0.843861755044516,0.62972213932271,-1.14941055157404,2.83713406166307
"dat12_24","reg","NO2",27,2.22466389475177,0.617740382718344,0.269317686221196,4.18001010328235
"dat12_24","reg","NO2",28,1.92895019324119,0.578688545949346,0.0972155585992995,3.76068482788308
"dat12_24","reg","NO2",29,1.63198768679092,0.611988923655638,-0.305153311288148,3.56912868486999
"dat12_24","reg","NO2",30,1.30002814561542,0.616422597051025,-0.651146849116721,3.25120314034755
"dat12_24","reg","NO2",31,1.8109053860654,0.581814906000846,-0.0307251796896579,3.65253595182045
"dat12_24","reg","NO2",32,3.11174512556816,0.635066711617716,1.10155553546675,5.12193471566958
"dat12_24","reg","NO2",33,1.06749814333407,0.581644365708513,-0.773592607762034,2.90858889443018
"dat12_24","reg","NO2",34,0.0218080078623708,0.553714538631304,-1.7308758930291,1.77449190875384
"dat12_24","reg","NO2",35,-0.863039183664173,0.574888642061655,-2.68274590517712,0.95666753784877
"dat12_24","reg","NO2",36,0.442699162009133,0.664056674883374,-1.65925294895502,2.54465127297328
"dat12_24","reg","NO2",37,0.220752739075291,0.653128661892428,-1.84660870991111,2.28811418806169
"dat12_24","reg","NO2",38,0.741889176570464,0.658960455124212,-1.34393176624816,2.82771011938908
"dat12_24","reg","NO2",39,1.09623386926692,0.618315308688177,-0.860932164139521,3.05339990267337
"dat12_24","reg","NO2",40,2.01901447993646,0.5962424795095,0.131716022057688,3.90631293781523
"dat12_24","reg","NO2",41,1.39618453567619,0.674228564788053,-0.737964865468634,3.53033393682102
"dat12_24","reg","NO2",42,0.537974905693225,0.677530286254078,-1.60662550161993,2.68257531300638
"dat12_24","reg","NO2",43,0.205139391389561,0.597288116585761,-1.68546884281234,2.09574762559147
"dat12_24","reg","NO2",44,0.74434397203508,0.611262076598157,-1.19049632225679,2.67918426632695
"dat12_24","reg","NO2",45,-0.306293598890907,0.602939750709676,-2.21479106563346,1.60220386785165
"dat12_24","reg","NO2",46,-1.41269830057504,0.661191237468398,-3.50558038415892,0.68018378300884
"dat12_24","reg","NO2",47,-0.691005608926745,0.637424502116366,-2.70865836129021,1.32664714343672
"dat12_24","reg","NO2",48,-0.174371423273708,0.674019329925815,-2.30785852904978,1.95911568250236
"dat12_24","reg","NO2",49,-0.500869992996245,0.733553362829141,-2.82280138503347,1.82106139904098
"dat12_24","reg","NO2",50,1.65029083775965,0.743030748020607,-0.701639514551752,4.00222119007104
"dat12_24","reg","NO2",51,1.60503074763291,0.645068171580833,-0.436816667285782,3.6468781625516
"dat12_24","reg","NO2",52,1.10332402511378,0.690877592067779,-1.08352488099765,3.29017293122521
"dat12_24","reg","NO2",53,1.12993324286237,0.717437597181719,-1.14098658810841,3.40085307383314
"dat12_24","reg","NO2",54,1.65552904222428,0.728785858588769,-0.651311671590578,3.96236975603914
"dat12_24","reg","NO2",55,0.609198224419634,0.660858400939802,-1.48263032492485,2.70102677376412
"dat12_24","reg","NO2",56,0.993114391794605,0.592716764780659,-0.883024049481294,2.8692528330705
"dat12_24","reg","NO2",57,0.0438549791150392,0.689737005177715,-2.13938360409476,2.22709356232484
"dat12_24","reg","NO2",58,0.244901061281361,0.791723688175334,-2.26115804572594,2.75096016828867
"dat12_24","reg","NO2",59,-0.790487977099238,0.760526143723265,-3.19779686157555,1.61682090737707
"dat12_24","reg","NO2",60,-1.9331051553755,0.885899109636236,-4.73725964102718,0.871049330276173
"dat12_24","reg","CO",-48,-13.2616929920304,13.2978707290092,-56.2267700788068,29.703384094746
"dat12_24","reg","CO",-47,11.0458634432077,11.9840220402078,-27.6742024425221,49.7659293289376
"dat12_24","reg","CO",-46,15.8788364079413,11.7156041096209,-21.9739780723452,53.7316508882279
"dat12_24","reg","CO",-45,13.6700350454526,9.70340681531145,-17.6814219148506,45.0214920057558
"dat12_24","reg","CO",-44,-18.1913455084447,11.835536948781,-56.4316598964049,20.0489688795154
"dat12_24","reg","CO",-43,-49.9563454407628,13.4148027595961,-93.2992269001687,-6.61346398135693
"dat12_24","reg","CO",-42,-38.6826343363293,11.910665632882,-77.1656875634322,-0.199581109226479
"dat12_24","reg","CO",-41,-27.9732560969518,11.484677163814,-65.0799515759184,9.13343938201488
"dat12_24","reg","CO",-40,-4.36869285060909,11.887771574272,-42.777775965274,34.0403902640558
"dat12_24","reg","CO",-39,-4.18115192828712,12.8746147381603,-45.7786998335239,37.4163959769497
"dat12_24","reg","CO",-38,0.279752102211399,10.9553276594723,-35.1166287915583,35.6761329959811
"dat12_24","reg","CO",-37,10.2116500684756,17.0744188024602,-44.9553563650625,65.3786565020136
"dat12_24","reg","CO",-36,-11.0097809212101,8.86994640198317,-39.6683487989546,17.6487869565344
"dat12_24","reg","CO",-35,26.1504528528302,8.78272314848756,-2.22629894423734,54.5272046498977
"dat12_24","reg","CO",-34,12.8870165179039,8.96779555995853,-16.0876994636206,41.8617324994283
"dat12_24","reg","CO",-33,32.2769975695855,10.5378363923196,-1.77047981611068,66.3244749552816
"dat12_24","reg","CO",-32,-1.23575376373336,8.35891977278242,-28.2432077929195,25.7717002654528
"dat12_24","reg","CO",-31,-21.222684246753,12.2015252170434,-60.6454972827448,18.2001287892388
"dat12_24","reg","CO",-30,-57.7342933223382,14.4582316032757,-104.448466443157,-11.0201202015193
"dat12_24","reg","CO",-29,-4.00945163807967,9.0501130765513,-33.2501333909727,25.2312301148134
"dat12_24","reg","CO",-28,21.8217800610973,9.25373677933207,-8.07680461963707,51.7203647418317
"dat12_24","reg","CO",-27,12.6158517804956,7.49064926152737,-11.586242638233,36.8179461992242
"dat12_24","reg","CO",-26,0.539726607770437,7.50756035925641,-23.7170071312191,24.7964603467599
"dat12_24","reg","CO",-25,6.36485856615779,10.0601638139286,-26.1392710482265,38.8689881805421
"dat12_24","reg","CO",-24,-4.68123666486668,8.27588185685044,-31.4203973310139,22.0579240012805
"dat12_24","reg","CO",-23,0.740307956210776,8.07064979472097,-25.3357532145537,26.8163691269753
"dat12_24","reg","CO",-22,19.0589942222286,9.95562260956506,-13.1073654592275,51.2253539036847
"dat12_24","reg","CO",-21,13.9992988658769,8.92677537400722,-14.8428819536334,42.8414796853873
"dat12_24","reg","CO",-20,-16.0952025716833,10.9353555019218,-51.4270539399198,19.2366487965531
"dat12_24","reg","CO",-19,-28.1639407281746,13.4608560936399,-71.6556193211679,15.3277378648187
"dat12_24","reg","CO",-18,-0.81402312653295,9.07040789866669,-30.12027692584,28.4922306727741
"dat12_24","reg","CO",-17,15.7199918014117,8.99674382536976,-13.3482552784569,44.7882388812803
"dat12_24","reg","CO",-16,19.1973662654772,9.13404191045921,-10.3144873834391,48.7092199143934
"dat12_24","reg","CO",-15,18.867309896648,8.43501495167968,-8.38600569142071,46.1206254847167
"dat12_24","reg","CO",-14,7.02625095490163,7.71405246673881,-17.8976534534822,31.9501553632854
"dat12_24","reg","CO",-13,-10.5844604804999,6.63376388297518,-32.017980358666,10.8490593976662
"dat12_24","reg","CO",-12,14.3043886705181,8.39079891787423,-12.8060660536095,41.4148433946458
"dat12_24","reg","CO",-11,6.11639539636582,7.18821017835348,-17.1085261510494,29.3413169437811
"dat12_24","reg","CO",-10,13.1070569825002,7.4605514183966,-10.9977920819449,37.2119060469453
"dat12_24","reg","CO",-9,8.86597942358429,8.88421966360144,-19.8387049940338,37.5706638412024
"dat12_24","reg","CO",-8,7.55256571775117,8.57456278603182,-20.1516253211634,35.2567567566658
"dat12_24","reg","CO",-7,17.0992415944081,10.8212282531666,-17.8638675789016,52.0623507677177
"dat12_24","reg","CO",-6,-5.05541087964401,9.21476337110502,-34.8280734843608,24.7172517250728
"dat12_24","reg","CO",-5,-0.470141036614357,8.91955881171597,-29.2890053296324,28.3487232564037
"dat12_24","reg","CO",-4,22.8118054743157,8.46309881314214,-4.5322483452503,50.1558592938816
"dat12_24","reg","CO",-3,6.10821880685813,7.09041193813959,-16.8007191507502,29.0171567644664
"dat12_24","reg","CO",-2,2.55153077209413,3.83530915719718,-9.84025411953673,14.943315663725
"dat12_24","reg","CO",-1,0,NA,NA,NA
"dat12_24","reg","CO",0,-4.0739707392463,5.06335159758559,-20.4335290580935,12.2855875796009
"dat12_24","reg","CO",1,9.47265594811184,5.89776552275999,-9.58287222545731,28.528184121681
"dat12_24","reg","CO",2,11.2207696322739,6.5198565100399,-9.84471846406412,32.286257728612
"dat12_24","reg","CO",3,21.9783360867547,7.35806914788382,-1.79539540688984,45.7520675803992
"dat12_24","reg","CO",4,28.3548857880443,8.85084698698536,-0.24197237282776,56.9517439489164
"dat12_24","reg","CO",5,38.0292732611912,8.45878573192354,10.6991548957153,65.3593916266672
"dat12_24","reg","CO",6,55.6687013465722,10.6067640339693,21.3985205298352,89.9388821633091
"dat12_24","reg","CO",7,40.1189317239585,9.59388989690719,9.12132110021797,71.1165423476989
"dat12_24","reg","CO",8,35.8604484737905,8.72637478064497,7.66575679878363,64.0551401487973
"dat12_24","reg","CO",9,22.3656024073971,6.90112486211385,0.0682461066351721,44.662958708159
"dat12_24","reg","CO",10,18.8346725053493,6.95517622995849,-3.63732236976913,41.3066673804677
"dat12_24","reg","CO",11,6.86212791081326,7.16624954653762,-16.2918394020429,30.0160952236694
"dat12_24","reg","CO",12,0.323825572904471,7.13546560098769,-22.7306796064612,23.3783307522701
"dat12_24","reg","CO",13,-4.88445173586185,6.49665381550039,-25.8749725250402,16.1060690533165
"dat12_24","reg","CO",14,30.2889517832171,7.88985269647747,4.79704137022402,55.7808621962101
"dat12_24","reg","CO",15,31.6539575181078,7.74692994086098,6.62382683945379,56.6840881967618
"dat12_24","reg","CO",16,43.0909687670096,9.35676282687382,12.8595095859298,73.3224279480894
"dat12_24","reg","CO",17,51.3003767542732,10.5248998480291,17.2946970092676,85.3060564992788
"dat12_24","reg","CO",18,75.8421528641698,12.6623537547774,34.9304147174584,116.753891010881
"dat12_24","reg","CO",19,42.5959466226254,11.6446727237139,4.97230961935544,80.2195836258953
"dat12_24","reg","CO",20,41.7879594525891,10.5141625338204,7.8169716926451,75.758947212533
"dat12_24","reg","CO",21,40.7555035767486,10.0847524210076,8.17192880756216,73.3390783459351
"dat12_24","reg","CO",22,33.0085427477617,10.1514773379622,0.209381494168433,65.807704001355
"dat12_24","reg","CO",23,16.1882508994298,10.6955768074379,-18.3688816959887,50.7453834948483
"dat12_24","reg","CO",24,21.1020388135086,13.2094708455532,-21.5774205315593,63.7814981585766
"dat12_24","reg","CO",25,1.80050302920402,13.3059625611627,-41.1907185583976,44.7917246168056
"dat12_24","reg","CO",26,16.0044175261184,12.5732593617875,-24.6194589365072,56.6282939887441
"dat12_24","reg","CO",27,26.4487961223725,10.7980388511414,-8.43938869154798,61.3369809362929
"dat12_24","reg","CO",28,28.0473132593211,11.152593089455,-7.98642714699628,64.0810536656384
"dat12_24","reg","CO",29,32.128751126684,12.3516117291133,-7.77898755584008,72.0364898092081
"dat12_24","reg","CO",30,25.3022839101845,11.1222988561679,-10.6335766103234,61.2381444306924
"dat12_24","reg","CO",31,31.4455797765689,10.8089288444451,-3.47779032462836,66.3689498777661
"dat12_24","reg","CO",32,41.1663107872042,11.0998098777058,5.303111575632,77.0295099987764
"dat12_24","reg","CO",33,23.1927324777397,9.88179627333373,-8.73509621692515,55.1205611724045
"dat12_24","reg","CO",34,11.7117085527497,10.171833963192,-21.1532244315249,44.5766415370243
"dat12_24","reg","CO",35,-3.36256184440005,12.354563584936,-43.2798378968954,36.5547142080953
"dat12_24","reg","CO",36,10.0801380966913,14.3699028375601,-36.3486470620031,56.5089232553857
"dat12_24","reg","CO",37,-4.89626336282471,11.9476210821344,-43.4987186925846,33.7061919669352
"dat12_24","reg","CO",38,11.998238125111,10.5392240895117,-22.0537228743942,46.0501991246161
"dat12_24","reg","CO",39,18.3831928878791,11.1978464233529,-17.7967598722037,54.563145647962
"dat12_24","reg","CO",40,34.764016904104,11.758613268503,-3.22775905839737,72.7557928666053
"dat12_24","reg","CO",41,34.2298113555835,11.733565103819,-3.68103463335608,72.140657344523
"dat12_24","reg","CO",42,16.14430527695,13.3115620222549,-26.8650080249097,59.1536185788096
"dat12_24","reg","CO",43,0.168208021476282,13.3783899632494,-43.0570246328041,43.3934406757567
"dat12_24","reg","CO",44,2.89500121945689,11.3717914978454,-33.8469635865192,39.636966025433
"dat12_24","reg","CO",45,11.931699013728,11.0212974812052,-23.6778286712775,47.5412266987334
"dat12_24","reg","CO",46,0.58087139518619,10.4188391619538,-33.0821290107007,34.2438718010731
"dat12_24","reg","CO",47,-10.6250730336285,10.0135675805828,-42.9786514207934,21.7285053535364
"dat12_24","reg","CO",48,-9.26190577240809,10.794633175308,-44.1390869356168,25.6152753908007
"dat12_24","reg","CO",49,-7.07454670069216,11.3547793061125,-43.7615455542905,29.6124521529061
"dat12_24","reg","CO",50,17.3186502252239,11.0606648136246,-18.4180722946968,53.0553727451446
"dat12_24","reg","CO",51,34.8449253825602,10.5091010825913,0.890291040893551,68.7995597242269
"dat12_24","reg","CO",52,33.7230716983186,10.3328162435087,0.338009121542832,67.1081342750944
"dat12_24","reg","CO",53,25.7706644274919,10.9599265296921,-9.64057529725406,61.1819041522379
"dat12_24","reg","CO",54,40.3188799418835,11.5532945237938,2.99048354394257,77.6472763398243
"dat12_24","reg","CO",55,35.3752163258709,10.7111692877991,0.767704828871139,69.9827278228707
"dat12_24","reg","CO",56,29.0627422742407,10.4238471040024,-4.6164386631427,62.7419232116241
"dat12_24","reg","CO",57,17.5087242488589,9.98056142708295,-14.738212108288,49.7556606060058
"dat12_24","reg","CO",58,19.8262998641621,9.90432239979582,-12.1743101636675,51.8269098919917
"dat12_24","reg","CO",59,16.4235644605717,10.2228788002959,-16.6062930748395,49.4534219959828
"dat12_24","reg","CO",60,21.1069490338439,11.9203466600253,-17.4073833420766,59.6212814097645
"dat12_24","reg","SO2",-48,-0.286172741245469,0.134262134709749,-0.716487936912124,0.144142454421186
"dat12_24","reg","SO2",-47,-0.0854469176417653,0.108673153986349,-0.433748466864434,0.262854631580904
"dat12_24","reg","SO2",-46,-0.114963797717236,0.108298206563888,-0.462063626337071,0.2321360309026
"dat12_24","reg","SO2",-45,-0.182615329655778,0.11598038782044,-0.554336838377055,0.189106179065499
"dat12_24","reg","SO2",-44,-1.06253347503271,0.198599655744947,-1.69905284742291,-0.426014102642521
"dat12_24","reg","SO2",-43,-1.19056779217049,0.256118501969948,-2.01143723184763,-0.369698352493349
"dat12_24","reg","SO2",-42,-0.749630553175657,0.189472724670968,-1.356897767916,-0.142363338435317
"dat12_24","reg","SO2",-41,-0.746713352517585,0.183361211966431,-1.33439293898911,-0.159033766046058
"dat12_24","reg","SO2",-40,0.0806419503962752,0.109528542472715,-0.270401151123899,0.43168505191645
"dat12_24","reg","SO2",-39,-0.109281891527375,0.0840461792609104,-0.378653059741545,0.160089276686796
"dat12_24","reg","SO2",-38,0.218353198482109,0.113252356403217,-0.144624866857869,0.581331263822088
"dat12_24","reg","SO2",-37,0.213681059270718,0.13033687494894,-0.204053531107138,0.631415649648573
"dat12_24","reg","SO2",-36,-0.347676393772537,0.107985898545032,-0.69377526343598,-0.00157752410909373
"dat12_24","reg","SO2",-35,0.174865261483355,0.0969798370850121,-0.135958766908375,0.485689289875086
"dat12_24","reg","SO2",-34,-0.146441429044404,0.121874334927757,-0.537053260105759,0.244170402016951
"dat12_24","reg","SO2",-33,-0.213517518409231,0.168660915272872,-0.754082100626418,0.327047063807955
"dat12_24","reg","SO2",-32,-0.124461181870353,0.141770255731812,-0.578840188034901,0.329917824294196
"dat12_24","reg","SO2",-31,-0.339627784183432,0.139477031081766,-0.786656919022565,0.107401350655701
"dat12_24","reg","SO2",-30,-0.972895434843205,0.23224010743212,-1.71723372119134,-0.228557148495065
"dat12_24","reg","SO2",-29,-0.00679091107973405,0.106515936945635,-0.348178498484523,0.334596676325055
"dat12_24","reg","SO2",-28,0.378177270043975,0.112016691182593,0.0191595582492535,0.737194981838696
"dat12_24","reg","SO2",-27,0.22721844191551,0.109205096809829,-0.122788004079911,0.577224887910932
"dat12_24","reg","SO2",-26,0.0697022511985535,0.114703271760324,-0.297926052476594,0.437330554873701
"dat12_24","reg","SO2",-25,-0.0663635006324676,0.10355472756365,-0.398260300501563,0.265533299236627
"dat12_24","reg","SO2",-24,-0.0836559215856754,0.0964195240405771,-0.392684125578577,0.225372282407226
"dat12_24","reg","SO2",-23,-0.168560663226801,0.104250539713051,-0.502687567226628,0.165566240773026
"dat12_24","reg","SO2",-22,0.0371507888013961,0.104908018584883,-0.2990833597316,0.373384937334393
"dat12_24","reg","SO2",-21,-0.0769196738751495,0.126765079627672,-0.483206525798114,0.329367178047815
"dat12_24","reg","SO2",-20,-0.734013092545625,0.192465079361738,-1.3508709167087,-0.117155268382556
"dat12_24","reg","SO2",-19,0.227011211657201,0.168026837377545,-0.311521127037376,0.765543550351777
"dat12_24","reg","SO2",-18,-0.350459369073058,0.117487665755363,-0.727011760313017,0.0260930221669003
"dat12_24","reg","SO2",-17,-0.0647042564243436,0.110700878233155,-0.419504738186025,0.290096225337337
"dat12_24","reg","SO2",-16,0.459187366768668,0.105432574195123,0.121271997759425,0.79710273577791
"dat12_24","reg","SO2",-15,0.420441756423602,0.0832174311443596,0.153726757118878,0.687156755728326
"dat12_24","reg","SO2",-14,0.257834184912327,0.0922368631031344,-0.0377884333315174,0.553456803156172
"dat12_24","reg","SO2",-13,-0.155145265768318,0.0686376671396234,-0.375131572623494,0.0648410410868572
"dat12_24","reg","SO2",-12,0.281143646726737,0.103074412054094,-0.0492137238541018,0.611501017307576
"dat12_24","reg","SO2",-11,0.193491863020715,0.0745349654193901,-0.0453955068083847,0.432379232849815
"dat12_24","reg","SO2",-10,0.0744899173189635,0.125975683124802,-0.329266889097682,0.478246723735609
"dat12_24","reg","SO2",-9,0.423285438478625,0.111153908885122,0.0670329764243188,0.779537900532931
"dat12_24","reg","SO2",-8,-0.20980706378328,0.130467628202958,-0.627960723262104,0.208346595695544
"dat12_24","reg","SO2",-7,0.0367544122273415,0.128497000244977,-0.375083310467384,0.448592134922067
"dat12_24","reg","SO2",-6,-0.11615452605113,0.119165943429928,-0.498085860412133,0.265776808309873
"dat12_24","reg","SO2",-5,0.0138672572356084,0.116353720120409,-0.359050795560117,0.386785310031334
"dat12_24","reg","SO2",-4,0.148611988708307,0.0753753283963609,-0.0929687760950938,0.390192753511708
"dat12_24","reg","SO2",-3,0.188558961901889,0.0748629101289364,-0.0513794830658661,0.428497406869645
"dat12_24","reg","SO2",-2,0.0987917567734016,0.0471600616977443,-0.052358016176267,0.24994152972307
"dat12_24","reg","SO2",-1,0,NA,NA,NA
"dat12_24","reg","SO2",0,-0.291689571574675,0.0593170500906837,-0.481802949939483,-0.101576193209867
"dat12_24","reg","SO2",1,-0.119782514553791,0.0713201329626831,-0.348366225345783,0.108801196238202
"dat12_24","reg","SO2",2,-0.026524186231275,0.0918339603480902,-0.320855485979057,0.267807113516507
"dat12_24","reg","SO2",3,0.218631276719088,0.0959182464854278,-0.0887903138403703,0.526052867278547
"dat12_24","reg","SO2",4,0.326026750218846,0.109373574774922,-0.0245196739965778,0.67657317443427
"dat12_24","reg","SO2",5,0.505509731008424,0.115724548947302,0.134608195505891,0.876411266510956
"dat12_24","reg","SO2",6,0.563797273779203,0.131034977139093,0.143825239603807,0.983769307954599
"dat12_24","reg","SO2",7,0.52216708376872,0.116928850364586,0.14740571689124,0.8969284506462
"dat12_24","reg","SO2",8,0.4034930864733,0.105524504061407,0.0652830787821738,0.741703094164426
"dat12_24","reg","SO2",9,0.304878177756589,0.0836350844512704,0.0368245838818271,0.572931771631351
"dat12_24","reg","SO2",10,0.195323413626986,0.0807812102342209,-0.0635834059560325,0.454230233210005
"dat12_24","reg","SO2",11,0.0464627163094429,0.0736727219623791,-0.189661130783197,0.282586563402083
"dat12_24","reg","SO2",12,-0.091700670674982,0.0990590108960912,-0.409188529395894,0.22578718804593
"dat12_24","reg","SO2",13,-0.0733014439050063,0.088986338761502,-0.358506009277037,0.211903121467024
"dat12_24","reg","SO2",14,0.0833902499498083,0.0979527404800295,-0.230551970445175,0.397332470344792
"dat12_24","reg","SO2",15,0.241469218352067,0.111116223790561,-0.11466246155562,0.597600898259755
"dat12_24","reg","SO2",16,0.462912219143559,0.127825837959823,0.0532255968367743,0.872598841450343
"dat12_24","reg","SO2",17,0.39048125705352,0.121586558870725,0.000791759087477861,0.780170755019561
"dat12_24","reg","SO2",18,0.556606805694746,0.147994725706726,0.0822781389578636,1.03093547243163
"dat12_24","reg","SO2",19,0.396083906815384,0.121859169082328,0.00552068285950719,0.786647130771261
"dat12_24","reg","SO2",20,0.481122378694921,0.126980251142691,0.074145893966791,0.88809886342305
"dat12_24","reg","SO2",21,0.477599879966598,0.130534196785931,0.0592328656735575,0.895966894259639
"dat12_24","reg","SO2",22,0.218656898874083,0.111808448623613,-0.139693387680402,0.577007185428567
"dat12_24","reg","SO2",23,0.162267328950746,0.112081481943046,-0.196958039670094,0.521492697571587
"dat12_24","reg","SO2",24,0.0468329220017624,0.111991960717881,-0.312105527722648,0.405771371726172
"dat12_24","reg","SO2",25,0.0911879643783736,0.119929595223856,-0.293190902727698,0.475566831484445
"dat12_24","reg","SO2",26,-0.0131191602622935,0.124406335600577,-0.411846148790108,0.385607828265521
"dat12_24","reg","SO2",27,-0.0136990919838961,0.136279741903918,-0.450480794655035,0.423082610687242
"dat12_24","reg","SO2",28,-0.105043296621381,0.152239070043343,-0.592975246723572,0.38288865348081
"dat12_24","reg","SO2",29,0.14498644414053,0.135379605340061,-0.288910286960326,0.578883175241385
"dat12_24","reg","SO2",30,0.0437538308324407,0.147777886040341,-0.429879856611355,0.517387518276237
"dat12_24","reg","SO2",31,0.0968698681246708,0.132185863214802,-0.326790799245255,0.520530535494596
"dat12_24","reg","SO2",32,0.155742109000945,0.138348689031241,-0.287670647092981,0.599154865094872
"dat12_24","reg","SO2",33,0.234916398999191,0.132342287759675,-0.189245614925217,0.659078412923598
"dat12_24","reg","SO2",34,0.0554364935229525,0.128270678533588,-0.355675859567525,0.46654884661343
"dat12_24","reg","SO2",35,-0.0163864076091975,0.126333053622367,-0.42128859992275,0.388515784704355
"dat12_24","reg","SO2",36,0.0352383655204345,0.140465385898576,-0.414958483710423,0.485435214751292
"dat12_24","reg","SO2",37,-0.0832783323822383,0.132937365371342,-0.509347592452067,0.342790927687591
"dat12_24","reg","SO2",38,0.0875664391041568,0.141215552765045,-0.365034723171662,0.540167601379976
"dat12_24","reg","SO2",39,0.0916235929802289,0.134154200629074,-0.338345669894988,0.521592855855446
"dat12_24","reg","SO2",40,0.0241616301407488,0.142475358943587,-0.432477258359174,0.480800518640671
"dat12_24","reg","SO2",41,0.201617193714746,0.151287780606286,-0.28326583793305,0.686500225362543
"dat12_24","reg","SO2",42,0.0628886551882903,0.136516523799318,-0.374651942370594,0.500429252747175
"dat12_24","reg","SO2",43,-0.103899041943286,0.142417580423653,-0.560352748111909,0.352554664225337
"dat12_24","reg","SO2",44,-0.0492774204219637,0.15056099355199,-0.531831072202878,0.433276231358951
"dat12_24","reg","SO2",45,-0.0477634204401377,0.134525212848555,-0.478921791444504,0.383394950564229
"dat12_24","reg","SO2",46,-0.145239269067305,0.141649416009316,-0.599230979372582,0.308752441237971
"dat12_24","reg","SO2",47,-0.121189523612101,0.151610511034333,-0.607106918430069,0.364727871205868
"dat12_24","reg","SO2",48,-0.0809553869360352,0.124778807680747,-0.480876162501461,0.318965388629391
"dat12_24","reg","SO2",49,-0.0694275843521149,0.144366953031605,-0.532129103107894,0.393273934403664
"dat12_24","reg","SO2",50,-0.056225417805246,0.144065361563217,-0.517960324552275,0.405509488941783
"dat12_24","reg","SO2",51,0.296718790982324,0.162793527396502,-0.225040592229718,0.818478174194365
"dat12_24","reg","SO2",52,0.3434504753319,0.156513801541706,-0.158182150132833,0.845083100796633
"dat12_24","reg","SO2",53,0.413601489109226,0.157817828366156,-0.0922105914143063,0.919413569632758
"dat12_24","reg","SO2",54,0.38679268423108,0.164322948023432,-0.139868549661027,0.913453918123187
"dat12_24","reg","SO2",55,0.171007914699639,0.16507980087764,-0.358079061079809,0.700094890479087
"dat12_24","reg","SO2",56,0.141282186480167,0.172805180327317,-0.412564921235763,0.695129294196097
"dat12_24","reg","SO2",57,0.170738324745647,0.15812493059957,-0.336058029995982,0.677534679487276
"dat12_24","reg","SO2",58,0.34924719109099,0.154061099556725,-0.144524432186786,0.843018814368765
"dat12_24","reg","SO2",59,0.129372409614764,0.134800067857445,-0.302666882039242,0.56141170126877
"dat12_24","reg","SO2",60,0.314700469354004,0.167618125847789,-0.222521933502904,0.851922872210912
"dat12_24","reg","O3",-48,4.0066710176383,0.562466892238836,2.15074001297581,5.86260202230079
"dat12_24","reg","O3",-47,1.67470930100812,0.424642580810797,0.273547130396295,3.07587147161995
"dat12_24","reg","O3",-46,-0.0403245562881401,0.433430754944213,-1.47048442449539,1.38983531191911
"dat12_24","reg","O3",-45,-1.38121869806439,0.519115994579959,-3.09410790568028,0.331670509551494
"dat12_24","reg","O3",-44,-0.919997077810843,0.465301890900777,-2.45531981016492,0.615325654543235
"dat12_24","reg","O3",-43,0.660825464829704,0.452831731113114,-0.833350390255033,2.15500131991444
"dat12_24","reg","O3",-42,0.14638665126644,0.412552540749437,-1.21488289542902,1.5076561979619
"dat12_24","reg","O3",-41,-0.866965062514945,0.478717170319018,-2.44655321449118,0.712623089461292
"dat12_24","reg","O3",-40,-0.783655425910609,0.46148782437936,-2.30639316098108,0.739082309159864
"dat12_24","reg","O3",-39,-0.56244920668859,0.467328206439312,-2.10445802472182,0.979559611344641
"dat12_24","reg","O3",-38,0.510563148829932,0.438105148399293,-0.935020474732487,1.95614677239235
"dat12_24","reg","O3",-37,0.864517032102756,0.477009528568266,-0.709436538862921,2.43847060306843
"dat12_24","reg","O3",-36,1.51053446190052,0.460318408492428,-0.00834463680956898,3.02941356061062
"dat12_24","reg","O3",-35,0.610530067059076,0.387412577673625,-0.66778697599168,1.88884711010983
"dat12_24","reg","O3",-34,0.0579336909781263,0.562892413884211,-1.79940137644024,1.91526875839649
"dat12_24","reg","O3",-33,-0.520566774882056,0.432343194420232,-1.94713809890341,0.906004549139295
"dat12_24","reg","O3",-32,-0.325201626818689,0.565976877384314,-2.19271427361387,1.54231101997649
"dat12_24","reg","O3",-31,0.470513079011884,0.474469386443466,-1.09505897014208,2.03608512816585
"dat12_24","reg","O3",-30,3.40614331662616,0.840153494232396,0.63395007265593,6.17833656059639
"dat12_24","reg","O3",-29,-0.506038869029748,0.350503165579028,-1.66256861541391,0.650490877354412
"dat12_24","reg","O3",-28,-0.342230787289367,0.431280343618838,-1.76529509999529,1.08083352541655
"dat12_24","reg","O3",-27,-1.3626545328744,0.40039779234906,-2.683817942264,-0.0414911234847963
"dat12_24","reg","O3",-26,-0.841360365790547,0.466686585877049,-2.38125207522385,0.698531343642755
"dat12_24","reg","O3",-25,0.734402003566536,0.481731875182709,-0.855133550298832,2.3239375574319
"dat12_24","reg","O3",-24,0.997088539655531,0.330026924822933,-0.0918772476715835,2.08605432698264
"dat12_24","reg","O3",-23,-0.399077065394519,0.383411684039266,-1.6641926513554,0.866038520566367
"dat12_24","reg","O3",-22,-0.376195487372105,0.391241296506913,-1.6671458748719,0.914754900127688
"dat12_24","reg","O3",-21,-1.17031577915712,0.389229992777662,-2.4546296143506,0.113998056036368
"dat12_24","reg","O3",-20,0.600502622120866,0.426133829629209,-0.805580113516114,2.00658535775785
"dat12_24","reg","O3",-19,-0.311524187564484,0.460574377617497,-1.83124788893832,1.20819951380935
"dat12_24","reg","O3",-18,-0.436319186635039,0.408795826621432,-1.78519297755887,0.912554604288796
"dat12_24","reg","O3",-17,-0.328938693767364,0.442107354190208,-1.787728104047,1.12985071651227
"dat12_24","reg","O3",-16,-0.323882673188982,0.385582985520103,-1.59616274437444,0.948397397996472
"dat12_24","reg","O3",-15,0.291108900953809,0.399574499236108,-1.02733794816294,1.60955575007055
"dat12_24","reg","O3",-14,0.0867940825202573,0.347352098326994,-1.05933831694176,1.23292648198228
"dat12_24","reg","O3",-13,-0.00313196770569383,0.262100933316364,-0.867967312158754,0.861703376747367
"dat12_24","reg","O3",-12,1.62914533960147,0.383693818404811,0.363098815440093,2.89519186376284
"dat12_24","reg","O3",-11,1.46306527272092,0.398247049673477,0.148998512164774,2.77713203327706
"dat12_24","reg","O3",-10,1.48727390958126,0.45408740667403,-0.0110452066224085,2.98559302578493
"dat12_24","reg","O3",-9,0.117957695762321,0.441170637421831,-1.33774089847639,1.57365629000103
"dat12_24","reg","O3",-8,1.68248230688257,0.422349864421499,0.288885245418524,3.07607936834663
"dat12_24","reg","O3",-7,1.93427965815642,0.50402982749371,0.271169176405514,3.59739013990732
"dat12_24","reg","O3",-6,0.990742097632686,0.574292938510346,-0.904210449880985,2.88569464514636
"dat12_24","reg","O3",-5,-0.180432411107312,0.571615243864504,-2.06654956478215,1.70568474256752
"dat12_24","reg","O3",-4,0.287917620797759,0.380077897666035,-0.966197713275635,1.54203295487115
"dat12_24","reg","O3",-3,-0.215704329469078,0.256037257281008,-1.06053180410521,0.629123145167055
"dat12_24","reg","O3",-2,-0.294718957850648,0.1634580758004,-0.834069655689796,0.2446317399885
"dat12_24","reg","O3",-1,0,NA,NA,NA
"dat12_24","reg","O3",0,0.554154192132255,0.364640125053308,-0.649022248949864,1.75733063321437
"dat12_24","reg","O3",1,1.72809915173349,0.359389057153768,0.542249276635645,2.91394902683134
"dat12_24","reg","O3",2,1.15498379227109,0.401196157202049,-0.168813923429052,2.47878150797123
"dat12_24","reg","O3",3,0.857517645995262,0.356517600272776,-0.318857492140252,2.03389278413078
"dat12_24","reg","O3",4,1.31233470915082,0.442570408727851,-0.14798260843344,2.77265202673507
"dat12_24","reg","O3",5,1.51061336402668,0.419096942539147,0.127749731783984,2.89347699626938
"dat12_24","reg","O3",6,0.822658858675808,0.424650529299853,-0.578529538985968,2.22384725633759
"dat12_24","reg","O3",7,0.181890445170716,0.42058321743358,-1.20587734000274,1.56965823034417
"dat12_24","reg","O3",8,0.547925119066031,0.336559940544767,-0.562597184030105,1.65844742216217
"dat12_24","reg","O3",9,0.585290052560226,0.301658331668761,-0.410069955795761,1.58065006091621
"dat12_24","reg","O3",10,0.73628283711261,0.303182279066584,-0.264105629387531,1.73667130361275
"dat12_24","reg","O3",11,1.37795315008953,0.369288166041053,0.159439906967811,2.59646639321125
"dat12_24","reg","O3",12,2.13469432908317,0.443316452892396,0.671915343950243,3.5974733142161
"dat12_24","reg","O3",13,2.06126784647871,0.540425378122418,0.278065619283532,3.8444700736739
"dat12_24","reg","O3",14,0.582288425669658,0.38941164036039,-0.702624778811796,1.86720163015111
"dat12_24","reg","O3",15,0.0598984401582945,0.410031036964199,-1.29305108429591,1.4128479646125
"dat12_24","reg","O3",16,-0.233900649195387,0.392130699635321,-1.52778573536711,1.05998443697633
"dat12_24","reg","O3",17,0.101292125435201,0.439123573249203,-1.34765192036886,1.55023617123926
"dat12_24","reg","O3",18,0.624565994765617,0.605602665570397,-1.3736969768816,2.62282896641283
"dat12_24","reg","O3",19,1.5698903732773,0.499949004667932,-0.0797549148570504,3.21953566141165
"dat12_24","reg","O3",20,1.21158769617983,0.36774916121019,-0.00184740488351487,2.42502279724317
"dat12_24","reg","O3",21,1.44451279194687,0.374946805435398,0.207328148888405,2.68169743500534
"dat12_24","reg","O3",22,1.77214947834267,0.369250737431711,0.553759735674925,2.99053922101041
"dat12_24","reg","O3",23,2.73989970780855,0.415556071090821,1.36871963098067,4.11107978463642
"dat12_24","reg","O3",24,3.25861699714738,0.449337838907436,1.77596968349493,4.74126431079982
"dat12_24","reg","O3",25,0.254725116487328,0.493263101477315,-1.37285918424162,1.88230941721627
"dat12_24","reg","O3",26,0.0464649390849637,0.451003272174511,-1.44167768332114,1.53460756149106
"dat12_24","reg","O3",27,-0.748199038381742,0.541077040182937,-2.5335515073767,1.03715343061321
"dat12_24","reg","O3",28,-0.841279089153547,0.546563653024893,-2.64473533460979,0.962177156302692
"dat12_24","reg","O3",29,-0.159976177710788,0.588262508751402,-2.10102309787098,1.7810707424494
"dat12_24","reg","O3",30,0.518705329831818,0.577914952403006,-1.38819851290556,2.42560917256919
"dat12_24","reg","O3",31,-0.137187893157789,0.488218739719782,-1.7481276810919,1.47375189477632
"dat12_24","reg","O3",32,-0.407478432347611,0.435649630055783,-1.844959761021,1.03000289632577
"dat12_24","reg","O3",33,0.265956567147155,0.353522152134361,-0.900534709111946,1.43244784340626
"dat12_24","reg","O3",34,1.01805544183459,0.38134540238388,-0.240242185164603,2.27635306883378
"dat12_24","reg","O3",35,2.31344096494396,0.434630906136289,0.879321045330325,3.7475608845576
"dat12_24","reg","O3",36,4.38385420787914,0.720039180772955,2.00799340858989,6.7597150071684
"dat12_24","reg","O3",37,1.64078249267842,0.528865835419238,-0.104277554063871,3.38584253942071
"dat12_24","reg","O3",38,-0.228741973854852,0.515730037988958,-1.9304587873185,1.47297483960879
"dat12_24","reg","O3",39,-0.903952518637742,0.542186678021509,-2.69296637872428,0.885061341448793
"dat12_24","reg","O3",40,0.15465103103316,0.49262001877759,-1.47081133658745,1.78011339865377
"dat12_24","reg","O3",41,0.558623983767351,0.550557208526891,-1.2580095056783,2.375257473213
"dat12_24","reg","O3",42,2.47310936650659,0.481327594877596,0.884907786894973,4.06131094611821
"dat12_24","reg","O3",43,-0.587900473325848,0.601726444797756,-2.57337336183727,1.39757241518558
"dat12_24","reg","O3",44,-0.411105322874251,0.481201171212543,-1.99888975153364,1.17667910578514
"dat12_24","reg","O3",45,1.14538164024402,0.446487819874749,-0.327861673351482,2.61862495383953
"dat12_24","reg","O3",46,0.872657289131218,0.444982257016466,-0.595618228445157,2.34093280670759
"dat12_24","reg","O3",47,1.6405235277525,0.411862690382729,0.281530230027099,2.99951682547791
"dat12_24","reg","O3",48,2.86917826645223,0.612982451136329,0.846564754304657,4.8917917785998
"dat12_24","reg","O3",49,1.4632365139013,0.54292019773845,-0.328197687727086,3.25467071552969
"dat12_24","reg","O3",50,0.366497821961265,0.624133623439682,-1.69291040059806,2.42590604452059
"dat12_24","reg","O3",51,-0.293916297429285,0.594210321814002,-2.25458878280075,1.66675618794218
"dat12_24","reg","O3",52,0.341976337413687,0.51368647261649,-1.35299747235116,2.03695014717853
"dat12_24","reg","O3",53,1.52387794097169,0.66953461675815,-0.68533662984545,3.73309251178882
"dat12_24","reg","O3",54,3.01832251978047,0.673193436838702,0.797035207044335,5.2396098325166
"dat12_24","reg","O3",55,1.78579149137523,0.571929193539596,-0.101361579157903,3.67294456190837
"dat12_24","reg","O3",56,0.880161395462887,0.581062630334893,-1.037128610704,2.79745140162977
"dat12_24","reg","O3",57,1.38246904044143,0.490425064663217,-0.235750797083836,3.0006888779667
"dat12_24","reg","O3",58,1.47827143810551,0.48171829743665,-0.1112193142609,3.06776219047193
"dat12_24","reg","O3",59,2.3700167070438,0.530220856581869,0.620485595742156,4.11954781834545
"dat12_24","reg","O3",60,5.35885153184353,0.752587260568791,2.87559420616517,7.84210885752189
"dat12_24","reg","PM10",-48,2.72182651372155,0.616840340506352,0.737336572018669,4.70631645542442
"dat12_24","reg","PM10",-47,1.14116491084979,0.697785582538147,-1.10374090849971,3.38607073019929
"dat12_24","reg","PM10",-46,1.09522640693063,0.536776215550535,-0.631682374409693,2.82213518827095
"dat12_24","reg","PM10",-45,0.861986510275312,0.55711299986189,-0.930349483363309,2.65432250391393
"dat12_24","reg","PM10",-44,-0.636830331598596,0.711042809239823,-2.92438711152365,1.65072644832646
"dat12_24","reg","PM10",-43,-1.1700961264104,0.79371370320162,-3.72362052674774,1.38342827392693
"dat12_24","reg","PM10",-42,-0.899602426065002,0.999217550485328,-4.11427087152265,2.31506601939265
"dat12_24","reg","PM10",-41,0.195988521483328,1.23960822202905,-3.79206136229938,4.18403840526604
"dat12_24","reg","PM10",-40,1.49982016451201,0.922848791073481,-1.4691557978815,4.46879612690551
"dat12_24","reg","PM10",-39,0.420920948301237,0.594668284029772,-1.49223736968111,2.33407926628359
"dat12_24","reg","PM10",-38,-0.169123336436074,0.722846172880476,-2.49465372944213,2.15640705656998
"dat12_24","reg","PM10",-37,0.221368043488942,0.655426247180637,-1.88725992657918,2.32999601355706
"dat12_24","reg","PM10",-36,0.91950028833411,0.542575313063607,-0.826065266777196,2.66506584344542
"dat12_24","reg","PM10",-35,2.94221286943327,0.691403017205008,0.717840948199904,5.16658479066664
"dat12_24","reg","PM10",-34,3.23297072867751,0.714141577114555,0.935444636962583,5.53049682039244
"dat12_24","reg","PM10",-33,0.168887948958828,0.661101152369916,-1.95799724510829,2.29577314302595
"dat12_24","reg","PM10",-32,0.308472160265367,0.648337311057509,-1.77734938566037,2.3942937061911
"dat12_24","reg","PM10",-31,-3.46291951749863,0.855967494354973,-6.21672592642718,-0.709113108570086
"dat12_24","reg","PM10",-30,-3.44393571586054,1.0711540668923,-6.89003729543128,0.002165863710204
"dat12_24","reg","PM10",-29,0.452149949856705,0.650242754258247,-1.63980176074543,2.54410166045884
"dat12_24","reg","PM10",-28,0.890877336401108,0.790257870729855,-1.65152900901978,3.433283681822
"dat12_24","reg","PM10",-27,2.60409411013529,0.785978914603329,0.0754539613076837,5.13273425896289
"dat12_24","reg","PM10",-26,0.982641419074117,0.637221379811845,-1.06741811146272,3.03270094961095
"dat12_24","reg","PM10",-25,2.95858736861812,0.631816992776274,0.925914754936231,4.99125998230002
"dat12_24","reg","PM10",-24,1.63791649490643,0.70005580555202,-0.614293053529194,3.89012604334206
"dat12_24","reg","PM10",-23,1.865485362135,0.788335449078629,-0.670736195780842,4.40170692005085
"dat12_24","reg","PM10",-22,2.28784846701798,0.661071338163381,0.1610591907907,4.41463774324525
"dat12_24","reg","PM10",-21,-0.437149659827773,0.645098346911275,-2.51255085651944,1.6382515368639
"dat12_24","reg","PM10",-20,-2.06886382465564,0.781523608922423,-4.58317042761997,0.44544277830868
"dat12_24","reg","PM10",-19,-1.18175854906392,0.906037080328934,-4.09664811553853,1.73313101741069
"dat12_24","reg","PM10",-18,-0.158658639176793,0.831300572687696,-2.83310697969285,2.51578970133927
"dat12_24","reg","PM10",-17,-0.745631259206691,0.750395285466681,-3.15979226412325,1.66852974570987
"dat12_24","reg","PM10",-16,1.54878940179794,0.783957169147044,-0.97334641639625,4.07092521999213
"dat12_24","reg","PM10",-15,-0.283587855162406,0.777183983808925,-2.78393307813425,2.21675736780944
"dat12_24","reg","PM10",-14,0.183661798538251,0.678867944292424,-2.00038246498532,2.36770606206182
"dat12_24","reg","PM10",-13,0.3289245159617,0.589445648756824,-1.56743161434298,2.22528064626638
"dat12_24","reg","PM10",-12,2.64204935931953,0.672324408448799,0.479056865941514,4.80504185269755
"dat12_24","reg","PM10",-11,0.589397988211759,0.553025820963756,-1.18978879179627,2.36858476821978
"dat12_24","reg","PM10",-10,0.421975878143971,0.665394710968308,-1.71872249138055,2.5626742476685
"dat12_24","reg","PM10",-9,1.49594987341757,0.672788263479197,-0.668534927745439,3.66043467458057
"dat12_24","reg","PM10",-8,-1.38307174597477,0.654857601213474,-3.48987027635142,0.72372678440188
"dat12_24","reg","PM10",-7,0.238725790782451,0.86823912834552,-2.55456074391496,3.03201232547986
"dat12_24","reg","PM10",-6,0.132719854723274,0.735778729967942,-2.23441697640825,2.4998566858548
"dat12_24","reg","PM10",-5,0.472535623213035,0.786122050608931,-2.05656502072936,3.00163626715544
"dat12_24","reg","PM10",-4,1.91835092922599,0.689751566283827,-0.30070796766852,4.13740982612051
"dat12_24","reg","PM10",-3,-0.574671092762384,0.532398877130086,-2.28749716339724,1.13815497787247
"dat12_24","reg","PM10",-2,-0.46250533153997,0.279662359871741,-1.36223108518115,0.437220422101213
"dat12_24","reg","PM10",-1,0,NA,NA,NA
"dat12_24","reg","PM10",0,-0.813618707426026,0.332486629363763,-1.88328994712065,0.256052532268594
"dat12_24","reg","PM10",1,0.732582285282339,0.370842631724655,-0.460487337901012,1.92565190846569
"dat12_24","reg","PM10",2,1.08013622182439,0.462092903172298,-0.406502472598457,2.56677491624724
"dat12_24","reg","PM10",3,1.39021672541522,0.484143091990326,-0.167361521836006,2.94779497266645
"dat12_24","reg","PM10",4,2.48636570805291,0.684696249440561,0.28357070437159,4.68916071173423
"dat12_24","reg","PM10",5,2.43414215582175,0.566162926793869,0.612690866392143,4.25559344525137
"dat12_24","reg","PM10",6,4.15381510903759,0.741068394077285,1.76966044601238,6.5379697720628
"dat12_24","reg","PM10",7,2.56245934821515,0.578456433427118,0.701457564662674,4.42346113176762
"dat12_24","reg","PM10",8,2.78314133827497,0.884537149651422,-0.0625789580092291,5.62886163455916
"dat12_24","reg","PM10",9,1.6257282440002,0.509392522373324,-0.0130821103918346,3.26453859839224
"dat12_24","reg","PM10",10,1.59486857847695,0.664445128187682,-0.542774806875466,3.73251196382937
"dat12_24","reg","PM10",11,0.851384394836138,0.568685731829159,-0.978183226954779,2.68095201662706
"dat12_24","reg","PM10",12,1.8628049368108,0.609048337550808,-0.096616684168592,3.8222265577902
"dat12_24","reg","PM10",13,1.8040720493441,0.538620849321392,0.0712287385574915,3.5369153601307
"dat12_24","reg","PM10",14,2.26317868385478,0.585452064667862,0.379670655296144,4.14668671241341
"dat12_24","reg","PM10",15,3.31743170583549,0.785917626494133,0.788988732238267,5.84587467943272
"dat12_24","reg","PM10",16,3.35084460681863,0.734932429876306,0.986430480265946,5.71525873337131
"dat12_24","reg","PM10",17,3.38881229417189,0.710955029509271,1.10153791794342,5.67608667040036
"dat12_24","reg","PM10",18,4.77401017742127,0.841842826352997,2.06564544884198,7.48237490600056
"dat12_24","reg","PM10",19,3.69413599381057,0.735104345623351,1.32916878236959,6.05910320525156
"dat12_24","reg","PM10",20,4.54594796792044,0.862960060976554,1.76964517343477,7.3222507624061
"dat12_24","reg","PM10",21,3.23739338481717,0.803554035593284,0.652210807522349,5.822575962112
"dat12_24","reg","PM10",22,2.6053858729851,0.81409773877568,-0.0137177557386736,5.22448950170887
"dat12_24","reg","PM10",23,2.28494965032712,0.694295655005595,0.0512715760371218,4.51862772461712
"dat12_24","reg","PM10",24,2.76092696042963,0.766366942348245,0.295382168895327,5.22647175196393
"dat12_24","reg","PM10",25,2.31502996082261,0.613177242748201,0.342324884958047,4.28773503668718
"dat12_24","reg","PM10",26,2.02486906292515,0.812326967055844,-0.588537664288937,4.63827579013924
"dat12_24","reg","PM10",27,3.20216445699539,0.688840720746324,0.986035919367156,5.41829299462362
"dat12_24","reg","PM10",28,4.2717039021167,0.766333287676398,1.80626738391244,6.73714042032096
"dat12_24","reg","PM10",29,4.23428682779924,0.782519068164616,1.71677764756527,6.75179600803321
"dat12_24","reg","PM10",30,2.6284414996563,0.759857758185213,0.183837962530921,5.07304503678168
"dat12_24","reg","PM10",31,5.06708534839503,0.832716417522014,2.38808197208088,7.74608872470919
"dat12_24","reg","PM10",32,5.79730089217299,1.04251360220093,2.44334100693284,9.15126077741315
"dat12_24","reg","PM10",33,4.64347741093726,0.755861474880653,2.21173065943582,7.07522416243869
"dat12_24","reg","PM10",34,6.35687221033647,1.07778176130079,2.88944810688614,9.82429631378681
"dat12_24","reg","PM10",35,2.8529202545267,0.780832933645581,0.340835682207698,5.3650048268457
"dat12_24","reg","PM10",36,5.12672936414188,0.76303201845846,2.67191364215934,7.58154508612443
"dat12_24","reg","PM10",37,2.93483130677427,0.665819472697133,0.792766399876749,5.07689621367179
"dat12_24","reg","PM10",38,3.26543886728095,0.738555574461724,0.889368411667177,5.64150932289472
"dat12_24","reg","PM10",39,2.74562947205405,0.880868020678194,-0.0882865548527509,5.57954549896085
"dat12_24","reg","PM10",40,5.45066511693144,0.914698871121776,2.50790896071431,8.39342127314858
"dat12_24","reg","PM10",41,3.79063649304222,0.869097520988186,0.994588349783344,6.58668463630111
"dat12_24","reg","PM10",42,4.53364202964297,0.895554358619817,1.65247732587162,7.41480673341431
"dat12_24","reg","PM10",43,3.25703631013362,0.886262909367691,0.405763924315327,6.1083086959519
"dat12_24","reg","PM10",44,2.4507780141339,0.80200351865193,-0.12941626218173,5.03097229044952
"dat12_24","reg","PM10",45,4.49578306743888,0.777937458625275,1.9930137760393,6.99855235883846
"dat12_24","reg","PM10",46,2.35726053419945,0.704815534340564,0.0897380542224995,4.6247830141764
"dat12_24","reg","PM10",47,1.27645920227478,0.680389320728061,-0.912479611808811,3.46539801635837
"dat12_24","reg","PM10",48,2.10414589665686,0.732047132597062,-0.250985692659711,4.45927748597344
"dat12_24","reg","PM10",49,3.04716874715556,0.684283330932675,0.845702179005824,5.2486353153053
"dat12_24","reg","PM10",50,5.67094194014835,0.898103244220043,2.78157699799433,8.56030688230237
"dat12_24","reg","PM10",51,3.6362395469489,0.812082110284981,1.02362056944414,6.24885852445366
"dat12_24","reg","PM10",52,6.2983615364492,1.19392468355525,2.45728408078011,10.1394389921183
"dat12_24","reg","PM10",53,4.54764805968601,0.895502385205333,1.66665056404213,7.4286455553299
"dat12_24","reg","PM10",54,6.81037799732929,0.986287732845977,3.63730717668373,9.98344881797485
"dat12_24","reg","PM10",55,4.39400882472848,0.912095250900163,1.45962899833693,7.32838865112003
"dat12_24","reg","PM10",56,5.4361916489471,0.900206173659757,2.54006119220661,8.33232210568759
"dat12_24","reg","PM10",57,2.76273138395966,0.923020163087523,-0.206795914032091,5.73225868195141
"dat12_24","reg","PM10",58,3.92702931615819,0.861087603739769,1.15675056437638,6.69730806794001
"dat12_24","reg","PM10",59,3.26559733149854,0.724447753419773,0.934914356434619,5.59628030656246
"dat12_24","reg","PM10",60,4.74389436600239,0.940226450542008,1.7190112455308,7.76877748647399
"dat12_24","dr","NO2",-48,-0.387179758004794,16.395400026039,-47.8095444354469,47.0351849194373
"dat12_24","dr","NO2",-47,-0.896146254220849,22.0415173461087,-64.6494473003225,62.8571547918809
"dat12_24","dr","NO2",-46,0.68834878396919,20.2438476431129,-57.8653384625509,59.2420360304893
"dat12_24","dr","NO2",-45,-0.313640791398764,16.2314903355835,-47.2619099845829,46.6346284017854
"dat12_24","dr","NO2",-44,-0.197911957698131,21.0908732835878,-61.2015521635818,60.8057282481856
"dat12_24","dr","NO2",-43,-0.81938804365073,14.992479898866,-44.1839200498278,42.5451439625263
"dat12_24","dr","NO2",-42,-1.543351700171,4.99925867855418,-16.0033019175942,12.9165985172522
"dat12_24","dr","NO2",-41,-0.825327322795144,6.76346624646194,-20.3881048283084,18.7374501827181
"dat12_24","dr","NO2",-40,0.335655573773823,10.4756032955933,-29.9641772397507,30.6354883872983
"dat12_24","dr","NO2",-39,-1.18572890044941,35.8166663767853,-104.78253115917,102.411073358271
"dat12_24","dr","NO2",-38,-0.500947066407022,8.21819335145503,-24.2714047242544,23.2695105914403
"dat12_24","dr","NO2",-37,0.216963353585219,20.5834330574407,-59.3189471587176,59.752873865888
"dat12_24","dr","NO2",-36,-0.606231694275011,10.482062770036,-30.9247480136707,29.7122846251206
"dat12_24","dr","NO2",-35,-1.8468435870068,11.1186997108887,-34.006780617596,30.3130934435824
"dat12_24","dr","NO2",-34,-0.355907331391873,18.905915537835,-55.0397344885345,54.3279198257508
"dat12_24","dr","NO2",-33,0.797445821069729,20.3916867122398,-58.183853941069,59.7787455832085
"dat12_24","dr","NO2",-32,-0.543987690703003,7.20083396330175,-21.3718158404932,20.2838404590872
"dat12_24","dr","NO2",-31,-0.325502640593002,17.37081870403,-50.56918672393,49.918181442744
"dat12_24","dr","NO2",-30,-2.69765195051471,2.94620881062303,-11.2193219562091,5.82401805517971
"dat12_24","dr","NO2",-29,0.0512036557510548,15.9684166440516,-46.1361462236588,46.2385535351609
"dat12_24","dr","NO2",-28,-1.05377557183804,7.98042014107014,-24.1364935054036,22.0289423617275
"dat12_24","dr","NO2",-27,0.879285453708275,6.95887491553337,-19.2486957766987,21.0072666841152
"dat12_24","dr","NO2",-26,-0.0391585178811506,20.8569459277385,-60.3661828217741,60.2878657860118
"dat12_24","dr","NO2",-25,-0.53612273012119,8.66122750353807,-25.5880207365588,24.5157752763164
"dat12_24","dr","NO2",-24,-0.465474802649403,23.5617830837178,-68.6160211798207,67.6850715745219
"dat12_24","dr","NO2",-23,-1.04543818441259,20.2488503765677,-59.6135954316586,57.5227190628334
"dat12_24","dr","NO2",-22,-0.590373780730149,25.4272873091668,-74.1367398113439,72.9559922498836
"dat12_24","dr","NO2",-21,-0.117451615511993,15.1017633702528,-43.7980771982465,43.5631739672225
"dat12_24","dr","NO2",-20,-1.1645707682915,15.5755995834152,-46.2157291628071,43.8865876262241
"dat12_24","dr","NO2",-19,-1.03334442870933,14.8983931872752,-44.1257382533674,42.0590493959488
"dat12_24","dr","NO2",-18,-0.827341727228534,11.8121779243674,-34.9931082394537,33.3384247849966
"dat12_24","dr","NO2",-17,-0.159572256802377,9.19977619733704,-26.7691786761688,26.450034162564
"dat12_24","dr","NO2",-16,-0.936874437584813,21.4853171428052,-63.0814115113019,61.2076626361323
"dat12_24","dr","NO2",-15,0.208047353936966,13.0558113018249,-37.5548278264002,37.9709225342741
"dat12_24","dr","NO2",-14,-0.0432490946185168,5.23227344873627,-15.1771756340135,15.0906774447764
"dat12_24","dr","NO2",-13,-0.722177252921845,12.0413781173169,-35.5508867318895,34.1065322260458
"dat12_24","dr","NO2",-12,0.602396004648891,6.5083712171419,-18.2225398203562,19.4273318296539
"dat12_24","dr","NO2",-11,0.11946785779917,8.71833216715378,-25.0976007561543,25.3365364717526
"dat12_24","dr","NO2",-10,0.0748526037177082,8.27025905025001,-23.8462008646326,23.995906072068
"dat12_24","dr","NO2",-9,1.01380138715899,16.3145060029536,-46.1745838901532,48.2021866644712
"dat12_24","dr","NO2",-8,-0.817743908345854,8.45272405813859,-25.2665626115317,23.63107479484
"dat12_24","dr","NO2",-7,-2.29845085976856,14.4435152818143,-44.0751472398861,39.478245520349
"dat12_24","dr","NO2",-6,0.233236181513593,7.22897449918552,-20.6759861857265,21.1424585487537
"dat12_24","dr","NO2",-5,-0.677089050366715,15.8938899996201,-46.6488766559192,45.2946985551857
"dat12_24","dr","NO2",-4,0.0621110996731692,7.72673788663194,-22.2868514901339,22.4110736894802
"dat12_24","dr","NO2",-3,0.221371005117104,6.98743088959275,-19.9892060639649,20.4319480741991
"dat12_24","dr","NO2",-2,0.725422394350705,2.33231527645763,-6.02061035918276,7.47145514788417
"dat12_24","dr","NO2",-1,0,NA,NA,NA
"dat12_24","dr","NO2",0,-0.595190749356611,1.47859364056519,-4.87190291992079,3.68152142120757
"dat12_24","dr","NO2",1,-0.362569614138439,1.76209567128829,-5.45928841256127,4.73414918428439
"dat12_24","dr","NO2",2,-0.0151307389979627,2.98307242751237,-8.64342576638623,8.61316428839031
"dat12_24","dr","NO2",3,0.0818688803336239,9.23084778609772,-26.6176095891796,26.7813473498468
"dat12_24","dr","NO2",4,0.372876022391576,10.9059551887369,-31.1717147344507,31.9174667792339
"dat12_24","dr","NO2",5,0.193070232002775,8.04564784897342,-23.0783135557871,23.4644540197927
"dat12_24","dr","NO2",6,0.480704734615391,10.7761084058567,-30.6883147351488,31.6497242043796
"dat12_24","dr","NO2",7,-0.538066589117498,14.2506893674594,-41.7570296528611,40.6808964746262
"dat12_24","dr","NO2",8,-0.681041051913985,3.855160833265,-11.8317810542884,10.4696989504605
"dat12_24","dr","NO2",9,-0.121359726779543,4.67468613089688,-13.6425101775093,13.3997907239502
"dat12_24","dr","NO2",10,-0.63202886708635,10.5304679970512,-31.090553379278,29.8264956451053
"dat12_24","dr","NO2",11,-1.04058265874903,11.4818570174655,-34.2509227414387,32.1697574239407
"dat12_24","dr","NO2",12,-1.46908572259719,16.2116324525675,-48.3599175999115,45.4217461547171
"dat12_24","dr","NO2",13,-0.968616701929185,7.60199274260934,-22.9567640812391,21.0195306773807
"dat12_24","dr","NO2",14,0.547727196447392,1.36737377534538,-3.40729053546611,4.50274492836089
"dat12_24","dr","NO2",15,0.0761949554415835,2.17379501765721,-6.21133080773746,6.36372071862063
"dat12_24","dr","NO2",16,0.0601604177359451,4.07159026346046,-11.7165841560036,11.8369049914755
"dat12_24","dr","NO2",17,-0.635533828209023,3.73770538207642,-11.446543465312,10.1754758088939
"dat12_24","dr","NO2",18,1.41451406023596,17.0153849697762,-47.8011067774544,50.6301348979263
"dat12_24","dr","NO2",19,0.696545615713427,13.9380709475791,-39.6181940262836,41.0112852577105
"dat12_24","dr","NO2",20,0.161379918279364,13.1900294548118,-37.9897103825898,38.3124702191485
"dat12_24","dr","NO2",21,-1.26775959362516,7.24573110084198,-22.2254490719602,19.6899298847099
"dat12_24","dr","NO2",22,-1.60167783022078,14.6252834359303,-43.9041238521614,40.7007681917199
"dat12_24","dr","NO2",23,-2.3247234477433,7.34109757855775,-23.5582527273066,18.90880583182
"dat12_24","dr","NO2",24,-2.99637317088559,4.19341286229169,-15.1254797302158,9.13273338844461
"dat12_24","dr","NO2",25,-2.73525342566894,6.47344203918183,-21.4591594366728,15.9886525853349
"dat12_24","dr","NO2",26,-1.18733672906176,10.4735146164398,-31.4811282075561,29.1064547494325
"dat12_24","dr","NO2",27,0.650403884076183,8.71754717160327,-24.5643941939216,25.865201962074
"dat12_24","dr","NO2",28,0.367064162253435,9.43374779914275,-26.9192861369435,27.6534144614504
"dat12_24","dr","NO2",29,0.204870567797291,11.0158783369165,-31.6576639788388,32.0674051144334
"dat12_24","dr","NO2",30,-0.342700229830842,13.8195817139517,-40.3147193747066,39.629318915045
"dat12_24","dr","NO2",31,-0.0834756871878974,8.66590303341013,-25.1488972845291,24.9819459101533
"dat12_24","dr","NO2",32,1.65085855042438,7.63316040159411,-20.4274387543629,23.7291558552116
"dat12_24","dr","NO2",33,-0.450845677086465,5.23087864283436,-15.5807378535486,14.6790464993756
"dat12_24","dr","NO2",34,-1.36341462954529,3.52985131600931,-11.5732232404416,8.846393981351
"dat12_24","dr","NO2",35,-2.4012903430732,3.34941710875632,-12.0892076452459,7.28662695909949
"dat12_24","dr","NO2",36,-1.00847018275683,21.0592269282075,-61.9205758726682,59.9036355071545
"dat12_24","dr","NO2",37,-1.0070687513448,15.2101561362092,-45.0012116174281,42.9870741147385
"dat12_24","dr","NO2",38,-0.709768825213855,12.3946782152672,-36.5603701798886,35.1408325294608
"dat12_24","dr","NO2",39,0.101299389439522,9.97137227085648,-28.7400860852722,28.9426848641512
"dat12_24","dr","NO2",40,0.858260095807017,8.54319589514788,-23.8522410573879,25.5687612490019
"dat12_24","dr","NO2",41,0.241067216287812,12.1032369383792,-34.7665638849809,35.2486983175565
"dat12_24","dr","NO2",42,-0.358947470121825,12.8690829059867,-37.5817259118003,36.8638309715566
"dat12_24","dr","NO2",43,-0.686026379526823,7.23855853101981,-21.6229697814477,20.250917022394
"dat12_24","dr","NO2",44,-0.378536293093521,13.6111190052802,-39.7475939623988,38.9905213762117
"dat12_24","dr","NO2",45,-1.14133106470366,15.3045082584067,-45.4083797909572,43.1257176615499
"dat12_24","dr","NO2",46,-2.44485807761403,16.2482147115816,-49.4415011717902,44.5517850165621
"dat12_24","dr","NO2",47,-1.54480565296555,10.2725401666157,-31.2572948372025,28.1676835312714
"dat12_24","dr","NO2",48,-0.880773119639526,9.81591758476537,-29.2725185243973,27.5109722851183
"dat12_24","dr","NO2",49,-1.78710238543013,14.0575908433612,-42.4475436312299,38.8733388603697
"dat12_24","dr","NO2",50,0.663293848825164,11.1499978763165,-31.5871705865418,32.9137582841922
"dat12_24","dr","NO2",51,0.52140692167296,9.12055396554733,-25.8590556182806,26.9018694616265
"dat12_24","dr","NO2",52,0.0697023420633137,9.06400484895523,-26.1471964650775,26.2866011492041
"dat12_24","dr","NO2",53,0.767297417727676,7.96117324332201,-22.2597504252959,23.7943452607512
"dat12_24","dr","NO2",54,0.885239925974674,8.3795407234667,-23.351901917872,25.1223817698213
"dat12_24","dr","NO2",55,-0.34656005358135,9.99251516872904,-29.2490996454026,28.5559795382399
"dat12_24","dr","NO2",56,0.272725747744347,7.70033558910992,-21.9998703380785,22.5453218335672
"dat12_24","dr","NO2",57,-0.859366044344071,13.400950685574,-39.6205288965102,37.901796807822
"dat12_24","dr","NO2",58,-0.838328307761131,17.4116770305489,-51.2001917863683,49.5235351708461
"dat12_24","dr","NO2",59,-1.88660797884311,18.3186275923327,-54.8717523909449,51.0985364332587
"dat12_24","dr","NO2",60,-3.44411308732304,20.3954279572152,-62.4362340970854,55.5480079224393
"dat12_24","dr","CO",-48,-37.4285496682967,589.849941222274,-1752.31227516103,1677.45517582444
"dat12_24","dr","CO",-47,-53.3008103123441,1047.43983301542,-3098.5457065801,2991.94408595541
"dat12_24","dr","CO",-46,-31.1260040726768,810.095385423864,-2386.33416037331,2324.08215222795
"dat12_24","dr","CO",-45,-19.3835024485191,200.829210881162,-603.258690483627,564.491685586589
"dat12_24","dr","CO",-44,-15.5328299599057,475.912693605589,-1399.16428600185,1368.09862608204
"dat12_24","dr","CO",-43,-38.9335083962817,435.858592543537,-1306.11479423355,1228.24777744099
"dat12_24","dr","CO",-42,-50.4030945598365,335.973740968667,-1027.1869514611,926.38076234143
"dat12_24","dr","CO",-41,-46.6905026231992,288.326447400171,-884.948333506606,791.567328260208
"dat12_24","dr","CO",-40,-22.6167133724254,290.082684013969,-865.980489644039,820.747062899188
"dat12_24","dr","CO",-39,-34.9769206052463,40.297015254121,-152.133320590685,82.1794793801928
"dat12_24","dr","CO",-38,-46.1237989915416,831.699993728077,-2464.14350885403,2371.89591087094
"dat12_24","dr","CO",-37,-21.1518801085693,190.760071083822,-575.752836239222,533.449076022084
"dat12_24","dr","CO",-36,-17.5447093155804,89.3565454252239,-277.332961897985,242.243543266824
"dat12_24","dr","CO",-35,4.99443757948021,242.955590778295,-701.355702559241,711.344577718201
"dat12_24","dr","CO",-34,-19.5673306539839,65.2603795314668,-209.300269418182,170.165608110214
"dat12_24","dr","CO",-33,31.6981538291006,234.636645144856,-650.466132445702,713.862440103903
"dat12_24","dr","CO",-32,12.3559211538393,626.746572337003,-1809.79819262281,1834.51003493049
"dat12_24","dr","CO",-31,-4.09632605524929,447.243345753903,-1304.3767556489,1296.1841035384
"dat12_24","dr","CO",-30,-52.5630336418586,388.325992353905,-1181.55174404775,1076.42567676403
"dat12_24","dr","CO",-29,-9.00515310412154,240.400994312032,-707.928258671784,689.91795246354
"dat12_24","dr","CO",-28,3.56044538629277,509.154346656776,-1476.71520071496,1483.83609148755
"dat12_24","dr","CO",-27,-0.488606320561058,313.211596427524,-911.095579063743,910.118366422621
"dat12_24","dr","CO",-26,-9.89609959856893,565.055527083758,-1652.69447877227,1632.90227957513
"dat12_24","dr","CO",-25,-8.80240645417155,69.3700274479621,-210.48341512052,192.878602212177
"dat12_24","dr","CO",-24,-13.9267396980936,202.076131068952,-601.427126258437,573.57364686225
"dat12_24","dr","CO",-23,-2.51781837361297,506.253231016313,-1474.35898707661,1469.32335032939
"dat12_24","dr","CO",-22,9.5661018375338,241.015525077595,-691.143642559818,710.275846234885
"dat12_24","dr","CO",-21,14.2403886559919,173.707394925695,-490.782946496905,519.263723808889
"dat12_24","dr","CO",-20,-2.01738289004777,131.227164903905,-383.537009678407,379.502243898311
"dat12_24","dr","CO",-19,-14.7532163933247,124.004204424179,-375.273371094102,345.766938307453
"dat12_24","dr","CO",-18,5.22735149755287,196.33856136682,-565.592072298468,576.046775293574
"dat12_24","dr","CO",-17,9.18814137960613,141.833625701794,-403.167882492537,421.54416525175
"dat12_24","dr","CO",-16,-1.46707527552711,44.7747192691426,-131.641602764755,128.707452213701
"dat12_24","dr","CO",-15,0.535084050462175,179.022030783921,-519.939608987299,521.009777088223
"dat12_24","dr","CO",-14,-10.9321787018467,179.916565240129,-534.00757146616,512.143214062467
"dat12_24","dr","CO",-13,-19.9981564947178,223.287879706649,-669.167927055766,629.17161406633
"dat12_24","dr","CO",-12,-14.5409638813152,159.332908414995,-477.77303780524,448.691110042609
"dat12_24","dr","CO",-11,4.22676609388087,126.834309589138,-364.521415685722,372.974947873484
"dat12_24","dr","CO",-10,10.3407438927969,29.630846711232,-75.8056693667638,96.4871571523577
"dat12_24","dr","CO",-9,23.272876532526,206.540445730114,-577.206710368231,623.752463433283
"dat12_24","dr","CO",-8,11.302707245618,264.265208607249,-757.001354149108,779.606768640344
"dat12_24","dr","CO",-7,-43.1377227121591,150.947781957457,-481.991533804635,395.716088380317
"dat12_24","dr","CO",-6,20.1531163538014,49.4447185395822,-123.598602870573,163.904835578176
"dat12_24","dr","CO",-5,5.88100321653066,191.976802638389,-552.257383361089,564.01938979415
"dat12_24","dr","CO",-4,5.89955942766599,90.5920487132575,-257.480699075856,269.279817931189
"dat12_24","dr","CO",-3,-7.00751566563341,88.188845701358,-263.40088912239,249.385857791123
"dat12_24","dr","CO",-2,-4.37934654672455,35.3652908584041,-107.197635575833,98.4389424823834
"dat12_24","dr","CO",-1,0,NA,NA,NA
"dat12_24","dr","CO",0,0.905823749345086,38.4881434791712,-110.991603484589,112.803250983279
"dat12_24","dr","CO",1,-1.28714037892754,146.218696291183,-426.391976556277,423.817695798422
"dat12_24","dr","CO",2,0.0148755569336522,177.008206080161,-514.604980565328,514.634731679196
"dat12_24","dr","CO",3,15.8116046255921,191.048392279097,-539.627594066325,571.250803317509
"dat12_24","dr","CO",4,30.9795922841842,69.2848554716896,-170.453794019644,232.412978588012
"dat12_24","dr","CO",5,27.7329426953212,102.613339601943,-270.597079576427,326.06296496707
"dat12_24","dr","CO",6,44.6815304561626,108.540594429338,-270.880930322379,360.243991234704
"dat12_24","dr","CO",7,23.5209704942116,86.0266228692636,-226.586124900088,273.628065888511
"dat12_24","dr","CO",8,23.1763932432465,112.405584378454,-303.62283794032,349.975624426813
"dat12_24","dr","CO",9,15.3401318628316,122.022538659867,-339.4186823154,370.098946041063
"dat12_24","dr","CO",10,10.7690367003666,162.443057877117,-461.50524325547,483.043316656203
"dat12_24","dr","CO",11,2.0687935656225,128.342498710282,-371.064179663574,375.201766794819
"dat12_24","dr","CO",12,4.53137070881703,197.598560499463,-569.951276316872,579.014017734506
"dat12_24","dr","CO",13,-9.47644782362506,57.45122212589,-176.505651266795,157.552755619544
"dat12_24","dr","CO",14,18.9246131937512,138.307652459852,-383.180271012939,421.029497400441
"dat12_24","dr","CO",15,16.5164389033698,164.659192515088,-462.200858095551,495.23373590229
"dat12_24","dr","CO",16,19.3439012681037,187.176275520211,-524.837807087777,563.525609623984
"dat12_24","dr","CO",17,23.8819082982614,185.915433872695,-516.634127365904,564.397943962427
"dat12_24","dr","CO",18,82.6574157837679,442.997187697212,-1205.27806497052,1370.59289653806
"dat12_24","dr","CO",19,46.4629127253938,446.757255283304,-1252.404295337,1345.33012078778
"dat12_24","dr","CO",20,45.9876044976238,482.319583432262,-1356.27074344842,1448.24595244367
"dat12_24","dr","CO",21,44.0261203988447,355.571727710731,-989.735395001032,1077.78763579872
"dat12_24","dr","CO",22,15.4946347851325,167.604937851489,-471.786892510008,502.776162080273
"dat12_24","dr","CO",23,1.64371294770817,102.872466875233,-297.439675752926,300.727101648343
"dat12_24","dr","CO",24,-1.12720993809621,179.516515152602,-523.039528271885,520.785108395693
"dat12_24","dr","CO",25,-10.4466562087616,168.433803845359,-500.13796386356,479.244651446037
"dat12_24","dr","CO",26,6.9590630560774,261.279243631922,-752.663836600345,766.5819627125
"dat12_24","dr","CO",27,27.649258206761,341.513323172116,-965.239948043255,1020.53846445678
"dat12_24","dr","CO",28,33.0089589659191,345.115575556579,-970.353154980639,1036.37107291248
"dat12_24","dr","CO",29,48.689314384482,343.936913243592,-951.246048659628,1048.62467742859
"dat12_24","dr","CO",30,46.6850067261043,383.445022053765,-1068.11315122338,1161.48316467559
"dat12_24","dr","CO",31,55.2467714464792,309.186085399468,-843.656744423415,954.150287316374
"dat12_24","dr","CO",32,47.7213094753996,383.523160902454,-1067.30402326988,1162.74664222068
"dat12_24","dr","CO",33,18.7324873591008,336.512541344358,-959.617835741427,997.082810459628
"dat12_24","dr","CO",34,-0.167964234488669,174.771554597576,-508.285154239439,507.949225770461
"dat12_24","dr","CO",35,-9.84294494954743,217.059942566928,-640.906096694685,621.22020679559
"dat12_24","dr","CO",36,-3.17562017543682,264.98599662878,-773.575244460433,767.224004109559
"dat12_24","dr","CO",37,-7.03890013028053,209.118794685422,-615.014577736645,600.936777476084
"dat12_24","dr","CO",38,21.2205464851464,295.754066153025,-838.631763990885,881.072856961178
"dat12_24","dr","CO",39,21.3189329578847,336.636796751957,-957.392640625867,1000.03050654164
"dat12_24","dr","CO",40,41.3671823184027,349.272400306492,-974.080159777168,1056.81452441397
"dat12_24","dr","CO",41,47.8292311799416,293.723307550086,-806.11901008254,901.777472442423
"dat12_24","dr","CO",42,27.3602221015824,334.113189785026,-944.014413365058,998.734857568223
"dat12_24","dr","CO",43,-3.72962440013234,338.737564509508,-988.54880635458,981.089557554315
"dat12_24","dr","CO",44,17.6778655371004,346.603785353371,-990.010953529321,1025.36668460352
"dat12_24","dr","CO",45,29.5712395554649,367.509950427561,-1038.89853368703,1098.04101279796
"dat12_24","dr","CO",46,5.97441170923909,218.554216362658,-629.433075153432,641.381898571911
"dat12_24","dr","CO",47,0.245724146239456,221.330517502044,-643.233364166682,643.724812459161
"dat12_24","dr","CO",48,7.62514403476258,249.197691349063,-716.872792574901,732.123080644426
"dat12_24","dr","CO",49,-0.95372838748952,218.781678329242,-637.022520435434,635.115063660455
"dat12_24","dr","CO",50,26.8091367801566,315.116080149633,-889.334783434346,942.953056994659
"dat12_24","dr","CO",51,35.4763762043099,276.557374248772,-768.564969093553,839.517721502173
"dat12_24","dr","CO",52,28.9135066592528,309.043658089164,-869.57592715445,927.402940472955
"dat12_24","dr","CO",53,24.8788317405777,349.571392346716,-991.437776498799,1041.19543997995
"dat12_24","dr","CO",54,49.5052604993712,370.145772810075,-1026.6276972095,1125.63821820824
"dat12_24","dr","CO",55,34.9638695188955,315.306642041843,-881.734075481933,951.661814519724
"dat12_24","dr","CO",56,29.5003730405015,369.48366509961,-1044.70762433889,1103.70837041989
"dat12_24","dr","CO",57,12.4253233063,304.939796608327,-874.132863637088,898.983510249688
"dat12_24","dr","CO",58,18.3969415071688,170.019411767605,-475.904238982809,512.698121997146
"dat12_24","dr","CO",59,24.5471419689217,140.731061725112,-384.603373369969,433.697657307812
"dat12_24","dr","CO",60,21.6232829105395,161.26488678348,-447.225674275683,490.472240096762
"dat12_24","dr","SO2",-48,0.0614654967105462,1.27345116756948,-3.64674155557537,3.76967254899647
"dat12_24","dr","SO2",-47,-0.0613375423876658,3.68581491140547,-10.7941910635641,10.6715159787888
"dat12_24","dr","SO2",-46,0.0116701866751566,2.5386153796261,-7.38061284192194,7.40395321527226
"dat12_24","dr","SO2",-45,-0.15363354412733,1.31895579930083,-3.99434712716618,3.68708003891152
"dat12_24","dr","SO2",-44,-0.863857220787843,2.5745743162222,-8.36085033617444,6.63313589459875
"dat12_24","dr","SO2",-43,-0.610993967648186,5.78244550475054,-17.4490995395331,16.2271116042368
"dat12_24","dr","SO2",-42,-0.665842559505855,3.73528721318154,-11.54275620879,10.2110710897783
"dat12_24","dr","SO2",-41,-0.376673051974982,1.95286822759895,-6.06329843517599,5.30995233122603
"dat12_24","dr","SO2",-40,0.00710230099584625,0.392333695296788,-1.13534792622857,1.14955252822026
"dat12_24","dr","SO2",-39,-0.0522263037253644,1.84517464421519,-5.42525496994207,5.32080236249134
"dat12_24","dr","SO2",-38,-0.175981832626319,2.25792042776628,-6.75089940070539,6.39893573545275
"dat12_24","dr","SO2",-37,-0.0592003395638769,2.49999964598898,-7.33903686102427,7.22063618189652
"dat12_24","dr","SO2",-36,-0.34328370167437,1.32520699890981,-4.20220037177739,3.51563296842865
"dat12_24","dr","SO2",-35,-0.161970274067328,1.49334013317573,-4.51047970601752,4.18653915788286
"dat12_24","dr","SO2",-34,-0.282864790440434,2.94017522574593,-8.84446399795192,8.27873441707106
"dat12_24","dr","SO2",-33,0.0794973530853433,2.76973492701207,-7.98579077956576,8.14478548573644
"dat12_24","dr","SO2",-32,0.0456838282694018,12.0948195439889,-35.173644773664,35.2650124302028
"dat12_24","dr","SO2",-31,-0.202446563176132,10.5465018903318,-30.9131747659059,30.5082816395536
"dat12_24","dr","SO2",-30,-0.915935646972478,4.65823940419423,-14.4804261039077,12.6485548099628
"dat12_24","dr","SO2",-29,-0.140054894753501,4.30168023839972,-12.6662682297792,12.3861584402722
"dat12_24","dr","SO2",-28,0.134472497433612,2.32551107989882,-6.63726465767749,6.90620965254472
"dat12_24","dr","SO2",-27,0.277972116255237,1.73173491186032,-4.76472742055274,5.32067165306321
"dat12_24","dr","SO2",-26,-0.013067208299474,2.06962919805176,-6.03969295043945,6.0135585338405
"dat12_24","dr","SO2",-25,-0.137532692477673,1.68547686741966,-5.04553180967931,4.77046642472396
"dat12_24","dr","SO2",-24,-0.051666683732259,3.32508432425334,-9.73409617506092,9.63076280759641
"dat12_24","dr","SO2",-23,-0.915911931596223,3.20384745274597,-10.2453075309549,8.41348366776249
"dat12_24","dr","SO2",-22,-0.0574923382747683,1.20237296390141,-3.55872428007508,3.44373960352554
"dat12_24","dr","SO2",-21,-0.20434730500014,4.35236394611468,-12.8781483035115,12.4694536935112
"dat12_24","dr","SO2",-20,-0.41171492156118,3.03877076729834,-9.26041793942639,8.43698809630403
"dat12_24","dr","SO2",-19,0.204795619361483,3.18371944861047,-9.06598853985371,9.47557977857668
"dat12_24","dr","SO2",-18,-0.0752469371315445,5.70810796477236,-16.6968864229845,16.5463925487214
"dat12_24","dr","SO2",-17,-0.00218104172937899,2.14913703651931,-6.26032844314119,6.25596635968244
"dat12_24","dr","SO2",-16,0.367567716151308,1.2253149400606,-3.20046976947621,3.93560520177882
"dat12_24","dr","SO2",-15,0.236225453241138,1.01985904433912,-2.73353781437908,3.20598872086136
"dat12_24","dr","SO2",-14,0.0306981372038129,1.83938778475977,-5.32547957030349,5.38687584471111
"dat12_24","dr","SO2",-13,-0.0737563179164411,1.22426313707218,-3.63873102158686,3.49121838575398
"dat12_24","dr","SO2",-12,-0.00889165990163882,0.91291416499394,-2.66723838804781,2.64945506824453
"dat12_24","dr","SO2",-11,0.0560856840321551,0.690800923586148,-1.95548171784706,2.06765308591137
"dat12_24","dr","SO2",-10,-0.00785072184010077,1.31730393297241,-3.84375417746731,3.82805273378711
"dat12_24","dr","SO2",-9,0.445587304819163,0.243095185119946,-0.262290078150339,1.15346468778866
"dat12_24","dr","SO2",-8,-0.182345448219337,2.18513492914842,-6.54531637385744,6.18062547741876
"dat12_24","dr","SO2",-7,-0.401703271479646,3.07251868643979,-9.34867803697626,8.54527149401697
"dat12_24","dr","SO2",-6,0.279310518832143,1.43082025531504,-3.88714509127141,4.4457661289357
"dat12_24","dr","SO2",-5,0.107941525865337,3.71396695924247,-10.7068889293185,10.9227719810492
"dat12_24","dr","SO2",-4,0.16462928151363,2.08961038624298,-5.92018038228008,6.24943894530734
"dat12_24","dr","SO2",-3,0.017121628648589,0.291003962656458,-0.830263001439281,0.864506258736459
"dat12_24","dr","SO2",-2,0.0506800992638544,0.148108036694364,-0.380600879667205,0.481961078194914
"dat12_24","dr","SO2",-1,0,NA,NA,NA
"dat12_24","dr","SO2",0,-0.192770332200786,0.401512412875391,-1.36194838858953,0.976407724187962
"dat12_24","dr","SO2",1,-0.196262937462128,0.78958410767099,-2.49548055255667,2.10295467763241
"dat12_24","dr","SO2",2,-0.221493028886888,0.580666115895754,-1.91235502722938,1.46936896945561
"dat12_24","dr","SO2",3,-0.0473630776623071,2.15815599646611,-6.33177310439557,6.23704694907096
"dat12_24","dr","SO2",4,0.0170031628883742,3.29708380334346,-9.58389063099859,9.61789695677533
"dat12_24","dr","SO2",5,0.134827707427465,2.33524330732652,-6.66524906156199,6.93490447641692
"dat12_24","dr","SO2",6,0.197582742990719,3.97320785464329,-11.3721403543673,11.7673058403487
"dat12_24","dr","SO2",7,0.216786838546292,4.50630934942431,-12.9052931711731,13.3388668482656
"dat12_24","dr","SO2",8,0.122458496451924,1.8949856134162,-5.39561647540753,5.64053346831137
"dat12_24","dr","SO2",9,0.130539689889064,2.25781929931275,-6.44408339870455,6.70516277848268
"dat12_24","dr","SO2",10,0.161262237795564,3.51387880332589,-10.0709245089021,10.3934489844932
"dat12_24","dr","SO2",11,0.0699051721311374,2.01367109240911,-5.79377420248326,5.93358454674553
"dat12_24","dr","SO2",12,0.0174290861592599,2.54921989936321,-7.40573361484043,7.44059178715895
"dat12_24","dr","SO2",13,-0.0093742386805074,1.12355680984327,-3.28109866126414,3.26235018390313
"dat12_24","dr","SO2",14,0.011681965609565,0.885121606482831,-2.56573463808695,2.58909856930608
"dat12_24","dr","SO2",15,0.0853263699552395,1.92628179104606,-5.52388103756575,5.69453377747623
"dat12_24","dr","SO2",16,0.249302962454059,1.87190140569187,-5.20155229650254,5.70015822141066
"dat12_24","dr","SO2",17,0.165629086794496,1.60002882701458,-4.49355088908199,4.82480906267098
"dat12_24","dr","SO2",18,0.506224961976719,4.50341821251965,-12.6074362449397,13.6198861688931
"dat12_24","dr","SO2",19,0.240430613981614,3.14627624090311,-8.92132135741468,9.40218258537791
"dat12_24","dr","SO2",20,0.349316660860306,3.89656787411991,-10.9972357932085,11.6958691149291
"dat12_24","dr","SO2",21,0.339717319545011,3.26790044248374,-9.17619642382619,9.85563106291621
"dat12_24","dr","SO2",22,-0.0432437544528174,2.24731982096394,-6.58729304434109,6.50080553543546
"dat12_24","dr","SO2",23,-0.10862908582305,1.47188923799546,-4.39467490486756,4.17741673322146
"dat12_24","dr","SO2",24,-0.199947404569136,1.59635285254507,-4.84842318165182,4.44852837251355
"dat12_24","dr","SO2",25,-0.106762576985267,2.97675520368162,-8.77488030331243,8.5613551493419
"dat12_24","dr","SO2",26,-0.156646087446793,3.84286036662768,-11.3468057695623,11.0335135946687
"dat12_24","dr","SO2",27,-0.0490033793954567,4.32857733235096,-12.653539304259,12.555532545468
"dat12_24","dr","SO2",28,-0.109917750638598,6.22616790424215,-18.2401141171729,18.0202786158957
"dat12_24","dr","SO2",29,0.15094309783319,4.32683765961957,-12.4485270130788,12.7504132087452
"dat12_24","dr","SO2",30,0.0430716249565927,4.82325611675109,-14.0019367763112,14.0880800262244
"dat12_24","dr","SO2",31,0.0932284367897439,4.00971078539999,-11.5827888230051,11.7692456965846
"dat12_24","dr","SO2",32,0.0987857847244484,5.53604878398018,-16.0218285469077,16.2194001163566
"dat12_24","dr","SO2",33,0.116490577198034,4.45059779395252,-12.8433610030727,13.0763421574688
"dat12_24","dr","SO2",34,-0.134418981956745,3.78610045570353,-11.1592974916675,10.890459527754
"dat12_24","dr","SO2",35,-0.286026393074033,3.51594349618254,-10.5242253912084,9.95217260506038
"dat12_24","dr","SO2",36,-0.14877753637556,3.38003263941305,-9.99121295095871,9.69365787820759
"dat12_24","dr","SO2",37,-0.194474941606341,3.25719398340777,-9.6792121718441,9.29026228863141
"dat12_24","dr","SO2",38,-0.164494302251299,3.05149446973262,-9.05024791483074,8.72125931032814
"dat12_24","dr","SO2",39,-0.117199010477111,3.26834674837085,-9.63441236759103,9.40001434663681
"dat12_24","dr","SO2",40,-0.14602131167669,4.40597947942187,-12.9759472592909,12.6839046359375
"dat12_24","dr","SO2",41,0.0355494577781796,4.32508763229884,-12.558824687291,12.6299236028474
"dat12_24","dr","SO2",42,-0.126939328987671,3.68632122810624,-10.8612672114968,10.6073885535215
"dat12_24","dr","SO2",43,-0.27235916291456,3.2160692615848,-9.63734387545015,9.09262554962103
"dat12_24","dr","SO2",44,-0.217284425809144,4.85773725513635,-14.3626996615024,13.9281308098841
"dat12_24","dr","SO2",45,-0.1371903783603,4.47356462873913,-13.163919889166,12.8895391324454
"dat12_24","dr","SO2",46,-0.30580892125121,3.26636961225381,-9.8172649864648,9.20564714396238
"dat12_24","dr","SO2",47,-0.31911163310891,3.68463682237801,-11.0485346355886,10.4103113693707
"dat12_24","dr","SO2",48,-0.282327566101502,4.41166493319348,-13.1288091856631,12.5641540534601
"dat12_24","dr","SO2",49,-0.267228442717321,4.25839440004487,-12.6673962291274,12.1329393436927
"dat12_24","dr","SO2",50,-0.148003796097498,4.400465564894,-12.9618735828956,12.6658659907006
"dat12_24","dr","SO2",51,0.14796482753896,4.24151704983726,-12.2030572117411,12.498986866819
"dat12_24","dr","SO2",52,0.182488136957732,3.61802734120684,-10.3529723845738,10.7179486584893
"dat12_24","dr","SO2",53,0.22235440431634,3.85477688489097,-11.0025054046575,11.4472142132902
"dat12_24","dr","SO2",54,0.226217869725318,4.0162613288863,-11.4688741470535,11.9213098865041
"dat12_24","dr","SO2",55,0.0240830152786819,3.97094955516336,-11.539064060736,11.5872300912933
"dat12_24","dr","SO2",56,0.036751486785079,4.93356496484807,-14.3294691123745,14.4029720859446
"dat12_24","dr","SO2",57,0.0294843557109692,4.15400253493201,-12.066701102777,12.125669814199
"dat12_24","dr","SO2",58,0.106062063430016,2.96189810283577,-8.51879275063467,8.73091687749471
"dat12_24","dr","SO2",59,-0.141821729434632,1.91703899443326,-5.7241147138075,5.44047125493823
"dat12_24","dr","SO2",60,-0.114593263967275,2.41446051388503,-7.14534539099446,6.91615886305991
"dat12_24","dr","O3",-48,2.87730212984395,10.6548226205138,-28.6766929222332,34.4312971819211
"dat12_24","dr","O3",-47,0.159532384286486,10.9471604602841,-32.2602139879382,32.5792787565111
"dat12_24","dr","O3",-46,-0.453345809487891,14.6595460648857,-43.867230814623,42.9605391956472
"dat12_24","dr","O3",-45,-1.2587907218326,4.37283392909102,-14.2088308188342,11.691249375169
"dat12_24","dr","O3",-44,-0.666092529002148,10.2177051461858,-30.925574935175,29.5933898771707
"dat12_24","dr","O3",-43,-0.756830351440393,9.69577871736439,-29.4706404795153,27.9569797766345
"dat12_24","dr","O3",-42,-0.370587082270511,9.12824593810038,-27.4036628474561,26.662488682915
"dat12_24","dr","O3",-41,-1.08173399671543,7.22710020519666,-22.4846134474335,20.3211454540026
"dat12_24","dr","O3",-40,-0.921219148333697,12.9257163378148,-39.2004100738315,37.3579717771641
"dat12_24","dr","O3",-39,-0.26451143800796,5.66487556430145,-17.0409010498306,16.5118781738147
"dat12_24","dr","O3",-38,0.127525277628354,3.33088009282805,-9.73679416827247,9.99184472352918
"dat12_24","dr","O3",-37,0.604189689828132,7.54206287178865,-21.7314439490355,22.9398233286918
"dat12_24","dr","O3",-36,0.707540181277616,6.42611918105009,-18.3232536728142,19.7383340353694
"dat12_24","dr","O3",-35,0.791676955330666,15.4342043788305,-44.9163395877809,46.4996934984423
"dat12_24","dr","O3",-34,-0.435087636280366,12.7299348281074,-38.134476437555,37.2643011649943
"dat12_24","dr","O3",-33,-0.589834050033954,7.37538518693727,-22.4318558259496,21.2521877258817
"dat12_24","dr","O3",-32,-0.941638149796472,27.586761700676,-82.639154214497,80.7558779149041
"dat12_24","dr","O3",-31,0.289112759051497,18.447773297014,-54.3435139929975,54.9217395111005
"dat12_24","dr","O3",-30,1.65586040008564,21.7922848599972,-62.8814550613564,66.1931758615276
"dat12_24","dr","O3",-29,-0.559302336492491,9.09225979729802,-27.485806031052,26.367201358067
"dat12_24","dr","O3",-28,-0.135493095992727,15.3935650798649,-45.7231573550587,45.4521711630733
"dat12_24","dr","O3",-27,-0.728992066900234,5.81008933872264,-17.9354286990043,16.4774445652039
"dat12_24","dr","O3",-26,-0.0651388250273855,4.94394392418268,-14.7065071215823,14.5762294715275
"dat12_24","dr","O3",-25,1.24544657418942,9.84932633384895,-27.9230910424017,30.4139841907805
"dat12_24","dr","O3",-24,-0.144799164894453,3.78760269827418,-11.3616913701646,11.0720930403757
"dat12_24","dr","O3",-23,-0.29439430353994,18.8447503023392,-56.1026586901097,55.5138700830299
"dat12_24","dr","O3",-22,0.120171604986149,9.38917004390687,-27.6856244800792,27.9259676900515
"dat12_24","dr","O3",-21,-0.391936560583751,2.46787835891779,-7.70049760377687,6.91662448260937
"dat12_24","dr","O3",-20,0.160062985919654,11.7421712938245,-34.6140884103344,34.9342143821737
"dat12_24","dr","O3",-19,-0.268307469040556,4.61576016262356,-13.9377676299808,13.4011526918997
"dat12_24","dr","O3",-18,-1.52329833419608,14.3815211889316,-44.1138195093864,41.0672228409943
"dat12_24","dr","O3",-17,-0.0239354360985529,13.0645187109074,-38.7141861745815,38.6663153023844
"dat12_24","dr","O3",-16,0.346961414356007,2.87428675868832,-8.16516810596899,8.859090934681
"dat12_24","dr","O3",-15,0.816432723093212,1.22548396296901,-2.81280788289063,4.44567332907705
"dat12_24","dr","O3",-14,0.987039343713678,3.44093261520867,-9.20319793961608,11.1772766270434
"dat12_24","dr","O3",-13,0.7213096215156,3.49932558207684,-9.64185699656318,11.0844762395944
"dat12_24","dr","O3",-12,0.770277066229091,5.11234723439297,-14.369813490319,15.9103676227772
"dat12_24","dr","O3",-11,1.29756298299671,4.20255289961724,-11.14819403461,13.7433200006035
"dat12_24","dr","O3",-10,1.18752055300166,6.81597666594282,-18.9978266510104,21.3728677570137
"dat12_24","dr","O3",-9,-0.444171071236472,3.8703542986848,-11.9061301052008,11.0177879627278
"dat12_24","dr","O3",-8,0.783821430356314,5.79549829658536,-16.3794041894389,17.9470470501515
"dat12_24","dr","O3",-7,2.81115149790804,5.96569761625135,-14.8561152196965,20.4784182155126
"dat12_24","dr","O3",-6,-0.436635814383388,3.81051814611207,-11.7213915546411,10.8481199258743
"dat12_24","dr","O3",-5,-0.337213867881311,4.41050211013738,-13.3988073563086,12.7243796205459
"dat12_24","dr","O3",-4,-0.0236931876210383,6.04232012024075,-17.9178755656613,17.8704891904192
"dat12_24","dr","O3",-3,-0.55440393645883,2.62911374210648,-8.34045960012179,7.23165172720413
"dat12_24","dr","O3",-2,-0.16129705587129,1.77150153571681,-5.40755526998124,5.08496115823866
"dat12_24","dr","O3",-1,0,NA,NA,NA
"dat12_24","dr","O3",0,0.332163660535232,3.29616116058845,-9.42933652172131,10.0936638427918
"dat12_24","dr","O3",1,1.92616471279523,3.41560940151162,-8.18907849619291,12.0414079217834
"dat12_24","dr","O3",2,1.36587902004819,5.62125381042177,-15.2813258408775,18.0130838809739
"dat12_24","dr","O3",3,1.18874528543393,1.97718674531771,-4.666644616475,7.04413518734286
"dat12_24","dr","O3",4,1.44535098655644,1.30110958617964,-2.40785304196287,5.29855501507575
"dat12_24","dr","O3",5,1.84297365824619,5.43209995520092,-14.2440567141593,17.9300040306516
"dat12_24","dr","O3",6,0.777422582840067,4.03034125782587,-11.1583338944918,12.7131790601719
"dat12_24","dr","O3",7,0.343496785682671,3.7928514610139,-10.8889395013068,11.5759330726722
"dat12_24","dr","O3",8,0.548983603622633,3.7440990142602,-10.539073511753,11.6370407189982
"dat12_24","dr","O3",9,0.651736280431452,9.41663598981196,-27.2353995276923,28.5388720885552
"dat12_24","dr","O3",10,0.863040996335126,7.71864290036878,-21.9955300528037,23.721612045474
"dat12_24","dr","O3",11,1.08542469282835,7.45695059982983,-20.9981510466303,23.169000432287
"dat12_24","dr","O3",12,1.76377142560239,1.92637206465483,-3.94113204970735,7.46867490091212
"dat12_24","dr","O3",13,1.75269014652087,1.51609637488049,-2.73719196745694,6.24257226049867
"dat12_24","dr","O3",14,0.79185163471457,6.19808241470175,-17.5636169461818,19.1473202156109
"dat12_24","dr","O3",15,0.798032214865713,6.68344110109651,-18.9948141746013,20.5908786043327
"dat12_24","dr","O3",16,0.185694314394094,3.59486552933105,-10.4604115069269,10.8318001357151
"dat12_24","dr","O3",17,0.179887302661987,7.6866410493317,-22.583911051966,22.94368565729
"dat12_24","dr","O3",18,0.415146900605705,18.1942123875524,-53.4665654563836,54.296859257595
"dat12_24","dr","O3",19,1.61095320696128,13.3617917370733,-37.9596642847603,41.1815706986828
"dat12_24","dr","O3",20,2.35603292588054,1.49869029941849,-2.08230152385491,6.794367375616
"dat12_24","dr","O3",21,2.46098620250999,4.47053004430561,-10.7783785361006,15.7003509411206
"dat12_24","dr","O3",22,2.92256205058469,6.80688123339169,-17.2358492537004,23.0809733548698
"dat12_24","dr","O3",23,4.50690329723409,3.64221316247156,-6.2794213747477,15.2932279692159
"dat12_24","dr","O3",24,4.93367841422571,6.77465177856874,-15.1292861525364,24.9966429809878
"dat12_24","dr","O3",25,1.39491349606137,4.04237014882984,-10.5764662460342,13.366293238157
"dat12_24","dr","O3",26,1.3717235649793,10.5030913908653,-29.7329231835082,32.4763703134668
"dat12_24","dr","O3",27,-0.340693080099702,7.60723150980492,-22.8693220371169,22.1879358769175
"dat12_24","dr","O3",28,-0.277206298699899,7.90242237231627,-23.6800357325198,23.12562313512
"dat12_24","dr","O3",29,0.143657482006931,13.1404575868555,-38.7714843692867,39.0587993333005
"dat12_24","dr","O3",30,0.978692401850983,8.59601487437802,-24.4781941625004,26.4355789662024
"dat12_24","dr","O3",31,0.848248650764089,7.19199975913129,-20.450681692501,22.1471789940292
"dat12_24","dr","O3",32,0.546021163092882,4.4380702890905,-12.5972148090494,13.6892571352351
"dat12_24","dr","O3",33,1.75232048374974,1.74702867101403,-3.42146194364418,6.92610291114367
"dat12_24","dr","O3",34,1.44325078485183,3.62505234612779,-9.29225255173218,12.1787541214358
"dat12_24","dr","O3",35,3.50390962065431,4.53347949902655,-9.92187837937892,16.9296976206875
"dat12_24","dr","O3",36,6.06248362864369,2.36255077457289,-0.934152364866528,13.0591196221539
"dat12_24","dr","O3",37,3.21462276065027,3.10960020351654,-5.99438173716156,12.4236272584621
"dat12_24","dr","O3",38,1.39223071534462,3.2506663930624,-8.23453783218266,11.0189992628719
"dat12_24","dr","O3",39,-0.350896697204033,4.90241311704914,-14.8692725302075,14.1674791357994
"dat12_24","dr","O3",40,0.624527959340234,6.28396127249606,-17.9852687460528,19.2343246647333
"dat12_24","dr","O3",41,0.855083154144687,8.23811151194335,-23.5418814077848,25.2520477160742
"dat12_24","dr","O3",42,2.49309019059738,3.7909531728898,-8.73372436281584,13.7199047440106
"dat12_24","dr","O3",43,-0.389954544665611,6.30437363909423,-19.0602019715375,18.2802928822063
"dat12_24","dr","O3",44,-0.211239739019986,2.74240111984419,-8.33279318466537,7.9103137066254
"dat12_24","dr","O3",45,2.1976012743762,2.41782080723589,-4.9627155610674,9.3579181098198
"dat12_24","dr","O3",46,1.5729610574363,2.83926199330746,-6.8354434819209,9.98136559679351
"dat12_24","dr","O3",47,2.84102875551462,4.03198811217326,-9.09960484044981,14.7816623514791
"dat12_24","dr","O3",48,4.26128022369596,2.2044590798693,-2.26717110544948,10.7897315528414
"dat12_24","dr","O3",49,3.24829809097984,3.28141282677797,-6.46952526354741,12.9661214455071
"dat12_24","dr","O3",50,2.09726922457351,3.52635393649673,-8.34594120014632,12.5404796492933
"dat12_24","dr","O3",51,-0.218871912031249,10.3682198931082,-30.924100038129,30.4863562140665
"dat12_24","dr","O3",52,0.245003461063695,7.67838059608565,-22.4943317645065,22.9843386866339
"dat12_24","dr","O3",53,0.789381984629055,15.7214585828629,-45.769330816464,47.3480947857221
"dat12_24","dr","O3",54,2.78218726566156,9.70545425153967,-25.9602767188281,31.5246512501512
"dat12_24","dr","O3",55,2.34799350196359,5.23986665171366,-13.1697426716437,17.8657296755709
"dat12_24","dr","O3",56,1.94756207767985,8.2661504676587,-22.5324391617635,26.4275633171232
"dat12_24","dr","O3",57,2.43448979134463,3.83751360799262,-8.93021234510806,13.7991919277973
"dat12_24","dr","O3",58,2.76810954599142,1.40563710735701,-1.39465016482394,6.93086925680679
"dat12_24","dr","O3",59,3.91653965288106,3.70852452902807,-7.06616449971188,14.899243805474
"dat12_24","dr","O3",60,6.98692876593626,7.0144949723761,-13.7863255184698,27.7601830503423
"dat12_24","dr","PM10",-48,2.27096767047932,12.0491326044031,-33.2364038407555,37.7783391817142
"dat12_24","dr","PM10",-47,0.161717658868086,20.8092709725238,-61.160747580609,61.4841828983452
"dat12_24","dr","PM10",-46,1.46275823506552,21.6265816809224,-62.2682251870912,65.1937416572222
"dat12_24","dr","PM10",-45,-0.293227148581534,3.41779991416085,-10.3650800601205,9.77862576295742
"dat12_24","dr","PM10",-44,-0.941795682142285,15.4144231595912,-46.3662812222037,44.4826898579191
"dat12_24","dr","PM10",-43,-0.613947259825938,9.80633135358329,-29.5120482240988,28.284153704447
"dat12_24","dr","PM10",-42,-1.12342411738638,30.9419566336654,-92.3057179428019,90.0588697080292
"dat12_24","dr","PM10",-41,-0.0532334220021281,15.6368170680341,-46.1330875589724,46.0266207149682
"dat12_24","dr","PM10",-40,2.38407114350463,18.6739247257326,-52.6457807619446,57.4139230489539
"dat12_24","dr","PM10",-39,-1.18074822187036,20.447901977108,-61.4383016876833,59.0768052439426
"dat12_24","dr","PM10",-38,-0.175467268308148,14.8499728418855,-43.9365843495406,43.5856498129243
"dat12_24","dr","PM10",-37,-0.0651371969050994,21.8500381799208,-64.4546205449098,64.3243461510996
"dat12_24","dr","PM10",-36,0.992810224350675,8.67635709188643,-24.5753899723316,26.5610104210329
"dat12_24","dr","PM10",-35,4.57716176298487,14.0950321322052,-36.9592341596655,46.1135576856353
"dat12_24","dr","PM10",-34,0.230067793144179,7.62373274703423,-22.2361727105408,22.6963082968292
"dat12_24","dr","PM10",-33,-0.26384651610587,26.354743055625,-77.928163399568,77.4004703673562
"dat12_24","dr","PM10",-32,-0.709363243258589,33.4932370861083,-99.4099794100796,97.9912529235624
"dat12_24","dr","PM10",-31,-2.77836331544665,22.9863415220323,-70.5163984839424,64.9596718530491
"dat12_24","dr","PM10",-30,-2.21058209643283,6.27310910997528,-20.6966941686834,16.2755299758178
"dat12_24","dr","PM10",-29,1.63330679092845,12.9065932772517,-36.4009001089371,39.667513690794
"dat12_24","dr","PM10",-28,-0.328280844680405,22.0502664226314,-65.3078131891059,64.6512514997451
"dat12_24","dr","PM10",-27,1.82036259648387,10.6798466716236,-29.651884900717,33.2926100936847
"dat12_24","dr","PM10",-26,0.839890062048558,1.51071050683837,-3.61199547804698,5.2917756021441
"dat12_24","dr","PM10",-25,1.24552371338229,9.14115246495725,-25.6923735835126,28.1834210102772
"dat12_24","dr","PM10",-24,0.608797005708985,14.8789130917999,-43.2376035759275,44.4551975873455
"dat12_24","dr","PM10",-23,3.16580992688269,26.2145493548473,-74.0853726687858,80.4169925225511
"dat12_24","dr","PM10",-22,0.258539555187821,17.4852619399372,-51.2684634297181,51.7855425400937
"dat12_24","dr","PM10",-21,-0.658383557974205,11.9455485456708,-35.8605050751387,34.5437379591903
"dat12_24","dr","PM10",-20,-1.62436134651574,15.117661256846,-46.1743245888223,42.9256018957908
"dat12_24","dr","PM10",-19,-0.800144506035329,30.8613745390799,-91.7449724105801,90.1446833985094
"dat12_24","dr","PM10",-18,1.40931452060688,16.889227318242,-48.3612447898097,51.1798738310234
"dat12_24","dr","PM10",-17,0.137700810252731,7.17954559860232,-21.0195725986453,21.2949742191508
"dat12_24","dr","PM10",-16,0.0807342150003608,3.56449119528361,-10.4234005866376,10.5848690166383
"dat12_24","dr","PM10",-15,-0.452936594586424,4.94900169486646,-15.0370604115274,14.1311872223545
"dat12_24","dr","PM10",-14,-0.428194505946958,5.16627522377907,-15.6525977657283,14.7962087538344
"dat12_24","dr","PM10",-13,0.696675061291933,3.31224588859993,-9.06412259646646,10.4574727190503
"dat12_24","dr","PM10",-12,0.0589422897740911,15.5270443303712,-45.6974245468258,45.815309126374
"dat12_24","dr","PM10",-11,-0.141266734266982,9.49147409333323,-28.1115205181858,27.8289870496518
"dat12_24","dr","PM10",-10,0.081871536984667,24.5407409702217,-72.236795324746,72.4005383987153
"dat12_24","dr","PM10",-9,0.896737006397191,28.3783929553751,-82.7310372609466,84.524511273741
"dat12_24","dr","PM10",-8,-0.494725009020891,11.0902427892005,-33.1763614217561,32.1869114037143
"dat12_24","dr","PM10",-7,-2.62951692497071,7.35629199638038,-24.3076411050591,19.0486072551177
"dat12_24","dr","PM10",-6,1.46234520475693,6.04066803365836,-16.338790452823,19.2634808623368
"dat12_24","dr","PM10",-5,1.38228460207188,6.12222210771572,-16.6591812851505,19.4237504892943
"dat12_24","dr","PM10",-4,0.584508444465832,15.2452986839196,-44.3415872291648,45.5106041180964
"dat12_24","dr","PM10",-3,-1.53906045580727,5.1805751959429,-16.8056040455934,13.7274831339789
"dat12_24","dr","PM10",-2,-0.546886810408875,1.00921809531972,-3.52093340968715,2.4271597888694
"dat12_24","dr","PM10",-1,0,NA,NA,NA
"dat12_24","dr","PM10",0,-0.303899495617599,12.8028975625248,-38.0325273643763,37.4247283731411
"dat12_24","dr","PM10",1,0.583594466379273,16.1123688219199,-46.8976545553873,48.0648434881458
"dat12_24","dr","PM10",2,0.354996826561586,20.5737954944516,-60.2735499744514,60.9835436275746
"dat12_24","dr","PM10",3,0.768662671609047,9.84784284914852,-28.2517677700972,29.7890931133153
"dat12_24","dr","PM10",4,1.76954169235795,6.96893182403844,-18.7670777836512,22.3061611683671
"dat12_24","dr","PM10",5,2.39148825259677,11.8414294883057,-32.5038066926772,37.2867831978707
"dat12_24","dr","PM10",6,4.05912182162897,11.2691121215367,-29.1496213998495,37.2678650431074
"dat12_24","dr","PM10",7,2.29762042633617,12.2945227018198,-33.9328867362542,38.5281275889265
"dat12_24","dr","PM10",8,2.25219819567131,14.0697298978464,-39.2096350289877,43.7140314203303
"dat12_24","dr","PM10",9,0.994240806978952,8.47844062376276,-23.9907229201096,25.9792045340675
"dat12_24","dr","PM10",10,1.46518531744526,6.63044590489191,-18.0739561095576,21.0043267444481
"dat12_24","dr","PM10",11,0.68725255525028,19.5542246173499,-56.9367392206103,58.3112443311109
"dat12_24","dr","PM10",12,0.936146091761676,3.3392558189613,-8.90424664253222,10.7765388260556
"dat12_24","dr","PM10",13,1.2515428715909,11.7760697297271,-33.451144580187,35.9542303233688
"dat12_24","dr","PM10",14,0.999809277538346,11.5167835763618,-32.9387924862876,34.9384110413643
"dat12_24","dr","PM10",15,2.76666505497773,4.99501879871926,-11.9530657351801,17.4863958451356
"dat12_24","dr","PM10",16,2.60350323762103,17.8703266866454,-50.0582401029725,55.2652465782146
"dat12_24","dr","PM10",17,2.09186384759417,7.23778001110331,-19.2370195009817,23.42074719617
"dat12_24","dr","PM10",18,7.53074811755587,46.2540103302011,-128.77436052394,143.835856759051
"dat12_24","dr","PM10",19,5.46489094564004,31.9985049364207,-88.8309260135312,99.7607079048112
"dat12_24","dr","PM10",20,5.78360739432536,34.0419372221211,-94.5339633050196,106.10117809367
"dat12_24","dr","PM10",21,4.17637228904208,29.8216135705976,-83.7044027742806,92.0571473523647
"dat12_24","dr","PM10",22,1.45649926089174,27.4551133631011,-79.4504790315091,82.3634775532926
"dat12_24","dr","PM10",23,1.41319785486976,25.0926890993565,-72.5319949917239,75.3583907014634
"dat12_24","dr","PM10",24,3.03569208409916,4.68860304545009,-10.7810676503458,16.8524518185441
"dat12_24","dr","PM10",25,2.63089328649273,12.4710751896757,-34.1198932176363,39.3816797906218
"dat12_24","dr","PM10",26,1.96796817185876,8.00648382021295,-21.6261945647274,25.5621309084449
"dat12_24","dr","PM10",27,4.35150050739511,20.5422579560464,-56.1841088906139,64.8871099054041
"dat12_24","dr","PM10",28,6.14565408990833,17.9875421088482,-46.8615092638638,59.1528174436804
"dat12_24","dr","PM10",29,6.3171766690014,26.0462327994906,-70.4379969060378,83.0723502440406
"dat12_24","dr","PM10",30,4.09183428588,23.0080361818782,-63.7101324843544,71.8938010561144
"dat12_24","dr","PM10",31,6.91135664417698,24.1027312405911,-64.1165472467946,77.9392605351486
"dat12_24","dr","PM10",32,7.53652284234449,23.5386130176336,-61.828991233821,76.90203691851
"dat12_24","dr","PM10",33,5.18216963485145,12.2018982224123,-30.775384120275,41.1397233899779
"dat12_24","dr","PM10",34,8.8362427165428,10.7164083968578,-22.7437478691942,40.4162333022798
"dat12_24","dr","PM10",35,3.24487636931536,9.7981436350991,-25.6290963550591,32.1188490936898
"dat12_24","dr","PM10",36,5.83490838996982,12.2944473762352,-30.3953767970141,42.0651935769537
"dat12_24","dr","PM10",37,3.74670701615887,7.72267992970916,-19.0111191551903,26.504533187508
"dat12_24","dr","PM10",38,3.48502649263837,13.0044700684476,-34.8376117575511,41.8076647428278
"dat12_24","dr","PM10",39,4.16591448214244,10.5290537798071,-26.861964162397,35.1937931266819
"dat12_24","dr","PM10",40,6.74657490317076,17.530897784115,-44.9149115276936,58.4080613340351
"dat12_24","dr","PM10",41,5.27760931683313,12.8924622664359,-32.7149551621761,43.2701737958423
"dat12_24","dr","PM10",42,6.54292326951598,13.2011720670265,-32.3593725518742,45.4452190909062
"dat12_24","dr","PM10",43,5.27411705722618,8.59695840462502,-20.0601045802803,30.6083386947327
"dat12_24","dr","PM10",44,3.3048986704235,12.2582116629969,-32.8186041468938,39.4284014877408
"dat12_24","dr","PM10",45,6.17440731917825,13.0494884321395,-32.280894734865,44.6297093732215
"dat12_24","dr","PM10",46,3.01591377243447,16.8550837736216,-46.6540285422737,52.6858560871426
"dat12_24","dr","PM10",47,1.76301196502801,14.8833335943825,-42.0964153159256,45.6224392459816
"dat12_24","dr","PM10",48,3.3695959715598,14.5693228072557,-39.5644785854166,46.3036705285362
"dat12_24","dr","PM10",49,3.89425354512781,14.5401049794337,-38.9537195221157,46.7422266123713
"dat12_24","dr","PM10",50,6.81970264100142,10.3527801979035,-23.6887185649188,37.3281238469217
"dat12_24","dr","PM10",51,4.34974141902381,13.7255337667442,-36.0977864360262,44.7972692740738
"dat12_24","dr","PM10",52,8.76490562824054,12.3478614464236,-27.6227845186169,45.152595775098
"dat12_24","dr","PM10",53,5.52961135380664,18.5212122533199,-49.0502149215507,60.109437629164
"dat12_24","dr","PM10",54,8.45942765746352,13.2496623161189,-30.5857632042357,47.5046185191628
"dat12_24","dr","PM10",55,6.52735308797016,13.3269311827571,-32.7455400029312,45.8002461788715
"dat12_24","dr","PM10",56,7.3512567133842,13.5061900714372,-32.4498911628227,47.1524045895911
"dat12_24","dr","PM10",57,3.55909168924416,13.0401370698224,-34.8686530038809,41.9868363823692
"dat12_24","dr","PM10",58,5.08342698820324,17.7649437759985,-47.2677653540632,57.4346193304697
"dat12_24","dr","PM10",59,4.47458225549722,18.2106083870596,-49.1899310895254,58.1390956005198
"dat12_24","dr","PM10",60,5.85889084763866,18.4960026822235,-48.6466457974235,60.3644274927008
"dat13_24","reg","NO2",-48,0.157064860440285,0.401746504562018,-1.11459152865467,1.42872124953524
"dat13_24","reg","NO2",-47,-0.641559610958444,0.414214331281329,-1.95268066577096,0.669561443854072
"dat13_24","reg","NO2",-46,1.85506798695011,0.475623678187377,0.349566676288552,3.36056929761167
"dat13_24","reg","NO2",-45,0.888597343189435,0.521664018150007,-0.762636392781986,2.53983107916086
"dat13_24","reg","NO2",-44,-0.27543243276014,0.698886913356734,-2.48763340659025,1.93676854106997
"dat13_24","reg","NO2",-43,-1.60130279447299,0.631378656755169,-3.5998185094416,0.397212920495609
"dat13_24","reg","NO2",-42,-0.426380588437218,0.783383683423315,-2.90604090862853,2.05327973175409
"dat13_24","reg","NO2",-41,-1.32002150163734,0.605196287482772,-3.23566163016323,0.595618626888549
"dat13_24","reg","NO2",-40,0.546190706904585,0.510449595380265,-1.06954578838592,2.16192720219509
"dat13_24","reg","NO2",-39,-0.226297062372627,0.539609977294741,-1.93433550814412,1.48174138339886
"dat13_24","reg","NO2",-38,-0.571491220266244,0.485404848404532,-2.10795306812782,0.964970627595335
"dat13_24","reg","NO2",-37,0.318004796066169,0.45158147423921,-1.11139523702002,1.74740482915235
"dat13_24","reg","NO2",-36,-1.15544631605007,0.460031138718201,-2.6115922441183,0.300699612018159
"dat13_24","reg","NO2",-35,-1.34532748103224,0.498245057854901,-2.92243270525046,0.231777743185983
"dat13_24","reg","NO2",-34,1.21759801179571,0.576278648026793,-0.606508523894493,3.04170454748591
"dat13_24","reg","NO2",-33,0.500734801683168,0.51713797192878,-1.13617254804916,2.13764215141549
"dat13_24","reg","NO2",-32,-0.466907612002772,0.55588338233549,-2.22645659802142,1.29264137401588
"dat13_24","reg","NO2",-31,0.039130568597337,0.634396969516419,-1.96893907319712,2.0472002103918
"dat13_24","reg","NO2",-30,-2.11740488215594,0.587480322821255,-3.9769683071014,-0.257841457210477
"dat13_24","reg","NO2",-29,0.00547263694666253,0.43048239502127,-1.35714205118484,1.36808732507816
"dat13_24","reg","NO2",-28,1.10610257492899,0.524872286205119,-0.555286357226796,2.76749150708478
"dat13_24","reg","NO2",-27,1.14368215123667,0.373812193794131,-0.0395531953362684,2.32691749780961
"dat13_24","reg","NO2",-26,-1.05314926178421,0.423591588936495,-2.39395234114198,0.287653817573568
"dat13_24","reg","NO2",-25,-0.423884371732419,0.384504586511276,-1.64096456663402,0.793195823169178
"dat13_24","reg","NO2",-24,-0.487724135900399,0.369967786803664,-1.65879070276724,0.683342430966448
"dat13_24","reg","NO2",-23,-0.55576078497146,0.404199192792221,-1.83518071804994,0.723659148107017
"dat13_24","reg","NO2",-22,0.0718524585049268,0.422185855562512,-1.26450102438819,1.40820594139804
"dat13_24","reg","NO2",-21,0.993443052921344,0.412420727910976,-0.312000672631274,2.29888677847396
"dat13_24","reg","NO2",-20,-1.94373195392339,0.463366140182148,-3.41043423001483,-0.477029677831938
"dat13_24","reg","NO2",-19,-1.20975182755119,0.535760628644658,-2.90560585168081,0.486102196578428
"dat13_24","reg","NO2",-18,-1.268344938109,0.498539766136975,-2.84638300845174,0.309693132233737
"dat13_24","reg","NO2",-17,-0.810136832235138,0.414123226067396,-2.1209695098594,0.50069584538912
"dat13_24","reg","NO2",-16,0.584589033938322,0.494750193926833,-0.981453826344736,2.15063189422138
"dat13_24","reg","NO2",-15,0.0884360425582306,0.410459891223842,-1.21080100671257,1.38767309182904
"dat13_24","reg","NO2",-14,-0.0848803018522862,0.374105006854107,-1.26904249556465,1.09928189186008
"dat13_24","reg","NO2",-13,-0.356566000198145,0.34543312638941,-1.44997250701276,0.736840506616466
"dat13_24","reg","NO2",-12,-0.386454399832469,0.34620750395384,-1.48231205971549,0.709403260050549
"dat13_24","reg","NO2",-11,0.268168716280071,0.345126202376019,-0.824266277707015,1.36060371026716
"dat13_24","reg","NO2",-10,0.322778265130311,0.422198337958784,-1.01361472854582,1.65917125880644
"dat13_24","reg","NO2",-9,1.16713891323827,0.434902462360353,-0.209466704019307,2.54374453049584
"dat13_24","reg","NO2",-8,-0.841147479881756,0.42351869026033,-2.18171981157589,0.49942485181238
"dat13_24","reg","NO2",-7,0.0319252826923907,0.536934211793494,-1.66764350806843,1.73149407345322
"dat13_24","reg","NO2",-6,-0.0621561956520059,0.602256314779497,-1.96849036873228,1.84417797742827
"dat13_24","reg","NO2",-5,0.108986649796438,0.481171811285949,-1.41407627950332,1.6320495790962
"dat13_24","reg","NO2",-4,0.775536019889177,0.356252693227277,-0.352117882087249,1.9031899218656
"dat13_24","reg","NO2",-3,0.796195017857915,0.372665111297304,-0.383409445137084,1.97579948085291
"dat13_24","reg","NO2",-2,0.958669522403225,0.168118022775512,0.426522122595575,1.49081692221088
"dat13_24","reg","NO2",-1,0,NA,NA,NA
"dat13_24","reg","NO2",0,-1.17544840659179,0.247557385045875,-1.9590468369115,-0.39184997627209
"dat13_24","reg","NO2",1,-0.440011234328979,0.266911128579654,-1.28487046303314,0.404847994375184
"dat13_24","reg","NO2",2,0.289290313737562,0.353147491082876,-0.828534628679741,1.40711525615486
"dat13_24","reg","NO2",3,0.936032512515179,0.392448000877049,-0.306191133579544,2.1782561586099
"dat13_24","reg","NO2",4,1.53456640158831,0.485886644263704,-0.0034204845140493,3.07255328769066
"dat13_24","reg","NO2",5,1.33250026023993,0.471716882548736,-0.160634790657443,2.82563531113731
"dat13_24","reg","NO2",6,2.01662305137184,0.576329275887351,0.192356262283999,3.84088984045968
"dat13_24","reg","NO2",7,1.2515332532823,0.546496743439127,-0.47830401355736,2.98137052012196
"dat13_24","reg","NO2",8,0.599956700496596,0.457498593107719,-0.848172909396679,2.04808631038987
"dat13_24","reg","NO2",9,0.859427884619804,0.388442529496912,-0.370117161377472,2.08897293061708
"dat13_24","reg","NO2",10,-0.208517635362783,0.340331795488178,-1.28577679562982,0.868741524904255
"dat13_24","reg","NO2",11,-1.00625141840569,0.349867400342487,-2.11369382283085,0.101190986019468
"dat13_24","reg","NO2",12,-1.7703933809965,0.414153855007176,-3.08132300902735,-0.459463752965656
"dat13_24","reg","NO2",13,-1.00648632408862,0.421123115541624,-2.33947589435981,0.326503246182575
"dat13_24","reg","NO2",14,1.22088247589098,0.418987068294429,-0.105345820545936,2.5471107723279
"dat13_24","reg","NO2",15,1.1956087053967,0.44686958428263,-0.218876686491723,2.61009409728513
"dat13_24","reg","NO2",16,1.47306437929415,0.476904238540986,-0.0364903151225859,2.98261907371088
"dat13_24","reg","NO2",17,0.858999143319076,0.509940000316752,-0.755124320343254,2.47312260698141
"dat13_24","reg","NO2",18,2.00681740297315,0.644162160431841,-0.0321621964122718,4.04579700235857
"dat13_24","reg","NO2",19,1.62810171450461,0.551718784759694,-0.118264986030203,3.37446841503943
"dat13_24","reg","NO2",20,1.02087981567365,0.546503296231262,-0.708978192852348,2.75073782419965
"dat13_24","reg","NO2",21,0.0277941983332557,0.499826522322082,-1.55431686755622,1.60990526422273
"dat13_24","reg","NO2",22,-0.14915128518082,0.631578459672669,-2.1482994403915,1.84999687002986
"dat13_24","reg","NO2",23,-0.808259517847392,0.566685838366042,-2.60200173784115,0.985482702146363
"dat13_24","reg","NO2",24,-1.14278545970289,0.546326811093057,-2.87208483622829,0.586513916822503
"dat13_24","reg","NO2",25,-0.722029376237623,0.603020036506542,-2.63078097324732,1.18672222077207
"dat13_24","reg","NO2",26,0.843861755044518,0.629722139322701,-1.14941055157398,2.83713406166302
"dat13_24","reg","NO2",27,2.22466389475177,0.617740382718326,0.269317686221284,4.18001010328227
"dat13_24","reg","NO2",28,1.92895019324118,0.578688545949327,0.0972155585993824,3.76068482788298
"dat13_24","reg","NO2",29,1.63198768679091,0.611988923655638,-0.305153311288128,3.56912868486996
"dat13_24","reg","NO2",30,1.30002814561541,0.616422597050996,-0.651146849116605,3.25120314034743
"dat13_24","reg","NO2",31,1.8109053860654,0.581814906000864,-0.0307251796896875,3.65253595182048
"dat13_24","reg","NO2",32,3.11174512556816,0.635066711617681,1.10155553546688,5.12193471566944
"dat13_24","reg","NO2",33,1.06749814333407,0.581644365708502,-0.77359260776197,2.90858889443012
"dat13_24","reg","NO2",34,0.0218080078623713,0.553714538631346,-1.73087589302921,1.77449190875395
"dat13_24","reg","NO2",35,-0.863039183664176,0.574888642061671,-2.68274590517714,0.956667537848789
"dat13_24","reg","NO2",36,0.442699162009133,0.664056674883366,-1.65925294895496,2.54465127297323
"dat13_24","reg","NO2",37,0.220752739075289,0.65312866189235,-1.84660870991083,2.28811418806141
"dat13_24","reg","NO2",38,0.74188917657046,0.658960455124271,-1.34393176624831,2.82771011938923
"dat13_24","reg","NO2",39,1.09623386926692,0.618315308688114,-0.860932164139293,3.05339990267314
"dat13_24","reg","NO2",40,2.01901447993645,0.596242479509499,0.131716022057715,3.90631293781519
"dat13_24","reg","NO2",41,1.39618453567619,0.674228564788073,-0.737964865468671,3.53033393682105
"dat13_24","reg","NO2",42,0.537974905693219,0.677530286253772,-1.60662550161894,2.68257531300538
"dat13_24","reg","NO2",43,0.205139391389556,0.597288116585577,-1.68546884281174,2.09574762559085
"dat13_24","reg","NO2",44,0.744343972035079,0.611262076598141,-1.19049632225671,2.67918426632687
"dat13_24","reg","NO2",45,-0.306293598890914,0.602939750709685,-2.21479106563347,1.60220386785164
"dat13_24","reg","NO2",46,-1.41269830057504,0.661191237468422,-3.50558038415896,0.680183783008888
"dat13_24","reg","NO2",47,-0.691005608926746,0.637424502116269,-2.70865836128987,1.32664714343638
"dat13_24","reg","NO2",48,-0.174371423273708,0.674019329925866,-2.30785852904991,1.95911568250249
"dat13_24","reg","NO2",49,-0.500869992996246,0.73355336282914,-2.82280138503344,1.82106139904095
"dat13_24","reg","NO2",50,1.65029083775964,0.743030748020628,-0.701639514551784,4.00222119007107
"dat13_24","reg","NO2",51,1.6050307476329,0.645068171580802,-0.436816667285659,3.64687816255146
"dat13_24","reg","NO2",52,1.10332402511378,0.690877592067768,-1.08352488099758,3.29017293122514
"dat13_24","reg","NO2",53,1.12993324286236,0.717437597181746,-1.14098658810846,3.40085307383318
"dat13_24","reg","NO2",54,1.65552904222428,0.728785858588618,-0.651311671590072,3.96236975603862
"dat13_24","reg","NO2",55,0.609198224419624,0.6608584009398,-1.48263032492482,2.70102677376407
"dat13_24","reg","NO2",56,0.993114391794601,0.592716764780766,-0.883024049481609,2.86925283307081
"dat13_24","reg","NO2",57,0.0438549791150409,0.689737005177696,-2.13938360409467,2.22709356232475
"dat13_24","reg","NO2",58,0.244901061281365,0.791723688175219,-2.26115804572554,2.75096016828827
"dat13_24","reg","NO2",59,-0.79048797709924,0.760526143723254,-3.19779686157548,1.616820907377
"dat13_24","reg","NO2",60,-1.93310515537551,0.885899109636166,-4.73725964102692,0.871049330275904
"dat13_24","reg","CO",-48,-13.2616929920304,13.2978707290094,-56.2267700788111,29.7033840947503
"dat13_24","reg","CO",-47,11.0458634432078,11.9840220402072,-27.6742024425236,49.7659293289391
"dat13_24","reg","CO",-46,15.8788364079413,11.7156041096203,-21.9739780723464,53.7316508882291
"dat13_24","reg","CO",-45,13.6700350454526,9.70340681531144,-17.6814219148533,45.0214920057585
"dat13_24","reg","CO",-44,-18.1913455084448,11.8355369487813,-56.4316598964092,20.0489688795196
"dat13_24","reg","CO",-43,-49.9563454407629,13.4148027595997,-93.2992269001839,-6.61346398134187
"dat13_24","reg","CO",-42,-38.6826343363292,11.910665632881,-77.1656875634321,-0.199581109226273
"dat13_24","reg","CO",-41,-27.9732560969516,11.4846771638159,-65.0799515759277,9.1334393820244
"dat13_24","reg","CO",-40,-4.368692850609,11.8877715742717,-42.7777759652763,34.0403902640583
"dat13_24","reg","CO",-39,-4.1811519282871,12.8746147381602,-45.7786998335272,37.416395976953
"dat13_24","reg","CO",-38,0.27975210221145,10.9553276594725,-35.1166287915619,35.6761329959848
"dat13_24","reg","CO",-37,10.2116500684755,17.0744188024606,-44.9553563650686,65.3786565020197
"dat13_24","reg","CO",-36,-11.0097809212102,8.86994640198523,-39.6683487989638,17.6487869565435
"dat13_24","reg","CO",-35,26.1504528528302,8.78272314848844,-2.22629894424263,54.527204649903
"dat13_24","reg","CO",-34,12.8870165179038,8.96779555995851,-16.0876994636231,41.8617324994307
"dat13_24","reg","CO",-33,32.2769975695855,10.5378363923202,-1.77047981611554,66.3244749552865
"dat13_24","reg","CO",-32,-1.23575376373343,8.35891977278239,-28.2432077929218,25.771700265455
"dat13_24","reg","CO",-31,-21.2226842467528,12.2015252170437,-60.6454972827487,18.2001287892431
"dat13_24","reg","CO",-30,-57.7342933223383,14.4582316032778,-104.448466443168,-11.0201202015086
"dat13_24","reg","CO",-29,-4.00945163807994,9.0501130765523,-33.2501333909787,25.2312301148189
"dat13_24","reg","CO",-28,21.8217800610975,9.25373677933256,-8.07680461964102,51.720364741836
"dat13_24","reg","CO",-27,12.6158517804956,7.49064926152741,-11.5862426382353,36.8179461992264
"dat13_24","reg","CO",-26,0.539726607770416,7.50756035925514,-23.7170071312171,24.7964603467579
"dat13_24","reg","CO",-25,6.36485856615776,10.0601638139294,-26.1392710482318,38.8689881805473
"dat13_24","reg","CO",-24,-4.68123666486663,8.27588185685288,-31.420397331024,22.0579240012908
"dat13_24","reg","CO",-23,0.740307956210822,8.0706497947194,-25.3357532145508,26.8163691269725
"dat13_24","reg","CO",-22,19.0589942222286,9.95562260956609,-13.1073654592336,51.2253539036908
"dat13_24","reg","CO",-21,13.9992988658769,8.92677537400701,-14.8428819536352,42.8414796853891
"dat13_24","reg","CO",-20,-16.0952025716833,10.9353555019216,-51.427053939922,19.2366487965553
"dat13_24","reg","CO",-19,-28.1639407281745,13.46085609364,-71.6556193211718,15.3277378648229
"dat13_24","reg","CO",-18,-0.814023126533165,9.07040789866234,-30.1202769258287,28.4922306727624
"dat13_24","reg","CO",-17,15.719991801412,8.99674382537104,-13.3482552784632,44.7882388812872
"dat13_24","reg","CO",-16,19.1973662654772,9.13404191045834,-10.3144873834387,48.7092199143932
"dat13_24","reg","CO",-15,18.867309896648,8.43501495167975,-8.38600569142326,46.1206254847193
"dat13_24","reg","CO",-14,7.02625095490165,7.71405246673876,-17.8976534534842,31.9501553632875
"dat13_24","reg","CO",-13,-10.5844604804999,6.63376388297556,-32.0179803586691,10.8490593976692
"dat13_24","reg","CO",-12,14.304388670518,8.39079891787431,-12.8060660536122,41.4148433946483
"dat13_24","reg","CO",-11,6.11639539636585,7.18821017835302,-17.1085261510499,29.3413169437816
"dat13_24","reg","CO",-10,13.1070569825002,7.46055141839634,-10.9977920819461,37.2119060469465
"dat13_24","reg","CO",-9,8.86597942358431,8.8842196636015,-19.8387049940365,37.5706638412051
"dat13_24","reg","CO",-8,7.55256571775115,8.57456278603306,-20.1516253211698,35.2567567566721
"dat13_24","reg","CO",-7,17.0992415944081,10.8212282531681,-17.8638675789093,52.0623507677255
"dat13_24","reg","CO",-6,-5.05541087964412,9.2147633711071,-34.8280734843702,24.717251725082
"dat13_24","reg","CO",-5,-0.470141036614422,8.91955881171831,-29.2890053296424,28.3487232564136
"dat13_24","reg","CO",-4,22.8118054743157,8.4630988131419,-4.53224834525183,50.1558592938832
"dat13_24","reg","CO",-3,6.10821880685815,7.09041193813977,-16.8007191507527,29.017156764469
"dat13_24","reg","CO",-2,2.55153077209412,3.83530915719724,-9.84025411953798,14.9433156637262
"dat13_24","reg","CO",-1,0,NA,NA,NA
"dat13_24","reg","CO",0,-4.07397073924626,5.0633515975859,-20.4335290580959,12.2855875796034
"dat13_24","reg","CO",1,9.47265594811188,5.89776552276021,-9.58287222545959,28.5281841216834
"dat13_24","reg","CO",2,11.2207696322739,6.51985651004032,-9.84471846406733,32.2862577286151
"dat13_24","reg","CO",3,21.9783360867546,7.3580691478841,-1.79539540689287,45.7520675804021
"dat13_24","reg","CO",4,28.3548857880442,8.85084698698463,-0.241972372827988,56.9517439489164
"dat13_24","reg","CO",5,38.029273261191,8.45878573192284,10.6991548957149,65.359391626667
"dat13_24","reg","CO",6,55.668701346572,10.6067640339698,21.3985205298307,89.9388821633133
"dat13_24","reg","CO",7,40.1189317239583,9.59388989690626,9.12132110021817,71.1165423476984
"dat13_24","reg","CO",8,35.8604484737904,8.72637478064536,7.66575679877986,64.0551401488009
"dat13_24","reg","CO",9,22.3656024073971,6.9011248621137,0.0682461066337048,44.6629587081604
"dat13_24","reg","CO",10,18.8346725053492,6.95517622995829,-3.63732236977046,41.3066673804689
"dat13_24","reg","CO",11,6.86212791081323,7.16624954653746,-16.2918394020444,30.0160952236708
"dat13_24","reg","CO",12,0.323825572904551,7.1354656009874,-22.7306796064622,23.3783307522712
"dat13_24","reg","CO",13,-4.88445173586183,6.49665381550042,-25.8749725250421,16.1060690533184
"dat13_24","reg","CO",14,30.288951783217,7.8898526964768,4.79704137022394,55.7808621962101
"dat13_24","reg","CO",15,31.6539575181078,7.74692994086098,6.62382683945163,56.6840881967639
"dat13_24","reg","CO",16,43.0909687670095,9.35676282687451,12.8595095859248,73.3224279480941
"dat13_24","reg","CO",17,51.300376754273,10.5248998480292,17.2946970092642,85.3060564992818
"dat13_24","reg","CO",18,75.8421528641697,12.6623537547774,34.9304147174546,116.753891010885
"dat13_24","reg","CO",19,42.5959466226253,11.644672723714,4.97230961935173,80.2195836258989
"dat13_24","reg","CO",20,41.7879594525891,10.51416253382,7.81697169264329,75.7589472125348
"dat13_24","reg","CO",21,40.7555035767486,10.0847524210074,8.17192880755989,73.3390783459373
"dat13_24","reg","CO",22,33.0085427477617,10.1514773379611,0.209381494169058,65.8077040013542
"dat13_24","reg","CO",23,16.1882508994298,10.6955768074379,-18.3688816959919,50.7453834948515
"dat13_24","reg","CO",24,21.1020388135087,13.2094708455525,-21.5774205315607,63.781498158578
"dat13_24","reg","CO",25,1.80050302920397,13.3059625611628,-41.1907185584017,44.7917246168096
"dat13_24","reg","CO",26,16.0044175261184,12.5732593617873,-24.6194589365099,56.6282939887466
"dat13_24","reg","CO",27,26.4487961223726,10.7980388511413,-8.43938869155047,61.3369809362956
"dat13_24","reg","CO",28,28.0473132593211,11.1525930894542,-7.9864271469968,64.0810536656389
"dat13_24","reg","CO",29,32.128751126684,12.3516117291123,-7.77898755584015,72.0364898092082
"dat13_24","reg","CO",30,25.3022839101844,11.122298856167,-10.6335766103235,61.2381444306924
"dat13_24","reg","CO",31,31.4455797765688,10.8089288444452,-3.4777903246316,66.3689498777693
"dat13_24","reg","CO",32,41.1663107872042,11.0998098777058,5.30311157562885,77.0295099987796
"dat13_24","reg","CO",33,23.1927324777397,9.88179627333405,-8.73509621692894,55.1205611724083
"dat13_24","reg","CO",34,11.7117085527497,10.1718339631913,-21.1532244315257,44.576641537025
"dat13_24","reg","CO",35,-3.36256184440003,12.354563584936,-43.2798378968988,36.5547142080987
"dat13_24","reg","CO",36,10.0801380966913,14.3699028375567,-36.3486470619958,56.5089232553784
"dat13_24","reg","CO",37,-4.89626336282469,11.9476210821383,-43.4987186926006,33.7061919669512
"dat13_24","reg","CO",38,11.998238125111,10.5392240895068,-22.0537228743813,46.0501991246033
"dat13_24","reg","CO",39,18.3831928878792,11.1978464233538,-17.7967598722095,54.5631456479679
"dat13_24","reg","CO",40,34.764016904104,11.7586132684988,-3.22775905838733,72.7557928665953
"dat13_24","reg","CO",41,34.2298113555835,11.7335651038206,-3.68103463336422,72.1406573445312
"dat13_24","reg","CO",42,16.14430527695,13.3115620222532,-26.8650080249079,59.1536185788079
"dat13_24","reg","CO",43,0.168208021476332,13.3783899632451,-43.0570246327936,43.3934406757463
"dat13_24","reg","CO",44,2.89500121945686,11.3717914978458,-33.8469635865239,39.6369660254376
"dat13_24","reg","CO",45,11.931699013728,11.021297481207,-23.6778286712862,47.5412266987423
"dat13_24","reg","CO",46,0.580871395186227,10.4188391619534,-33.0821290107025,34.2438718010749
"dat13_24","reg","CO",47,-10.6250730336284,10.0135675805835,-42.9786514207985,21.7285053535416
"dat13_24","reg","CO",48,-9.26190577240808,10.7946331753054,-44.1390869356112,25.6152753907951
"dat13_24","reg","CO",49,-7.0745467006921,11.3547793061071,-43.7615455542759,29.6124521528917
"dat13_24","reg","CO",50,17.318650225224,11.0606648136254,-18.4180722947023,53.0553727451503
"dat13_24","reg","CO",51,34.8449253825602,10.5091010825924,0.890291040886993,68.7995597242335
"dat13_24","reg","CO",52,33.7230716983186,10.3328162435079,0.338009121542392,67.1081342750948
"dat13_24","reg","CO",53,25.770664427492,10.9599265296924,-9.64057529725793,61.1819041522419
"dat13_24","reg","CO",54,40.3188799418835,11.5532945237897,2.99048354395246,77.6472763398144
"dat13_24","reg","CO",55,35.3752163258709,10.7111692877974,0.767704828873732,69.982727822868
"dat13_24","reg","CO",56,29.0627422742408,10.4238471040022,-4.61643866314478,62.7419232116263
"dat13_24","reg","CO",57,17.5087242488589,9.98056142708067,-14.7382121082834,49.7556606060012
"dat13_24","reg","CO",58,19.8262998641621,9.90432239979756,-12.1743101636759,51.8269098920001
"dat13_24","reg","CO",59,16.4235644605717,10.2228788002948,-16.6062930748384,49.4534219959819
"dat13_24","reg","CO",60,21.106949033844,11.9203466600269,-17.4073833420848,59.6212814097728
"dat13_24","reg","SO2",-48,-0.286172741245468,0.13426213470975,-0.716487936912149,0.144142454421213
"dat13_24","reg","SO2",-47,-0.0854469176417643,0.108673153986343,-0.433748466864433,0.262854631580904
"dat13_24","reg","SO2",-46,-0.114963797717236,0.108298206563886,-0.462063626337084,0.232136030902612
"dat13_24","reg","SO2",-45,-0.182615329655778,0.115980387820441,-0.554336838377075,0.18910617906552
"dat13_24","reg","SO2",-44,-1.06253347503271,0.19859965574495,-1.69905284742295,-0.42601410264248
"dat13_24","reg","SO2",-43,-1.19056779217049,0.256118501969958,-2.01143723184771,-0.369698352493278
"dat13_24","reg","SO2",-42,-0.749630553175659,0.189472724670995,-1.35689776791612,-0.142363338435199
"dat13_24","reg","SO2",-41,-0.746713352517585,0.183361211966479,-1.33439293898929,-0.159033766045876
"dat13_24","reg","SO2",-40,0.0806419503962753,0.109528542472689,-0.270401151123835,0.431685051916386
"dat13_24","reg","SO2",-39,-0.109281891527374,0.0840461792609104,-0.378653059741558,0.160089276686809
"dat13_24","reg","SO2",-38,0.21835319848211,0.113252356403215,-0.14462486685788,0.5813312638221
"dat13_24","reg","SO2",-37,0.213681059270718,0.130336874948924,-0.204053531107107,0.631415649648542
"dat13_24","reg","SO2",-36,-0.347676393772536,0.10798589854503,-0.69377526343599,-0.00157752410908163
"dat13_24","reg","SO2",-35,0.174865261483355,0.0969798370850099,-0.135958766908383,0.485689289875093
"dat13_24","reg","SO2",-34,-0.146441429044404,0.121874334927754,-0.537053260105769,0.244170402016961
"dat13_24","reg","SO2",-33,-0.213517518409231,0.168660915272876,-0.754082100626456,0.327047063807994
"dat13_24","reg","SO2",-32,-0.124461181870354,0.141770255731821,-0.578840188034951,0.329917824294244
"dat13_24","reg","SO2",-31,-0.33962778418343,0.139477031081767,-0.786656919022589,0.107401350655729
"dat13_24","reg","SO2",-30,-0.972895434843207,0.232240107432124,-1.7172337211914,-0.228557148495017
"dat13_24","reg","SO2",-29,-0.00679091107973761,0.106515936945631,-0.34817849848453,0.334596676325054
"dat13_24","reg","SO2",-28,0.378177270043977,0.112016691182587,0.0191595582492575,0.737194981838696
"dat13_24","reg","SO2",-27,0.22721844191551,0.109205096809831,-0.122788004079933,0.577224887910953
"dat13_24","reg","SO2",-26,0.0697022511985534,0.114703271760322,-0.297926052476609,0.437330554873715
"dat13_24","reg","SO2",-25,-0.066363500632467,0.10355472756364,-0.398260300501547,0.265533299236613
"dat13_24","reg","SO2",-24,-0.0836559215856748,0.096419524040596,-0.392684125578652,0.225372282407302
"dat13_24","reg","SO2",-23,-0.168560663226801,0.104250539713062,-0.502687567226677,0.165566240773075
"dat13_24","reg","SO2",-22,0.0371507888013964,0.104908018584866,-0.299083359731563,0.373384937334356
"dat13_24","reg","SO2",-21,-0.0769196738751494,0.126765079627673,-0.483206525798137,0.329367178047838
"dat13_24","reg","SO2",-20,-0.734013092545627,0.192465079361736,-1.35087091670872,-0.117155268382534
"dat13_24","reg","SO2",-19,0.227011211657202,0.168026837377537,-0.311521127037375,0.76554355035178
"dat13_24","reg","SO2",-18,-0.350459369073062,0.117487665755358,-0.727011760313024,0.0260930221669011
"dat13_24","reg","SO2",-17,-0.0647042564243427,0.110700878233152,-0.41950473818603,0.290096225337345
"dat13_24","reg","SO2",-16,0.459187366768668,0.105432574195133,0.121271997759376,0.797102735777961
"dat13_24","reg","SO2",-15,0.420441756423602,0.0832174311443595,0.153726757118865,0.687156755728339
"dat13_24","reg","SO2",-14,0.257834184912328,0.0922368631031445,-0.0377884333315637,0.553456803156219
"dat13_24","reg","SO2",-13,-0.155145265768319,0.0686376671396224,-0.375131572623502,0.0648410410868648
"dat13_24","reg","SO2",-12,0.281143646726735,0.103074412054112,-0.0492137238541777,0.611501017307648
"dat13_24","reg","SO2",-11,0.193491863020715,0.0745349654194278,-0.0453955068085175,0.432379232849947
"dat13_24","reg","SO2",-10,0.0744899173189639,0.125975683124801,-0.329266889097699,0.478246723735627
"dat13_24","reg","SO2",-9,0.423285438478625,0.111153908885125,0.0670329764242938,0.779537900532955
"dat13_24","reg","SO2",-8,-0.209807063783278,0.130467628202955,-0.627960723262113,0.208346595695557
"dat13_24","reg","SO2",-7,0.0367544122273428,0.128497000244961,-0.375083310467351,0.448592134922036
"dat13_24","reg","SO2",-6,-0.116154526051131,0.119165943429946,-0.49808586041221,0.265776808309948
"dat13_24","reg","SO2",-5,0.0138672572356078,0.116353720120376,-0.359050795560031,0.386785310031246
"dat13_24","reg","SO2",-4,0.148611988708307,0.075375328396359,-0.0929687760950994,0.390192753511714
"dat13_24","reg","SO2",-3,0.188558961901889,0.0748629101289377,-0.0513794830658819,0.428497406869661
"dat13_24","reg","SO2",-2,0.0987917567734016,0.0471600616977444,-0.0523580161762744,0.249941529723078
"dat13_24","reg","SO2",-1,0,NA,NA,NA
"dat13_24","reg","SO2",0,-0.291689571574675,0.059317050090681,-0.481802949939484,-0.101576193209866
"dat13_24","reg","SO2",1,-0.119782514553791,0.0713201329626855,-0.348366225345803,0.10880119623822
"dat13_24","reg","SO2",2,-0.0265241862312749,0.0918339603480894,-0.320855485979069,0.267807113516519
"dat13_24","reg","SO2",3,0.218631276719086,0.0959182464854278,-0.0887903138403878,0.52605286727856
"dat13_24","reg","SO2",4,0.326026750218843,0.109373574774922,-0.0245196739965989,0.676573174434284
"dat13_24","reg","SO2",5,0.505509731008421,0.115724548947298,0.134608195505885,0.876411266510958
"dat13_24","reg","SO2",6,0.5637972737792,0.131034977139087,0.1438252396038,0.9837693079546
"dat13_24","reg","SO2",7,0.522167083768717,0.116928850364591,0.147405716891203,0.896928450646232
"dat13_24","reg","SO2",8,0.403493086473298,0.105524504061401,0.0652830787821755,0.741703094164421
"dat13_24","reg","SO2",9,0.304878177756587,0.0836350844512694,0.0368245838818149,0.572931771631359
"dat13_24","reg","SO2",10,0.195323413626986,0.0807812102342218,-0.0635834059560487,0.454230233210021
"dat13_24","reg","SO2",11,0.0464627163094435,0.0736727219623797,-0.18966113078321,0.282586563402097
"dat13_24","reg","SO2",12,-0.091700670674982,0.0990590108960931,-0.409188529395915,0.225787188045951
"dat13_24","reg","SO2",13,-0.0733014439050071,0.0889863387615064,-0.358506009277066,0.211903121467052
"dat13_24","reg","SO2",14,0.0833902499498058,0.0979527404800301,-0.230551970445195,0.397332470344807
"dat13_24","reg","SO2",15,0.241469218352066,0.111116223790555,-0.114662461555619,0.597600898259752
"dat13_24","reg","SO2",16,0.462912219143556,0.127825837959841,0.0532255968366959,0.872598841450416
"dat13_24","reg","SO2",17,0.390481257053517,0.121586558870732,0.000791759087431898,0.780170755019602
"dat13_24","reg","SO2",18,0.556606805694744,0.14799472570674,0.082278138957794,1.03093547243169
"dat13_24","reg","SO2",19,0.396083906815383,0.121859169082321,0.00552068285950713,0.786647130771258
"dat13_24","reg","SO2",20,0.48112237869492,0.126980251142693,0.0741458939667655,0.888098863423074
"dat13_24","reg","SO2",21,0.477599879966597,0.130534196785935,0.0592328656735241,0.89596689425967
"dat13_24","reg","SO2",22,0.218656898874082,0.111808448623615,-0.139693387680425,0.577007185428588
"dat13_24","reg","SO2",23,0.162267328950746,0.112081481943046,-0.196958039670113,0.521492697571605
"dat13_24","reg","SO2",24,0.0468329220017624,0.111991960717884,-0.312105527722675,0.4057713717262
"dat13_24","reg","SO2",25,0.0911879643783726,0.119929595223854,-0.293190902727712,0.475566831484457
"dat13_24","reg","SO2",26,-0.0131191602622954,0.124406335600583,-0.411846148790147,0.385607828265556
"dat13_24","reg","SO2",27,-0.0136990919838977,0.136279741903925,-0.450480794655078,0.423082610687282
"dat13_24","reg","SO2",28,-0.105043296621382,0.152239070043348,-0.592975246723612,0.382888653480848
"dat13_24","reg","SO2",29,0.144986444140529,0.135379605340062,-0.288910286960353,0.578883175241411
"dat13_24","reg","SO2",30,0.0437538308324389,0.147777886040334,-0.429879856611356,0.517387518276234
"dat13_24","reg","SO2",31,0.0968698681246698,0.132185863214797,-0.326790799245263,0.520530535494602
"dat13_24","reg","SO2",32,0.155742109000944,0.138348689031242,-0.287670647093006,0.599154865094894
"dat13_24","reg","SO2",33,0.234916398999189,0.132342287759672,-0.189245614925231,0.659078412923609
"dat13_24","reg","SO2",34,0.0554364935229521,0.128270678533584,-0.355675859567531,0.466548846613436
"dat13_24","reg","SO2",35,-0.0163864076091984,0.126333053622366,-0.421288599922768,0.388515784704371
"dat13_24","reg","SO2",36,0.0352383655204333,0.1404653858986,-0.414958483710523,0.485435214751389
"dat13_24","reg","SO2",37,-0.0832783323822401,0.132937365371288,-0.50934759245192,0.34279092768744
"dat13_24","reg","SO2",38,0.0875664391041578,0.14121555276503,-0.365034723171636,0.540167601379952
"dat13_24","reg","SO2",39,0.0916235929802289,0.134154200629032,-0.338345669894875,0.521592855855332
"dat13_24","reg","SO2",40,0.024161630140746,0.142475358943562,-0.432477258359119,0.480800518640611
"dat13_24","reg","SO2",41,0.201617193714746,0.151287780606272,-0.283265837933028,0.686500225362521
"dat13_24","reg","SO2",42,0.0628886551882901,0.136516523799337,-0.374651942370676,0.500429252747256
"dat13_24","reg","SO2",43,-0.103899041943287,0.142417580423613,-0.560352748111804,0.352554664225231
"dat13_24","reg","SO2",44,-0.0492774204219645,0.150560993551974,-0.531831072202853,0.433276231358924
"dat13_24","reg","SO2",45,-0.0477634204401374,0.134525212848534,-0.47892179144446,0.383394950564185
"dat13_24","reg","SO2",46,-0.145239269067306,0.141649416009295,-0.599230979372537,0.308752441237925
"dat13_24","reg","SO2",47,-0.121189523612101,0.151610511034301,-0.607106918429992,0.364727871205789
"dat13_24","reg","SO2",48,-0.0809553869360362,0.124778807680711,-0.480876162501367,0.318965388629295
"dat13_24","reg","SO2",49,-0.0694275843521158,0.144366953031619,-0.532129103107962,0.393273934403731
"dat13_24","reg","SO2",50,-0.0562254178052448,0.144065361563207,-0.517960324552264,0.405509488941774
"dat13_24","reg","SO2",51,0.296718790982323,0.162793527396477,-0.225040592229666,0.818478174194312
"dat13_24","reg","SO2",52,0.343450475331899,0.156513801541671,-0.158182150132749,0.845083100796548
"dat13_24","reg","SO2",53,0.413601489109225,0.157817828366175,-0.0922105914143942,0.919413569632845
"dat13_24","reg","SO2",54,0.38679268423108,0.164322948023411,-0.139868549660985,0.913453918123145
"dat13_24","reg","SO2",55,0.171007914699639,0.165079800877672,-0.358079061079938,0.700094890479216
"dat13_24","reg","SO2",56,0.141282186480166,0.172805180327254,-0.412564921235589,0.695129294195922
"dat13_24","reg","SO2",57,0.170738324745647,0.158124930599536,-0.336058029995897,0.67753467948719
"dat13_24","reg","SO2",58,0.349247191090989,0.154061099556739,-0.144524432186856,0.843018814368835
"dat13_24","reg","SO2",59,0.129372409614765,0.134800067857433,-0.302666882039227,0.561411701268756
"dat13_24","reg","SO2",60,0.314700469354003,0.167618125847779,-0.222521933502902,0.851922872210907
"dat13_24","reg","O3",-48,4.0066710176383,0.562466892238795,2.15074001297569,5.86260202230091
"dat13_24","reg","O3",-47,1.67470930100812,0.424642580810742,0.273547130396283,3.07587147161996
"dat13_24","reg","O3",-46,-0.0403245562881371,0.433430754944228,-1.47048442449564,1.38983531191936
"dat13_24","reg","O3",-45,-1.3812186980644,0.519115994579974,-3.09410790568058,0.33167050955178
"dat13_24","reg","O3",-44,-0.919997077810845,0.465301890900788,-2.45531981016517,0.615325654543482
"dat13_24","reg","O3",-43,0.660825464829706,0.452831731113194,-0.833350390255503,2.15500131991492
"dat13_24","reg","O3",-42,0.146386651266444,0.412552540749478,-1.21488289542934,1.50765619796223
"dat13_24","reg","O3",-41,-0.86696506251494,0.478717170318958,-2.4465532144912,0.712623089461319
"dat13_24","reg","O3",-40,-0.783655425910614,0.4614878243793,-2.3063931609811,0.739082309159874
"dat13_24","reg","O3",-39,-0.562449206688589,0.467328206439311,-2.10445802472203,0.979559611344853
"dat13_24","reg","O3",-38,0.510563148829933,0.438105148399301,-0.935020474732716,1.95614677239258
"dat13_24","reg","O3",-37,0.864517032102761,0.477009528568249,-0.709436538863082,2.4384706030686
"dat13_24","reg","O3",-36,1.51053446190053,0.460318408492484,-0.00834463680996622,3.02941356061102
"dat13_24","reg","O3",-35,0.610530067059076,0.387412577673565,-0.667786975991659,1.88884711010981
"dat13_24","reg","O3",-34,0.0579336909781316,0.562892413884211,-1.79940137644049,1.91526875839676
"dat13_24","reg","O3",-33,-0.52056677488206,0.432343194420241,-1.94713809890364,0.906004549139523
"dat13_24","reg","O3",-32,-0.325201626818694,0.565976877384325,-2.19271427361417,1.54231101997679
"dat13_24","reg","O3",-31,0.470513079011888,0.47446938644348,-1.09505897014234,2.03608512816612
"dat13_24","reg","O3",-30,3.40614331662616,0.840153494232331,0.633950072655758,6.17833656059657
"dat13_24","reg","O3",-29,-0.506038869029747,0.350503165578989,-1.66256861541394,0.650490877354448
"dat13_24","reg","O3",-28,-0.342230787289364,0.431280343618882,-1.76529509999563,1.0808335254169
"dat13_24","reg","O3",-27,-1.3626545328744,0.400397792349061,-2.68381794226419,-0.0414911234846069
"dat13_24","reg","O3",-26,-0.841360365790549,0.466686585877062,-2.38125207522411,0.698531343643014
"dat13_24","reg","O3",-25,0.734402003566538,0.48173187518269,-0.855133550298989,2.32393755743206
"dat13_24","reg","O3",-24,0.997088539655529,0.330026924823085,-0.0918772476722386,2.0860543269833
"dat13_24","reg","O3",-23,-0.399077065394519,0.383411684039309,-1.66419265135572,0.866038520566682
"dat13_24","reg","O3",-22,-0.376195487372106,0.391241296506861,-1.66714587487191,0.914754900127697
"dat13_24","reg","O3",-21,-1.17031577915712,0.389229992777664,-2.45462961435079,0.113998056036553
"dat13_24","reg","O3",-20,0.600502622120864,0.426133829629204,-0.805580113516294,2.00658535775802
"dat13_24","reg","O3",-19,-0.31152418756449,0.46057437761744,-1.83124788893835,1.20819951380937
"dat13_24","reg","O3",-18,-0.436319186635039,0.408795826621428,-1.78519297755905,0.912554604288972
"dat13_24","reg","O3",-17,-0.328938693767364,0.442107354190209,-1.7877281040472,1.12985071651247
"dat13_24","reg","O3",-16,-0.323882673188983,0.385582985520155,-1.59616274437479,0.948397397996819
"dat13_24","reg","O3",-15,0.291108900953807,0.3995744992361,-1.0273379481631,1.60955575007071
"dat13_24","reg","O3",-14,0.0867940825202609,0.347352098327008,-1.05933831694196,1.23292648198249
"dat13_24","reg","O3",-13,-0.00313196770569482,0.262100933316363,-0.867967312158872,0.861703376747483
"dat13_24","reg","O3",-12,1.62914533960147,0.383693818404825,0.363098815439868,2.89519186376306
"dat13_24","reg","O3",-11,1.46306527272092,0.398247049673475,0.148998512164597,2.77713203327724
"dat13_24","reg","O3",-10,1.48727390958127,0.454087406674031,-0.0110452066226152,2.98559302578515
"dat13_24","reg","O3",-9,0.117957695762323,0.441170637421826,-1.33774089847658,1.57365629000122
"dat13_24","reg","O3",-8,1.68248230688257,0.422349864421475,0.288885245418403,3.07607936834674
"dat13_24","reg","O3",-7,1.93427965815641,0.504029827493749,0.271169176405151,3.59739013990768
"dat13_24","reg","O3",-6,0.990742097632693,0.574292938510395,-0.904210449881406,2.88569464514679
"dat13_24","reg","O3",-5,-0.180432411107319,0.571615243864587,-2.06654956478269,1.70568474256805
"dat13_24","reg","O3",-4,0.287917620797762,0.380077897666033,-0.966197713275802,1.54203295487133
"dat13_24","reg","O3",-3,-0.215704329469077,0.256037257281001,-1.06053180410531,0.629123145167152
"dat13_24","reg","O3",-2,-0.294718957850648,0.163458075800398,-0.834069655689866,0.24463173998857
"dat13_24","reg","O3",-1,0,NA,NA,NA
"dat13_24","reg","O3",0,0.554154192132259,0.364640125053282,-0.649022248949941,1.75733063321446
"dat13_24","reg","O3",1,1.72809915173349,0.35938905715377,0.542249276635467,2.9139490268315
"dat13_24","reg","O3",2,1.15498379227109,0.401196157202062,-0.168813923429286,2.47878150797146
"dat13_24","reg","O3",3,0.857517645995257,0.356517600272819,-0.318857492140562,2.03389278413107
"dat13_24","reg","O3",4,1.31233470915082,0.442570408727861,-0.147982608433674,2.77265202673532
"dat13_24","reg","O3",5,1.51061336402668,0.419096942539125,0.127749731783865,2.8934769962695
"dat13_24","reg","O3",6,0.822658858675818,0.424650529299827,-0.57852953898607,2.22384725633771
"dat13_24","reg","O3",7,0.181890445170726,0.420583217433547,-1.20587734000282,1.56965823034427
"dat13_24","reg","O3",8,0.547925119066033,0.336559940544757,-0.562597184030222,1.65844742216229
"dat13_24","reg","O3",9,0.585290052560233,0.301658331668766,-0.41006995579591,1.58065006091638
"dat13_24","reg","O3",10,0.736282837112616,0.303182279066601,-0.264105629387721,1.73667130361295
"dat13_24","reg","O3",11,1.37795315008953,0.369288166041024,0.159439906967735,2.59646639321133
"dat13_24","reg","O3",12,2.13469432908317,0.443316452892407,0.671915343950007,3.59747331421634
"dat13_24","reg","O3",13,2.06126784647871,0.54042537812242,0.278065619283274,3.84447007367415
"dat13_24","reg","O3",14,0.582288425669656,0.38941164036035,-0.702624778811846,1.86720163015116
"dat13_24","reg","O3",15,0.0598984401582981,0.410031036964191,-1.29305108429607,1.41284796461267
"dat13_24","reg","O3",16,-0.233900649195381,0.39213069963535,-1.52778573536738,1.05998443697662
"dat13_24","reg","O3",17,0.101292125435203,0.439123573249203,-1.34765192036906,1.55023617123947
"dat13_24","reg","O3",18,0.624565994765627,0.605602665570379,-1.3736969768818,2.62282896641306
"dat13_24","reg","O3",19,1.56989037327731,0.49994900466793,-0.0797549148572674,3.21953566141188
"dat13_24","reg","O3",20,1.21158769617983,0.367749161210153,-0.0018474048835575,2.42502279724322
"dat13_24","reg","O3",21,1.44451279194687,0.374946805435353,0.207328148888374,2.68169743500536
"dat13_24","reg","O3",22,1.77214947834267,0.369250737431702,0.553759735674786,2.99053922101055
"dat13_24","reg","O3",23,2.73989970780854,0.415556071090827,1.36871963098045,4.11107978463663
"dat13_24","reg","O3",24,3.25861699714738,0.44933783890743,1.77596968349475,4.74126431080001
"dat13_24","reg","O3",25,0.254725116487336,0.493263101477334,-1.3728591842419,1.88230941721657
"dat13_24","reg","O3",26,0.0464649390849649,0.451003272174504,-1.44167768332132,1.53460756149125
"dat13_24","reg","O3",27,-0.748199038381741,0.541077040182929,-2.53355150737692,1.03715343061344
"dat13_24","reg","O3",28,-0.84127908915355,0.546563653024908,-2.64473533461009,0.96217715630299
"dat13_24","reg","O3",29,-0.159976177710775,0.588262508751441,-2.10102309787137,1.78107074244982
"dat13_24","reg","O3",30,0.51870532983183,0.577914952403037,-1.38819851290592,2.42560917256957
"dat13_24","reg","O3",31,-0.137187893157786,0.488218739719814,-1.74812768109223,1.47375189477666
"dat13_24","reg","O3",32,-0.407478432347606,0.435649630055758,-1.84495976102111,1.0300028963259
"dat13_24","reg","O3",33,0.265956567147155,0.353522152134349,-0.900534709112071,1.43244784340638
"dat13_24","reg","O3",34,1.01805544183459,0.381345402383842,-0.240242185164653,2.27635306883383
"dat13_24","reg","O3",35,2.31344096494396,0.434630906136285,0.879321045330133,3.74756088455778
"dat13_24","reg","O3",36,4.38385420787915,0.720039180772943,2.00799340858959,6.7597150071687
"dat13_24","reg","O3",37,1.64078249267842,0.52886583541923,-0.104277554064087,3.38584253942093
"dat13_24","reg","O3",38,-0.228741973854853,0.515730037989022,-1.93045878731895,1.47297483960924
"dat13_24","reg","O3",39,-0.903952518637738,0.542186678021476,-2.69296637872441,0.885061341448939
"dat13_24","reg","O3",40,0.154651031033162,0.492620018777661,-1.47081133658791,1.78011339865424
"dat13_24","reg","O3",41,0.558623983767365,0.550557208526785,-1.25800950567819,2.37525747321292
"dat13_24","reg","O3",42,2.4731093665066,0.481327594877563,0.884907786894865,4.06131094611833
"dat13_24","reg","O3",43,-0.58790047332584,0.601726444797641,-2.57337336183717,1.39757241518549
"dat13_24","reg","O3",44,-0.411105322874251,0.481201171212509,-1.99888975153375,1.17667910578525
"dat13_24","reg","O3",45,1.14538164024402,0.446487819874696,-0.327861673351513,2.61862495383956
"dat13_24","reg","O3",46,0.872657289131217,0.444982257016316,-0.595618228444867,2.3409328067073
"dat13_24","reg","O3",47,1.6405235277525,0.411862690382668,0.28153023002711,2.99951682547789
"dat13_24","reg","O3",48,2.86917826645223,0.612982451136357,0.846564754304282,4.89179177860018
"dat13_24","reg","O3",49,1.4632365139013,0.542920197738508,-0.328197687727526,3.25467071553013
"dat13_24","reg","O3",50,0.366497821961263,0.624133623439695,-1.6929104005984,2.42590604452092
"dat13_24","reg","O3",51,-0.293916297429279,0.594210321813851,-2.25458878280052,1.66675618794196
"dat13_24","reg","O3",52,0.34197633741369,0.513686472616281,-1.35299747235071,2.03695014717808
"dat13_24","reg","O3",53,1.5238779409717,0.669534616758115,-0.685336629845634,3.73309251178903
"dat13_24","reg","O3",54,3.01832251978048,0.673193436838555,0.797035207044519,5.23960983251643
"dat13_24","reg","O3",55,1.78579149137524,0.571929193539371,-0.101361579157416,3.6729445619079
"dat13_24","reg","O3",56,0.880161395462896,0.581062630334856,-1.03712861070414,2.79745140162993
"dat13_24","reg","O3",57,1.38246904044144,0.490425064663219,-0.235750797084066,3.00068887796694
"dat13_24","reg","O3",58,1.47827143810552,0.481718297436409,-0.111219314260325,3.06776219047136
"dat13_24","reg","O3",59,2.3700167070438,0.530220856581737,0.620485595742347,4.11954781834526
"dat13_24","reg","O3",60,5.35885153184354,0.752587260568881,2.87559420616453,7.84210885752254
"dat13_24","reg","PM10",-48,2.72182651372154,0.61684034050635,0.737336572018683,4.7063164554244
"dat13_24","reg","PM10",-47,1.14116491084978,0.697785582538112,-1.10374090849959,3.38607073019915
"dat13_24","reg","PM10",-46,1.09522640693063,0.536776215550573,-0.631682374409807,2.82213518827106
"dat13_24","reg","PM10",-45,0.861986510275312,0.557112999861892,-0.930349483363304,2.65432250391393
"dat13_24","reg","PM10",-44,-0.636830331598596,0.711042809239826,-2.92438711152365,1.65072644832646
"dat13_24","reg","PM10",-43,-1.17009612641041,0.793713703201632,-3.72362052674776,1.38342827392695
"dat13_24","reg","PM10",-42,-0.899602426065016,0.999217550485387,-4.11427087152284,2.3150660193928
"dat13_24","reg","PM10",-41,0.195988521483331,1.23960822202918,-3.79206136229976,4.18403840526642
"dat13_24","reg","PM10",-40,1.49982016451201,0.92284879107349,-1.46915579788151,4.46879612690553
"dat13_24","reg","PM10",-39,0.420920948301239,0.594668284029771,-1.4922373696811,2.33407926628358
"dat13_24","reg","PM10",-38,-0.16912333643607,0.722846172880455,-2.49465372944204,2.1564070565699
"dat13_24","reg","PM10",-37,0.22136804348894,0.655426247180574,-1.88725992657897,2.32999601355685
"dat13_24","reg","PM10",-36,0.919500288334112,0.542575313063504,-0.826065266776856,2.66506584344508
"dat13_24","reg","PM10",-35,2.94221286943328,0.691403017205104,0.717840948199611,5.16658479066694
"dat13_24","reg","PM10",-34,3.23297072867751,0.714141577114558,0.935444636962582,5.53049682039243
"dat13_24","reg","PM10",-33,0.168887948958832,0.661101152369882,-1.95799724510816,2.29577314302583
"dat13_24","reg","PM10",-32,0.308472160265359,0.648337311057521,-1.77734938566041,2.39429370619112
"dat13_24","reg","PM10",-31,-3.46291951749862,0.855967494354963,-6.21672592642712,-0.709113108570119
"dat13_24","reg","PM10",-30,-3.44393571586053,1.07115406689229,-6.89003729543123,0.00216586371016181
"dat13_24","reg","PM10",-29,0.45214994985669,0.650242754258271,-1.63980176074551,2.54410166045889
"dat13_24","reg","PM10",-28,0.890877336401109,0.790257870729848,-1.65152900901974,3.43328368182196
"dat13_24","reg","PM10",-27,2.60409411013529,0.785978914603322,0.0754539613077188,5.13273425896286
"dat13_24","reg","PM10",-26,0.982641419074113,0.637221379811911,-1.06741811146293,3.03270094961115
"dat13_24","reg","PM10",-25,2.95858736861812,0.631816992776272,0.925914754936246,4.9912599823
"dat13_24","reg","PM10",-24,1.63791649490645,0.700055805551954,-0.614293053528957,3.89012604334185
"dat13_24","reg","PM10",-23,1.86548536213501,0.788335449078631,-0.670736195780828,4.40170692005085
"dat13_24","reg","PM10",-22,2.28784846701797,0.661071338163371,0.161059190790739,4.4146377432452
"dat13_24","reg","PM10",-21,-0.43714965982777,0.645098346911285,-2.51255085651946,1.63825153686392
"dat13_24","reg","PM10",-20,-2.06886382465565,0.781523608922429,-4.58317042761997,0.445442778308681
"dat13_24","reg","PM10",-19,-1.18175854906391,0.906037080328929,-4.09664811553849,1.73313101741067
"dat13_24","reg","PM10",-18,-0.158658639176797,0.831300572687598,-2.83310697969253,2.51578970133894
"dat13_24","reg","PM10",-17,-0.745631259206684,0.75039528546661,-3.159792264123,1.66852974570963
"dat13_24","reg","PM10",-16,1.54878940179796,0.783957169146974,-0.973346416395993,4.07092521999191
"dat13_24","reg","PM10",-15,-0.283587855162406,0.777183983808893,-2.78393307813413,2.21675736780932
"dat13_24","reg","PM10",-14,0.183661798538249,0.678867944292462,-2.00038246498543,2.36770606206193
"dat13_24","reg","PM10",-13,0.328924515961697,0.589445648756803,-1.5674316143429,2.22528064626629
"dat13_24","reg","PM10",-12,2.64204935931952,0.672324408448836,0.479056865941393,4.80504185269764
"dat13_24","reg","PM10",-11,0.589397988211755,0.553025820963711,-1.18978879179612,2.36858476821963
"dat13_24","reg","PM10",-10,0.421975878143969,0.665394710968289,-1.71872249138048,2.56267424766842
"dat13_24","reg","PM10",-9,1.49594987341756,0.672788263479206,-0.668534927745458,3.66043467458059
"dat13_24","reg","PM10",-8,-1.38307174597476,0.654857601213423,-3.48987027635124,0.723726784401711
"dat13_24","reg","PM10",-7,0.238725790782452,0.868239128345573,-2.55456074391512,3.03201232548002
"dat13_24","reg","PM10",-6,0.132719854723269,0.73577872996797,-2.23441697640834,2.49985668585488
"dat13_24","reg","PM10",-5,0.472535623213039,0.786122050608767,-2.05656502072882,3.0016362671549
"dat13_24","reg","PM10",-4,1.91835092922599,0.689751566283821,-0.300707967668489,4.13740982612047
"dat13_24","reg","PM10",-3,-0.574671092762384,0.532398877130075,-2.2874971633972,1.13815497787243
"dat13_24","reg","PM10",-2,-0.46250533153997,0.27966235987174,-1.36223108518114,0.437220422101205
"dat13_24","reg","PM10",-1,0,NA,NA,NA
"dat13_24","reg","PM10",0,-0.813618707426013,0.332486629363764,-1.88328994712063,0.256052532268604
"dat13_24","reg","PM10",1,0.732582285282345,0.370842631724656,-0.460487337901003,1.92565190846569
"dat13_24","reg","PM10",2,1.0801362218244,0.462092903172276,-0.406502472598374,2.56677491624716
"dat13_24","reg","PM10",3,1.39021672541522,0.484143091990318,-0.167361521835975,2.94779497266641
"dat13_24","reg","PM10",4,2.48636570805289,0.684696249440573,0.283570704371544,4.68916071173424
"dat13_24","reg","PM10",5,2.43414215582175,0.566162926793851,0.612690866392201,4.25559344525129
"dat13_24","reg","PM10",6,4.15381510903758,0.741068394077202,1.76966044601265,6.53796977206251
"dat13_24","reg","PM10",7,2.56245934821513,0.578456433427096,0.70145756466274,4.42346113176752
"dat13_24","reg","PM10",8,2.78314133827495,0.884537149651356,-0.0625789580090164,5.62886163455892
"dat13_24","reg","PM10",9,1.6257282440002,0.50939252237332,-0.0130821103918153,3.26453859839221
"dat13_24","reg","PM10",10,1.59486857847693,0.664445128187696,-0.542774806875516,3.73251196382938
"dat13_24","reg","PM10",11,0.851384394836128,0.568685731829171,-0.978183226954819,2.68095201662708
"dat13_24","reg","PM10",12,1.8628049368108,0.609048337550796,-0.0966166841685414,3.82222655779015
"dat13_24","reg","PM10",13,1.80407204934409,0.538620849321427,0.0712287385573862,3.5369153601308
"dat13_24","reg","PM10",14,2.26317868385478,0.585452064667894,0.379670655296051,4.1466867124135
"dat13_24","reg","PM10",15,3.31743170583546,0.785917626494157,0.788988732238176,5.84587467943275
"dat13_24","reg","PM10",16,3.35084460681862,0.734932429876301,0.986430480265967,5.71525873337128
"dat13_24","reg","PM10",17,3.38881229417188,0.710955029509222,1.10153791794358,5.67608667040018
"dat13_24","reg","PM10",18,4.77401017742126,0.841842826353022,2.0656454488419,7.48237490600062
"dat13_24","reg","PM10",19,3.69413599381057,0.735104345623396,1.32916878236945,6.05910320525169
"dat13_24","reg","PM10",20,4.54594796792043,0.862960060976501,1.76964517343495,7.32225076240591
"dat13_24","reg","PM10",21,3.23739338481717,0.803554035593212,0.652210807522587,5.82257596211175
"dat13_24","reg","PM10",22,2.6053858729851,0.814097738775714,-0.0137177557387673,5.22448950170897
"dat13_24","reg","PM10",23,2.28494965032712,0.694295655005612,0.051271576037081,4.51862772461716
"dat13_24","reg","PM10",24,2.76092696042964,0.766366942348224,0.295382168895419,5.22647175196386
"dat13_24","reg","PM10",25,2.31502996082262,0.613177242748224,0.342324884957987,4.28773503668725
"dat13_24","reg","PM10",26,2.02486906292516,0.812326967055866,-0.588537664288983,4.6382757901393
"dat13_24","reg","PM10",27,3.20216445699539,0.688840720746303,0.986035919367236,5.41829299462354
"dat13_24","reg","PM10",28,4.2717039021167,0.766333287676379,1.80626738391251,6.73714042032088
"dat13_24","reg","PM10",29,4.23428682779924,0.782519068164627,1.71677764756524,6.75179600803323
"dat13_24","reg","PM10",30,2.6284414996563,0.759857758185131,0.183837962531193,5.0730450367814
"dat13_24","reg","PM10",31,5.06708534839503,0.832716417521992,2.38808197208095,7.7460887247091
"dat13_24","reg","PM10",32,5.79730089217298,1.042513602201,2.44334100693263,9.15126077741333
"dat13_24","reg","PM10",33,4.64347741093725,0.755861474880609,2.21173065943598,7.07522416243853
"dat13_24","reg","PM10",34,6.35687221033647,1.0777817613008,2.88944810688612,9.82429631378682
"dat13_24","reg","PM10",35,2.8529202545267,0.780832933645556,0.340835682207791,5.36500482684561
"dat13_24","reg","PM10",36,5.12672936414189,0.763032018458502,2.67191364215922,7.58154508612455
"dat13_24","reg","PM10",37,2.93483130677427,0.665819472697125,0.792766399876789,5.07689621367176
"dat13_24","reg","PM10",38,3.26543886728096,0.738555574461565,0.889368411667713,5.64150932289421
"dat13_24","reg","PM10",39,2.74562947205405,0.880868020678077,-0.0882865548523593,5.57954549896046
"dat13_24","reg","PM10",40,5.45066511693144,0.914698871121516,2.50790896071516,8.39342127314772
"dat13_24","reg","PM10",41,3.79063649304222,0.869097520988238,0.994588349783193,6.58668463630126
"dat13_24","reg","PM10",42,4.53364202964297,0.895554358619753,1.65247732587185,7.41480673341409
"dat13_24","reg","PM10",43,3.25703631013362,0.886262909367651,0.405763924315471,6.10830869595176
"dat13_24","reg","PM10",44,2.4507780141339,0.80200351865175,-0.129416262181134,5.03097229044893
"dat13_24","reg","PM10",45,4.49578306743888,0.777937458625223,1.99301377603949,6.99855235883828
"dat13_24","reg","PM10",46,2.35726053419945,0.704815534340495,0.0897380542227344,4.62478301417616
"dat13_24","reg","PM10",47,1.27645920227479,0.680389320727981,-0.912479611808533,3.46539801635811
"dat13_24","reg","PM10",48,2.10414589665687,0.732047132597051,-0.250985692659654,4.4592774859734
"dat13_24","reg","PM10",49,3.04716874715557,0.684283330932645,0.845702179005936,5.2486353153052
"dat13_24","reg","PM10",50,5.67094194014835,0.898103244220002,2.78157699799448,8.56030688230222
"dat13_24","reg","PM10",51,3.63623954694891,0.812082110284736,1.02362056944495,6.24885852445286
"dat13_24","reg","PM10",52,6.29836153644919,1.1939246835557,2.45728408077868,10.1394389921197
"dat13_24","reg","PM10",53,4.54764805968601,0.895502385205174,1.66665056404266,7.42864555532937
"dat13_24","reg","PM10",54,6.81037799732928,0.986287732845787,3.63730717668435,9.98344881797422
"dat13_24","reg","PM10",55,4.39400882472847,0.912095250900189,1.45962899833685,7.32838865112009
"dat13_24","reg","PM10",56,5.4361916489471,0.900206173659698,2.54006119220681,8.33232210568738
"dat13_24","reg","PM10",57,2.76273138395966,0.923020163087383,-0.206795914031627,5.73225868195095
"dat13_24","reg","PM10",58,3.92702931615819,0.861087603739716,1.15675056437657,6.69730806793982
"dat13_24","reg","PM10",59,3.26559733149854,0.724447753419636,0.934914356435072,5.59628030656201
"dat13_24","reg","PM10",60,4.7438943660024,0.940226450542041,1.71901124553072,7.76877748647408
"dat13_24","dr","NO2",-48,-0.387179758086918,16.3953997083011,-47.8095437739596,47.0351842577858
"dat13_24","dr","NO2",-47,-0.896146254818942,22.0415172488498,-64.6494473657319,62.857154856094
"dat13_24","dr","NO2",-46,0.688348784632012,20.2438478567136,-57.8653393976059,59.2420369668699
"dat13_24","dr","NO2",-45,-0.31364079130196,16.2314903524902,-47.2619102882753,46.6346287056714
"dat13_24","dr","NO2",-44,-0.19791195791243,21.0908732300706,-61.2015523401983,60.8057284243734
"dat13_24","dr","NO2",-43,-0.819388043784135,14.9924791108839,-44.1839180062181,42.5451419186498
"dat13_24","dr","NO2",-42,-1.54335170224903,4.99925873707869,-16.0033021674545,12.9165987629564
"dat13_24","dr","NO2",-41,-0.825327322830041,6.76346625381161,-20.3881049558104,18.7374503101503
"dat13_24","dr","NO2",-40,0.335655568866144,10.4756029311628,-29.9641763550745,30.6354874928067
"dat13_24","dr","NO2",-39,-1.18572890062792,35.816666225403,-104.782531283927,102.411073482672
"dat13_24","dr","NO2",-38,-0.500947066193052,8.21819304037696,-24.2714039533251,23.269509820939
"dat13_24","dr","NO2",-37,0.216963331054216,20.5834339906358,-59.3189502036676,59.752876865776
"dat13_24","dr","NO2",-36,-0.606231694724251,10.4820623781714,-30.9247470452865,29.712283655838
"dat13_24","dr","NO2",-35,-1.84684358660681,11.1186994686946,-34.0067800912695,30.3130929180558
"dat13_24","dr","NO2",-34,-0.355907251740205,18.9059270650894,-55.0397680474165,54.3279535439361
"dat13_24","dr","NO2",-33,0.797445827803255,20.3916865279696,-58.1838537215657,59.7787453771722
"dat13_24","dr","NO2",-32,-0.543987690811392,7.20083374254222,-21.3718153151494,20.2838399335266
"dat13_24","dr","NO2",-31,-0.325502645530436,17.3708188513268,-50.5691874276907,49.9181821366298
"dat13_24","dr","NO2",-30,-2.69765195105379,2.94620884373161,-11.2193220987773,5.82401819666972
"dat13_24","dr","NO2",-29,0.0512036560248418,15.9684167418987,-46.1361467571567,46.2385540692064
"dat13_24","dr","NO2",-28,-1.05377557031467,7.98042009208195,-24.1364934875048,22.0289423468754
"dat13_24","dr","NO2",-27,0.879285454500509,6.95887489087955,-19.2486958138746,21.0072667228756
"dat13_24","dr","NO2",-26,-0.039158517738726,20.8569458575799,-60.3661829462266,60.2878659107491
"dat13_24","dr","NO2",-25,-0.536122734301418,8.66122752021252,-25.5880209249783,24.5157754563755
"dat13_24","dr","NO2",-24,-0.465474802567244,23.5618105037715,-68.6161008600181,67.6851512548836
"dat13_24","dr","NO2",-23,-1.04543818666711,20.2488486506105,-59.6135907596955,57.5227143863612
"dat13_24","dr","NO2",-22,-0.590373780662457,25.4272869010931,-74.1367390302486,72.9559914689236
"dat13_24","dr","NO2",-21,-0.117451615396602,15.1017633653226,-43.7980774210184,43.5631741902252
"dat13_24","dr","NO2",-20,-1.16457076298948,15.575599642569,-46.215729573191,43.8865880472121
"dat13_24","dr","NO2",-19,-1.0333444338247,14.898393255806,-44.1257386906566,42.0590498230072
"dat13_24","dr","NO2",-18,-0.827341727243275,11.8121763453045,-34.9931038576473,33.3384204031607
"dat13_24","dr","NO2",-17,-0.159572256343106,9.19977614985618,-26.7691786828418,26.4500341701556
"dat13_24","dr","NO2",-16,-0.936874434822273,21.485317032764,-63.0814115276445,61.207662658
"dat13_24","dr","NO2",-15,0.208047354335288,13.0558111739568,-37.5548276611733,37.9709223698438
"dat13_24","dr","NO2",-14,-0.0432490938177036,5.23227360810643,-15.1771761763419,15.0906779887065
"dat13_24","dr","NO2",-13,-0.722177252950812,12.0413769463588,-35.5508835341064,34.1065290282048
"dat13_24","dr","NO2",-12,0.602396001727731,6.50837201512957,-18.2225422335948,19.4273342370503
"dat13_24","dr","NO2",-11,0.119467857794108,8.7183321875163,-25.0976009519629,25.3365366675511
"dat13_24","dr","NO2",-10,0.074852592131064,8.27025879077645,-23.8462002555834,23.9959054398455
"dat13_24","dr","NO2",-9,1.01380140291157,16.3145052279725,-46.1745818890222,48.2021846948454
"dat13_24","dr","NO2",-8,-0.817743908368821,8.45272406594982,-25.2665627668837,23.631074950146
"dat13_24","dr","NO2",-7,-2.29845085938766,14.4435151076322,-44.0751469625084,39.4782452437331
"dat13_24","dr","NO2",-6,0.233236182315419,7.22897447283004,-20.6759862222124,21.1424585868432
"dat13_24","dr","NO2",-5,-0.677089050809228,15.8938901191536,-46.6488772516889,45.2946991500705
"dat13_24","dr","NO2",-4,0.062111109757574,7.72673744019807,-22.286850310111,22.4110725296261
"dat13_24","dr","NO2",-3,0.2213710051856,6.98743087105029,-19.9892061199896,20.4319481303608
"dat13_24","dr","NO2",-2,0.725422394724197,2.33231555851447,-6.02061121126085,7.47145600070924
"dat13_24","dr","NO2",-1,0,NA,NA,NA
"dat13_24","dr","NO2",0,-0.595190749330751,1.47859368027459,-4.87190305796992,3.68152155930842
"dat13_24","dr","NO2",1,-0.362569614012368,1.76209563260718,-5.45928832822395,4.73414910019921
"dat13_24","dr","NO2",2,-0.0151307387756931,2.98307248615254,-8.64342598261996,8.61316450506857
"dat13_24","dr","NO2",3,0.081868880467201,9.23084798578882,-26.6176103115911,26.7813480725255
"dat13_24","dr","NO2",4,0.372876022543372,10.9059558345213,-31.1717167734374,31.9174688185241
"dat13_24","dr","NO2",5,0.193070232217386,8.04564793195157,-23.0783139219233,23.4644543863581
"dat13_24","dr","NO2",6,0.480704734788872,10.7761087863768,-30.6883160048195,31.6497254743972
"dat13_24","dr","NO2",7,-0.538066588860241,14.2506895192354,-41.7570303153865,40.680897137666
"dat13_24","dr","NO2",8,-0.681041051693206,3.85516091218465,-11.8317813428751,10.4696992394887
"dat13_24","dr","NO2",9,-0.121359726492928,4.67468609998884,-13.6425101612317,13.3997907082459
"dat13_24","dr","NO2",10,-0.632028866906711,10.5304681492746,-31.0905539847552,29.8264962509418
"dat13_24","dr","NO2",11,-1.04058265855226,11.4818572204951,-34.2509235087917,32.1697581916872
"dat13_24","dr","NO2",12,-1.46908572209125,16.2116329217255,-48.359919210983,45.4217477668005
"dat13_24","dr","NO2",13,-0.968616701450941,7.60199295577094,-22.9567648166899,21.019531413788
"dat13_24","dr","NO2",14,0.547727196761972,1.36737378329227,-3.40729057960953,4.50274497313348
"dat13_24","dr","NO2",15,0.0761949556995237,2.17379501662266,-6.21133083862292,6.36372075002197
"dat13_24","dr","NO2",16,0.0601604179773098,4.07159045437292,-11.7165847718984,11.8369056078531
"dat13_24","dr","NO2",17,-0.635533827933629,3.7377054017602,-11.4465435806646,10.1754759247974
"dat13_24","dr","NO2",18,1.41451406026423,17.0153853668728,-47.8011081931935,50.630136313722
"dat13_24","dr","NO2",19,0.6965456163119,13.9380712732902,-39.618195186652,41.0112864192758
"dat13_24","dr","NO2",20,0.161379918892046,13.1900298665103,-37.9897117799086,38.3124716176926
"dat13_24","dr","NO2",21,-1.26775959546761,7.24573141475796,-22.2254500955611,19.6899309046258
"dat13_24","dr","NO2",22,-1.60167783290544,14.6252830073546,-43.9041228448908,40.70076717908
"dat13_24","dr","NO2",23,-2.32472344888802,7.34109765048516,-23.558253051775,18.9088061539989
"dat13_24","dr","NO2",24,-2.99637317300405,4.19341311278938,-15.1254805227289,9.13273417672083
"dat13_24","dr","NO2",25,-2.73525342919966,6.47344193695861,-21.4591592461855,15.9886523877862
"dat13_24","dr","NO2",26,-1.18733673217809,10.4735147175852,-31.481128667696,29.1064552033398
"dat13_24","dr","NO2",27,0.65040388212033,8.71754755359252,-24.5643954376446,25.8652032018853
"dat13_24","dr","NO2",28,0.367064160285304,9.43374815905844,-26.9192873280796,27.6534156486502
"dat13_24","dr","NO2",29,0.204870567783133,11.0158789047563,-31.6576657942691,32.0674069298354
"dat13_24","dr","NO2",30,-0.342700229008819,13.8195822492184,-40.3147211391131,39.6293206810954
"dat13_24","dr","NO2",31,-0.0834756871022062,8.66590331735114,-25.148898241803,24.9819468675986
"dat13_24","dr","NO2",32,1.65085854939356,7.63316080973296,-20.427440055768,23.7291571545551
"dat13_24","dr","NO2",33,-0.450845677918932,5.23087904948194,-15.5807391127182,14.6790477568804
"dat13_24","dr","NO2",34,-1.36341463148575,3.52985173889176,-11.5732245209655,8.84639525799403
"dat13_24","dr","NO2",35,-2.40129034449221,3.34941739071111,-12.0892085147932,7.28662782580874
"dat13_24","dr","NO2",36,-1.00847018250863,21.0592271252285,-61.9205767729865,59.9036364079693
"dat13_24","dr","NO2",37,-1.00706875119285,15.210156294587,-45.0012123142206,42.9870748118349
"dat13_24","dr","NO2",38,-0.70976882511202,12.3946783136121,-36.5603706588786,35.1408330086546
"dat13_24","dr","NO2",39,0.101299389473306,9.97137246394123,-28.7400868003038,28.9426855792504
"dat13_24","dr","NO2",40,0.858260095843428,8.54319593087853,-23.8522412948558,25.5687614865427
"dat13_24","dr","NO2",41,0.241067216372749,12.1032368744511,-34.7665638900499,35.2486983227954
"dat13_24","dr","NO2",42,-0.358947470010128,12.8690830173853,-37.5817264359868,36.8638314959666
"dat13_24","dr","NO2",43,-0.686026379455078,7.23855859475005,-21.6229700793797,20.2509173204696
"dat13_24","dr","NO2",44,-0.378536292914245,13.6111190363891,-39.7475942659391,38.9905216801106
"dat13_24","dr","NO2",45,-1.14133106453203,15.3045082315457,-45.4083799534235,43.1257178243594
"dat13_24","dr","NO2",46,-2.4448580774381,16.2482147193009,-49.4415014490922,44.551785294216
"dat13_24","dr","NO2",47,-1.54480565291319,10.2725402127532,-31.2572951319119,28.1676838260855
"dat13_24","dr","NO2",48,-0.880773119575457,9.81591777411427,-29.2725192261519,27.510972987001
"dat13_24","dr","NO2",49,-1.78710238536641,14.0575910120326,-42.4475443397851,38.8733395690523
"dat13_24","dr","NO2",50,0.663293848833666,11.1499979486779,-31.5871709709244,32.9137586685917
"dat13_24","dr","NO2",51,0.521406921680304,9.12055408119297,-25.8590560959917,26.9018699393523
"dat13_24","dr","NO2",52,0.0697023421448934,9.06400483969892,-26.1471965805575,26.2866012648473
"dat13_24","dr","NO2",53,0.767297417776252,7.9611732682295,-22.2597506223069,23.7943454578594
"dat13_24","dr","NO2",54,0.885239926067667,8.37954078203957,-23.3519022187827,25.122382070918
"dat13_24","dr","NO2",55,-0.346560053483825,9.99251526177576,-29.2491000713506,28.555979964383
"dat13_24","dr","NO2",56,0.272725747824418,7.70033570452024,-21.9998707927341,22.5453222883829
"dat13_24","dr","NO2",57,-0.8593660441483,13.4009506052024,-39.6205288742851,37.9017967859885
"dat13_24","dr","NO2",58,-0.838328307558204,17.4116773500678,-51.2001929837686,49.5235363686522
"dat13_24","dr","NO2",59,-1.88660797860649,18.3186276893686,-54.8717529590395,51.0985370018265
"dat13_24","dr","NO2",60,-3.44411308709505,20.3954282311312,-62.4362352094128,55.5480090352227
"dat13_24","dr","CO",-48,-37.4285496682976,589.849938197023,-1752.31223080461,1677.45513146801
"dat13_24","dr","CO",-47,-53.3008103503616,1047.43983640797,-3098.54565333299,2991.94403263226
"dat13_24","dr","CO",-46,-31.1260041910019,810.095392193967,-2386.33413133524,2324.08212295323
"dat13_24","dr","CO",-45,-19.3835024450173,200.82921099393,-603.258678700328,564.491673810293
"dat13_24","dr","CO",-44,-15.5328299569714,475.912696354922,-1399.16426530015,1368.09860538621
"dat13_24","dr","CO",-43,-38.9335083959831,435.858589142382,-1306.11475806783,1228.24774127587
"dat13_24","dr","CO",-42,-50.4030945591179,335.973798773295,-1027.18709926177,926.380910143531
"dat13_24","dr","CO",-41,-46.6905026226014,288.326445222798,-884.948309792978,791.567304547775
"dat13_24","dr","CO",-40,-22.6167133603263,290.082685467105,-865.980476368084,820.747049647432
"dat13_24","dr","CO",-39,-34.9769206039508,40.2970147122344,-152.133316584513,82.1794753766112
"dat13_24","dr","CO",-38,-46.1237989702016,831.700001003766,-2464.14347984369,2371.89588190328
"dat13_24","dr","CO",-37,-21.151879642729,190.760070211487,-575.752821736626,533.449062451168
"dat13_24","dr","CO",-36,-17.5447093296856,89.3565529259376,-277.332978331926,242.243559672555
"dat13_24","dr","CO",-35,4.99443757727481,242.955591591135,-701.355690277258,711.344565431807
"dat13_24","dr","CO",-34,-19.5673291371888,65.2604249913238,-209.300396133391,170.165737859013
"dat13_24","dr","CO",-33,31.6981535063381,234.636651581564,-650.466137336205,713.862444348882
"dat13_24","dr","CO",-32,12.3559212166711,626.74657053667,-1809.79814954035,1834.50999197369
"dat13_24","dr","CO",-31,-4.0963261241704,447.243347935831,-1304.37673509785,1296.18408284951
"dat13_24","dr","CO",-30,-52.5630336644568,388.326021434326,-1181.55180520499,1076.42573787607
"dat13_24","dr","CO",-29,-9.00515310263104,240.400997117729,-707.928252333992,689.91794612873
"dat13_24","dr","CO",-28,3.56044533845871,509.154348188452,-1476.71517451983,1483.83606519674
"dat13_24","dr","CO",-27,-0.488606315651666,313.211596622356,-911.095560742281,910.118348110977
"dat13_24","dr","CO",-26,-9.89609960592817,565.055526488826,-1652.69444298374,1632.90224377188
"dat13_24","dr","CO",-25,-8.80240665821827,69.3700239758973,-210.483401047956,192.878587731519
"dat13_24","dr","CO",-24,-13.9267397383999,202.076220067162,-601.42737286237,573.57389338557
"dat13_24","dr","CO",-23,-2.51781832589242,506.253177876645,-1474.35880201363,1469.32316536184
"dat13_24","dr","CO",-22,9.56610181561199,241.015523113015,-691.143622339661,710.275825970885
"dat13_24","dr","CO",-21,14.2403886550163,173.707395022997,-490.782936308247,519.263713618279
"dat13_24","dr","CO",-20,-2.01738283613376,131.227166420617,-383.537006122601,379.502240450334
"dat13_24","dr","CO",-19,-14.7532165402108,124.004204093238,-375.273362802834,345.766929722413
"dat13_24","dr","CO",-18,5.22735149622902,196.338530041775,-565.591969390885,576.046672383343
"dat13_24","dr","CO",-17,9.18814137157098,141.833626023122,-403.167874883869,421.544157627011
"dat13_24","dr","CO",-16,-1.46707526166352,44.7747205843714,-131.641603875294,128.707453351967
"dat13_24","dr","CO",-15,0.535084234427944,179.022028726974,-519.939592030194,521.00976049905
"dat13_24","dr","CO",-14,-10.9321787096766,179.916573308454,-534.007584084347,512.143226664994
"dat13_24","dr","CO",-13,-19.9981564939077,223.287865287221,-669.167871671393,629.171558683577
"dat13_24","dr","CO",-12,-14.5409638428881,159.332905834037,-477.773020657229,448.691092971452
"dat13_24","dr","CO",-11,4.22676609023569,126.834309187362,-364.521406874652,372.974939055123
"dat13_24","dr","CO",-10,10.3407438506702,29.63084500007,-75.8056626475985,96.4871503489388
"dat13_24","dr","CO",-9,23.2728761326354,206.54042122988,-577.206627086083,623.752379351354
"dat13_24","dr","CO",-8,11.3027072454355,264.26520969434,-757.001341377716,779.606755868587
"dat13_24","dr","CO",-7,-43.1377226877755,150.947780553405,-481.991520597838,395.716075222287
"dat13_24","dr","CO",-6,20.15311636877,49.4447234747014,-123.598614222648,163.904846960188
"dat13_24","dr","CO",-5,5.88100322976506,191.9768036901,-552.257374831563,564.019381291094
"dat13_24","dr","CO",-4,5.89955945730971,90.5920699703185,-257.480755385693,269.279874300313
"dat13_24","dr","CO",-3,-7.0075156660507,88.1888454728294,-263.400883141647,249.385851809545
"dat13_24","dr","CO",-2,-4.37934653446497,35.3652927518953,-107.197638936449,98.4389458675186
"dat13_24","dr","CO",-1,0,NA,NA,NA
"dat13_24","dr","CO",0,0.905823749981114,38.4881442062963,-110.991603277556,112.803250777518
"dat13_24","dr","CO",1,-1.28714038100721,146.218699351706,-426.391976641007,423.817695878993
"dat13_24","dr","CO",2,0.0148755545755199,177.008208569232,-514.604977132696,514.634728241847
"dat13_24","dr","CO",3,15.8116046229126,191.04839758254,-539.62759796984,571.250807215665
"dat13_24","dr","CO",4,30.9795922820114,69.2848580671822,-170.453797390684,232.412981954706
"dat13_24","dr","CO",5,27.7329426925696,102.613341767563,-270.597079688951,326.062965074091
"dat13_24","dr","CO",6,44.6815304545565,108.54059382981,-270.880922037236,360.243982946349
"dat13_24","dr","CO",7,23.5209704913504,86.0266245365303,-226.586124563832,273.628065546533
"dat13_24","dr","CO",8,23.1763932426718,112.405588150027,-303.622842129331,349.975628614675
"dat13_24","dr","CO",9,15.3401318641271,122.022542754791,-339.418686862838,370.098950591092
"dat13_24","dr","CO",10,10.7690366975732,162.443058080363,-461.505234055752,483.043307450898
"dat13_24","dr","CO",11,2.06879356399123,128.342498146921,-371.064170289786,375.201757417769
"dat13_24","dr","CO",12,4.53137071111905,197.598564832718,-569.95127699986,579.014018422098
"dat13_24","dr","CO",13,-9.47644782347869,57.4512226660886,-176.505649373543,157.552753726586
"dat13_24","dr","CO",14,18.9246131909618,138.3076556221,-383.18027187107,421.029498252993
"dat13_24","dr","CO",15,16.5164388990272,164.659196622144,-462.200860113406,495.23373791146
"dat13_24","dr","CO",16,19.3439012633971,187.176280928713,-524.837811532204,563.525614058999
"dat13_24","dr","CO",17,23.8819082933581,185.915439125065,-516.634131432614,564.39794801933
"dat13_24","dr","CO",18,82.6574156109771,442.997190072209,-1205.27804534065,1370.5928765626
"dat13_24","dr","CO",19,46.4629125456735,446.757254564506,-1252.40426649271,1345.33009158406
"dat13_24","dr","CO",20,45.9876043232517,482.31958251756,-1356.27071188524,1448.24592053175
"dat13_24","dr","CO",21,44.0261202279325,355.571724205468,-989.735363544204,1077.78760400007
"dat13_24","dr","CO",22,15.4946347019764,167.604940722284,-471.786890834876,502.776160238829
"dat13_24","dr","CO",23,1.64371288425676,102.872465111266,-297.439664485951,300.727090254465
"dat13_24","dr","CO",24,-1.12721008032334,179.516510128349,-523.039502984248,520.785082823601
"dat13_24","dr","CO",25,-10.4466563421126,168.433804127856,-500.137954663635,479.24464197941
"dat13_24","dr","CO",26,6.95906288816191,261.279243229159,-752.66381984522,766.581945621544
"dat13_24","dr","CO",27,27.6492580412539,341.513318973992,-965.239915414208,1020.53843149672
"dat13_24","dr","CO",28,33.0089587565757,345.115574515397,-970.353131356504,1036.37104886966
"dat13_24","dr","CO",29,48.6893142184854,343.936911272713,-951.246022360276,1048.62465079725
"dat13_24","dr","CO",30,46.6850065333532,383.445021890557,-1068.11312782439,1161.4831408911
"dat13_24","dr","CO",31,55.2467712403961,309.186083968,-843.656721827462,954.150264308254
"dat13_24","dr","CO",32,47.7213092893902,383.523159753312,-1067.30399699301,1162.74661557179
"dat13_24","dr","CO",33,18.7324871857151,336.512539065861,-959.617809002723,997.082783374153
"dat13_24","dr","CO",34,-0.16796433266209,174.771553200181,-508.285139738259,507.949211072935
"dat13_24","dr","CO",35,-9.84294504789115,217.059942977579,-640.906084900751,621.220194804968
"dat13_24","dr","CO",36,-3.17562017677313,264.985996155673,-773.575227110741,767.223986757194
"dat13_24","dr","CO",37,-7.03890013327979,209.118795778637,-615.014568310556,600.936768043997
"dat13_24","dr","CO",38,21.2205464782273,295.754064511355,-838.631741394432,881.072834350887
"dat13_24","dr","CO",39,21.31893295093,336.636796148424,-957.3926185829,1000.03048448476
"dat13_24","dr","CO",40,41.3671823114298,349.272399304631,-974.080135814371,1056.81450043723
"dat13_24","dr","CO",41,47.8292311745155,293.723311496035,-806.119003852033,901.777466201064
"dat13_24","dr","CO",42,27.3602220951567,334.113194132463,-944.014405867769,998.734850058083
"dat13_24","dr","CO",43,-3.72962440638817,338.73756531122,-988.548788269764,981.089539456988
"dat13_24","dr","CO",44,17.6778655282226,346.603786615565,-990.010936311654,1025.3666673681
"dat13_24","dr","CO",45,29.5712395467158,367.509949687534,-1038.89850938774,1098.04098848117
"dat13_24","dr","CO",46,5.97441170262271,218.554217445899,-629.433065133118,641.381888538364
"dat13_24","dr","CO",47,0.245724138390514,221.330517717956,-643.23335145862,643.724799735401
"dat13_24","dr","CO",48,7.62514402801659,249.19769190368,-716.872779170395,732.123067226428
"dat13_24","dr","CO",49,-0.953728391805394,218.78167978308,-637.022511476551,635.11505469294
"dat13_24","dr","CO",50,26.8091367717208,315.116081108859,-889.334767233753,942.953040777194
"dat13_24","dr","CO",51,35.4763761970278,276.557376928922,-768.564960219722,839.517712613777
"dat13_24","dr","CO",52,28.91350665312,309.043659173154,-869.575911680377,927.402924986617
"dat13_24","dr","CO",53,24.8788317330216,349.571392248323,-991.437755145234,1041.19541861128
"dat13_24","dr","CO",54,49.5052604919121,370.145777186736,-1026.62768762586,1125.63820860969
"dat13_24","dr","CO",55,34.9638695140751,315.306643180928,-881.734059789142,951.661798817292
"dat13_24","dr","CO",56,29.5003730349488,369.483671303322,-1044.70762010509,1103.70836617498
"dat13_24","dr","CO",57,12.4253233006503,304.939799336051,-874.132853188812,898.983499790113
"dat13_24","dr","CO",58,18.3969415029562,170.019411662015,-475.904228429857,512.69811143577
"dat13_24","dr","CO",59,24.5471419657032,140.731061859288,-384.603365278845,433.697649210252
"dat13_24","dr","CO",60,21.6232829058183,161.264886758942,-447.22566448668,490.472230298317
"dat13_24","dr","SO2",-48,0.0614654966794913,1.27345117607495,-3.64674166166161,3.76967265502059
"dat13_24","dr","SO2",-47,-0.0613375425745842,3.68581491764403,-10.7941913171928,10.6715162320436
"dat13_24","dr","SO2",-46,0.0116701865976686,2.53861511759846,-7.3806122410386,7.40395261423393
"dat13_24","dr","SO2",-45,-0.153633544082292,1.31895580156561,-3.99434721790852,3.68708012974393
"dat13_24","dr","SO2",-44,-0.863857220928109,2.5745743164869,-8.36085050142745,6.63313605957123
"dat13_24","dr","SO2",-43,-0.610993967671809,5.78244527086336,-17.4490992276015,16.2271112922579
"dat13_24","dr","SO2",-42,-0.665842558477924,3.73528729822773,-11.5427566938444,10.2110715768886
"dat13_24","dr","SO2",-41,-0.376673051973027,1.95286821568884,-6.06329852514937,5.30995242120331
"dat13_24","dr","SO2",-40,0.00710230097447803,0.392333680961854,-1.13534790955125,1.14955251150021
"dat13_24","dr","SO2",-39,-0.0522263036362951,1.84517462099143,-5.42525502000937,5.32080241273678
"dat13_24","dr","SO2",-38,-0.175981832446989,2.2579203887866,-6.7508994311489,6.39893576625492
"dat13_24","dr","SO2",-37,-0.0592003418225341,2.49999970648433,-7.33903719902314,7.22063651537807
"dat13_24","dr","SO2",-36,-0.34328370166955,1.32520723842597,-4.20220115381962,3.51563375048052
"dat13_24","dr","SO2",-35,-0.161970274067233,1.49334027015867,-4.51048020022674,4.18653965209227
"dat13_24","dr","SO2",-34,-0.282864785352994,2.94017544258663,-8.84446481196979,8.2787352412638
"dat13_24","dr","SO2",-33,0.0794973498000758,2.76973519132526,-7.98579172931348,8.14478642891363
"dat13_24","dr","SO2",-32,0.0456838290522844,12.0948194203282,-35.1736451848339,35.2650128429385
"dat13_24","dr","SO2",-31,-0.202446564012548,10.5465018687852,-30.9131753772116,30.5082822491865
"dat13_24","dr","SO2",-30,-0.915935647059952,4.65824184339967,-14.480433504151,12.6485622100311
"dat13_24","dr","SO2",-29,-0.140054894650192,4.30168010015799,-12.6662681017127,12.3861583124124
"dat13_24","dr","SO2",-28,0.134472497026386,2.32551108323804,-6.63726481625192,6.90620981030469
"dat13_24","dr","SO2",-27,0.277972116253036,1.73173490389853,-4.764727507912,5.32067174041807
"dat13_24","dr","SO2",-26,-0.013067208357032,2.06962919540209,-6.03969307489129,6.01355865817723
"dat13_24","dr","SO2",-25,-0.137532695268816,1.68547691027088,-5.04553204483893,4.7704666543013
"dat13_24","dr","SO2",-24,-0.0516666833039981,3.32508458037433,-9.73409713268939,9.6307637660814
"dat13_24","dr","SO2",-23,-0.915911931391055,3.20384758623137,-10.2453081239608,8.41348426117866
"dat13_24","dr","SO2",-22,-0.0574923381364809,1.2023729493367,-3.55872431427597,3.44373963800301
"dat13_24","dr","SO2",-21,-0.204347305019403,4.35236394472388,-12.8781485773039,12.4694539672651
"dat13_24","dr","SO2",-20,-0.411714921222747,3.03877072965427,-9.26041802344376,8.43698818099827
"dat13_24","dr","SO2",-19,0.204795620175922,3.18371946486819,-9.06598878960605,9.4755800299579
"dat13_24","dr","SO2",-18,-0.0752469371646138,5.70810676983047,-16.6968833077882,16.5463894334589
"dat13_24","dr","SO2",-17,-0.0021810418453373,2.14913703040356,-6.26032856263368,6.25596647894301
"dat13_24","dr","SO2",-16,0.367567717024098,1.22531485142188,-3.20046958870835,3.93560502275654
"dat13_24","dr","SO2",-15,0.236225457833368,1.01985915415806,-2.73353819467281,3.20598911033955
"dat13_24","dr","SO2",-14,0.0306981372121335,1.83938783399683,-5.32547983108334,5.38687610550761
"dat13_24","dr","SO2",-13,-0.0737563179284892,1.22426306911167,-3.63873090185033,3.49121826599335
"dat13_24","dr","SO2",-12,-0.00889166003933691,0.912914296756792,-2.66723883014414,2.64945551006547
"dat13_24","dr","SO2",-11,0.0560856837683905,0.690800926932843,-1.95548177195186,2.06765313948864
"dat13_24","dr","SO2",-10,-0.00785072572068971,1.31730393731693,-3.84375427808592,3.82805282664454
"dat13_24","dr","SO2",-9,0.445587299328421,0.243095495930283,-0.262291004218021,1.15346560287486
"dat13_24","dr","SO2",-8,-0.182345448215217,2.18513494048995,-6.54531654636215,6.18062564993171
"dat13_24","dr","SO2",-7,-0.40170327144365,3.07251857399275,-9.34867790562889,8.54527136274159
"dat13_24","dr","SO2",-6,0.279310519021739,1.43082034129352,-3.88714543277868,4.44576647082215
"dat13_24","dr","SO2",-5,0.107941525895207,3.71396694282737,-10.7068891185614,10.9227721703518
"dat13_24","dr","SO2",-4,0.164629283938714,2.08961059648129,-5.92018112544073,6.24943969331816
"dat13_24","dr","SO2",-3,0.0171216286590345,0.29100396247351,-0.830263019471665,0.864506276789734
"dat13_24","dr","SO2",-2,0.050680099452952,0.148108007604106,-0.380600804223295,0.481961003129199
"dat13_24","dr","SO2",-1,0,NA,NA,NA
"dat13_24","dr","SO2",0,-0.192770332197738,0.401512406398479,-1.36194839535575,0.976407730960277
"dat13_24","dr","SO2",1,-0.19626293746037,0.789584117739568,-2.49548063227523,2.10295475735449
"dat13_24","dr","SO2",2,-0.221493028876066,0.580666113528623,-1.9123550573911,1.46936899963897
"dat13_24","dr","SO2",3,-0.0473630776827858,2.1581560503917,-6.33177339920475,6.23704724383918
"dat13_24","dr","SO2",4,0.0170031628460731,3.2970838968857,-9.58389111389152,9.61789743958367
"dat13_24","dr","SO2",5,0.134827707407354,2.33524337229002,-6.66524939981646,6.93490481463116
"dat13_24","dr","SO2",6,0.197582742947983,3.97320793804084,-11.3721408508788,11.7673063367747
"dat13_24","dr","SO2",7,0.216786838535432,4.50630946977903,-12.9052938092989,13.3388674863697
"dat13_24","dr","SO2",8,0.122458496457728,1.89498563938336,-5.39561667197841,5.64053366489387
"dat13_24","dr","SO2",9,0.130539689915038,2.25781933338162,-6.44408364200758,6.70516302183765
"dat13_24","dr","SO2",10,0.16126223782925,3.51387886365015,-10.0709249088291,10.3934493844876
"dat13_24","dr","SO2",11,0.0699051722019404,2.01367108818277,-5.79377431864366,5.93358466304754
"dat13_24","dr","SO2",12,0.01742908624737,2.54921994197287,-7.40573390155243,7.44059207404717
"dat13_24","dr","SO2",13,-0.00937423860385083,1.12355681492168,-3.2810987476951,3.2623502704874
"dat13_24","dr","SO2",14,0.0116819656725955,0.885121654160849,-2.5657348333589,2.58909876470409
"dat13_24","dr","SO2",15,0.0853263699738008,1.92628187218974,-5.52388139679204,5.69453413673964
"dat13_24","dr","SO2",16,0.24930296249671,1.87190147986447,-5.20155263193418,5.7001585569276
"dat13_24","dr","SO2",17,0.165629086849066,1.60002884992825,-4.49355105788467,4.82480923158281
"dat13_24","dr","SO2",18,0.506224960728237,4.50341820725807,-12.607436518332,13.6198864397885
"dat13_24","dr","SO2",19,0.24043061278774,3.14627622802668,-8.92132152194846,9.40218274752394
"dat13_24","dr","SO2",20,0.349316659504106,3.89656784723628,-10.9972359650097,11.6958692840179
"dat13_24","dr","SO2",21,0.339717318320267,3.26790041438079,-9.17619655181581,9.85563118845634
"dat13_24","dr","SO2",22,-0.0432437551339132,2.24731982641757,-6.58729320435524,6.50080569408741
"dat13_24","dr","SO2",23,-0.108629086291227,1.47188923260236,-4.39467498358604,4.17741681100359
"dat13_24","dr","SO2",24,-0.199947404932836,1.59635285091433,-4.8484232791664,4.44852846930073
"dat13_24","dr","SO2",25,-0.106762578038254,2.97675519017968,-8.77488045506291,8.5613552989864
"dat13_24","dr","SO2",26,-0.156646089016178,3.84286034275644,-11.3468059469202,11.0335137688879
"dat13_24","dr","SO2",27,-0.0490033809926369,4.32857728593694,-12.6535394470062,12.5555326850209
"dat13_24","dr","SO2",28,-0.109917752080588,6.2261678819116,-18.2401144510228,18.0202789468616
"dat13_24","dr","SO2",29,0.150943096502072,4.32683763583337,-12.4485272213397,12.7504134143438
"dat13_24","dr","SO2",30,0.0430716237380669,4.82325608751173,-14.001937000268,14.0880802477441
"dat13_24","dr","SO2",31,0.0932284354947261,4.00971075851198,-11.5827890019546,11.7692458729441
"dat13_24","dr","SO2",32,0.0987857831080921,5.53604877204761,-16.021828867158,16.2194004333742
"dat13_24","dr","SO2",33,0.116490575586152,4.45059777071971,-12.8433612211257,13.076342372298
"dat13_24","dr","SO2",34,-0.134418983514497,3.78610043567263,-11.1592976765735,10.8904597095445
"dat13_24","dr","SO2",35,-0.286026394102998,3.51594348246101,-10.5242255767133,9.9521727885073
"dat13_24","dr","SO2",36,-0.14877753644244,3.38003266916096,-9.99121325340611,9.69365818052123
"dat13_24","dr","SO2",37,-0.194474941682566,3.25719397947855,-9.67921236839414,9.290262485029
"dat13_24","dr","SO2",38,-0.164494302307361,3.05149448813004,-9.05024816324398,8.72125955862925
"dat13_24","dr","SO2",39,-0.117199010544153,3.26834680002991,-9.63441272671326,9.40001470562495
"dat13_24","dr","SO2",40,-0.146021311749446,4.40597951112973,-12.9759476329404,12.6839050094415
"dat13_24","dr","SO2",41,0.035549457703469,4.32508768216144,-12.5588251086443,12.6299240240513
"dat13_24","dr","SO2",42,-0.126939329054601,3.6863212279501,-10.8612674464169,10.6073887883077
"dat13_24","dr","SO2",43,-0.272359162982493,3.21606929527534,-9.63734417891306,9.09262585294807
"dat13_24","dr","SO2",44,-0.217284425891269,4.85773725502357,-14.3626999713385,13.928131119556
"dat13_24","dr","SO2",45,-0.137190378434848,4.47356464398048,-13.163920219182,12.8895394623123
"dat13_24","dr","SO2",46,-0.305808921321406,3.26636963181253,-9.81726525198985,9.20564740934704
"dat13_24","dr","SO2",47,-0.319111633189101,3.68463687025734,-11.0485350102905,10.4103117439123
"dat13_24","dr","SO2",48,-0.282327566175221,4.41166496532484,-13.1288095609097,12.5641544285592
"dat13_24","dr","SO2",49,-0.26722844278973,4.25839452182558,-12.667396855642,12.1329399700625
"dat13_24","dr","SO2",50,-0.148003796188018,4.40046560921097,-12.9618739929278,12.6658664005518
"dat13_24","dr","SO2",51,0.147964827458777,4.24151709912783,-12.2030576260996,12.4989872810172
"dat13_24","dr","SO2",52,0.182488136884734,3.61802730885789,-10.3529725213972,10.7179487951666
"dat13_24","dr","SO2",53,0.222354404243149,3.85477686616235,-11.0025055962549,11.4472144047412
"dat13_24","dr","SO2",54,0.226217869646736,4.01626131438678,-11.4688743612791,11.9213101005726
"dat13_24","dr","SO2",55,0.0240830151931709,3.97094963027676,-11.5390645330232,11.5872305634095
"dat13_24","dr","SO2",56,0.036751486684548,4.93356496476337,-14.329469427151,14.4029724005201
"dat13_24","dr","SO2",57,0.0294843556160856,4.15400256873751,-12.0667014664724,12.1256701777046
"dat13_24","dr","SO2",58,0.10606206335991,2.9618981403555,-8.51879304902569,8.73091717574551
"dat13_24","dr","SO2",59,-0.141821729489272,1.91703900935718,-5.72411487968937,5.44047142071083
"dat13_24","dr","SO2",60,-0.114593264046122,2.414460499535,-7.14534550340846,6.91615897531621
"dat13_24","dr","O3",-48,2.8773021298499,10.6548225039876,-28.6766928418218,34.4312971015216
"dat13_24","dr","O3",-47,0.159532381822074,10.9471605261988,-32.2602144575538,32.5792792211979
"dat13_24","dr","O3",-46,-0.453345810289938,14.6595463132019,-43.8672319149759,42.960540294396
"dat13_24","dr","O3",-45,-1.25879072208651,4.37283393129314,-14.2088309342383,11.6912494900653
"dat13_24","dr","O3",-44,-0.666092528812276,10.2177051844785,-30.9255753022135,29.5933902445889
"dat13_24","dr","O3",-43,-0.756830351618389,9.6957784691181,-29.4706399853779,27.9569792821411
"dat13_24","dr","O3",-42,-0.370587085836548,9.12824737114927,-27.4036673217226,26.6624931500495
"dat13_24","dr","O3",-41,-1.08173399664029,7.22710019997083,-22.4846136114158,20.3211456181353
"dat13_24","dr","O3",-40,-0.921219148012955,12.9257162460941,-39.2004101229794,37.3579718269535
"dat13_24","dr","O3",-39,-0.264511437899177,5.664875546115,-17.0409011365884,16.51187826079
"dat13_24","dr","O3",-38,0.127525277477477,3.33088014842923,-9.73679441582972,9.99184497078467
"dat13_24","dr","O3",-37,0.604189678313789,7.54206320534907,-21.7314451357388,22.9398244923663
"dat13_24","dr","O3",-36,0.707540181127105,6.42612049947816,-18.3232577370929,19.7383380993471
"dat13_24","dr","O3",-35,0.79167695532095,15.4342060178237,-44.9163448250411,46.499698735683
"dat13_24","dr","O3",-34,-0.435087625478314,12.7299402295651,-38.1344927392706,37.264317488314
"dat13_24","dr","O3",-33,-0.589834067630599,7.3753851461658,-22.4318559060199,21.2521877707587
"dat13_24","dr","O3",-32,-0.941638150279377,27.5867614698529,-82.6391542167057,80.755877916147
"dat13_24","dr","O3",-31,0.289112753209527,18.4477732369105,-54.3435142791192,54.9217397855382
"dat13_24","dr","O3",-30,1.65586040011469,21.7922916012661,-62.8814755667873,66.1931963670167
"dat13_24","dr","O3",-29,-0.559302336588314,9.0922592885363,-27.48580475033,26.3672000771534
"dat13_24","dr","O3",-28,-0.135493095741453,15.3935651609227,-45.7231579772608,45.4521717857779
"dat13_24","dr","O3",-27,-0.728992066626289,5.81008932165777,-17.9354287925259,16.4774446592733
"dat13_24","dr","O3",-26,-0.0651388252183615,4.94394392626687,-14.7065072507617,14.5762296003249
"dat13_24","dr","O3",-25,1.24544657097502,9.84932658892008,-27.9230920456773,30.4139851876273
"dat13_24","dr","O3",-24,-0.144799165279396,3.78760607891204,-11.3617014763161,11.0721031457573
"dat13_24","dr","O3",-23,-0.294394303263531,18.8447487090015,-56.1026544393392,55.5138658328121
"dat13_24","dr","O3",-22,0.120171604350999,9.38916995446382,-27.6856244490741,27.9259676577761
"dat13_24","dr","O3",-21,-0.391936560607941,2.46787835806417,-7.70049766257947,6.91662454136358
"dat13_24","dr","O3",-20,0.160062979638329,11.7421713006954,-34.6140887286595,34.9342146879362
"dat13_24","dr","O3",-19,-0.268307459168822,4.61576018401031,-13.9377677981089,13.4011528797712
"dat13_24","dr","O3",-18,-1.5232983341178,14.3815202431822,-44.1138170657564,41.0672203975208
"dat13_24","dr","O3",-17,-0.0239354359196263,13.0645184896639,-38.7141858437408,38.6663149719016
"dat13_24","dr","O3",-16,0.346961411354895,2.87428675277265,-8.16516816285324,8.85909098556303
"dat13_24","dr","O3",-15,0.816432717139313,1.22548427703526,-2.81280884938716,4.44567428366579
"dat13_24","dr","O3",-14,0.98703934356259,3.44093276253178,-9.20319846153967,11.1772771486649
"dat13_24","dr","O3",-13,0.721309621519065,3.49932504187332,-9.64185548368959,11.0844747267277
"dat13_24","dr","O3",-12,0.770277066079643,5.11234777596009,-14.3698152213057,15.910369353465
"dat13_24","dr","O3",-11,1.29756298329691,4.20255289570304,-11.1481941271167,13.7433200937105
"dat13_24","dr","O3",-10,1.18752056302472,6.8159763302586,-18.9978258161874,21.3728669422369
"dat13_24","dr","O3",-9,-0.444171068008458,3.87035387878264,-11.9061289545892,11.0177868185722
"dat13_24","dr","O3",-8,0.783821430364127,5.7954983033787,-16.3794043535196,17.9470472142478
"dat13_24","dr","O3",-7,2.81115149774348,5.96569763893449,-14.8561154352348,20.4784184307218
"dat13_24","dr","O3",-6,-0.436635814387463,3.81051798061232,-11.7213911591815,10.8481195304066
"dat13_24","dr","O3",-5,-0.337213868926993,4.41050216374151,-13.3988076256661,12.7243798878121
"dat13_24","dr","O3",-4,-0.0236931831171173,6.0423200335814,-17.9178754546195,17.8704890883853
"dat13_24","dr","O3",-3,-0.554403936462176,2.62911373623617,-8.34045964805209,7.23165177512774
"dat13_24","dr","O3",-2,-0.161297056106762,1.771501610591,-5.40755553596197,5.08496142374845
"dat13_24","dr","O3",-1,0,NA,NA,NA
"dat13_24","dr","O3",0,0.332163660457659,3.29616124451008,-9.42933685221309,10.0936641731284
"dat13_24","dr","O3",1,1.92616471270566,3.41560949116242,-8.18907884663079,12.0414082720421
"dat13_24","dr","O3",2,1.3658790199588,5.62125398730465,-15.2813265044428,18.0130845443604
"dat13_24","dr","O3",3,1.18874528544202,1.97718678040137,-4.66664476948307,7.0441353403671
"dat13_24","dr","O3",4,1.44535098661745,1.30110962655576,-2.40785319379656,5.29855516703147
"dat13_24","dr","O3",5,1.84297365828769,5.43209995841017,-14.2440568585646,17.93000417514
"dat13_24","dr","O3",6,0.777422582869154,4.03034133869286,-11.158334234069,12.7131793998073
"dat13_24","dr","O3",7,0.343496785419649,3.79285159229992,-10.8889399845912,11.5759335554305
"dat13_24","dr","O3",8,0.548983603436199,3.74409905209577,-10.5390737169984,11.6370409238708
"dat13_24","dr","O3",9,0.651736280233555,9.41663623985531,-27.235400502313,28.5388730627801
"dat13_24","dr","O3",10,0.863040996352304,7.71864300136004,-21.9955305436141,23.7216125363187
"dat13_24","dr","O3",11,1.08542469283662,7.45695066977783,-20.9981514390149,23.1690008246881
"dat13_24","dr","O3",12,1.76377142555978,1.92637211132183,-3.94113223580756,7.46867508692712
"dat13_24","dr","O3",13,1.7526901465386,1.5160963834575,-2.73719203050226,6.24257232357947
"dat13_24","dr","O3",14,0.791851634917242,6.19808243271445,-17.5636171532944,19.1473204231289
"dat13_24","dr","O3",15,0.798032214925121,6.6834410815664,-18.9948142827322,20.5908787125824
"dat13_24","dr","O3",16,0.185694314308621,3.59486552062472,-10.4604115705315,10.8318001991487
"dat13_24","dr","O3",17,0.179887302591095,7.68664102781163,-22.5839111792552,22.9436857844374
"dat13_24","dr","O3",18,0.415146901728119,18.1942124869752,-53.4665662016753,54.2968600051315
"dat13_24","dr","O3",19,1.61095320501364,13.3617920892947,-37.9596656617332,41.1815720717605
"dat13_24","dr","O3",20,2.35603292670754,1.49869033363017,-2.08230166157502,6.79436751499011
"dat13_24","dr","O3",21,2.46098620336071,4.47053004065935,-10.7783786355073,15.7003510422287
"dat13_24","dr","O3",22,2.92256204957773,6.80688121843991,-17.2358493795227,23.0809734786782
"dat13_24","dr","O3",23,4.50690329712235,3.64221319081787,-6.27942154928522,15.2932281435299
"dat13_24","dr","O3",24,4.93367841527034,6.774651778276,-15.1292863189189,24.9966431494595
"dat13_24","dr","O3",25,1.39491349984414,4.04237009787041,-10.5764661917558,13.3662931914441
"dat13_24","dr","O3",26,1.37172356887265,10.5030915475923,-29.7329239046731,32.4763710424184
"dat13_24","dr","O3",27,-0.340693076955443,7.60723144713445,-22.8693220373524,22.1879358834415
"dat13_24","dr","O3",28,-0.277206297262724,7.9024223772751,-23.680035942078,23.1256233475525
"dat13_24","dr","O3",29,0.143657481211353,13.1404575784117,-38.7714846715079,39.0587996339306
"dat13_24","dr","O3",30,0.978692399522065,8.5960149417676,-24.4781945779418,26.4355793769859
"dat13_24","dr","O3",31,0.848248647391291,7.1919998233867,-20.4506820648263,22.1471793596089
"dat13_24","dr","O3",32,0.546021163134878,4.43807026107408,-12.5972148362868,13.6892571625565
"dat13_24","dr","O3",33,1.75232048450367,1.74702868707535,-3.42146203385467,6.92610300286201
"dat13_24","dr","O3",34,1.44325078663099,3.62505239180154,-9.2922527752673,12.1787543485293
"dat13_24","dr","O3",35,3.50390962318608,4.533479582698,-9.92187873725754,16.9296979836297
"dat13_24","dr","O3",36,6.06248362859661,2.36255078104612,-0.934152442773796,13.059119699967
"dat13_24","dr","O3",37,3.21462276067594,3.10960020174789,-5.99438180914593,12.4236273304978
"dat13_24","dr","O3",38,1.39223071537333,3.25066643433892,-8.23453803514552,11.0189994658922
"dat13_24","dr","O3",39,-0.350896697145026,4.90241319755273,-14.8692728903423,14.1674794960523
"dat13_24","dr","O3",40,0.624527959469514,6.28396128738315,-17.9852689461157,19.2343248650548
"dat13_24","dr","O3",41,0.855083154191638,8.23811149996288,-23.5418815769069,25.2520478852902
"dat13_24","dr","O3",42,2.49309019067663,3.79095317918486,-8.73372447555308,13.7199048569063
"dat13_24","dr","O3",43,-0.389954544551878,6.30437362277573,-19.0602020797085,18.2802929906048
"dat13_24","dr","O3",44,-0.211239739075433,2.74240111570462,-8.33279324058757,7.91031376243671
"dat13_24","dr","O3",45,2.1976012743477,2.41782081904214,-4.96271565612267,9.35791820481808
"dat13_24","dr","O3",46,1.57296105733515,2.83926200803135,-6.83544359615868,9.98136571082898
"dat13_24","dr","O3",47,2.84102875545101,4.03198818866008,-9.09960516718881,14.7816626780908
"dat13_24","dr","O3",48,4.26128022366792,2.20445911430545,-2.26717126222193,10.7897317095578
"dat13_24","dr","O3",49,3.2482980909461,3.28141289132649,-6.46952553625599,12.9661217181482
"dat13_24","dr","O3",50,2.09726922460093,3.52635399714241,-8.34594146732035,12.5404799165222
"dat13_24","dr","O3",51,-0.218871911868886,10.3682199572946,-30.9241004856178,30.48635666188
"dat13_24","dr","O3",52,0.245003461112859,7.67838053884418,-22.4943317856824,22.9843387079081
"dat13_24","dr","O3",53,0.789381984870059,15.7214584685983,-45.7693308683793,47.3480948381194
"dat13_24","dr","O3",54,2.78218726576557,9.70545428898666,-25.9602770707227,31.5246516022538
"dat13_24","dr","O3",55,2.34799350202447,5.23986670934287,-13.1697429724177,17.8657299764666
"dat13_24","dr","O3",56,1.94756207765663,8.26615058501494,-22.5324397146799,26.4275638699931
"dat13_24","dr","O3",57,2.43448979127829,3.83751367909429,-8.93021265107071,13.7991922336273
"dat13_24","dr","O3",58,2.76810954595521,1.40563710805398,-1.39465020184266,6.93086929375308
"dat13_24","dr","O3",59,3.91653965289024,3.70852452938692,-7.0661645928916,14.8992438986721
"dat13_24","dr","O3",60,6.98692876604529,7.01449496017004,-13.786325656465,27.7601831885556
"dat13_24","dr","PM10",-48,2.27096767057688,12.0491330336916,-33.2364036752164,37.7783390163702
"dat13_24","dr","PM10",-47,0.161717663596516,20.8092710404848,-61.1607453056233,61.4841806328163
"dat13_24","dr","PM10",-46,1.46275824264106,21.6265810640745,-62.2682207941739,65.193737279456
"dat13_24","dr","PM10",-45,-0.293227148299643,3.41779989034313,-10.3650795838806,9.77862528728127
"dat13_24","dr","PM10",-44,-0.941795682428327,15.414423258066,-46.3662796826429,44.4826883177863
"dat13_24","dr","PM10",-43,-0.613947260003407,9.80633156015724,-29.5120476687923,28.2841531487855
"dat13_24","dr","PM10",-42,-1.12342410926892,30.9419578479851,-92.3057178396322,90.0588696210943
"dat13_24","dr","PM10",-41,-0.0532334222078794,15.6368170710081,-46.1330857114987,46.0266188670829
"dat13_24","dr","PM10",-40,2.38407113319508,18.6739248237862,-52.6457788441899,57.4139211105801
"dat13_24","dr","PM10",-39,-1.18074822174342,20.4479018650299,-61.4382989296475,59.0768024861607
"dat13_24","dr","PM10",-38,-0.175467267496838,14.849972964813,-43.9365829479548,43.5856484129611
"dat13_24","dr","PM10",-37,-0.0651372089198384,21.8500383700208,-64.454618523034,64.3243441051943
"dat13_24","dr","PM10",-36,0.992810227197395,8.67635827704336,-24.5753924319228,26.5610128863175
"dat13_24","dr","PM10",-35,4.57716176343027,14.0950320329234,-36.9592321932497,46.1135557201103
"dat13_24","dr","PM10",-34,0.230067818973906,7.62373976304972,-22.2361924549705,22.6963280929183
"dat13_24","dr","PM10",-33,-0.263846526881662,26.3547433551131,-77.9281611639966,77.4004681102333
"dat13_24","dr","PM10",-32,-0.709363241575229,33.4932365970397,-99.4099739907652,97.9912475076148
"dat13_24","dr","PM10",-31,-2.77836330351841,22.9863414623689,-70.5163955671952,64.9596689601584
"dat13_24","dr","PM10",-30,-2.21058209531727,6.27310761292104,-20.6966890111662,16.2755248205317
"dat13_24","dr","PM10",-29,1.63330679114895,12.9065918211886,-36.4008942855667,39.6675078678646
"dat13_24","dr","PM10",-28,-0.328280840481762,22.0502669145735,-65.3078120167377,64.6512503357742
"dat13_24","dr","PM10",-27,1.8203625984535,10.6798466694023,-29.6518836242624,33.2926088211694
"dat13_24","dr","PM10",-26,0.839890062330942,1.51071050731356,-3.61199529980948,5.29177542447137
"dat13_24","dr","PM10",-25,1.24552369969588,9.14115256428547,-25.6923728046463,28.183420204038
"dat13_24","dr","PM10",-24,0.608797009946732,14.8789176928783,-43.2376153640612,44.4552093839547
"dat13_24","dr","PM10",-23,3.16580992570346,26.2145489485625,-74.0853683604329,80.4169882118398
"dat13_24","dr","PM10",-22,0.258539552408268,17.4852619122617,-51.2684612750458,51.7855403798623
"dat13_24","dr","PM10",-21,-0.658383557969608,11.9455485341035,-35.8605036228403,34.5437365069011
"dat13_24","dr","PM10",-20,-1.62436134663091,15.1176612374644,-46.1743227370144,42.9256000437526
"dat13_24","dr","PM10",-19,-0.800144499896372,30.8613742676733,-91.7449679406957,90.144678940903
"dat13_24","dr","PM10",-18,1.40931452052938,16.8892254617339,-48.3612373138444,51.1798663549032
"dat13_24","dr","PM10",-17,0.137700810885031,7.17954559458724,-21.0195717338068,21.2949733555769
"dat13_24","dr","PM10",-16,0.0807342126797695,3.56449127317057,-10.4234003952962,10.5848688206558
"dat13_24","dr","PM10",-15,-0.452936587047359,4.94900127804444,-15.0370585881048,14.1311854140101
"dat13_24","dr","PM10",-14,-0.42819450554555,5.16627542558253,-15.6525977466643,14.7962087355732
"dat13_24","dr","PM10",-13,0.696675061218923,3.31224593506204,-9.06412234021943,10.4574724626573
"dat13_24","dr","PM10",-12,0.0589422929583494,15.5270459527723,-45.6974274812552,45.8153120671719
"dat13_24","dr","PM10",-11,-0.141266734430607,9.49147418430218,-28.1115196595718,27.8289861907106
"dat13_24","dr","PM10",-10,0.0818715365532193,24.5407399545699,-72.2367894186315,72.400532491738
"dat13_24","dr","PM10",-9,0.89673699709633,28.3783924151132,-82.7310323090036,84.5245063031962
"dat13_24","dr","PM10",-8,-0.49472500898871,11.0902428241493,-33.1763602080518,32.1869101900744
"dat13_24","dr","PM10",-7,-2.62951692691433,7.35629190500062,-24.3076399643594,19.0486061105307
"dat13_24","dr","PM10",-6,1.46234520522684,6.04066807972595,-16.3387898709451,19.2634802813988
"dat13_24","dr","PM10",-5,1.3822846017136,6.12222230728588,-16.6591811467725,19.4237503501997
"dat13_24","dr","PM10",-4,0.584508451844538,15.2452995484364,-44.3415879594536,45.5106048631427
"dat13_24","dr","PM10",-3,-1.53906045597493,5.18057519544894,-16.8056034292541,13.7274825173043
"dat13_24","dr","PM10",-2,-0.546886809359148,1.00921810111623,-3.52093330590208,2.42715968718379
"dat13_24","dr","PM10",-1,0,NA,NA,NA
"dat13_24","dr","PM10",0,-0.303899495255068,12.8028976947192,-38.032526233582,37.4247272430719
"dat13_24","dr","PM10",1,0.583594466897445,16.112369227945,-46.8976538384751,48.06484277227
"dat13_24","dr","PM10",2,0.354996827141392,20.5737955846683,-60.2735477971552,60.983541451438
"dat13_24","dr","PM10",3,0.76866267195336,9.84784305239023,-28.2517671995208,29.7890925434276
"dat13_24","dr","PM10",4,1.76954169256179,6.96893190587201,-18.7670771972316,22.3061605823552
"dat13_24","dr","PM10",5,2.39148825276075,11.8414295144192,-32.5038053636216,37.2867818691431
"dat13_24","dr","PM10",6,4.05912182172105,11.2691124705736,-29.1496210904297,37.2678647338718
"dat13_24","dr","PM10",7,2.29762042633562,12.2945229630326,-33.9328860463806,38.5281268990518
"dat13_24","dr","PM10",8,2.25219819577531,14.0697302942992,-39.2096345267884,43.714030918339
"dat13_24","dr","PM10",9,0.994240807076394,8.47844080321889,-23.9907224422658,25.9792040564185
"dat13_24","dr","PM10",10,1.46518531764368,6.63044582663323,-18.0739550915564,21.0043257268438
"dat13_24","dr","PM10",11,0.687252555175916,19.5542252892087,-56.9367388790452,58.311243989397
"dat13_24","dr","PM10",12,0.936146091930596,3.33925581172285,-8.90424622458737,10.7765384084486
"dat13_24","dr","PM10",13,1.25154287167382,11.7760700697321,-33.4511441839732,35.9542299273208
"dat13_24","dr","PM10",14,0.999809277637017,11.5167838370554,-32.93879188712,34.938410442394
"dat13_24","dr","PM10",15,2.76666505521408,4.9950187546413,-11.9530650120297,17.4863951224578
"dat13_24","dr","PM10",16,2.60350323808713,17.8703270304154,-50.0582389939448,55.2652454701191
"dat13_24","dr","PM10",17,2.09186384788869,7.23778013674292,-19.2370190116443,23.4207467074217
"dat13_24","dr","PM10",18,7.53074811651437,46.2540108839018,-128.774356665276,143.835852898305
"dat13_24","dr","PM10",19,5.46489094209144,31.9985043901963,-88.8309206084756,99.7607024926585
"dat13_24","dr","PM10",20,5.78360739384064,34.0419380878496,-94.5339618151572,106.101176602838
"dat13_24","dr","PM10",21,4.17637228943801,29.8216125847203,-83.7043963281217,92.0571409069977
"dat13_24","dr","PM10",22,1.4564992662384,27.4551133373065,-79.4504756906069,82.3634742230837
"dat13_24","dr","PM10",23,1.41319786170337,25.0926882379495,-72.5319894673568,75.3583851907636
"dat13_24","dr","PM10",24,3.03569207987981,4.68860364687424,-10.7810688702479,16.8524530300075
"dat13_24","dr","PM10",25,2.63089328162265,12.4710756639307,-34.1198931394818,39.3816797027271
"dat13_24","dr","PM10",26,1.96796816383874,8.00648386408354,-21.6261937514784,25.5621300791559
"dat13_24","dr","PM10",27,4.35150050412227,20.5422585648156,-56.1841082490278,64.8871092572724
"dat13_24","dr","PM10",28,6.1456540833094,17.9875427471853,-46.8615090160391,59.1528171826579
"dat13_24","dr","PM10",29,6.31717666568678,26.0462333274305,-70.4379953728529,83.0723487042265
"dat13_24","dr","PM10",30,4.09183428178706,23.0080370619329,-63.7101323502908,71.8938009138649
"dat13_24","dr","PM10",31,6.91135664012358,24.1027323972923,-64.1165477979715,77.9392610782186
"dat13_24","dr","PM10",32,7.53652283865076,23.5386134452626,-61.8289897031217,76.9020353804233
"dat13_24","dr","PM10",33,5.18216963088824,12.2018985083858,-30.7753835183275,41.139722780104
"dat13_24","dr","PM10",34,8.83624271237933,10.7164086978106,-22.7437474879504,40.416232912709
"dat13_24","dr","PM10",35,3.2448763651716,9.79814404194821,-25.6290963948782,32.1188491252214
"dat13_24","dr","PM10",36,5.83490838997783,12.2944473623566,-30.395375296479,42.0651920764346
"dat13_24","dr","PM10",37,3.74670701603846,7.72267990427667,-19.0111181635076,26.5045321955845
"dat13_24","dr","PM10",38,3.48502649251627,13.0044699794625,-34.8376099515203,41.8076629365529
"dat13_24","dr","PM10",39,4.1659144819954,10.5290539394914,-26.8619633830785,35.1937923470693
"dat13_24","dr","PM10",40,6.74657490315508,17.5308977469928,-44.9149093370012,58.4080591433113
"dat13_24","dr","PM10",41,5.27760931660499,12.8924623859402,-32.7149539839428,43.2701726171528
"dat13_24","dr","PM10",42,6.54292326941083,13.201172130076,-32.3593711705015,45.4452177093232
"dat13_24","dr","PM10",43,5.27411705716989,8.5969584026811,-20.060103553955,30.6083376682948
"dat13_24","dr","PM10",44,3.30489867035625,12.2582116346216,-32.8186026080159,39.4283999487284
"dat13_24","dr","PM10",45,6.17440731909356,13.0494882998858,-32.2808927959445,44.6297074341317
"dat13_24","dr","PM10",46,3.0159137724694,16.8550841283414,-46.6540275864769,52.6858551314157
"dat13_24","dr","PM10",47,1.76301196496286,14.883333624034,-42.0964136363822,45.622437566308
"dat13_24","dr","PM10",48,3.36959597151204,14.5693230609135,-39.5644776032561,46.3036695462802
"dat13_24","dr","PM10",49,3.89425354496052,14.5401051519276,-38.9537183043634,46.7422253942845
"dat13_24","dr","PM10",50,6.81970264071618,10.3527804646814,-23.6887181222581,37.3281234036905
"dat13_24","dr","PM10",51,4.34974141883554,13.7255338533526,-36.0977850619085,44.7972678995796
"dat13_24","dr","PM10",52,8.76490562785492,12.3478616602467,-27.6227836831439,45.1525949388538
"dat13_24","dr","PM10",53,5.5296113538116,18.5212121621905,-49.0502124541121,60.1094351617353
"dat13_24","dr","PM10",54,8.45942765740601,13.2496622567274,-30.5857614562395,47.5046167710515
"dat13_24","dr","PM10",55,6.52735308794983,13.3269310796697,-32.7455381169575,45.8002442928572
"dat13_24","dr","PM10",56,7.3512567133846,13.506190124626,-32.4498897160737,47.1524031428429
"dat13_24","dr","PM10",57,3.55909168920302,13.0401371001509,-34.8686515451377,41.9868349235438
"dat13_24","dr","PM10",58,5.08342698819869,17.7649439658677,-47.2677638044896,57.434617780887
"dat13_24","dr","PM10",59,4.47458225556884,18.2106086165859,-49.1899296038302,58.1390941149679
"dat13_24","dr","PM10",60,5.85889084760905,18.4960029325729,-48.6466443393101,60.3644260345283
