"specification","outcome","n","units","periods","covariance","component","estimate","se","low","high","p","rho","pre_mean","relative_percent"
"monthly","NO2",38532,247,156,"Joint_OIM","Direct",0.101910619490039,0.053925872497701,-0.00378409060545543,0.207605329585532,0.0587809780949905,0.843888309339444,29.5092135021386,0.345351866062621
"monthly","NO2",38532,247,156,"Joint_OIM","Indirect",-1.96981838358315,0.163307309147316,-2.28990070951189,-1.64973605765441,1.67591248892646e-33,0.843888309339444,29.5092135021386,-6.67526561980511
"monthly","NO2",38532,247,156,"Joint_OIM","Total",-1.86790776409311,0.167959746957556,-2.19710886812992,-1.5387066600563,9.89730423068301e-29,0.843888309339444,29.5092135021386,-6.32991375374249
"monthly","NO2",38532,247,156,"HAC6","Direct",0.101910619490039,0.0940080247697483,-0.0823451090586681,0.286166348038745,0.278336875409926,0.843888309339444,29.5092135021386,0.345351866062621
"monthly","NO2",38532,247,156,"HAC6","Indirect",-1.96981838358315,0.444117904577919,-2.84028947655587,-1.09934729061043,9.19227850581558e-06,0.843888309339444,29.5092135021386,-6.67526561980511
"monthly","NO2",38532,247,156,"HAC6","Total",-1.86790776409311,0.444712111802998,-2.73954350322698,-0.996272024959231,2.6660528244963e-05,0.843888309339444,29.5092135021386,-6.32991375374249
"monthly","NO2",38532,247,156,"HAC12","Direct",0.101910619490039,0.0989900592118518,-0.092109896565191,0.295931135545268,0.303243102414043,0.843888309339444,29.5092135021386,0.345351866062621
"monthly","NO2",38532,247,156,"HAC12","Indirect",-1.96981838358315,0.532814756987025,-3.01413530727772,-0.925501459888578,0.000218158751895904,0.843888309339444,29.5092135021386,-6.67526561980511
"monthly","NO2",38532,247,156,"HAC12","Total",-1.86790776409311,0.519488200511502,-2.88610463709565,-0.849710891090565,0.000323558645188632,0.843888309339444,29.5092135021386,-6.32991375374249
"monthly","NO2",38532,247,156,"HAC24","Direct",0.101910619490039,0.0991988613328368,-0.0925191487223217,0.296340387702399,0.304262000692595,0.843888309339444,29.5092135021386,0.345351866062621
"monthly","NO2",38532,247,156,"HAC24","Indirect",-1.96981838358315,0.617106168604997,-3.17934647404894,-0.760290293117352,0.00141279051911927,0.843888309339444,29.5092135021386,-6.67526561980511
"monthly","NO2",38532,247,156,"HAC24","Total",-1.86790776409311,0.584640377367276,-3.01380290373297,-0.722012624453247,0.00139845958458499,0.843888309339444,29.5092135021386,-6.32991375374249
"monthly","CO",38532,247,156,"Joint_OIM","Direct",5.54708646535242,1.25251785188111,3.09215147566544,8.0020214550394,9.47815016057199e-06,0.792528290428282,550.425613572033,1.00778131114832
"monthly","CO",38532,247,156,"Joint_OIM","Indirect",-12.6749953726158,2.96730616193308,-18.4909154500046,-6.85907529522697,1.94119361237033e-05,0.792528290428282,550.425613572033,-2.30276263678217
"monthly","CO",38532,247,156,"Joint_OIM","Total",-7.12790890726338,2.97104365301817,-12.951154467179,-1.30466334734777,0.0164342459963279,0.792528290428282,550.425613572033,-1.29498132563385
"monthly","CO",38532,247,156,"HAC6","Direct",5.54708646535242,2.15593080484183,1.32146208786244,9.7727108428424,0.0100837895637557,0.792528290428282,550.425613572033,1.00778131114832
"monthly","CO",38532,247,156,"HAC6","Indirect",-12.6749953726158,5.53029557228585,-23.5143746942961,-1.83561605093553,0.0219102563502232,0.792528290428282,550.425613572033,-2.30276263678217
"monthly","CO",38532,247,156,"HAC6","Total",-7.12790890726338,5.79294357223946,-18.4820783088527,4.22626049432597,0.218529835559561,0.792528290428282,550.425613572033,-1.29498132563385
"monthly","CO",38532,247,156,"HAC12","Direct",5.54708646535242,2.58163552464311,0.487080837051919,10.6070920936529,0.0316604558774063,0.792528290428282,550.425613572033,1.00778131114832
"monthly","CO",38532,247,156,"HAC12","Indirect",-12.6749953726158,6.21624075396554,-24.8588272503883,-0.491163494843342,0.0414487355157729,0.792528290428282,550.425613572033,-2.30276263678217
"monthly","CO",38532,247,156,"HAC12","Total",-7.12790890726338,6.31547142942794,-19.5062329089421,5.25041509441538,0.259048711648755,0.792528290428282,550.425613572033,-1.29498132563385
"monthly","CO",38532,247,156,"HAC24","Direct",5.54708646535242,2.94754085147074,-0.230093603530229,11.3242665342351,0.0598445571880499,0.792528290428282,550.425613572033,1.00778131114832
"monthly","CO",38532,247,156,"HAC24","Indirect",-12.6749953726158,7.30410214404272,-26.9910355749395,1.64104482970794,0.0826831513702477,0.792528290428282,550.425613572033,-2.30276263678217
"monthly","CO",38532,247,156,"HAC24","Total",-7.12790890726338,7.15789933261275,-21.1573915991844,6.9015737846576,0.319342390955937,0.792528290428282,550.425613572033,-1.29498132563385
"monthly","SO2",38532,247,156,"Joint_OIM","Direct",-0.0418881262173893,0.0151592561240918,-0.0716002682206093,-0.0121759842141694,0.00572368760020307,0.836721195316024,5.19974108959282,-0.805580999046811
"monthly","SO2",38532,247,156,"Joint_OIM","Indirect",-0.0423972944172406,0.0441772375737083,-0.128984680061709,0.0441900912272278,0.337201670487665,0.836721195316024,5.19974108959282,-0.815373182755155
"monthly","SO2",38532,247,156,"Joint_OIM","Total",-0.0842854206346299,0.0453006916442276,-0.173074776257316,0.00450393498805625,0.062803948828148,0.836721195316024,5.19974108959282,-1.62095418180197
"monthly","SO2",38532,247,156,"HAC6","Direct",-0.0418881262173893,0.0215971794748762,-0.0842185979881468,0.000442345553368098,0.0524382505330541,0.836721195316024,5.19974108959282,-0.805580999046811
"monthly","SO2",38532,247,156,"HAC6","Indirect",-0.0423972944172406,0.0775021919151108,-0.194301590570858,0.109507001736377,0.584346860794379,0.836721195316024,5.19974108959282,-0.815373182755155
"monthly","SO2",38532,247,156,"HAC6","Total",-0.0842854206346299,0.0857253168764142,-0.252307041712402,0.083736200443142,0.325507355448812,0.836721195316024,5.19974108959282,-1.62095418180197
"monthly","SO2",38532,247,156,"HAC12","Direct",-0.0418881262173893,0.0241266701876845,-0.089176399785251,0.00540014735047236,0.0825328625352003,0.836721195316024,5.19974108959282,-0.805580999046811
"monthly","SO2",38532,247,156,"HAC12","Indirect",-0.0423972944172406,0.0703348267214538,-0.18025355479129,0.0954589659568089,0.54664684665294,0.836721195316024,5.19974108959282,-0.815373182755155
"monthly","SO2",38532,247,156,"HAC12","Total",-0.0842854206346299,0.082299122120678,-0.245591699991159,0.077020858721899,0.305771462089023,0.836721195316024,5.19974108959282,-1.62095418180197
"monthly","SO2",38532,247,156,"HAC24","Direct",-0.0418881262173893,0.0254785851828384,-0.0918261531757526,0.00804990074097389,0.100165402562009,0.836721195316024,5.19974108959282,-0.805580999046811
"monthly","SO2",38532,247,156,"HAC24","Indirect",-0.0423972944172406,0.0466600705346918,-0.133851032665236,0.0490564438307554,0.363539190022343,0.836721195316024,5.19974108959282,-0.815373182755155
"monthly","SO2",38532,247,156,"HAC24","Total",-0.0842854206346299,0.0634889230393286,-0.208723709791714,0.0401528685224541,0.184323162742411,0.836721195316024,5.19974108959282,-1.62095418180197
"monthly","O3",38532,247,156,"Joint_OIM","Direct",-0.0405922229017093,0.0558210106390014,-0.150001403754152,0.0688169579507334,0.4671124003119,0.859112644077739,23.9284544794125,-0.169639969587814
"monthly","O3",38532,247,156,"Joint_OIM","Indirect",0.603945279514028,0.185286176560084,0.240784373456264,0.967106185571792,0.00111598191110804,0.859112644077739,23.9284544794125,2.52396275753475
"monthly","O3",38532,247,156,"Joint_OIM","Total",0.563353056612319,0.191657117074334,0.187705107146624,0.939001006078013,0.00328869814791897,0.859112644077739,23.9284544794125,2.35432278794694
"monthly","O3",38532,247,156,"HAC6","Direct",-0.0405922229017093,0.103985532521877,-0.244403866644587,0.163219420841169,0.696267301298651,0.859112644077739,23.9284544794125,-0.169639969587814
"monthly","O3",38532,247,156,"HAC6","Indirect",0.603945279514028,0.350087421174303,-0.0822260659876055,1.29011662501566,0.0845045790080273,0.859112644077739,23.9284544794125,2.52396275753475
"monthly","O3",38532,247,156,"HAC6","Total",0.563353056612319,0.366988449424535,-0.155944304259769,1.28265041748441,0.124766569141773,0.859112644077739,23.9284544794125,2.35432278794694
"monthly","O3",38532,247,156,"HAC12","Direct",-0.0405922229017093,0.102327247308677,-0.241153627626716,0.159969181823298,0.69159587948447,0.859112644077739,23.9284544794125,-0.169639969587814
"monthly","O3",38532,247,156,"HAC12","Indirect",0.603945279514028,0.352544549853431,-0.0870420381986976,1.29493259722675,0.0866935121249114,0.859112644077739,23.9284544794125,2.52396275753475
"monthly","O3",38532,247,156,"HAC12","Total",0.563353056612319,0.367026213603979,-0.15601832205148,1.28272443527612,0.124805367141702,0.859112644077739,23.9284544794125,2.35432278794694
"monthly","O3",38532,247,156,"HAC24","Direct",-0.0405922229017093,0.103845433802331,-0.244129273154277,0.162944827350859,0.695877967348718,0.859112644077739,23.9284544794125,-0.169639969587814
"monthly","O3",38532,247,156,"HAC24","Indirect",0.603945279514028,0.347177114501395,-0.0765218649087063,1.28441242393676,0.0819313183866818,0.859112644077739,23.9284544794125,2.52396275753475
"monthly","O3",38532,247,156,"HAC24","Total",0.563353056612319,0.36356460569656,-0.14923357055294,1.27593968377758,0.12125516288341,0.859112644077739,23.9284544794125,2.35432278794694
"monthly","PM10",38532,247,156,"Joint_OIM","Direct",-0.769709752247943,0.0799204335596031,-0.926353802024765,-0.613065702471121,5.91794109929846e-22,0.88203476454109,48.7523083608979,-1.57881704092866
"monthly","PM10",38532,247,156,"Joint_OIM","Indirect",0.662153548342662,0.311746634908463,0.0511301439220742,1.27317695276325,0.0336691522666035,0.88203476454109,48.7523083608979,1.35819937681914
"monthly","PM10",38532,247,156,"Joint_OIM","Total",-0.107556203905281,0.32452464971565,-0.743624517347956,0.528512109537393,0.740322036436557,0.88203476454109,48.7523083608979,-0.220617664109516
"monthly","PM10",38532,247,156,"HAC6","Direct",-0.769709752247943,0.226336049305977,-1.21332840888766,-0.326091095608228,0.000672040441934347,0.88203476454109,48.7523083608979,-1.57881704092866
"monthly","PM10",38532,247,156,"HAC6","Indirect",0.662153548342662,0.760024127057012,-0.827493740689081,2.15180083737441,0.383630214423941,0.88203476454109,48.7523083608979,1.35819937681914
"monthly","PM10",38532,247,156,"HAC6","Total",-0.107556203905281,0.733803733929084,-1.54581152240629,1.33069911459572,0.883468647673409,0.88203476454109,48.7523083608979,-0.220617664109516
"monthly","PM10",38532,247,156,"HAC12","Direct",-0.769709752247943,0.271789150124754,-1.30241648649246,-0.237003018003425,0.00462563162131796,0.88203476454109,48.7523083608979,-1.57881704092866
"monthly","PM10",38532,247,156,"HAC12","Indirect",0.662153548342662,0.830843549779374,-0.966299809224912,2.29060690591024,0.425471135870201,0.88203476454109,48.7523083608979,1.35819937681914
"monthly","PM10",38532,247,156,"HAC12","Total",-0.107556203905281,0.7778942842277,-1.63222900099157,1.41711659318101,0.890030324672871,0.88203476454109,48.7523083608979,-0.220617664109516
"monthly","PM10",38532,247,156,"HAC24","Direct",-0.769709752247943,0.314080191084459,-1.38530692677348,-0.154112577722405,0.0142587017588104,0.88203476454109,48.7523083608979,-1.57881704092866
"monthly","PM10",38532,247,156,"HAC24","Indirect",0.662153548342662,0.91809756287169,-1.13731767488585,2.46162477157117,0.470772008244356,0.88203476454109,48.7523083608979,1.35819937681914
"monthly","PM10",38532,247,156,"HAC24","Total",-0.107556203905281,0.840421441197163,-1.75478222865172,1.53966982084116,0.898165678303841,0.88203476454109,48.7523083608979,-0.220617664109516
"Winter","NO2",9633,247,39,"Joint_OIM","Direct",0.156619248976243,0.113640607879937,-0.0661163424684334,0.379354840420919,0.168142190455758,0.826945461870873,35.3125443110506,0.443522980379612
"Winter","NO2",9633,247,39,"Joint_OIM","Indirect",-1.33991210745591,0.318275916903641,-1.96373290458705,-0.716091310324778,2.55475483983761e-05,0.826945461870873,35.3125443110506,-3.79443660488833
"Winter","NO2",9633,247,39,"Joint_OIM","Total",-1.18329285847967,0.32472527692864,-1.81975440125981,-0.546831315699537,0.000268452863241505,0.826945461870873,35.3125443110506,-3.35091362450871
"Winter","NO2",9633,247,39,"HAC6","Direct",0.156619248976243,0.134825895339415,-0.107639505889011,0.420878003841496,0.24538143788769,0.826945461870873,35.3125443110506,0.443522980379612
"Winter","NO2",9633,247,39,"HAC6","Indirect",-1.33991210745591,0.555074579304811,-2.42785828289334,-0.251965932018485,0.01578142153088,0.826945461870873,35.3125443110506,-3.79443660488833
"Winter","NO2",9633,247,39,"HAC6","Total",-1.18329285847967,0.63406259249974,-2.42605553977916,0.0594698228198189,0.0620122314655098,0.826945461870873,35.3125443110506,-3.35091362450871
"Winter","NO2",9633,247,39,"HAC12","Direct",0.156619248976243,0.135384015314781,-0.108733421040727,0.421971918993213,0.247332892534851,0.826945461870873,35.3125443110506,0.443522980379612
"Winter","NO2",9633,247,39,"HAC12","Indirect",-1.33991210745591,0.587996964051293,-2.49238615699645,-0.18743805791538,0.0226805119517621,0.826945461870873,35.3125443110506,-3.79443660488833
"Winter","NO2",9633,247,39,"HAC12","Total",-1.18329285847967,0.662891314560774,-2.48255983501879,0.115974118059444,0.0742535208780198,0.826945461870873,35.3125443110506,-3.35091362450871
"Winter","NO2",9633,247,39,"HAC24","Direct",0.156619248976243,0.116140697672237,-0.0710165184613417,0.384255016413827,0.177487883933222,0.826945461870873,35.3125443110506,0.443522980379612
"Winter","NO2",9633,247,39,"HAC24","Indirect",-1.33991210745591,0.638517355045473,-2.59140612334504,-0.0884180915667876,0.0358632888899647,0.826945461870873,35.3125443110506,-3.79443660488833
"Winter","NO2",9633,247,39,"HAC24","Total",-1.18329285847967,0.679081244381908,-2.51429209746821,0.147706380508869,0.0814225901994425,0.826945461870873,35.3125443110506,-3.35091362450871
"Winter","CO",9633,247,39,"Joint_OIM","Direct",2.9053524298004,2.69889736934754,-2.38448641412079,8.19519127372159,0.281705454534233,0.790507280743516,717.88441976305,0.404710333560291
"Winter","CO",9633,247,39,"Joint_OIM","Indirect",-16.648511770157,6.45158031029557,-29.2936091783363,-4.00341436197768,0.00986481100768275,0.790507280743516,717.88441976305,-2.31910754876838
"Winter","CO",9633,247,39,"Joint_OIM","Total",-13.7431593403566,6.45176341557599,-26.3886156348855,-1.09770304582765,0.0331600565877716,0.790507280743516,717.88441976305,-1.91439721520809
"Winter","CO",9633,247,39,"HAC6","Direct",2.9053524298004,2.20266305949086,-1.41186716680169,7.22257202640249,0.187163063545787,0.790507280743516,717.88441976305,0.404710333560291
"Winter","CO",9633,247,39,"HAC6","Indirect",-16.648511770157,9.34809443215272,-34.9707768571763,1.67375331686233,0.0749202175018773,0.790507280743516,717.88441976305,-2.31910754876838
"Winter","CO",9633,247,39,"HAC6","Total",-13.7431593403566,9.1659384309484,-31.7083986650155,4.22207998430228,0.133776929709083,0.790507280743516,717.88441976305,-1.91439721520809
"Winter","CO",9633,247,39,"HAC12","Direct",2.9053524298004,2.32060682251256,-1.64303694232422,7.45374180192502,0.210577293060416,0.790507280743516,717.88441976305,0.404710333560291
"Winter","CO",9633,247,39,"HAC12","Indirect",-16.648511770157,9.56607040513054,-35.3980097642128,2.10098622389886,0.0817938896539308,0.790507280743516,717.88441976305,-2.31910754876838
"Winter","CO",9633,247,39,"HAC12","Total",-13.7431593403566,9.28700702752353,-31.9456931143027,4.45937443358952,0.138919547897655,0.790507280743516,717.88441976305,-1.91439721520809
"Winter","CO",9633,247,39,"HAC24","Direct",2.9053524298004,2.69548178692143,-2.3777918725656,8.1884967321664,0.281096167150008,0.790507280743516,717.88441976305,0.404710333560291
"Winter","CO",9633,247,39,"HAC24","Indirect",-16.648511770157,10.6449303621844,-37.5125752800384,4.21555173972438,0.117821083210533,0.790507280743516,717.88441976305,-2.31910754876838
"Winter","CO",9633,247,39,"HAC24","Total",-13.7431593403566,10.0195768579225,-33.3815299818847,5.89521130117156,0.17017842797571,0.790507280743516,717.88441976305,-1.91439721520809
"Winter","SO2",9633,247,39,"Joint_OIM","Direct",-0.0938565786050357,0.0307014264948182,-0.154031374534879,-0.033681782675192,0.00223507975220507,0.769934388304166,6.49022257274495,-1.44612264915501
"Winter","SO2",9633,247,39,"Joint_OIM","Indirect",-0.373987683997769,0.0677180379451797,-0.506715038370321,-0.241260329625217,3.33793651632363e-08,0.769934388304166,6.49022257274495,-5.7623244781819
"Winter","SO2",9633,247,39,"Joint_OIM","Total",-0.467844262602805,0.0668471817992066,-0.59886473892925,-0.33682378627636,2.58323792520818e-12,0.769934388304166,6.49022257274495,-7.20844712733691
"Winter","SO2",9633,247,39,"HAC6","Direct",-0.0938565786050357,0.0299438185624853,-0.152546462987507,-0.0351666942225645,0.00172192732729142,0.769934388304166,6.49022257274495,-1.44612264915501
"Winter","SO2",9633,247,39,"HAC6","Indirect",-0.373987683997769,0.056030348102023,-0.483807166277734,-0.264168201717804,2.47680552727212e-11,0.769934388304166,6.49022257274495,-5.7623244781819
"Winter","SO2",9633,247,39,"HAC6","Total",-0.467844262602805,0.0692674514559553,-0.603608467456477,-0.332080057749133,1.43653517743135e-11,0.769934388304166,6.49022257274495,-7.20844712733691
"Winter","SO2",9633,247,39,"HAC12","Direct",-0.0938565786050357,0.0313463265597792,-0.155295378662203,-0.0324177785478684,0.00275182552785736,0.769934388304166,6.49022257274495,-1.44612264915501
"Winter","SO2",9633,247,39,"HAC12","Indirect",-0.373987683997769,0.0584157377949144,-0.488482530075802,-0.259492837919737,1.53180528543001e-10,0.769934388304166,6.49022257274495,-5.7623244781819
"Winter","SO2",9633,247,39,"HAC12","Total",-0.467844262602805,0.0732227687119284,-0.611360889278185,-0.324327635927425,1.66616682459003e-10,0.769934388304166,6.49022257274495,-7.20844712733691
"Winter","SO2",9633,247,39,"HAC24","Direct",-0.0938565786050357,0.0341879521047136,-0.160864964730274,-0.0268481924797971,0.00604534828575374,0.769934388304166,6.49022257274495,-1.44612264915501
"Winter","SO2",9633,247,39,"HAC24","Indirect",-0.373987683997769,0.0682800023673656,-0.507816488637806,-0.240158879357733,4.31949488315872e-08,0.769934388304166,6.49022257274495,-5.7623244781819
"Winter","SO2",9633,247,39,"HAC24","Total",-0.467844262602805,0.0866444076124756,-0.637667301523257,-0.298021223682353,6.67934307961029e-08,0.769934388304166,6.49022257274495,-7.20844712733691
"Winter","O3",9633,247,39,"Joint_OIM","Direct",-0.164281070742432,0.082814538307223,-0.326597565824589,-0.00196457566027458,0.0472867733894093,0.793851224578857,14.0414679230826,-1.16997077258832
"Winter","O3",9633,247,39,"Joint_OIM","Indirect",-0.485516867844589,0.19953033292501,-0.876596320377608,-0.0944374153115698,0.0149619589200592,0.793851224578857,14.0414679230826,-3.45773583292137
"Winter","O3",9633,247,39,"Joint_OIM","Total",-0.649797938587021,0.199946135179178,-1.04169236353821,-0.257903513635831,0.00115459821074119,0.793851224578857,14.0414679230826,-4.6277066055097
"Winter","O3",9633,247,39,"HAC6","Direct",-0.164281070742432,0.0803742128323957,-0.321814527893927,-0.00674761359093595,0.0409582429871157,0.793851224578857,14.0414679230826,-1.16997077258832
"Winter","O3",9633,247,39,"HAC6","Indirect",-0.485516867844589,0.280070367623491,-1.03445478838663,0.0634210526974539,0.0829973993679528,0.793851224578857,14.0414679230826,-3.45773583292137
"Winter","O3",9633,247,39,"HAC6","Total",-0.649797938587021,0.290328964114652,-1.21884270825174,-0.0807531689223036,0.0252116864410279,0.793851224578857,14.0414679230826,-4.6277066055097
"Winter","O3",9633,247,39,"HAC12","Direct",-0.164281070742432,0.0791788034482372,-0.319471525500977,-0.00909061598388666,0.0380040331804138,0.793851224578857,14.0414679230826,-1.16997077258832
"Winter","O3",9633,247,39,"HAC12","Indirect",-0.485516867844589,0.286594535060483,-1.04724215656314,0.0762084208739575,0.0902482273820662,0.793851224578857,14.0414679230826,-3.45773583292137
"Winter","O3",9633,247,39,"HAC12","Total",-0.649797938587021,0.30348795232196,-1.24463432513806,-0.0549615520359784,0.032266005544015,0.793851224578857,14.0414679230826,-4.6277066055097
"Winter","O3",9633,247,39,"HAC24","Direct",-0.164281070742432,0.0844062329156864,-0.329717287257177,0.00115514577231382,0.0516169789512179,0.793851224578857,14.0414679230826,-1.16997077258832
"Winter","O3",9633,247,39,"HAC24","Indirect",-0.485516867844589,0.267432790872442,-1.00968513795457,0.0386514022653968,0.0694513338491661,0.793851224578857,14.0414679230826,-3.45773583292137
"Winter","O3",9633,247,39,"HAC24","Total",-0.649797938587021,0.303132155857194,-1.24393696406712,-0.0556589131069212,0.0320639324617976,0.793851224578857,14.0414679230826,-4.6277066055097
"Winter","PM10",9633,247,39,"Joint_OIM","Direct",-1.07922255076818,0.164566672399092,-1.4017732286704,-0.756671872865958,5.45468445901809e-11,0.848949296944643,56.64846602529,-1.90512228572328
"Winter","PM10",9633,247,39,"Joint_OIM","Indirect",-0.167078500871637,0.519886947534088,-1.18605691803845,0.851899916295176,0.747926469457223,0.848949296944643,56.64846602529,-0.294939144154489
"Winter","PM10",9633,247,39,"Joint_OIM","Total",-1.24630105163982,0.53551306371279,-2.29590665651688,-0.196695446762748,0.0199491549566004,0.848949296944643,56.64846602529,-2.20006142987777
"Winter","PM10",9633,247,39,"HAC6","Direct",-1.07922255076818,0.31211877177941,-1.69097534345582,-0.467469758080536,0.000544746317796715,0.848949296944643,56.64846602529,-1.90512228572328
"Winter","PM10",9633,247,39,"HAC6","Indirect",-0.167078500871637,0.906318473093335,-1.94346270813457,1.6093057063913,0.853740025220503,0.848949296944643,56.64846602529,-0.294939144154489
"Winter","PM10",9633,247,39,"HAC6","Total",-1.24630105163982,0.837057310766535,-2.88693338074222,0.394331277462591,0.136511683110053,0.848949296944643,56.64846602529,-2.20006142987777
"Winter","PM10",9633,247,39,"HAC12","Direct",-1.07922255076818,0.34062579844493,-1.74684911572024,-0.411595985816116,0.00153305594495727,0.848949296944643,56.64846602529,-1.90512228572328
"Winter","PM10",9633,247,39,"HAC12","Indirect",-0.167078500871637,0.925590385010642,-1.9812356554925,1.64707865374922,0.856752051420758,0.848949296944643,56.64846602529,-0.294939144154489
"Winter","PM10",9633,247,39,"HAC12","Total",-1.24630105163982,0.827747405235507,-2.86868596590141,0.376083862621777,0.132156061826244,0.848949296944643,56.64846602529,-2.20006142987777
"Winter","PM10",9633,247,39,"HAC24","Direct",-1.07922255076818,0.412237258908432,-1.88720757822871,-0.271237523307653,0.00884559810147388,0.848949296944643,56.64846602529,-1.90512228572328
"Winter","PM10",9633,247,39,"HAC24","Indirect",-0.167078500871637,0.942073009941995,-2.01354160035795,1.67938459861467,0.859231934347495,0.848949296944643,56.64846602529,-0.294939144154489
"Winter","PM10",9633,247,39,"HAC24","Total",-1.24630105163982,0.754158770653906,-2.72445224212147,0.231850138841839,0.0984181669564657,0.848949296944643,56.64846602529,-2.20006142987777
"Spring","NO2",9633,247,39,"Joint_OIM","Direct",0.21295265146108,0.103208955516775,0.0106630986482013,0.415242204273958,0.0390826496596543,0.839051877420267,31.2341942231529,0.681793325416491
"Spring","NO2",9633,247,39,"Joint_OIM","Indirect",-2.1887218972961,0.315685224175192,-2.80746493667948,-1.56997885791273,4.1130515116378e-12,0.839051877420267,31.2341942231529,-7.0074543356514
"Spring","NO2",9633,247,39,"Joint_OIM","Total",-1.97576924583502,0.323831081979856,-2.61047816651554,-1.3410603251545,1.05252608140262e-09,0.839051877420267,31.2341942231529,-6.3256610102349
"Spring","NO2",9633,247,39,"HAC6","Direct",0.21295265146108,0.17009625278223,-0.120436003992092,0.546341306914251,0.210586696000618,0.839051877420267,31.2341942231529,0.681793325416491
"Spring","NO2",9633,247,39,"HAC6","Indirect",-2.1887218972961,0.569149226249659,-3.30425438074543,-1.07318941384677,0.000120256399187045,0.839051877420267,31.2341942231529,-7.0074543356514
"Spring","NO2",9633,247,39,"HAC6","Total",-1.97576924583502,0.511899749342722,-2.97909275454676,-0.972445737123288,0.000113535582629463,0.839051877420267,31.2341942231529,-6.3256610102349
"Spring","NO2",9633,247,39,"HAC12","Direct",0.21295265146108,0.168020263979741,-0.116367065939212,0.542272368861371,0.205004283362832,0.839051877420267,31.2341942231529,0.681793325416491
"Spring","NO2",9633,247,39,"HAC12","Indirect",-2.1887218972961,0.576748136146783,-3.3191482441438,-1.05829555044841,0.000147681925656027,0.839051877420267,31.2341942231529,-7.0074543356514
"Spring","NO2",9633,247,39,"HAC12","Total",-1.97576924583502,0.525233528905713,-3.00522696249022,-0.946311529179826,0.000168764605672056,0.839051877420267,31.2341942231529,-6.3256610102349
"Spring","NO2",9633,247,39,"HAC24","Direct",0.21295265146108,0.12076840736734,-0.0237534269789071,0.449658729901066,0.0778475062971809,0.839051877420267,31.2341942231529,0.681793325416491
"Spring","NO2",9633,247,39,"HAC24","Indirect",-2.1887218972961,0.554687876516107,-3.27591013526767,-1.10153365932453,7.95133517975253e-05,0.839051877420267,31.2341942231529,-7.0074543356514
"Spring","NO2",9633,247,39,"HAC24","Total",-1.97576924583502,0.545868718455411,-3.04567193400763,-0.905866557662419,0.000295178203462972,0.839051877420267,31.2341942231529,-6.3256610102349
"Spring","CO",9633,247,39,"Joint_OIM","Direct",5.19376469868481,2.19995975562561,0.881843577658621,9.505685819711,0.0182333338456204,0.767816780577575,523.999357030053,0.991177685431193
"Spring","CO",9633,247,39,"Joint_OIM","Indirect",-11.8322829471411,4.90850318240097,-21.452949184647,-2.21161670963525,0.0159276818694918,0.767816780577575,523.999357030053,-2.25807203547056
"Spring","CO",9633,247,39,"Joint_OIM","Total",-6.63851824845634,4.83771054961457,-16.1204309257009,2.84339442878822,0.169987558262974,0.767816780577575,523.999357030053,-1.26689435003936
"Spring","CO",9633,247,39,"HAC6","Direct",5.19376469868481,3.40896916027418,-1.48781485545259,11.8753442528222,0.127618981085372,0.767816780577575,523.999357030053,0.991177685431193
"Spring","CO",9633,247,39,"HAC6","Indirect",-11.8322829471411,6.19674624737467,-23.9779055919955,0.3133396977132,0.0562060247964882,0.767816780577575,523.999357030053,-2.25807203547056
"Spring","CO",9633,247,39,"HAC6","Total",-6.63851824845634,6.42913796296565,-19.239628655869,5.96259215895633,0.301806392416066,0.767816780577575,523.999357030053,-1.26689435003936
"Spring","CO",9633,247,39,"HAC12","Direct",5.19376469868481,3.63343549957235,-1.927768880477,12.3152982778466,0.152878863265551,0.767816780577575,523.999357030053,0.991177685431193
"Spring","CO",9633,247,39,"HAC12","Indirect",-11.8322829471411,6.44445311415094,-24.463411050877,0.798845156594689,0.0663515286907487,0.767816780577575,523.999357030053,-2.25807203547056
"Spring","CO",9633,247,39,"HAC12","Total",-6.63851824845634,6.61412816100812,-19.6022094440323,6.32517294711958,0.315529228287442,0.767816780577575,523.999357030053,-1.26689435003936
"Spring","CO",9633,247,39,"HAC24","Direct",5.19376469868481,4.11903282930016,-2.8795396467435,13.2670690441131,0.207338211936131,0.767816780577575,523.999357030053,0.991177685431193
"Spring","CO",9633,247,39,"HAC24","Indirect",-11.8322829471411,6.95269988885049,-25.4595747292881,1.79500883500582,0.0887880582819786,0.767816780577575,523.999357030053,-2.25807203547056
"Spring","CO",9633,247,39,"HAC24","Total",-6.63851824845634,6.89148299327047,-20.1458249152665,6.86878841835378,0.335400438095602,0.767816780577575,523.999357030053,-1.26689435003936
"Spring","SO2",9633,247,39,"Joint_OIM","Direct",-0.0729716966490262,0.0288893239239712,-0.12959477154001,-0.0163486217580425,0.011540058110725,0.837416877076757,5.56275009642476,-1.31179174660257
"Spring","SO2",9633,247,39,"Joint_OIM","Indirect",-0.0738839125044996,0.0876011129756273,-0.245582093936729,0.0978142689277299,0.398997535733043,0.837416877076757,5.56275009642476,-1.32819039546619
"Spring","SO2",9633,247,39,"Joint_OIM","Total",-0.146855609153526,0.08977118782453,-0.322807137289605,0.029095918982553,0.101863029335519,0.837416877076757,5.56275009642476,-2.63998214206875
"Spring","SO2",9633,247,39,"HAC6","Direct",-0.0729716966490262,0.0290152710327583,-0.129841627873232,-0.01610176542482,0.0119052283015015,0.837416877076757,5.56275009642476,-1.31179174660257
"Spring","SO2",9633,247,39,"HAC6","Indirect",-0.0738839125044996,0.120887371275219,-0.310823160203929,0.16305533519493,0.54108059249695,0.837416877076757,5.56275009642476,-1.32819039546619
"Spring","SO2",9633,247,39,"HAC6","Total",-0.146855609153526,0.13586252254067,-0.413146153333238,0.119434935026187,0.279735676730364,0.837416877076757,5.56275009642476,-2.63998214206875
"Spring","SO2",9633,247,39,"HAC12","Direct",-0.0729716966490262,0.0294027823170198,-0.130601149990385,-0.0153422433076674,0.0130722225255268,0.837416877076757,5.56275009642476,-1.31179174660257
"Spring","SO2",9633,247,39,"HAC12","Indirect",-0.0738839125044996,0.117836360479533,-0.304843179044385,0.157075354035385,0.530656373188673,0.837416877076757,5.56275009642476,-1.32819039546619
"Spring","SO2",9633,247,39,"HAC12","Total",-0.146855609153526,0.133102694441401,-0.407736890258672,0.11402567195162,0.26988579665824,0.837416877076757,5.56275009642476,-2.63998214206875
"Spring","SO2",9633,247,39,"HAC24","Direct",-0.0729716966490262,0.0259729816792506,-0.123878740740357,-0.022064652557695,0.00496149309101603,0.837416877076757,5.56275009642476,-1.31179174660257
"Spring","SO2",9633,247,39,"HAC24","Indirect",-0.0738839125044996,0.0909979871064745,-0.25223996723319,0.104472142224191,0.416832323533089,0.837416877076757,5.56275009642476,-1.32819039546619
"Spring","SO2",9633,247,39,"HAC24","Total",-0.146855609153526,0.108700791419072,-0.359909160334906,0.0661979420278547,0.17669295744242,0.837416877076757,5.56275009642476,-2.63998214206875
"Spring","O3",9633,247,39,"Joint_OIM","Direct",-0.105933475396308,0.120766047199993,-0.342634927908295,0.130767977115678,0.380389263653947,0.788428841699239,31.3926865991399,-0.337446350957458
"Spring","O3",9633,247,39,"Joint_OIM","Indirect",1.47219133082631,0.290236584637426,0.90332762493696,2.04105503671567,3.92863167027588e-07,0.788428841699239,31.3926865991399,4.68959968168717
"Spring","O3",9633,247,39,"Joint_OIM","Total",1.36625785543001,0.28977981633085,0.798289415421539,1.93422629543847,2.419319746342e-06,0.788428841699239,31.3926865991399,4.35215333072971
"Spring","O3",9633,247,39,"HAC6","Direct",-0.105933475396308,0.213303147574591,-0.524007644642506,0.312140693849889,0.619447569094462,0.788428841699239,31.3926865991399,-0.337446350957458
"Spring","O3",9633,247,39,"HAC6","Indirect",1.47219133082631,0.499488694855184,0.493193488910154,2.45118917274247,0.00320461801888702,0.788428841699239,31.3926865991399,4.68959968168717
"Spring","O3",9633,247,39,"HAC6","Total",1.36625785543001,0.487714216521556,0.410337991047755,2.32217771981226,0.0050889410934678,0.788428841699239,31.3926865991399,4.35215333072971
"Spring","O3",9633,247,39,"HAC12","Direct",-0.105933475396308,0.214837315252188,-0.527014613290597,0.31514766249798,0.621951155051004,0.788428841699239,31.3926865991399,-0.337446350957458
"Spring","O3",9633,247,39,"HAC12","Indirect",1.47219133082631,0.502357960836977,0.487569727585838,2.45681293406679,0.00338349076965429,0.788428841699239,31.3926865991399,4.68959968168717
"Spring","O3",9633,247,39,"HAC12","Total",1.36625785543001,0.491896153812231,0.402141393958033,2.33037431690198,0.00547732587679645,0.788428841699239,31.3926865991399,4.35215333072971
"Spring","O3",9633,247,39,"HAC24","Direct",-0.105933475396308,0.18142032163051,-0.461517305792108,0.249650354999491,0.559279621032586,0.788428841699239,31.3926865991399,-0.337446350957458
"Spring","O3",9633,247,39,"HAC24","Indirect",1.47219133082631,0.469069524549426,0.552815062709439,2.39156759894319,0.00169794396078468,0.788428841699239,31.3926865991399,4.68959968168717
"Spring","O3",9633,247,39,"HAC24","Total",1.36625785543001,0.4598345532133,0.464982131131939,2.26753357972807,0.00296643928755533,0.788428841699239,31.3926865991399,4.35215333072971
"Spring","PM10",9633,247,39,"Joint_OIM","Direct",-0.613748305213661,0.16712032835656,-0.941304148792519,-0.286192461634803,0.000240195343648247,0.893660538411341,59.955229370003,-1.02367768693874
"Spring","PM10",9633,247,39,"Joint_OIM","Indirect",1.36243279268206,0.742377556533581,-0.0926272181237562,2.81749280348788,0.0664717715446429,0.893660538411341,59.955229370003,2.27241694677549
"Spring","PM10",9633,247,39,"Joint_OIM","Total",0.748684487468402,0.773172211982355,-0.766733048017014,2.26410202295382,0.332880465241399,0.893660538411341,59.955229370003,1.24873925983675
"Spring","PM10",9633,247,39,"HAC6","Direct",-0.613748305213661,0.343065412121852,-1.28615651297249,0.0586599025451684,0.0736128050057855,0.893660538411341,59.955229370003,-1.02367768693874
"Spring","PM10",9633,247,39,"HAC6","Indirect",1.36243279268206,1.17195250877994,-0.934594124526618,3.65945970989074,0.245019261369541,0.893660538411341,59.955229370003,2.27241694677549
"Spring","PM10",9633,247,39,"HAC6","Total",0.748684487468402,1.35919633161227,-1.91534032249165,3.41270929742846,0.581751037857331,0.893660538411341,59.955229370003,1.24873925983675
"Spring","PM10",9633,247,39,"HAC12","Direct",-0.613748305213661,0.356954821541762,-1.31337975543551,0.0858831450081926,0.0855414679138728,0.893660538411341,59.955229370003,-1.02367768693874
"Spring","PM10",9633,247,39,"HAC12","Indirect",1.36243279268206,1.18763670350802,-0.965335146193647,3.69020073155777,0.251307333379179,0.893660538411341,59.955229370003,2.27241694677549
"Spring","PM10",9633,247,39,"HAC12","Total",0.748684487468402,1.37233824688149,-1.94109847641932,3.43846745135613,0.585372618099589,0.893660538411341,59.955229370003,1.24873925983675
"Spring","PM10",9633,247,39,"HAC24","Direct",-0.613748305213661,0.356112747808341,-1.31172929091801,0.0842326804906869,0.0848042417553207,0.893660538411341,59.955229370003,-1.02367768693874
"Spring","PM10",9633,247,39,"HAC24","Indirect",1.36243279268206,1.14597606093609,-0.883680286752676,3.6085458721168,0.234485252035481,0.893660538411341,59.955229370003,2.27241694677549
"Spring","PM10",9633,247,39,"HAC24","Total",0.748684487468402,1.25340842721952,-1.70799602988185,3.20536500481865,0.550294517856722,0.893660538411341,59.955229370003,1.24873925983675
"Summer","NO2",9633,247,39,"Joint_OIM","Direct",-0.0415458053921702,0.0819820013327092,-0.20223052800428,0.11913891721994,0.61231803506429,0.836501037845495,21.6198936239811,-0.192164707721258
"Summer","NO2",9633,247,39,"Joint_OIM","Indirect",-2.13429781784296,0.243468588245196,-2.61149625080354,-1.65709938488237,1.84774180426331e-18,0.836501037845495,21.6198936239811,-9.8719163700027
"Summer","NO2",9633,247,39,"Joint_OIM","Total",-2.17584362323513,0.250725429363456,-2.6672654647875,-1.68442178168276,4.0210686927385e-18,0.836501037845495,21.6198936239811,-10.064081077724
"Summer","NO2",9633,247,39,"HAC6","Direct",-0.0415458053921702,0.100650034528382,-0.238819873067798,0.155728262283458,0.679771561315263,0.836501037845495,21.6198936239811,-0.192164707721258
"Summer","NO2",9633,247,39,"HAC6","Indirect",-2.13429781784296,0.411207411642011,-2.9402643446613,-1.32833129102462,2.09933623034242e-07,0.836501037845495,21.6198936239811,-9.8719163700027
"Summer","NO2",9633,247,39,"HAC6","Total",-2.17584362323513,0.382021718237008,-2.92460619097967,-1.42708105549059,1.22937434440092e-08,0.836501037845495,21.6198936239811,-10.064081077724
"Summer","NO2",9633,247,39,"HAC12","Direct",-0.0415458053921702,0.105734583390907,-0.248785588838348,0.165693978054007,0.694374567404534,0.836501037845495,21.6198936239811,-0.192164707721258
"Summer","NO2",9633,247,39,"HAC12","Indirect",-2.13429781784296,0.427248109365911,-2.97170411220015,-1.29689152348577,5.86978412828187e-07,0.836501037845495,21.6198936239811,-9.8719163700027
"Summer","NO2",9633,247,39,"HAC12","Total",-2.17584362323513,0.387842639107494,-2.93601519588582,-1.41567205058444,2.02186738859834e-08,0.836501037845495,21.6198936239811,-10.064081077724
"Summer","NO2",9633,247,39,"HAC24","Direct",-0.0415458053921702,0.116263094104461,-0.269421469836914,0.186329859052573,0.720835026314765,0.836501037845495,21.6198936239811,-0.192164707721258
"Summer","NO2",9633,247,39,"HAC24","Indirect",-2.13429781784296,0.485081499687902,-3.08505755723125,-1.18353807845467,1.08313401294473e-05,0.836501037845495,21.6198936239811,-9.8719163700027
"Summer","NO2",9633,247,39,"HAC24","Total",-2.17584362323513,0.417019774218876,-2.99320238070413,-1.35848486576613,1.81253439299762e-07,0.836501037845495,21.6198936239811,-10.064081077724
"Summer","CO",9633,247,39,"Joint_OIM","Direct",5.89403105983064,2.26168415638109,1.46113011332371,10.3269320063376,0.00915967478638388,0.751635315312062,426.007853067774,1.38354986120243
"Summer","CO",9633,247,39,"Joint_OIM","Indirect",-9.37933534607799,4.690461002322,-18.5726389106291,-0.18603178152687,0.0455368036789682,0.751635315312062,426.007853067774,-2.20168132548153
"Summer","CO",9633,247,39,"Joint_OIM","Total",-3.48530428624734,4.59312200047862,-12.4878234071854,5.51721483469074,0.447966563921377,0.751635315312062,426.007853067774,-0.818131464279101
"Summer","CO",9633,247,39,"HAC6","Direct",5.89403105983064,3.45315306719581,-0.874148951873141,12.6622110715344,0.0878490345885019,0.751635315312062,426.007853067774,1.38354986120243
"Summer","CO",9633,247,39,"HAC6","Indirect",-9.37933534607799,6.07562676510129,-21.2875638056765,2.52889311352055,0.122645456923556,0.751635315312062,426.007853067774,-2.20168132548153
"Summer","CO",9633,247,39,"HAC6","Total",-3.48530428624734,6.58184855708095,-16.385727458126,9.41511888563132,0.596435940337606,0.751635315312062,426.007853067774,-0.818131464279101
"Summer","CO",9633,247,39,"HAC12","Direct",5.89403105983064,3.6627326182662,-1.28492487197111,13.0729869916324,0.107574900355323,0.751635315312062,426.007853067774,1.38354986120243
"Summer","CO",9633,247,39,"HAC12","Indirect",-9.37933534607799,6.19512710819949,-21.521784478149,2.76311378599301,0.130029405210928,0.751635315312062,426.007853067774,-2.20168132548153
"Summer","CO",9633,247,39,"HAC12","Total",-3.48530428624734,6.62933449786884,-16.4787999020703,9.50819132957559,0.599069080733526,0.751635315312062,426.007853067774,-0.818131464279101
"Summer","CO",9633,247,39,"HAC24","Direct",5.89403105983064,3.88249955411072,-1.71566806622638,13.5037301858877,0.128988640214698,0.751635315312062,426.007853067774,1.38354986120243
"Summer","CO",9633,247,39,"HAC24","Indirect",-9.37933534607799,6.87492497327794,-22.8541882937028,4.09551760154678,0.172478876688593,0.751635315312062,426.007853067774,-2.20168132548153
"Summer","CO",9633,247,39,"HAC24","Total",-3.48530428624734,6.84727215725876,-16.9059577144745,9.93534914197983,0.610747847054661,0.751635315312062,426.007853067774,-0.818131464279101
"Summer","SO2",9633,247,39,"Joint_OIM","Direct",0.00371358520426611,0.0291828197616447,-0.0534847415285575,0.0609119119370897,0.898740596602143,0.849243383334013,4.27995263663899,0.0867669696266162
"Summer","SO2",9633,247,39,"Joint_OIM","Indirect",0.110482538046538,0.0927964264148881,-0.0713984577266422,0.292363533819719,0.233814406903981,0.849243383334013,4.27995263663899,2.58139627763029
"Summer","SO2",9633,247,39,"Joint_OIM","Total",0.114196123250805,0.0959101828213612,-0.0737878350790634,0.302180081580672,0.233788294926852,0.849243383334013,4.27995263663899,2.66816324725691
"Summer","SO2",9633,247,39,"HAC6","Direct",0.00371358520426611,0.0255368960452837,-0.04633873104449,0.0537659014530222,0.884378972390876,0.849243383334013,4.27995263663899,0.0867669696266162
"Summer","SO2",9633,247,39,"HAC6","Indirect",0.110482538046538,0.111092587281871,-0.107258933025929,0.328224009119006,0.319975300499493,0.849243383334013,4.27995263663899,2.58139627763029
"Summer","SO2",9633,247,39,"HAC6","Total",0.114196123250805,0.114097112001079,-0.109434216271311,0.33782646277292,0.31689073512114,0.849243383334013,4.27995263663899,2.66816324725691
"Summer","SO2",9633,247,39,"HAC12","Direct",0.00371358520426611,0.0253656715549905,-0.0460031310435153,0.0534303014520476,0.883604043657027,0.849243383334013,4.27995263663899,0.0867669696266162
"Summer","SO2",9633,247,39,"HAC12","Indirect",0.110482538046538,0.109262163573987,-0.103671302558477,0.324636378651553,0.311935439105507,0.849243383334013,4.27995263663899,2.58139627763029
"Summer","SO2",9633,247,39,"HAC12","Total",0.114196123250805,0.111271420033227,-0.103895860014321,0.33228810651593,0.30475754534634,0.849243383334013,4.27995263663899,2.66816324725691
"Summer","SO2",9633,247,39,"HAC24","Direct",0.00371358520426611,0.0249799808758543,-0.0452471773124083,0.0526743477209406,0.881819991008019,0.849243383334013,4.27995263663899,0.0867669696266162
"Summer","SO2",9633,247,39,"HAC24","Indirect",0.110482538046538,0.0944694365083388,-0.0746775575098057,0.295642633602883,0.242199973462759,0.849243383334013,4.27995263663899,2.58139627763029
"Summer","SO2",9633,247,39,"HAC24","Total",0.114196123250805,0.0913051476740667,-0.0647619661903661,0.293154212691975,0.211040852326319,0.849243383334013,4.27995263663899,2.66816324725691
"Summer","O3",9633,247,39,"Joint_OIM","Direct",0.210696189825284,0.11071943460624,-0.00631390200294593,0.427706281653514,0.0570439562283644,0.860787426464034,31.1772169423713,0.675801788898413
"Summer","O3",9633,247,39,"Joint_OIM","Indirect",1.67161802679112,0.379399211519179,0.927995572213533,2.41524048136871,1.05316043603894e-05,0.860787426464034,31.1772169423713,5.36166531438961
"Summer","O3",9633,247,39,"Joint_OIM","Total",1.88231421661641,0.394218755643617,1.10964545555492,2.6549829776779,1.7988933405132e-06,0.860787426464034,31.1772169423713,6.03746710328803
"Summer","O3",9633,247,39,"HAC6","Direct",0.210696189825284,0.127820154681505,-0.0398313133504646,0.461223693001033,0.0992747122896227,0.860787426464034,31.1772169423713,0.675801788898413
"Summer","O3",9633,247,39,"HAC6","Indirect",1.67161802679112,0.5358480887859,0.62135577277076,2.72188028081149,0.00181112462421335,0.860787426464034,31.1772169423713,5.36166531438961
"Summer","O3",9633,247,39,"HAC6","Total",1.88231421661641,0.544607633997981,0.814883253980365,2.94974517925245,0.000547694501118678,0.860787426464034,31.1772169423713,6.03746710328803
"Summer","O3",9633,247,39,"HAC12","Direct",0.210696189825284,0.125567228964495,-0.0354155789451255,0.456807958595694,0.0933558373255366,0.860787426464034,31.1772169423713,0.675801788898413
"Summer","O3",9633,247,39,"HAC12","Indirect",1.67161802679112,0.542835667523609,0.607660118444849,2.7355759351374,0.00207405326932146,0.860787426464034,31.1772169423713,5.36166531438961
"Summer","O3",9633,247,39,"HAC12","Total",1.88231421661641,0.55929750688039,0.786091103130844,2.97853733010197,0.000764058311542864,0.860787426464034,31.1772169423713,6.03746710328803
"Summer","O3",9633,247,39,"HAC24","Direct",0.210696189825284,0.130490747655413,-0.0450656755793255,0.466458055229894,0.106387666569292,0.860787426464034,31.1772169423713,0.675801788898413
"Summer","O3",9633,247,39,"HAC24","Indirect",1.67161802679112,0.618738870959786,0.458889839709943,2.8843462138723,0.00689956272231994,0.860787426464034,31.1772169423713,5.36166531438961
"Summer","O3",9633,247,39,"HAC24","Total",1.88231421661641,0.642635985350525,0.622747685329379,3.14188074790344,0.00339997540293676,0.860787426464034,31.1772169423713,6.03746710328803
"Summer","PM10",9633,247,39,"Joint_OIM","Direct",-0.499734965295035,0.133551399125449,-0.761495707580914,-0.237974223009155,0.000182639718584641,0.869982329124206,37.050927234789,-1.3487785666692
"Summer","PM10",9633,247,39,"Joint_OIM","Indirect",0.845072173079852,0.485397109582363,-0.106306161701579,1.79645050786128,0.0816850933263717,0.869982329124206,37.050927234789,2.28083947191036
"Summer","PM10",9633,247,39,"Joint_OIM","Total",0.345337207784817,0.505089009843067,-0.644637251507594,1.33531166707723,0.49415480527825,0.869982329124206,37.050927234789,0.932060905241158
"Summer","PM10",9633,247,39,"HAC6","Direct",-0.499734965295035,0.263215827230582,-1.01563798666697,0.0161680560769051,0.0576203899702019,0.869982329124206,37.050927234789,-1.3487785666692
"Summer","PM10",9633,247,39,"HAC6","Indirect",0.845072173079852,0.870432887404396,-0.860976286232764,2.55112063239247,0.331615882317347,0.869982329124206,37.050927234789,2.28083947191036
"Summer","PM10",9633,247,39,"HAC6","Total",0.345337207784817,0.772205622695712,-1.16818581269878,1.85886022826841,0.654724254023507,0.869982329124206,37.050927234789,0.932060905241158
"Summer","PM10",9633,247,39,"HAC12","Direct",-0.499734965295035,0.269745574592573,-1.02843629149648,0.0289663609064084,0.063937418626405,0.869982329124206,37.050927234789,-1.3487785666692
"Summer","PM10",9633,247,39,"HAC12","Indirect",0.845072173079852,0.865775606755493,-0.851848016160914,2.54199236232062,0.329021434020799,0.869982329124206,37.050927234789,2.28083947191036
"Summer","PM10",9633,247,39,"HAC12","Total",0.345337207784817,0.735237933239688,-1.09572914136497,1.78640355693461,0.638573303396245,0.869982329124206,37.050927234789,0.932060905241158
"Summer","PM10",9633,247,39,"HAC24","Direct",-0.499734965295035,0.296625565680242,-1.08112107402831,0.0816511434382393,0.0920400405763505,0.869982329124206,37.050927234789,-1.3487785666692
"Summer","PM10",9633,247,39,"HAC24","Indirect",0.845072173079852,0.882616009613124,-0.884855205761872,2.57499955192158,0.338333612718459,0.869982329124206,37.050927234789,2.28083947191036
"Summer","PM10",9633,247,39,"HAC24","Total",0.345337207784817,0.686881260381809,-1.00095006256353,1.69162447813316,0.615132215719704,0.869982329124206,37.050927234789,0.932060905241158
"Autumn","NO2",9633,247,39,"Joint_OIM","Direct",0.0612733717966725,0.103847292460226,-0.14226732142537,0.264814065018715,0.55516825267261,0.845942273475773,29.6339045105106,0.206767797928687
"Autumn","NO2",9633,247,39,"Joint_OIM","Indirect",-1.90992094878011,0.314372279052898,-2.52609061572379,-1.29375128183643,1.23719239204872e-09,0.845942273475773,29.6339045105106,-6.4450533276933
"Autumn","NO2",9633,247,39,"Joint_OIM","Total",-1.84864757698344,0.323985768333018,-2.48365968291616,-1.21363547105073,1.1569390081005e-08,0.845942273475773,29.6339045105106,-6.23828552976461
"Autumn","NO2",9633,247,39,"HAC6","Direct",0.0612733717966725,0.137938783888328,-0.20908664462445,0.331633388217795,0.656892940050121,0.845942273475773,29.6339045105106,0.206767797928687
"Autumn","NO2",9633,247,39,"HAC6","Indirect",-1.90992094878011,0.68864130379355,-3.25965790421547,-0.560183993344757,0.00554632034021376,0.845942273475773,29.6339045105106,-6.4450533276933
"Autumn","NO2",9633,247,39,"HAC6","Total",-1.84864757698344,0.688664741274334,-3.19843046988114,-0.498864684085748,0.00726613959332919,0.845942273475773,29.6339045105106,-6.23828552976461
"Autumn","NO2",9633,247,39,"HAC12","Direct",0.0612733717966725,0.145605018058377,-0.224112463597747,0.346659207191092,0.673887187672033,0.845942273475773,29.6339045105106,0.206767797928687
"Autumn","NO2",9633,247,39,"HAC12","Indirect",-1.90992094878011,0.736198443124555,-3.35286989730424,-0.466972000255986,0.00947832441969517,0.845942273475773,29.6339045105106,-6.4450533276933
"Autumn","NO2",9633,247,39,"HAC12","Total",-1.84864757698344,0.727328756914564,-3.27421194053599,-0.423083213430897,0.0110316515892567,0.845942273475773,29.6339045105106,-6.23828552976461
"Autumn","NO2",9633,247,39,"HAC24","Direct",0.0612733717966725,0.161332034213592,-0.254937415261968,0.377484158855313,0.704096343199827,0.845942273475773,29.6339045105106,0.206767797928687
"Autumn","NO2",9633,247,39,"HAC24","Indirect",-1.90992094878011,0.869094180783894,-3.61334554311655,-0.206496354443683,0.0279776579421367,0.845942273475773,29.6339045105106,-6.4450533276933
"Autumn","NO2",9633,247,39,"HAC24","Total",-1.84864757698344,0.821773867303847,-3.45932435689898,-0.237970797067902,0.0244755016481888,0.845942273475773,29.6339045105106,-6.23828552976461
"Autumn","CO",9633,247,39,"Joint_OIM","Direct",7.16569274137927,2.34556495468643,2.56838543019387,11.7630000525647,0.00225063144011437,0.778576968327057,530.323551930055,1.35119262859447
"Autumn","CO",9633,247,39,"Joint_OIM","Indirect",-16.0371630606303,5.19516322160045,-26.2196829749672,-5.85464314629341,0.002022276376682,0.778576968327057,530.323551930055,-3.02403372474497
"Autumn","CO",9633,247,39,"Joint_OIM","Total",-8.87147031925101,5.1585235074547,-18.9821763938622,1.23923575536019,0.0854743866430849,0.778576968327057,530.323551930055,-1.6728410961505
"Autumn","CO",9633,247,39,"HAC6","Direct",7.16569274137927,2.59082817476142,2.08766951884689,12.2437159639116,0.00567846807704906,0.778576968327057,530.323551930055,1.35119262859447
"Autumn","CO",9633,247,39,"HAC6","Indirect",-16.0371630606303,7.95620382000377,-31.6313225478377,-0.443003573422889,0.0438334200839453,0.778576968327057,530.323551930055,-3.02403372474497
"Autumn","CO",9633,247,39,"HAC6","Total",-8.87147031925101,8.76195561594338,-26.0449033265,8.30196268799802,0.311299578033769,0.778576968327057,530.323551930055,-1.6728410961505
"Autumn","CO",9633,247,39,"HAC12","Direct",7.16569274137927,2.51884959222789,2.2287475406126,12.1026379421459,0.00444354715348182,0.778576968327057,530.323551930055,1.35119262859447
"Autumn","CO",9633,247,39,"HAC12","Indirect",-16.0371630606303,8.25964008404302,-32.2260576253546,0.151731504094041,0.0521819364937378,0.778576968327057,530.323551930055,-3.02403372474497
"Autumn","CO",9633,247,39,"HAC12","Total",-8.87147031925101,8.86116880643311,-26.2393611798599,8.49642054135789,0.3167482308864,0.778576968327057,530.323551930055,-1.6728410961505
"Autumn","CO",9633,247,39,"HAC24","Direct",7.16569274137927,2.47319649579197,2.318227609627,12.0131578731315,0.00376340869999881,0.778576968327057,530.323551930055,1.35119262859447
"Autumn","CO",9633,247,39,"HAC24","Indirect",-16.0371630606303,8.56680053377243,-32.8280921068243,0.753765985563692,0.0612047873593749,0.778576968327057,530.323551930055,-3.02403372474497
"Autumn","CO",9633,247,39,"HAC24","Total",-8.87147031925101,8.80613223831972,-26.1314895063577,8.38854886785564,0.313733170792874,0.778576968327057,530.323551930055,-1.6728410961505
"Autumn","SO2",9633,247,39,"Joint_OIM","Direct",-0.0370768234786198,0.0245060993282963,-0.0851087781620805,0.010955131204841,0.130289037634978,0.805806945393857,4.39295093283243,-0.84400722988986
"Autumn","SO2",9633,247,39,"Joint_OIM","Indirect",0.00663312709089641,0.0606737244516503,-0.112287372834338,0.125553627016131,0.912945082161214,0.805806945393857,4.39295093283243,0.150994791253441
"Autumn","SO2",9633,247,39,"Joint_OIM","Total",-0.0304436963877234,0.0613275578212703,-0.150645709717413,0.0897583169419664,0.619604211765831,0.805806945393857,4.39295093283243,-0.69301243863642
"Autumn","SO2",9633,247,39,"HAC6","Direct",-0.0370768234786198,0.0230837297014422,-0.0823209336934465,0.0081672867362069,0.108232477501058,0.805806945393857,4.39295093283243,-0.84400722988986
"Autumn","SO2",9633,247,39,"HAC6","Indirect",0.00663312709089641,0.072294303636121,-0.135063708035901,0.148329962217694,0.926895299796861,0.805806945393857,4.39295093283243,0.150994791253441
"Autumn","SO2",9633,247,39,"HAC6","Total",-0.0304436963877234,0.0822355197055477,-0.191625315010597,0.13073792223515,0.711232507247872,0.805806945393857,4.39295093283243,-0.69301243863642
"Autumn","SO2",9633,247,39,"HAC12","Direct",-0.0370768234786198,0.0244093089143664,-0.0849190689507779,0.0107654219935384,0.128771949999215,0.805806945393857,4.39295093283243,-0.84400722988986
"Autumn","SO2",9633,247,39,"HAC12","Indirect",0.00663312709089641,0.0687543961497081,-0.128125489362531,0.141391743544324,0.923142788716345,0.805806945393857,4.39295093283243,0.150994791253441
"Autumn","SO2",9633,247,39,"HAC12","Total",-0.0304436963877234,0.0789648749235987,-0.185214851237977,0.12432745846253,0.699841330653894,0.805806945393857,4.39295093283243,-0.69301243863642
"Autumn","SO2",9633,247,39,"HAC24","Direct",-0.0370768234786198,0.0259207320813049,-0.0878814583579774,0.0137278114007378,0.152604369567113,0.805806945393857,4.39295093283243,-0.84400722988986
"Autumn","SO2",9633,247,39,"HAC24","Indirect",0.00663312709089641,0.048281335855695,-0.0879982911862657,0.101264545368059,0.890726556226434,0.805806945393857,4.39295093283243,0.150994791253441
"Autumn","SO2",9633,247,39,"HAC24","Total",-0.0304436963877234,0.0541958134553876,-0.136667490760283,0.0757800979848363,0.574296444357446,0.805806945393857,4.39295093283243,-0.69301243863642
"Autumn","O3",9633,247,39,"Joint_OIM","Direct",-0.0169610636802741,0.0931265166570436,-0.19948903632808,0.165566908967531,0.855481285613179,0.845421575081298,18.8402125883395,-0.0900258614426228
"Autumn","O3",9633,247,39,"Joint_OIM","Indirect",0.00768759031042048,0.281761650112835,-0.544565243910737,0.559940424531578,0.978233202845183,0.845421575081298,18.8402125883395,0.0408041590527404
"Autumn","O3",9633,247,39,"Joint_OIM","Total",-0.00927347336985364,0.290439342193457,-0.57853458406903,0.559987637329323,0.974528573984651,0.845421575081298,18.8402125883395,-0.0492217023898824
"Autumn","O3",9633,247,39,"HAC6","Direct",-0.0169610636802741,0.1197978945948,-0.251764937086081,0.217842809725533,0.88741125270522,0.845421575081298,18.8402125883395,-0.0900258614426228
"Autumn","O3",9633,247,39,"HAC6","Indirect",0.00768759031042048,0.336802848854152,-0.652445993443718,0.667821174064559,0.981789711480844,0.845421575081298,18.8402125883395,0.0408041590527404
"Autumn","O3",9633,247,39,"HAC6","Total",-0.00927347336985364,0.396492400247142,-0.786398577854252,0.767851631114545,0.981340155126504,0.845421575081298,18.8402125883395,-0.0492217023898824
"Autumn","O3",9633,247,39,"HAC12","Direct",-0.0169610636802741,0.123257364541808,-0.258545498182217,0.224623370821669,0.890551103004422,0.845421575081298,18.8402125883395,-0.0900258614426228
"Autumn","O3",9633,247,39,"HAC12","Indirect",0.00768759031042048,0.338814513905023,-0.656388856943424,0.671764037564265,0.981897813981336,0.845421575081298,18.8402125883395,0.0408041590527404
"Autumn","O3",9633,247,39,"HAC12","Total",-0.00927347336985364,0.399880396201917,-0.793039049925611,0.774492103185904,0.981498222635431,0.845421575081298,18.8402125883395,-0.0492217023898824
"Autumn","O3",9633,247,39,"HAC24","Direct",-0.0169610636802741,0.123788285348525,-0.259586102963383,0.225663975602835,0.891017586466081,0.845421575081298,18.8402125883395,-0.0900258614426228
"Autumn","O3",9633,247,39,"HAC24","Indirect",0.00768759031042048,0.351817414643331,-0.681874542390508,0.697249723011349,0.982566748318524,0.845421575081298,18.8402125883395,0.0408041590527404
"Autumn","O3",9633,247,39,"HAC24","Total",-0.00927347336985364,0.402628772795469,-0.798425868048972,0.779878921309265,0.98162449485759,0.845421575081298,18.8402125883395,-0.0492217023898824
"Autumn","PM10",9633,247,39,"Joint_OIM","Direct",-0.851672516877432,0.139020899464369,-1.1241534798276,-0.579191553927269,8.99917532046168e-10,0.854533570587772,40.3527206061825,-2.11057025172907
"Autumn","PM10",9633,247,39,"Joint_OIM","Indirect",0.939063629893047,0.441880898635533,0.0729770685674013,1.80515019121869,0.0335740158834837,0.854533570587772,40.3527206061825,2.32713833363982
"Autumn","PM10",9633,247,39,"Joint_OIM","Total",0.0873911130156146,0.456875748539578,-0.808085354121959,0.982867580153188,0.84830636693755,0.854533570587772,40.3527206061825,0.216568081910753
"Autumn","PM10",9633,247,39,"HAC6","Direct",-0.851672516877432,0.316350935317304,-1.47172035009935,-0.231624683655517,0.0070987391153216,0.854533570587772,40.3527206061825,-2.11057025172907
"Autumn","PM10",9633,247,39,"HAC6","Indirect",0.939063629893047,0.976075446435888,-0.974044245121294,2.85217150490739,0.336008923430551,0.854533570587772,40.3527206061825,2.32713833363982
"Autumn","PM10",9633,247,39,"HAC6","Total",0.0873911130156146,0.905358684235847,-1.68711190808665,1.86189413411787,0.923102421231811,0.854533570587772,40.3527206061825,0.216568081910753
"Autumn","PM10",9633,247,39,"HAC12","Direct",-0.851672516877432,0.322092806734894,-1.48297441807782,-0.22037061567704,0.00818882252110918,0.854533570587772,40.3527206061825,-2.11057025172907
"Autumn","PM10",9633,247,39,"HAC12","Indirect",0.939063629893047,1.02232169974382,-1.06468690160485,2.94281416139094,0.358325859763977,0.854533570587772,40.3527206061825,2.32713833363982
"Autumn","PM10",9633,247,39,"HAC12","Total",0.0873911130156146,0.958855365112606,-1.79196540260509,1.96674762863632,0.927380491772447,0.854533570587772,40.3527206061825,0.216568081910753
"Autumn","PM10",9633,247,39,"HAC24","Direct",-0.851672516877432,0.301349446787918,-1.44231743258175,-0.261027601173114,0.00471044729385502,0.854533570587772,40.3527206061825,-2.11057025172907
"Autumn","PM10",9633,247,39,"HAC24","Indirect",0.939063629893047,1.11778647230937,-1.25179785583332,3.12992511561942,0.400846695354234,0.854533570587772,40.3527206061825,2.32713833363982
"Autumn","PM10",9633,247,39,"HAC24","Total",0.0873911130156146,1.10434786540382,-2.07713070317588,2.25191292920711,0.936926292988625,0.854533570587772,40.3527206061825,0.216568081910753
"trend_Winter","NO2",9633,247,39,"Joint_OIM","Direct",0.201438075333704,0.137442413899111,-0.0679490559085535,0.470825206575961,0.142752385574696,0.817906440759444,35.3125443110506,0.570443391332372
"trend_Winter","NO2",9633,247,39,"Joint_OIM","Indirect",1.12431590233001,0.513831941617402,0.1172052967599,2.13142650790012,0.0286622861983139,0.817906440759444,35.3125443110506,3.18389944498609
"trend_Winter","NO2",9633,247,39,"Joint_OIM","Total",1.32575397766371,0.539545381415253,0.268245030089816,2.38326292523761,0.0140036941837885,0.817906440759444,35.3125443110506,3.75434283631846
"trend_Winter","NO2",9633,247,39,"HAC6","Direct",0.201438075333704,0.182777880035102,-0.156806569535097,0.559682720202505,0.270421591460358,0.817906440759444,35.3125443110506,0.570443391332372
"trend_Winter","NO2",9633,247,39,"HAC6","Indirect",1.12431590233001,1.06494379256598,-0.962973931099309,3.21160573575933,0.291081806283814,0.817906440759444,35.3125443110506,3.18389944498609
"trend_Winter","NO2",9633,247,39,"HAC6","Total",1.32575397766371,1.22039330929249,-1.06621690854957,3.71772486387699,0.277331528008977,0.817906440759444,35.3125443110506,3.75434283631846
"trend_Winter","NO2",9633,247,39,"HAC12","Direct",0.201438075333704,0.183670485819305,-0.158556076872134,0.561432227539541,0.272756715896875,0.817906440759444,35.3125443110506,0.570443391332372
"trend_Winter","NO2",9633,247,39,"HAC12","Indirect",1.12431590233001,1.11508212042248,-1.06124505369805,3.30987685835806,0.313319673399493,0.817906440759444,35.3125443110506,3.18389944498609
"trend_Winter","NO2",9633,247,39,"HAC12","Total",1.32575397766371,1.27181826631103,-1.1670098243059,3.81851777963332,0.297222397869442,0.817906440759444,35.3125443110506,3.75434283631846
"trend_Winter","NO2",9633,247,39,"HAC24","Direct",0.201438075333704,0.165243653006006,-0.122439484558069,0.525315635225476,0.22283026822789,0.817906440759444,35.3125443110506,0.570443391332372
"trend_Winter","NO2",9633,247,39,"HAC24","Indirect",1.12431590233001,1.04079395482179,-0.915640249120703,3.16427205378072,0.280031624426863,0.817906440759444,35.3125443110506,3.18389944498609
"trend_Winter","NO2",9633,247,39,"HAC24","Total",1.32575397766371,1.18291737933904,-0.992764085840803,3.64427204116823,0.262394535634396,0.817906440759444,35.3125443110506,3.75434283631846
"trend_Winter","CO",9633,247,39,"Joint_OIM","Direct",9.24742697516661,3.23416471388504,2.90846413595192,15.5863898143813,0.00424585406729251,0.786638928294112,717.88441976305,1.28814983590518
"trend_Winter","CO",9633,247,39,"Joint_OIM","Indirect",17.9649954615917,10.4822253002449,-2.58016612688837,38.5101570500718,0.0865556884641704,0.786638928294112,717.88441976305,2.50249134359559
"trend_Winter","CO",9633,247,39,"Joint_OIM","Total",27.2124224367583,10.9389512329092,5.77207802025631,48.6527668532603,0.0128585573607323,0.786638928294112,717.88441976305,3.79064117950077
"trend_Winter","CO",9633,247,39,"HAC6","Direct",9.24742697516661,2.62022206560358,4.11179172658359,14.3830622237496,0.000416734285233046,0.786638928294112,717.88441976305,1.28814983590518
"trend_Winter","CO",9633,247,39,"HAC6","Indirect",17.9649954615917,12.2331861447787,-6.01204938217444,41.9420403053579,0.141955995530682,0.786638928294112,717.88441976305,2.50249134359559
"trend_Winter","CO",9633,247,39,"HAC6","Total",27.2124224367583,12.5230400823934,2.66726387526726,51.7575809982494,0.0297811807096977,0.786638928294112,717.88441976305,3.79064117950077
"trend_Winter","CO",9633,247,39,"HAC12","Direct",9.24742697516661,2.61083640118258,4.13018762884875,14.3646663214845,0.000397195179904318,0.786638928294112,717.88441976305,1.28814983590518
"trend_Winter","CO",9633,247,39,"HAC12","Indirect",17.9649954615917,12.1386145908407,-5.82668913645608,41.7566800596395,0.13887663534947,0.786638928294112,717.88441976305,2.50249134359559
"trend_Winter","CO",9633,247,39,"HAC12","Total",27.2124224367583,12.3292043938105,3.0471818248898,51.3776630486269,0.0273034741978328,0.786638928294112,717.88441976305,3.79064117950077
"trend_Winter","CO",9633,247,39,"HAC24","Direct",9.24742697516661,2.55694052786486,4.23582354055148,14.2590304097817,0.000298499896970135,0.786638928294112,717.88441976305,1.28814983590518
"trend_Winter","CO",9633,247,39,"HAC24","Indirect",17.9649954615917,11.1729689423851,-3.93402366548305,39.8640145886665,0.107857499467773,0.786638928294112,717.88441976305,2.50249134359559
"trend_Winter","CO",9633,247,39,"HAC24","Total",27.2124224367583,11.2264503933027,5.20857966588506,49.2162652076316,0.0153524630254751,0.786638928294112,717.88441976305,3.79064117950077
"trend_Winter","SO2",9633,247,39,"Joint_OIM","Direct",-0.0551571697082864,0.0369525073409065,-0.127584084096463,0.0172697446798903,0.135528759659543,0.762899651866113,6.49022257274495,-0.849850202979379
"trend_Winter","SO2",9633,247,39,"Joint_OIM","Indirect",-0.0531685211542082,0.109021926105021,-0.26685149632005,0.160514454011634,0.625771918149038,0.762899651866113,6.49022257274495,-0.819209519523787
"trend_Winter","SO2",9633,247,39,"Joint_OIM","Total",-0.108325690862495,0.113075855738205,-0.329954368109377,0.113302986384388,0.338067124077072,0.762899651866113,6.49022257274495,-1.66905972250317
"trend_Winter","SO2",9633,247,39,"HAC6","Direct",-0.0551571697082864,0.0268893294105428,-0.10786025535295,-0.00245408406362246,0.0402410404861605,0.762899651866113,6.49022257274495,-0.849850202979379
"trend_Winter","SO2",9633,247,39,"HAC6","Indirect",-0.0531685211542082,0.0674951451819973,-0.185459005710923,0.0791219634025065,0.430849709132236,0.762899651866113,6.49022257274495,-0.819209519523787
"trend_Winter","SO2",9633,247,39,"HAC6","Total",-0.108325690862495,0.0773842120085319,-0.259998746399217,0.043347364674228,0.161560557242024,0.762899651866113,6.49022257274495,-1.66905972250317
"trend_Winter","SO2",9633,247,39,"HAC12","Direct",-0.0551571697082864,0.0273834925136831,-0.108828815035105,-0.00148552438146748,0.0439834078743204,0.762899651866113,6.49022257274495,-0.849850202979379
"trend_Winter","SO2",9633,247,39,"HAC12","Indirect",-0.0531685211542082,0.0662406148250343,-0.183000126211276,0.0766630839028591,0.422172768786043,0.762899651866113,6.49022257274495,-0.819209519523787
"trend_Winter","SO2",9633,247,39,"HAC12","Total",-0.108325690862495,0.0771454490093541,-0.259530770920829,0.0428793891958394,0.160266821599438,0.762899651866113,6.49022257274495,-1.66905972250317
"trend_Winter","SO2",9633,247,39,"HAC24","Direct",-0.0551571697082864,0.0270582573865838,-0.108191354185991,-0.0021229852305822,0.0415039719706469,0.762899651866113,6.49022257274495,-0.849850202979379
"trend_Winter","SO2",9633,247,39,"HAC24","Indirect",-0.0531685211542082,0.0456099418999902,-0.142564007278189,0.0362269649697726,0.2437267872835,0.762899651866113,6.49022257274495,-0.819209519523787
"trend_Winter","SO2",9633,247,39,"HAC24","Total",-0.108325690862495,0.062033468879969,-0.229911289867234,0.0132599081422447,0.0807682316368804,0.762899651866113,6.49022257274495,-1.66905972250317
"trend_Winter","O3",9633,247,39,"Joint_OIM","Direct",-0.0273383004191626,0.0998052529714753,-0.222956596243254,0.168279995404929,0.784148830906975,0.789938291879287,14.0414679230826,-0.194696883323868
"trend_Winter","O3",9633,247,39,"Joint_OIM","Indirect",0.0147470928727298,0.328274422511302,-0.628670775249422,0.658164960994881,0.964168633033352,0.789938291879287,14.0414679230826,0.105025293320559
"trend_Winter","O3",9633,247,39,"Joint_OIM","Total",-0.0125912075464329,0.34285863845965,-0.684594138927346,0.659411723834481,0.970704916715661,0.789938291879287,14.0414679230826,-0.0896715900033094
"trend_Winter","O3",9633,247,39,"HAC6","Direct",-0.0273383004191626,0.0731734314991321,-0.170758226157461,0.116081625319136,0.70869475046302,0.789938291879287,14.0414679230826,-0.194696883323868
"trend_Winter","O3",9633,247,39,"HAC6","Indirect",0.0147470928727298,0.536486676657749,-1.03676679337646,1.06626097912192,0.978070292147588,0.789938291879287,14.0414679230826,0.105025293320559
"trend_Winter","O3",9633,247,39,"HAC6","Total",-0.0125912075464329,0.521232286180102,-1.03420648845943,1.00902407336657,0.98072768441435,0.789938291879287,14.0414679230826,-0.0896715900033094
"trend_Winter","O3",9633,247,39,"HAC12","Direct",-0.0273383004191626,0.0646173470822044,-0.153988300700283,0.0993116998619581,0.67223697047209,0.789938291879287,14.0414679230826,-0.194696883323868
"trend_Winter","O3",9633,247,39,"HAC12","Indirect",0.0147470928727298,0.550872454370587,-1.06496291769362,1.09445710343908,0.978642837632918,0.789938291879287,14.0414679230826,0.105025293320559
"trend_Winter","O3",9633,247,39,"HAC12","Total",-0.0125912075464329,0.542436021085338,-1.0757658088737,1.05058339378083,0.981480898015441,0.789938291879287,14.0414679230826,-0.0896715900033094
"trend_Winter","O3",9633,247,39,"HAC24","Direct",-0.0273383004191626,0.0522299985159617,-0.129709097510448,0.0750324966721223,0.600681015594201,0.789938291879287,14.0414679230826,-0.194696883323868
"trend_Winter","O3",9633,247,39,"HAC24","Indirect",0.0147470928727298,0.493480472715208,-0.952474633649078,0.981968819394538,0.976159691670846,0.789938291879287,14.0414679230826,0.105025293320559
"trend_Winter","O3",9633,247,39,"HAC24","Total",-0.0125912075464329,0.501267989956409,-0.995076467860995,0.969894052768129,0.979960272849287,0.789938291879287,14.0414679230826,-0.0896715900033094
"trend_Winter","PM10",9633,247,39,"Joint_OIM","Direct",-0.404315682950828,0.198969379717215,-0.79429566719657,-0.0143356987050859,0.0421486173627897,0.850011128705933,56.64846602529,-0.71372750459002
"trend_Winter","PM10",9633,247,39,"Joint_OIM","Indirect",-0.429701466422515,0.88815255654568,-2.17048047725205,1.31107754440702,0.628517218780164,0.850011128705933,56.64846602529,-0.758540339345959
"trend_Winter","PM10",9633,247,39,"Joint_OIM","Total",-0.834017149373343,0.935922920900962,-2.66842607433923,1.00039177559254,0.372866220089242,0.850011128705933,56.64846602529,-1.47226784393598
"trend_Winter","PM10",9633,247,39,"HAC6","Direct",-0.404315682950828,0.258124440495636,-0.910239586322274,0.101608220420619,0.117264466588024,0.850011128705933,56.64846602529,-0.71372750459002
"trend_Winter","PM10",9633,247,39,"HAC6","Indirect",-0.429701466422515,1.13964278889618,-2.66340133265903,1.803998399814,0.706137000103445,0.850011128705933,56.64846602529,-0.758540339345959
"trend_Winter","PM10",9633,247,39,"HAC6","Total",-0.834017149373343,1.2627016885128,-3.30891245885843,1.64087816011174,0.508931654827095,0.850011128705933,56.64846602529,-1.47226784393598
"trend_Winter","PM10",9633,247,39,"HAC12","Direct",-0.404315682950828,0.261946987609284,-0.917731778665025,0.10910041276337,0.122709037710789,0.850011128705933,56.64846602529,-0.71372750459002
"trend_Winter","PM10",9633,247,39,"HAC12","Indirect",-0.429701466422515,1.12729188742091,-2.6391935657675,1.77979063292247,0.703069461623819,0.850011128705933,56.64846602529,-0.758540339345959
"trend_Winter","PM10",9633,247,39,"HAC12","Total",-0.834017149373343,1.24066755530329,-3.26572555776779,1.59769125902111,0.501435644115278,0.850011128705933,56.64846602529,-1.47226784393598
"trend_Winter","PM10",9633,247,39,"HAC24","Direct",-0.404315682950828,0.241833261483498,-0.878308875458483,0.0696775095568276,0.0945484034950995,0.850011128705933,56.64846602529,-0.71372750459002
"trend_Winter","PM10",9633,247,39,"HAC24","Indirect",-0.429701466422515,1.0786288412897,-2.54381399535032,1.68441106250529,0.690351937179114,0.850011128705933,56.64846602529,-0.758540339345959
"trend_Winter","PM10",9633,247,39,"HAC24","Total",-0.834017149373343,1.15391873638886,-3.0956978726955,1.42766357394881,0.469821571825233,0.850011128705933,56.64846602529,-1.47226784393598
"trend_Spring","NO2",9633,247,39,"Joint_OIM","Direct",0.24897962439668,0.125041949943837,0.0038974025067596,0.494061846286601,0.046462337119411,0.831070596404085,31.2341942231529,0.797137978389467
"trend_Spring","NO2",9633,247,39,"Joint_OIM","Indirect",-0.0136898207041802,0.507826509419731,-1.00902977916685,0.981650137758493,0.978493494239668,0.831070596404085,31.2341942231529,-0.0438295945987056
"trend_Spring","NO2",9633,247,39,"Joint_OIM","Total",0.2352898036925,0.533996594991443,-0.811343522490729,1.28192312987573,0.659487817597725,0.831070596404085,31.2341942231529,0.753308383790762
"trend_Spring","NO2",9633,247,39,"HAC6","Direct",0.24897962439668,0.207525168871966,-0.157769706592373,0.655728955385734,0.230234008739375,0.831070596404085,31.2341942231529,0.797137978389467
"trend_Spring","NO2",9633,247,39,"HAC6","Indirect",-0.0136898207041802,0.975391267492942,-1.92545670499035,1.89807706358199,0.988801890745784,0.831070596404085,31.2341942231529,-0.0438295945987056
"trend_Spring","NO2",9633,247,39,"HAC6","Total",0.2352898036925,0.915038566186471,-1.55818578603298,2.02876539341798,0.797073410602609,0.831070596404085,31.2341942231529,0.753308383790762
"trend_Spring","NO2",9633,247,39,"HAC12","Direct",0.24897962439668,0.206741290158044,-0.156233304313086,0.654192553106447,0.228471612154903,0.831070596404085,31.2341942231529,0.797137978389467
"trend_Spring","NO2",9633,247,39,"HAC12","Indirect",-0.0136898207041802,0.971565790353248,-1.91795876979655,1.89057912838819,0.988757801830783,0.831070596404085,31.2341942231529,-0.0438295945987056
"trend_Spring","NO2",9633,247,39,"HAC12","Total",0.2352898036925,0.922956208498151,-1.57370436496388,2.04428397234888,0.798776681703199,0.831070596404085,31.2341942231529,0.753308383790762
"trend_Spring","NO2",9633,247,39,"HAC24","Direct",0.24897962439668,0.160806511806965,-0.0662011387449706,0.564160387538332,0.121545741359682,0.831070596404085,31.2341942231529,0.797137978389467
"trend_Spring","NO2",9633,247,39,"HAC24","Indirect",-0.0136898207041802,0.842791731870327,-1.66556161517002,1.63818197376166,0.987040195277245,0.831070596404085,31.2341942231529,-0.0438295945987056
"trend_Spring","NO2",9633,247,39,"HAC24","Total",0.2352898036925,0.892983456665238,-1.51495777137137,1.98553737875637,0.792175007715515,0.831070596404085,31.2341942231529,0.753308383790762
"trend_Spring","CO",9633,247,39,"Joint_OIM","Direct",10.2913252138101,2.63647062322583,5.12384279228744,15.4588076353327,9.48320464043751e-05,0.767620862877038,523.999357030053,1.96399577131921
"trend_Spring","CO",9633,247,39,"Joint_OIM","Indirect",-4.69515109944651,8.02899258382181,-20.4319765637373,11.0416743648442,0.558699270939397,0.767620862877038,523.999357030053,-0.896022301641342
"trend_Spring","CO",9633,247,39,"Joint_OIM","Total",5.59617411436356,8.3365193550598,-10.7434038215536,21.9357520502808,0.50203946836643,0.767620862877038,523.999357030053,1.06797346967786
"trend_Spring","CO",9633,247,39,"HAC6","Direct",10.2913252138101,3.36342419595752,3.69901378973333,16.8836366378868,0.00221502462427661,0.767620862877038,523.999357030053,1.96399577131921
"trend_Spring","CO",9633,247,39,"HAC6","Indirect",-4.69515109944651,10.7670650442724,-25.7985985862204,16.4082963873274,0.662788836961388,0.767620862877038,523.999357030053,-0.896022301641342
"trend_Spring","CO",9633,247,39,"HAC6","Total",5.59617411436356,11.5702429714455,-17.0815021096696,28.2738503383967,0.628620412684163,0.767620862877038,523.999357030053,1.06797346967786
"trend_Spring","CO",9633,247,39,"HAC12","Direct",10.2913252138101,3.43674186439361,3.5553111595986,17.0273392680215,0.00274894609873522,0.767620862877038,523.999357030053,1.96399577131921
"trend_Spring","CO",9633,247,39,"HAC12","Indirect",-4.69515109944651,11.1266442571661,-26.5033738434921,17.1130716445991,0.673044223801287,0.767620862877038,523.999357030053,-0.896022301641342
"trend_Spring","CO",9633,247,39,"HAC12","Total",5.59617411436356,11.8539110948394,-17.6374916315217,28.8298398602488,0.636858863426906,0.767620862877038,523.999357030053,1.06797346967786
"trend_Spring","CO",9633,247,39,"HAC24","Direct",10.2913252138101,2.76150982065322,4.87876596532977,15.7038844622904,0.000194001311648634,0.767620862877038,523.999357030053,1.96399577131921
"trend_Spring","CO",9633,247,39,"HAC24","Indirect",-4.69515109944651,11.7267030201064,-27.6794890188551,18.2891868199621,0.688875789620728,0.767620862877038,523.999357030053,-0.896022301641342
"trend_Spring","CO",9633,247,39,"HAC24","Total",5.59617411436356,11.9267840034908,-17.7803225324785,28.9726707612056,0.638919071374283,0.767620862877038,523.999357030053,1.06797346967786
"trend_Spring","SO2",9633,247,39,"Joint_OIM","Direct",-0.0784004532452306,0.0351060144987626,-0.147208241662805,-0.00959266482765593,0.0255325634404367,0.83408647006043,5.56275009642476,-1.40938298298929
"trend_Spring","SO2",9633,247,39,"Joint_OIM","Indirect",-0.00459883212201669,0.144836598802121,-0.288478565774173,0.27928090153014,0.974669933482521,0.83408647006043,5.56275009642476,-0.0826719166293738
"trend_Spring","SO2",9633,247,39,"Joint_OIM","Total",-0.0829992853672473,0.152340551609107,-0.381586766521096,0.215588195786602,0.585872328017613,0.83408647006043,5.56275009642476,-1.49205489961866
"trend_Spring","SO2",9633,247,39,"HAC6","Direct",-0.0784004532452306,0.0314983735838187,-0.140137265469515,-0.0166636410209459,0.0128091510970029,0.83408647006043,5.56275009642476,-1.40938298298929
"trend_Spring","SO2",9633,247,39,"HAC6","Indirect",-0.00459883212201669,0.171478943424263,-0.340697561233572,0.331499896989539,0.978604385665585,0.83408647006043,5.56275009642476,-0.0826719166293738
"trend_Spring","SO2",9633,247,39,"HAC6","Total",-0.0829992853672473,0.177941700756753,-0.431765018850483,0.265766448115988,0.640899948217855,0.83408647006043,5.56275009642476,-1.49205489961866
"trend_Spring","SO2",9633,247,39,"HAC12","Direct",-0.0784004532452306,0.0317966480137113,-0.140721883352105,-0.0160790231383564,0.0136752314738769,0.83408647006043,5.56275009642476,-1.40938298298929
"trend_Spring","SO2",9633,247,39,"HAC12","Indirect",-0.00459883212201669,0.169760828605627,-0.337330056189045,0.328132391945012,0.978387897705046,0.83408647006043,5.56275009642476,-0.0826719166293738
"trend_Spring","SO2",9633,247,39,"HAC12","Total",-0.0829992853672473,0.177001618886813,-0.429922458385401,0.263923887650906,0.63912808709514,0.83408647006043,5.56275009642476,-1.49205489961866
"trend_Spring","SO2",9633,247,39,"HAC24","Direct",-0.0784004532452306,0.028457210524217,-0.134176585872696,-0.0226243206177653,0.00586868516103929,0.83408647006043,5.56275009642476,-1.40938298298929
"trend_Spring","SO2",9633,247,39,"HAC24","Indirect",-0.00459883212201669,0.155924493429833,-0.310210839244489,0.301013175000456,0.976470629165357,0.83408647006043,5.56275009642476,-0.0826719166293738
"trend_Spring","SO2",9633,247,39,"HAC24","Total",-0.0829992853672473,0.17053927420572,-0.417256262810458,0.251257692075964,0.626480002861848,0.83408647006043,5.56275009642476,-1.49205489961866
"trend_Spring","O3",9633,247,39,"Joint_OIM","Direct",0.0137424541603565,0.145680599123737,-0.271791520122169,0.299276428442882,0.924844820858682,0.786141661608576,31.3926865991399,0.0437759734801832
"trend_Spring","O3",9633,247,39,"Joint_OIM","Indirect",0.614588327633998,0.477948449066648,-0.322190632536631,1.55136728780463,0.198482040990051,0.786141661608576,31.3926865991399,1.9577436473718
"trend_Spring","O3",9633,247,39,"Joint_OIM","Total",0.628330781794355,0.498551672113676,-0.34883049554845,1.60549205913716,0.20755674103806,0.786141661608576,31.3926865991399,2.00151962085198
"trend_Spring","O3",9633,247,39,"HAC6","Direct",0.0137424541603565,0.276389607180101,-0.527981175912641,0.555466084233354,0.960344472169469,0.786141661608576,31.3926865991399,0.0437759734801832
"trend_Spring","O3",9633,247,39,"HAC6","Indirect",0.614588327633998,0.958507894062792,-1.26408714472907,2.49326379999707,0.521397449168367,0.786141661608576,31.3926865991399,1.9577436473718
"trend_Spring","O3",9633,247,39,"HAC6","Total",0.628330781794355,0.971023143353418,-1.27487457917834,2.53153614276705,0.517579418018638,0.786141661608576,31.3926865991399,2.00151962085198
"trend_Spring","O3",9633,247,39,"HAC12","Direct",0.0137424541603565,0.275564807170979,-0.526364567894763,0.553849476215476,0.960225876423043,0.786141661608576,31.3926865991399,0.0437759734801832
"trend_Spring","O3",9633,247,39,"HAC12","Indirect",0.614588327633998,0.971506563151774,-1.28956453614348,2.51874119141147,0.526985961156904,0.786141661608576,31.3926865991399,1.9577436473718
"trend_Spring","O3",9633,247,39,"HAC12","Total",0.628330781794355,0.988476022697234,-1.30908222269222,2.56574378628093,0.525000616596523,0.786141661608576,31.3926865991399,2.00151962085198
"trend_Spring","O3",9633,247,39,"HAC24","Direct",0.0137424541603565,0.192742920335478,-0.36403366969718,0.391518578017893,0.943159474455225,0.786141661608576,31.3926865991399,0.0437759734801832
"trend_Spring","O3",9633,247,39,"HAC24","Indirect",0.614588327633998,0.872252744483955,-1.09502705155455,2.32420370682255,0.481059880864301,0.786141661608576,31.3926865991399,1.9577436473718
"trend_Spring","O3",9633,247,39,"HAC24","Total",0.628330781794355,0.912310909544072,-1.15979860091203,2.41646016450074,0.490996719678322,0.786141661608576,31.3926865991399,2.00151962085198
"trend_Spring","PM10",9633,247,39,"Joint_OIM","Direct",-0.0560543367286805,0.204524894497508,-0.456923129943796,0.344814456486435,0.784030080645276,0.89351003843833,59.955229370003,-0.0934936573801615
"trend_Spring","PM10",9633,247,39,"Joint_OIM","Indirect",1.26414791500558,1.26482393840914,-1.21490700427633,3.74320283428748,0.317569234128841,0.89351003843833,59.955229370003,2.10848649615551
"trend_Spring","PM10",9633,247,39,"Joint_OIM","Total",1.2080935782769,1.33216079335949,-1.40294157670771,3.8191287332615,0.364476770227688,0.89351003843833,59.955229370003,2.01499283877535
"trend_Spring","PM10",9633,247,39,"HAC6","Direct",-0.0560543367286805,0.403924749411734,-0.84774684557568,0.735638172118319,0.889628576685054,0.89351003843833,59.955229370003,-0.0934936573801615
"trend_Spring","PM10",9633,247,39,"HAC6","Indirect",1.26414791500558,1.95157489776393,-2.56093888461173,5.08923471462288,0.517141596117873,0.89351003843833,59.955229370003,2.10848649615551
"trend_Spring","PM10",9633,247,39,"HAC6","Total",1.2080935782769,2.29521499806211,-3.29052781792483,5.70671497447862,0.598642880622278,0.89351003843833,59.955229370003,2.01499283877535
"trend_Spring","PM10",9633,247,39,"HAC12","Direct",-0.0560543367286805,0.404197741284207,-0.848281909645726,0.736173236188365,0.889702643827862,0.89351003843833,59.955229370003,-0.0934936573801615
"trend_Spring","PM10",9633,247,39,"HAC12","Indirect",1.26414791500558,1.9851766847013,-2.62679838700898,5.15509421702013,0.524259260199419,0.89351003843833,59.955229370003,2.10848649615551
"trend_Spring","PM10",9633,247,39,"HAC12","Total",1.2080935782769,2.3303476142774,-3.3593877457068,5.77557490226059,0.604166829589769,0.89351003843833,59.955229370003,2.01499283877535
"trend_Spring","PM10",9633,247,39,"HAC24","Direct",-0.0560543367286805,0.287137062664255,-0.61884297955062,0.506734306093259,0.84522225103067,0.89351003843833,59.955229370003,-0.0934936573801615
"trend_Spring","PM10",9633,247,39,"HAC24","Indirect",1.26414791500558,1.91729306120805,-2.4937464849622,5.02204231497335,0.509677492590022,0.89351003843833,59.955229370003,2.10848649615551
"trend_Spring","PM10",9633,247,39,"HAC24","Total",1.2080935782769,2.16226405291452,-3.02994396543556,5.44613112198935,0.576354909049726,0.89351003843833,59.955229370003,2.01499283877535
"trend_Summer","NO2",9633,247,39,"Joint_OIM","Direct",-0.106805955948788,0.0993378828467247,-0.301508206328369,0.0878962944307921,0.282294818960594,0.829211629105733,21.6198936239811,-0.494017028050118
"trend_Summer","NO2",9633,247,39,"Joint_OIM","Indirect",-0.454560685003112,0.387656080692963,-1.21436660316132,0.305245233155095,0.240961253650885,0.829211629105733,21.6198936239811,-2.10251120060511
"trend_Summer","NO2",9633,247,39,"Joint_OIM","Total",-0.5613666409519,0.407795001211995,-1.36064484332741,0.23791156142361,0.168638953150083,0.829211629105733,21.6198936239811,-2.59652822865523
"trend_Summer","NO2",9633,247,39,"HAC6","Direct",-0.106805955948788,0.101381953690948,-0.305514585183046,0.0919026732854695,0.292111588234349,0.829211629105733,21.6198936239811,-0.494017028050118
"trend_Summer","NO2",9633,247,39,"HAC6","Indirect",-0.454560685003112,0.56023029076364,-1.55261205489985,0.643490684893623,0.417146423743664,0.829211629105733,21.6198936239811,-2.10251120060511
"trend_Summer","NO2",9633,247,39,"HAC6","Total",-0.5613666409519,0.583441398722555,-1.70491178244811,0.582178500544308,0.335966944651642,0.829211629105733,21.6198936239811,-2.59652822865523
"trend_Summer","NO2",9633,247,39,"HAC12","Direct",-0.106805955948788,0.1018067122624,-0.306347111983091,0.0927352000855148,0.294129681765289,0.829211629105733,21.6198936239811,-0.494017028050118
"trend_Summer","NO2",9633,247,39,"HAC12","Indirect",-0.454560685003112,0.574680596885653,-1.58093465489899,0.671813284892767,0.428955838702924,0.829211629105733,21.6198936239811,-2.10251120060511
"trend_Summer","NO2",9633,247,39,"HAC12","Total",-0.5613666409519,0.586916092918437,-1.71172218307204,0.588988901168235,0.338835689610102,0.829211629105733,21.6198936239811,-2.59652822865523
"trend_Summer","NO2",9633,247,39,"HAC24","Direct",-0.106805955948788,0.0781562960079355,-0.259992296124342,0.0463803842267653,0.171760501019444,0.829211629105733,21.6198936239811,-0.494017028050118
"trend_Summer","NO2",9633,247,39,"HAC24","Indirect",-0.454560685003112,0.531737623074915,-1.49676642622995,0.587645056223721,0.392629218798001,0.829211629105733,21.6198936239811,-2.10251120060511
"trend_Summer","NO2",9633,247,39,"HAC24","Total",-0.5613666409519,0.524918893111807,-1.59020767145104,0.467474389547241,0.28487369945618,0.829211629105733,21.6198936239811,-2.59652822865523
"trend_Summer","CO",9633,247,39,"Joint_OIM","Direct",11.8657029293632,2.71626475818615,6.54182400331831,17.189581855408,1.25166017493887e-05,0.749510904893881,426.007853067774,2.78532492861709
"trend_Summer","CO",9633,247,39,"Joint_OIM","Indirect",-6.10562682875149,7.51960654222746,-20.8440556515173,8.63280199401432,0.416814042259348,0.749510904893881,426.007853067774,-1.43321931386559
"trend_Summer","CO",9633,247,39,"Joint_OIM","Total",5.76007610061167,7.76480883314186,-9.45894921234638,20.9791014135697,0.45819752410318,0.749510904893881,426.007853067774,1.35210561475149
"trend_Summer","CO",9633,247,39,"HAC6","Direct",11.8657029293632,3.34993067888394,5.29983879875063,18.4315670599757,0.000396993830572445,0.749510904893881,426.007853067774,2.78532492861709
"trend_Summer","CO",9633,247,39,"HAC6","Indirect",-6.10562682875149,8.06148297648161,-21.9061334626555,9.69487980515247,0.448820685507216,0.749510904893881,426.007853067774,-1.43321931386559
"trend_Summer","CO",9633,247,39,"HAC6","Total",5.76007610061167,8.67536169678513,-11.2436328250872,22.7637850263105,0.506717170674741,0.749510904893881,426.007853067774,1.35210561475149
"trend_Summer","CO",9633,247,39,"HAC12","Direct",11.8657029293632,3.45240611675268,5.09898694052792,18.6324189181984,0.000588332048887019,0.749510904893881,426.007853067774,2.78532492861709
"trend_Summer","CO",9633,247,39,"HAC12","Indirect",-6.10562682875149,7.90111854862306,-21.5918191840527,9.3805655265497,0.43966754229705,0.749510904893881,426.007853067774,-1.43321931386559
"trend_Summer","CO",9633,247,39,"HAC12","Total",5.76007610061167,8.4084471808987,-10.7204803739498,22.2406325751731,0.493322173981894,0.749510904893881,426.007853067774,1.35210561475149
"trend_Summer","CO",9633,247,39,"HAC24","Direct",11.8657029293632,2.79956934984624,6.37854700366452,17.3528588550618,2.25115479900453e-05,0.749510904893881,426.007853067774,2.78532492861709
"trend_Summer","CO",9633,247,39,"HAC24","Indirect",-6.10562682875149,8.26801918617051,-22.3109444336457,10.0996907761427,0.460233100837613,0.749510904893881,426.007853067774,-1.43321931386559
"trend_Summer","CO",9633,247,39,"HAC24","Total",5.76007610061167,8.32917640056595,-10.5651096444976,22.0852618457209,0.48921739423751,0.749510904893881,426.007853067774,1.35210561475149
"trend_Summer","SO2",9633,247,39,"Joint_OIM","Direct",-0.0026498440910747,0.0355004598254491,-0.0722307453489549,0.0669310571668055,0.940499135482448,0.842448175004775,4.27995263663899,-0.0619129302597984
"trend_Summer","SO2",9633,247,39,"Joint_OIM","Indirect",-0.154835101540696,0.14907885092991,-0.447029649363319,0.137359446281927,0.298985166360457,0.842448175004775,4.27995263663899,-3.61768259338232
"trend_Summer","SO2",9633,247,39,"Joint_OIM","Total",-0.157484945631771,0.157051734869685,-0.465306345976353,0.150336454712811,0.315977447151617,0.842448175004775,4.27995263663899,-3.67959552364212
"trend_Summer","SO2",9633,247,39,"HAC6","Direct",-0.0026498440910747,0.0273721032703276,-0.0562991665009167,0.0509994783187673,0.922878710611238,0.842448175004775,4.27995263663899,-0.0619129302597984
"trend_Summer","SO2",9633,247,39,"HAC6","Indirect",-0.154835101540696,0.155603076676912,-0.459817131827443,0.15014692874605,0.319704883035343,0.842448175004775,4.27995263663899,-3.61768259338232
"trend_Summer","SO2",9633,247,39,"HAC6","Total",-0.157484945631771,0.159392784396102,-0.469894803048131,0.154924911784589,0.323137670634124,0.842448175004775,4.27995263663899,-3.67959552364212
"trend_Summer","SO2",9633,247,39,"HAC12","Direct",-0.0026498440910747,0.0262020513706485,-0.0540058647775457,0.0487061765953963,0.919446335420374,0.842448175004775,4.27995263663899,-0.0619129302597984
"trend_Summer","SO2",9633,247,39,"HAC12","Indirect",-0.154835101540696,0.154268643968604,-0.45720164371916,0.147531440637767,0.315536790272263,0.842448175004775,4.27995263663899,-3.61768259338232
"trend_Summer","SO2",9633,247,39,"HAC12","Total",-0.157484945631771,0.158653107920942,-0.468445037156817,0.153475145893275,0.320886885105469,0.842448175004775,4.27995263663899,-3.67959552364212
"trend_Summer","SO2",9633,247,39,"HAC24","Direct",-0.0026498440910747,0.0240169131405578,-0.049722993846568,0.0444233056644186,0.912145748639212,0.842448175004775,4.27995263663899,-0.0619129302597984
"trend_Summer","SO2",9633,247,39,"HAC24","Indirect",-0.154835101540696,0.158293636529815,-0.465090629139133,0.155420426057741,0.327999576208514,0.842448175004775,4.27995263663899,-3.61768259338232
"trend_Summer","SO2",9633,247,39,"HAC24","Total",-0.157484945631771,0.168172918885609,-0.487103866647564,0.172133975384022,0.349043332654345,0.842448175004775,4.27995263663899,-3.67959552364212
"trend_Summer","O3",9633,247,39,"Joint_OIM","Direct",0.214484918160512,0.134704925096544,-0.0495367350287147,0.478506571349739,0.111326873333976,0.856773922241159,31.1772169423713,0.687954022826898
"trend_Summer","O3",9633,247,39,"Joint_OIM","Indirect",-0.592935475710505,0.617241012007449,-1.80272785924511,0.616856907824095,0.336742115933092,0.856773922241159,31.1772169423713,-1.90182297799865
"trend_Summer","O3",9633,247,39,"Joint_OIM","Total",-0.378450557549993,0.650963754508142,-1.65433951638595,0.897438401285966,0.560991360848291,0.856773922241159,31.1772169423713,-1.21386895517175
"trend_Summer","O3",9633,247,39,"HAC6","Direct",0.214484918160512,0.189569896609401,-0.157072079193914,0.586041915514939,0.257874483373407,0.856773922241159,31.1772169423713,0.687954022826898
"trend_Summer","O3",9633,247,39,"HAC6","Indirect",-0.592935475710505,1.0267309884088,-2.60532821299175,1.41945726157074,0.563602837138852,0.856773922241159,31.1772169423713,-1.90182297799865
"trend_Summer","O3",9633,247,39,"HAC6","Total",-0.378450557549993,1.15321649241656,-2.63875488268645,1.88185376758646,0.742783456422846,0.856773922241159,31.1772169423713,-1.21386895517175
"trend_Summer","O3",9633,247,39,"HAC12","Direct",0.214484918160512,0.187835370467777,-0.15367240795633,0.582642244277355,0.253505086361457,0.856773922241159,31.1772169423713,0.687954022826898
"trend_Summer","O3",9633,247,39,"HAC12","Indirect",-0.592935475710505,1.07464403086833,-2.69923777621242,1.51336682479141,0.58111924537885,0.856773922241159,31.1772169423713,-1.90182297799865
"trend_Summer","O3",9633,247,39,"HAC12","Total",-0.378450557549993,1.21679109298962,-2.76336109980965,2.00645998470967,0.755782798440443,0.856773922241159,31.1772169423713,-1.21386895517175
"trend_Summer","O3",9633,247,39,"HAC24","Direct",0.214484918160512,0.197325228780208,-0.172272530248696,0.601242366569721,0.277053843873347,0.856773922241159,31.1772169423713,0.687954022826898
"trend_Summer","O3",9633,247,39,"HAC24","Indirect",-0.592935475710505,1.21086807080965,-2.96623689449743,1.78036594307642,0.624361759972865,0.856773922241159,31.1772169423713,-1.90182297799865
"trend_Summer","O3",9633,247,39,"HAC24","Total",-0.378450557549993,1.38135778448109,-3.08591181513292,2.32901070003294,0.784107695699834,0.856773922241159,31.1772169423713,-1.21386895517175
"trend_Summer","PM10",9633,247,39,"Joint_OIM","Direct",0.0535000401167739,0.161341188382464,-0.262728689112856,0.369728769346404,0.740194586531344,0.865278145029092,37.050927234789,0.144395954729414
"trend_Summer","PM10",9633,247,39,"Joint_OIM","Indirect",-0.0898063178138559,0.782544672294598,-1.62359387551127,1.44398123988356,0.908633844423099,0.865278145029092,37.050927234789,-0.242386154723632
"trend_Summer","PM10",9633,247,39,"Joint_OIM","Total",-0.036306277697082,0.82534016784495,-1.65397300667318,1.58136045127902,0.964912796361585,0.865278145029092,37.050927234789,-0.0979901999942182
"trend_Summer","PM10",9633,247,39,"HAC6","Direct",0.0535000401167739,0.272460103847803,-0.48052176342492,0.587521843658468,0.844329050959494,0.865278145029092,37.050927234789,0.144395954729414
"trend_Summer","PM10",9633,247,39,"HAC6","Indirect",-0.0898063178138559,1.2557612074338,-2.5510982843841,2.37148564875639,0.94298753507537,0.865278145029092,37.050927234789,-0.242386154723632
"trend_Summer","PM10",9633,247,39,"HAC6","Total",-0.036306277697082,1.25928474993491,-2.50450438756951,2.43189183217535,0.976999478648478,0.865278145029092,37.050927234789,-0.0979901999942182
"trend_Summer","PM10",9633,247,39,"HAC12","Direct",0.0535000401167739,0.266759190632081,-0.469347973522104,0.576348053755652,0.841046106246669,0.865278145029092,37.050927234789,0.144395954729414
"trend_Summer","PM10",9633,247,39,"HAC12","Indirect",-0.0898063178138559,1.22555705108761,-2.49189813794557,2.31228550231786,0.941584931700603,0.865278145029092,37.050927234789,-0.242386154723632
"trend_Summer","PM10",9633,247,39,"HAC12","Total",-0.036306277697082,1.20863671419238,-2.40523423751414,2.33262168211998,0.976035923667518,0.865278145029092,37.050927234789,-0.0979901999942182
"trend_Summer","PM10",9633,247,39,"HAC24","Direct",0.0535000401167739,0.281141753042702,-0.497537795846922,0.604537876080469,0.849077497066033,0.865278145029092,37.050927234789,0.144395954729414
"trend_Summer","PM10",9633,247,39,"HAC24","Indirect",-0.0898063178138559,0.884836735676835,-1.82408631974045,1.64447368411274,0.919157693951151,0.865278145029092,37.050927234789,-0.242386154723632
"trend_Summer","PM10",9633,247,39,"HAC24","Total",-0.036306277697082,0.8912074290496,-1.7830728386343,1.71046028324013,0.96750452607214,0.865278145029092,37.050927234789,-0.0979901999942182
"trend_Autumn","NO2",9633,247,39,"Joint_OIM","Direct",0.022048872168026,0.126756780232639,-0.226394417087946,0.270492161423998,0.861907669775342,0.838086020587818,29.6339045105106,0.0744042087339711
"trend_Autumn","NO2",9633,247,39,"Joint_OIM","Indirect",1.15639125358785,0.508935724437822,0.158877233689719,2.15390527348598,0.0230759160505552,0.838086020587818,29.6339045105106,3.90225747396095
"trend_Autumn","NO2",9633,247,39,"Joint_OIM","Total",1.17844012575588,0.536701312769313,0.126505552728021,2.23037469878373,0.0281127488173262,0.838086020587818,29.6339045105106,3.97666168269492
"trend_Autumn","NO2",9633,247,39,"HAC6","Direct",0.022048872168026,0.104056942392046,-0.181902734920384,0.226000479256436,0.832191003082749,0.838086020587818,29.6339045105106,0.0744042087339711
"trend_Autumn","NO2",9633,247,39,"HAC6","Indirect",1.15639125358785,1.0146745770879,-0.832370917504436,3.14515342468013,0.254425010196011,0.838086020587818,29.6339045105106,3.90225747396095
"trend_Autumn","NO2",9633,247,39,"HAC6","Total",1.17844012575588,1.09840671441087,-0.974437034489424,3.33131728600118,0.283332506264954,0.838086020587818,29.6339045105106,3.97666168269492
"trend_Autumn","NO2",9633,247,39,"HAC12","Direct",0.022048872168026,0.10275988486759,-0.17936050217245,0.223458246508502,0.830104985918703,0.838086020587818,29.6339045105106,0.0744042087339711
"trend_Autumn","NO2",9633,247,39,"HAC12","Indirect",1.15639125358785,1.03150077008694,-0.865350255782552,3.17813276295825,0.262255308776887,0.838086020587818,29.6339045105106,3.90225747396095
"trend_Autumn","NO2",9633,247,39,"HAC12","Total",1.17844012575588,1.11700287724458,-1.01088551364349,3.36776576515524,0.291424468898918,0.838086020587818,29.6339045105106,3.97666168269492
"trend_Autumn","NO2",9633,247,39,"HAC24","Direct",0.022048872168026,0.106358582143877,-0.186413948833973,0.230511693170025,0.83577015482714,0.838086020587818,29.6339045105106,0.0744042087339711
"trend_Autumn","NO2",9633,247,39,"HAC24","Indirect",1.15639125358785,0.886169197322202,-0.580500373163666,2.89328288033937,0.191915730586963,0.838086020587818,29.6339045105106,3.90225747396095
"trend_Autumn","NO2",9633,247,39,"HAC24","Total",1.17844012575588,0.977456581648365,-0.737374774274921,3.09425502578667,0.22796446951878,0.838086020587818,29.6339045105106,3.97666168269492
"trend_Autumn","CO",9633,247,39,"Joint_OIM","Direct",12.3855702081121,2.82544356861295,6.84770081363072,17.9234396025935,1.16742417212535e-05,0.776728920872231,530.323551930055,2.33547428980594
"trend_Autumn","CO",9633,247,39,"Joint_OIM","Indirect",8.75470126661952,8.47260613423092,-7.85160675647308,25.3610092897121,0.301465882389106,0.776728920872231,530.323551930055,1.65082264115137
"trend_Autumn","CO",9633,247,39,"Joint_OIM","Total",21.1402714747316,8.83317076789506,3.82725676965731,38.4532861798059,0.0166983864308174,0.776728920872231,530.323551930055,3.98629693095732
"trend_Autumn","CO",9633,247,39,"HAC6","Direct",12.3855702081121,4.34131351035576,3.87659572781482,20.8945446884094,0.00433148137153975,0.776728920872231,530.323551930055,2.33547428980594
"trend_Autumn","CO",9633,247,39,"HAC6","Indirect",8.75470126661952,11.3782878319453,-13.5467428839933,31.0561454172323,0.44164302620131,0.776728920872231,530.323551930055,1.65082264115137
"trend_Autumn","CO",9633,247,39,"HAC6","Total",21.1402714747316,14.2475576682752,-6.78494155508781,49.065484504551,0.137866729188343,0.776728920872231,530.323551930055,3.98629693095732
"trend_Autumn","CO",9633,247,39,"HAC12","Direct",12.3855702081121,4.09806469593801,4.35336340407361,20.4177770121506,0.0025086396235962,0.776728920872231,530.323551930055,2.33547428980594
"trend_Autumn","CO",9633,247,39,"HAC12","Indirect",8.75470126661952,10.9734751013462,-12.7533099320191,30.2627124652581,0.424983238114699,0.776728920872231,530.323551930055,1.65082264115137
"trend_Autumn","CO",9633,247,39,"HAC12","Total",21.1402714747316,13.5782543941038,-5.47310713771177,47.753650087175,0.119489206793377,0.776728920872231,530.323551930055,3.98629693095732
"trend_Autumn","CO",9633,247,39,"HAC24","Direct",12.3855702081121,3.22598177203249,6.06264593492841,18.7084944812958,0.000123376496960444,0.776728920872231,530.323551930055,2.33547428980594
"trend_Autumn","CO",9633,247,39,"HAC24","Indirect",8.75470126661952,8.42371459130934,-7.75577933234679,25.2651818655858,0.298668839432137,0.776728920872231,530.323551930055,1.65082264115137
"trend_Autumn","CO",9633,247,39,"HAC24","Total",21.1402714747316,10.3902888396937,0.775305348931919,41.5052376005313,0.0418892978712156,0.776728920872231,530.323551930055,3.98629693095732
"trend_Autumn","SO2",9633,247,39,"Joint_OIM","Direct",-0.00741120952089435,0.0298029737119617,-0.0658250379963392,0.0510026189545505,0.803613355774266,0.798353918097455,4.39295093283243,-0.16870685865175
"trend_Autumn","SO2",9633,247,39,"Joint_OIM","Indirect",0.0634729484172395,0.0979049559218171,-0.128420765189522,0.255366662024001,0.516783236030977,0.798353918097455,4.39295093283243,1.44488179785596
"trend_Autumn","SO2",9633,247,39,"Joint_OIM","Total",0.0560617388963451,0.102618475273891,-0.145070472640481,0.257193950433171,0.584851258309517,0.798353918097455,4.39295093283243,1.27617493920421
"trend_Autumn","SO2",9633,247,39,"HAC6","Direct",-0.00741120952089435,0.0165538157694956,-0.0398566884291058,0.0250342693873171,0.654366835104927,0.798353918097455,4.39295093283243,-0.16870685865175
"trend_Autumn","SO2",9633,247,39,"HAC6","Indirect",0.0634729484172395,0.0952236979743038,-0.123165499612396,0.250111396446875,0.50504893011596,0.798353918097455,4.39295093283243,1.44488179785596
"trend_Autumn","SO2",9633,247,39,"HAC6","Total",0.0560617388963451,0.0907272330336304,-0.12176363784957,0.233887115642261,0.536631220305614,0.798353918097455,4.39295093283243,1.27617493920421
"trend_Autumn","SO2",9633,247,39,"HAC12","Direct",-0.00741120952089435,0.0163527986190184,-0.0394626948141705,0.0246402757723818,0.650399396624796,0.798353918097455,4.39295093283243,-0.16870685865175
"trend_Autumn","SO2",9633,247,39,"HAC12","Indirect",0.0634729484172395,0.0944262194551429,-0.121602441714841,0.24854833854932,0.501458782854366,0.798353918097455,4.39295093283243,1.44488179785596
"trend_Autumn","SO2",9633,247,39,"HAC12","Total",0.0560617388963451,0.0906162673973545,-0.12154614520247,0.23366962299516,0.536132521028406,0.798353918097455,4.39295093283243,1.27617493920421
"trend_Autumn","SO2",9633,247,39,"HAC24","Direct",-0.00741120952089435,0.0135867296612676,-0.0340411996569788,0.0192187806151901,0.585427469400997,0.798353918097455,4.39295093283243,-0.16870685865175
"trend_Autumn","SO2",9633,247,39,"HAC24","Indirect",0.0634729484172395,0.0752004406032609,-0.083919915165152,0.210865811999631,0.398641343276329,0.798353918097455,4.39295093283243,1.44488179785596
"trend_Autumn","SO2",9633,247,39,"HAC24","Total",0.0560617388963451,0.0751246315982577,-0.09118253903624,0.20330601682893,0.455516549388853,0.798353918097455,4.39295093283243,1.27617493920421
"trend_Autumn","O3",9633,247,39,"Joint_OIM","Direct",-0.0215203228126275,0.113731511487677,-0.244434085328474,0.201393439703219,0.849920074649565,0.841094094580492,18.8402125883395,-0.114225477614551
"trend_Autumn","O3",9633,247,39,"Joint_OIM","Indirect",-1.40797318492338,0.46378163265581,-2.31698518492877,-0.498961184917993,0.00239855716417478,0.841094094580492,18.8402125883395,-7.47323406422067
"trend_Autumn","O3",9633,247,39,"Joint_OIM","Total",-1.42949350773601,0.489255660484359,-2.38843460228535,-0.470552413186664,0.00348046181155391,0.841094094580492,18.8402125883395,-7.58745954183522
"trend_Autumn","O3",9633,247,39,"HAC6","Direct",-0.0215203228126275,0.188857909331168,-0.391681825101716,0.348641179476461,0.9092775803153,0.841094094580492,18.8402125883395,-0.114225477614551
"trend_Autumn","O3",9633,247,39,"HAC6","Indirect",-1.40797318492338,0.764837724103414,-2.90705512416607,0.0911087543193119,0.0656393920754903,0.841094094580492,18.8402125883395,-7.47323406422067
"trend_Autumn","O3",9633,247,39,"HAC6","Total",-1.42949350773601,0.931301914706087,-3.25484526055994,0.395858245087923,0.124798317146072,0.841094094580492,18.8402125883395,-7.58745954183522
"trend_Autumn","O3",9633,247,39,"HAC12","Direct",-0.0215203228126275,0.194196162664276,-0.402144801634609,0.359104156009354,0.911761110478765,0.841094094580492,18.8402125883395,-0.114225477614551
"trend_Autumn","O3",9633,247,39,"HAC12","Indirect",-1.40797318492338,0.774228414884958,-2.9254608780979,0.109514508251138,0.068980092005087,0.841094094580492,18.8402125883395,-7.47323406422067
"trend_Autumn","O3",9633,247,39,"HAC12","Total",-1.42949350773601,0.945817569672846,-3.28329594429479,0.42430892882277,0.130690652589197,0.841094094580492,18.8402125883395,-7.58745954183522
"trend_Autumn","O3",9633,247,39,"HAC24","Direct",-0.0215203228126275,0.186010175637889,-0.38610026706289,0.343059621437635,0.907894799360724,0.841094094580492,18.8402125883395,-0.114225477614551
"trend_Autumn","O3",9633,247,39,"HAC24","Indirect",-1.40797318492338,0.700611877554332,-2.78117246492987,-0.0347739049168889,0.044469980048726,0.841094094580492,18.8402125883395,-7.47323406422067
"trend_Autumn","O3",9633,247,39,"HAC24","Total",-1.42949350773601,0.863882359514786,-3.12270293238499,0.263715916912973,0.0979789379509082,0.841094094580492,18.8402125883395,-7.58745954183522
"trend_Autumn","PM10",9633,247,39,"Joint_OIM","Direct",-0.674546449455201,0.169306995330191,-1.00638816030238,-0.342704738608026,6.77187465665155e-05,0.850128907198557,40.3527206061825,-1.67162570285745
"trend_Autumn","PM10",9633,247,39,"Joint_OIM","Indirect",-0.552012265842778,0.728586885622035,-1.98004256166197,0.876018029976411,0.448661844220301,0.850128907198557,40.3527206061825,-1.36796790290815
"trend_Autumn","PM10",9633,247,39,"Joint_OIM","Total",-1.22655871529798,0.769087103237595,-2.73396943764366,0.280852007047708,0.110751556395414,0.850128907198557,40.3527206061825,-3.03959360576559
"trend_Autumn","PM10",9633,247,39,"HAC6","Direct",-0.674546449455201,0.373601219061972,-1.40680483881667,0.0577119399062641,0.0709925216784912,0.850128907198557,40.3527206061825,-1.67162570285745
"trend_Autumn","PM10",9633,247,39,"HAC6","Indirect",-0.552012265842778,1.29630022620403,-3.09276070920267,1.98873617751712,0.670226811459508,0.850128907198557,40.3527206061825,-1.36796790290815
"trend_Autumn","PM10",9633,247,39,"HAC6","Total",-1.22655871529798,1.144047430746,-3.46889167956014,1.01577424896418,0.283665122502117,0.850128907198557,40.3527206061825,-3.03959360576559
"trend_Autumn","PM10",9633,247,39,"HAC12","Direct",-0.674546449455201,0.379787968535999,-1.41893086778576,0.0698379688753569,0.0757142499937577,0.850128907198557,40.3527206061825,-1.67162570285745
"trend_Autumn","PM10",9633,247,39,"HAC12","Indirect",-0.552012265842778,1.25156392014393,-3.00507754932487,1.90105301763932,0.659171016278307,0.850128907198557,40.3527206061825,-1.36796790290815
"trend_Autumn","PM10",9633,247,39,"HAC12","Total",-1.22655871529798,1.109335798123,-3.40085687961907,0.947739449023109,0.26886961233305,0.850128907198557,40.3527206061825,-3.03959360576559
"trend_Autumn","PM10",9633,247,39,"HAC24","Direct",-0.674546449455201,0.359236050984427,-1.37864910938468,0.0295562104742768,0.0604188194039315,0.850128907198557,40.3527206061825,-1.67162570285745
"trend_Autumn","PM10",9633,247,39,"HAC24","Indirect",-0.552012265842778,1.037800848246,-2.58610192840494,1.48207739671938,0.594791256420408,0.850128907198557,40.3527206061825,-1.36796790290815
"trend_Autumn","PM10",9633,247,39,"HAC24","Total",-1.22655871529798,1.04083283970258,-3.26659108111503,0.81347365051907,0.238621367759051,0.850128907198557,40.3527206061825,-3.03959360576559
"may_june","O3",6422,247,26,"Joint_OIM","Direct",0.152541467067443,0.15426147419157,-0.149811022348033,0.45489395648292,0.322736510430139,0.813910721301832,37.7624654956979,0.403949967421544
"may_june","O3",6422,247,26,"Joint_OIM","Indirect",2.52777520920152,0.415380718709507,1.71362900053089,3.34192141787216,1.16170483272976e-09,0.813910721301832,37.7624654956979,6.69388287025248
"may_june","O3",6422,247,26,"Joint_OIM","Total",2.68031667626897,0.422481131919956,1.85225365770585,3.50837969483208,2.23543387488809e-10,0.813910721301832,37.7624654956979,7.09783283767403
"may_june","O3",6422,247,26,"HAC6","Direct",0.152541467067443,0.295273742452363,-0.426195068139188,0.731278002274075,0.605428199528588,0.813910721301832,37.7624654956979,0.403949967421544
"may_june","O3",6422,247,26,"HAC6","Indirect",2.52777520920152,0.844519887264585,0.872516230162938,4.18303418824011,0.00276113461089682,0.813910721301832,37.7624654956979,6.69388287025248
"may_june","O3",6422,247,26,"HAC6","Total",2.68031667626897,0.732167403297359,1.24526856580614,4.11536478673179,0.000251431319840533,0.813910721301832,37.7624654956979,7.09783283767403
"may_june","O3",6422,247,26,"HAC12","Direct",0.152541467067443,0.288737645041482,-0.41338431721386,0.718467251348747,0.59728784087774,0.813910721301832,37.7624654956979,0.403949967421544
"may_june","O3",6422,247,26,"HAC12","Indirect",2.52777520920152,0.843689754992952,0.874143289415338,4.18140712898771,0.00273460637361575,0.813910721301832,37.7624654956979,6.69388287025248
"may_june","O3",6422,247,26,"HAC12","Total",2.68031667626897,0.740794522413259,1.22835941233898,4.13227394019895,0.000296699437824929,0.813910721301832,37.7624654956979,7.09783283767403
"may_june","O3",6422,247,26,"HAC24","Direct",0.152541467067443,0.232559883671942,-0.303275904929563,0.60835883906445,0.511873418354394,0.813910721301832,37.7624654956979,0.403949967421544
"may_june","O3",6422,247,26,"HAC24","Indirect",2.52777520920152,0.673407232353051,1.20789703378955,3.8476533846135,0.000174236692861685,0.813910721301832,37.7624654956979,6.69388287025248
"may_june","O3",6422,247,26,"HAC24","Total",2.68031667626897,0.626365862985684,1.45263958481703,3.90799376772091,1.87604103603112e-05,0.813910721301832,37.7624654956979,7.09783283767403
"trends","NO2",38532,247,156,"Joint_OIM","Direct",0.0920847106993236,0.0654667749636455,-0.0362301682294217,0.220399589628069,0.159549907811409,0.837495339874637,29.5092135021386,0.312054100298708
"trends","NO2",38532,247,156,"Joint_OIM","Indirect",0.437842233685581,0.26633397230231,-0.0841723520269469,0.959856819398108,0.100184591842019,0.837495339874637,29.5092135021386,1.48374755448446
"trends","NO2",38532,247,156,"Joint_OIM","Total",0.529926944384904,0.280419148056014,-0.0196945858048838,1.07954847457469,0.0587890848684562,0.837495339874637,29.5092135021386,1.79580165478317
"trends","NO2",38532,247,156,"HAC6","Direct",0.0920847106993236,0.0981438377841111,-0.100277211357534,0.284446632756181,0.34810937907498,0.837495339874637,29.5092135021386,0.312054100298708
"trends","NO2",38532,247,156,"HAC6","Indirect",0.437842233685581,0.761226295566859,-1.05416130562546,1.92984577299662,0.565169484891446,0.837495339874637,29.5092135021386,1.48374755448446
"trends","NO2",38532,247,156,"HAC6","Total",0.529926944384904,0.804721605908676,-1.0473274031961,2.10718129196591,0.510202714856477,0.837495339874637,29.5092135021386,1.79580165478317
"trends","NO2",38532,247,156,"HAC12","Direct",0.0920847106993236,0.0856297015982542,-0.0757495044332547,0.259918925831902,0.282203366516206,0.837495339874637,29.5092135021386,0.312054100298708
"trends","NO2",38532,247,156,"HAC12","Indirect",0.437842233685581,0.83050413797725,-1.18994587674983,2.06563034412099,0.59805433065078,0.837495339874637,29.5092135021386,1.48374755448446
"trends","NO2",38532,247,156,"HAC12","Total",0.529926944384904,0.86401568949268,-1.16354380702075,2.22339769579056,0.539658006552254,0.837495339874637,29.5092135021386,1.79580165478317
"trends","NO2",38532,247,156,"HAC24","Direct",0.0920847106993236,0.0836398888324207,-0.071849471412221,0.256018892810868,0.270911263328283,0.837495339874637,29.5092135021386,0.312054100298708
"trends","NO2",38532,247,156,"HAC24","Indirect",0.437842233685581,0.733841986044988,-1.0004880589626,1.87617252633376,0.550745255807781,0.837495339874637,29.5092135021386,1.48374755448446
"trends","NO2",38532,247,156,"HAC24","Total",0.529926944384904,0.785710334906683,-1.01006531203219,2.069919200802,0.500021535429001,0.837495339874637,29.5092135021386,1.79580165478317
"trends","CO",38532,247,156,"Joint_OIM","Direct",10.9944366237148,1.50675005642501,8.04120651312177,13.9476667343078,2.94717311860436e-13,0.792040958400372,550.425613572033,1.99744277021657
"trends","CO",38532,247,156,"Joint_OIM","Indirect",3.48625218946197,4.90154535847389,-6.12077671314685,13.0932810920708,0.476925783533967,0.792040958400372,550.425613572033,0.633373902576525
"trends","CO",38532,247,156,"Joint_OIM","Total",14.4806888131767,5.12105486557002,4.4434212766595,24.517956349694,0.00468870946772493,0.792040958400372,550.425613572033,2.6308166727931
"trends","CO",38532,247,156,"HAC6","Direct",10.9944366237148,2.44926174402852,6.19388360541888,15.7949896420107,7.15993589910855e-06,0.792040958400372,550.425613572033,1.99744277021657
"trends","CO",38532,247,156,"HAC6","Indirect",3.48625218946197,7.45482945806874,-11.1252135483528,18.0977179272767,0.640034788095712,0.792040958400372,550.425613572033,0.633373902576525
"trends","CO",38532,247,156,"HAC6","Total",14.4806888131767,7.64958469280846,-0.512497184727826,29.4738748110813,0.0583574350308661,0.792040958400372,550.425613572033,2.6308166727931
"trends","CO",38532,247,156,"HAC12","Direct",10.9944366237148,2.62464273150664,5.85013686996177,16.1387363774678,2.80276618816595e-05,0.792040958400372,550.425613572033,1.99744277021657
"trends","CO",38532,247,156,"HAC12","Indirect",3.48625218946197,7.49468871851735,-11.203337698832,18.175842077756,0.641814704262096,0.792040958400372,550.425613572033,0.633373902576525
"trends","CO",38532,247,156,"HAC12","Total",14.4806888131767,7.28912957065739,0.193994854688267,28.7673827716652,0.0469651587568934,0.792040958400372,550.425613572033,2.6308166727931
"trends","CO",38532,247,156,"HAC24","Direct",10.9944366237148,2.20611668904181,6.67044791319284,15.3184253342367,6.24071356536048e-07,0.792040958400372,550.425613572033,1.99744277021657
"trends","CO",38532,247,156,"HAC24","Indirect",3.48625218946197,7.91335962859452,-12.0239326825833,18.9964370615072,0.659536830242764,0.792040958400372,550.425613572033,0.633373902576525
"trends","CO",38532,247,156,"HAC24","Total",14.4806888131767,7.13323932877628,0.499539728775233,28.4618378975783,0.042353504498322,0.792040958400372,550.425613572033,2.6308166727931
"trends","SO2",38532,247,156,"Joint_OIM","Direct",-0.02898440125378,0.018424277987946,-0.0650959861101541,0.00712718360259424,0.115680969428916,0.832866302093117,5.19974108959282,-0.557420086007584
"trends","SO2",38532,247,156,"Joint_OIM","Indirect",0.0304524806010077,0.0730482611408678,-0.112722111235093,0.173627072437109,0.67676496645816,0.832866302093117,5.19974108959282,0.585653786915617
"trends","SO2",38532,247,156,"Joint_OIM","Total",0.00146807934722778,0.0768728949054932,-0.149202794667539,0.152138953361994,0.984763333698707,0.832866302093117,5.19974108959282,0.0282337009080338
"trends","SO2",38532,247,156,"HAC6","Direct",-0.02898440125378,0.0214351528773114,-0.0709973008933103,0.0130284983857504,0.176314513759324,0.832866302093117,5.19974108959282,-0.557420086007584
"trends","SO2",38532,247,156,"HAC6","Indirect",0.0304524806010077,0.0899056378107865,-0.145762569508134,0.206667530710149,0.734823664533602,0.832866302093117,5.19974108959282,0.585653786915617
"trends","SO2",38532,247,156,"HAC6","Total",0.00146807934722778,0.0891265879773658,-0.173220033088409,0.176156191782865,0.986857963433873,0.832866302093117,5.19974108959282,0.0282337009080338
"trends","SO2",38532,247,156,"HAC12","Direct",-0.02898440125378,0.0212878521214525,-0.0707085914118269,0.012739788904267,0.17334103864084,0.832866302093117,5.19974108959282,-0.557420086007584
"trends","SO2",38532,247,156,"HAC12","Indirect",0.0304524806010077,0.0830886769223236,-0.132401326166747,0.193306287368762,0.713987698098474,0.832866302093117,5.19974108959282,0.585653786915617
"trends","SO2",38532,247,156,"HAC12","Total",0.00146807934722778,0.0858871134355083,-0.166870662986368,0.169806821680824,0.986362321882892,0.832866302093117,5.19974108959282,0.0282337009080338
"trends","SO2",38532,247,156,"HAC24","Direct",-0.02898440125378,0.0212086456756,-0.0705533467779559,0.012584544270396,0.171740868125155,0.832866302093117,5.19974108959282,-0.557420086007584
"trends","SO2",38532,247,156,"HAC24","Indirect",0.0304524806010077,0.078613545892898,-0.123630069349072,0.184535030551088,0.698482768300714,0.832866302093117,5.19974108959282,0.585653786915617
"trends","SO2",38532,247,156,"HAC24","Total",0.00146807934722778,0.086408966635117,-0.167893495257601,0.170829653952057,0.986444676520461,0.832866302093117,5.19974108959282,0.0282337009080338
"trends","O3",38532,247,156,"Joint_OIM","Direct",0.0274838110691757,0.0680942902250219,-0.105980997771867,0.160948619910219,0.686496565140425,0.857937556421637,23.9284544794125,0.11485827926255
"trends","O3",38532,247,156,"Joint_OIM","Indirect",-0.281026954518056,0.313299712379777,-0.895094390782418,0.333040481746307,0.369723834964755,0.857937556421637,23.9284544794125,-1.17444674397941
"trends","O3",38532,247,156,"Joint_OIM","Total",-0.25354314344888,0.330377656403309,-0.901083349999366,0.393997063101606,0.442823345349112,0.857937556421637,23.9284544794125,-1.05958846471686
"trends","O3",38532,247,156,"HAC6","Direct",0.0274838110691757,0.140651518971249,-0.248193166114473,0.303160788252824,0.845077010136861,0.857937556421637,23.9284544794125,0.11485827926255
"trends","O3",38532,247,156,"HAC6","Indirect",-0.281026954518056,0.73187098758268,-1.71549409018011,1.153440181144,0.70099009849275,0.857937556421637,23.9284544794125,-1.17444674397941
"trends","O3",38532,247,156,"HAC6","Total",-0.25354314344888,0.800089510838392,-1.82171858469213,1.31463229779437,0.751324435118965,0.857937556421637,23.9284544794125,-1.05958846471686
"trends","O3",38532,247,156,"HAC12","Direct",0.0274838110691757,0.137249112969031,-0.241524450350125,0.296492072488476,0.841286909695922,0.857937556421637,23.9284544794125,0.11485827926255
"trends","O3",38532,247,156,"HAC12","Indirect",-0.281026954518056,0.777806893381142,-1.80552846554509,1.24347455650898,0.717870077427959,0.857937556421637,23.9284544794125,-1.17444674397941
"trends","O3",38532,247,156,"HAC12","Total",-0.25354314344888,0.857503977453014,-1.93425093925679,1.42716465235903,0.76747770776815,0.857937556421637,23.9284544794125,-1.05958846471686
"trends","O3",38532,247,156,"HAC24","Direct",0.0274838110691757,0.121413551975062,-0.210486750801945,0.265454372940296,0.82091734000741,0.857937556421637,23.9284544794125,0.11485827926255
"trends","O3",38532,247,156,"HAC24","Indirect",-0.281026954518056,0.749596903093763,-1.75023688458183,1.18818297554572,0.707731787560222,0.857937556421637,23.9284544794125,-1.17444674397941
"trends","O3",38532,247,156,"HAC24","Total",-0.25354314344888,0.841081435922112,-1.90206275785622,1.39497647095846,0.763072147302148,0.857937556421637,23.9284544794125,-1.05958846471686
"trends","PM10",38532,247,156,"Joint_OIM","Direct",-0.241358754747096,0.0974663612487633,-0.432392822794672,-0.0503246866995198,0.013274127957191,0.88133878950576,48.7523083608979,-0.495071439408353
"trends","PM10",38532,247,156,"Joint_OIM","Indirect",0.400374653581003,0.528683353930345,-0.635844720122474,1.43659402728448,0.448867035706018,0.88133878950576,48.7523083608979,0.821242454033471
"trends","PM10",38532,247,156,"Joint_OIM","Total",0.159015898833907,0.557636182181518,-0.933951018241868,1.25198281590968,0.775521062359263,0.88133878950576,48.7523083608979,0.326171014625118
"trends","PM10",38532,247,156,"HAC6","Direct",-0.241358754747096,0.213827749290541,-0.660461143356556,0.177743633862364,0.259001963085493,0.88133878950576,48.7523083608979,-0.495071439408353
"trends","PM10",38532,247,156,"HAC6","Indirect",0.400374653581003,0.871747951389429,-1.30825133114228,2.10900063830428,0.646034545781947,0.88133878950576,48.7523083608979,0.821242454033471
"trends","PM10",38532,247,156,"HAC6","Total",0.159015898833907,0.894528437052779,-1.59425983778954,1.91229163545735,0.858907490483673,0.88133878950576,48.7523083608979,0.326171014625118
"trends","PM10",38532,247,156,"HAC12","Direct",-0.241358754747096,0.228482810117343,-0.689185062577088,0.206467553082896,0.290806464922237,0.88133878950576,48.7523083608979,-0.495071439408353
"trends","PM10",38532,247,156,"HAC12","Indirect",0.400374653581003,0.817361257315033,-1.20165341075646,2.00240271791847,0.624248495284136,0.88133878950576,48.7523083608979,0.821242454033471
"trends","PM10",38532,247,156,"HAC12","Total",0.159015898833907,0.846814628443451,-1.50074077291526,1.81877257058307,0.851048144450034,0.88133878950576,48.7523083608979,0.326171014625118
"trends","PM10",38532,247,156,"HAC24","Direct",-0.241358754747096,0.219060141577513,-0.670716632239021,0.187999122744829,0.270552023311204,0.88133878950576,48.7523083608979,-0.495071439408353
"trends","PM10",38532,247,156,"HAC24","Indirect",0.400374653581003,0.774195919168453,-1.11704934798917,1.91779865515117,0.605052143021709,0.88133878950576,48.7523083608979,0.821242454033471
"trends","PM10",38532,247,156,"HAC24","Total",0.159015898833907,0.829868708587028,-1.46752676999667,1.78555856766448,0.848043219668116,0.88133878950576,48.7523083608979,0.326171014625118
"no_transport","NO2",38532,247,156,"Joint_OIM","Direct",0.0768952138744586,0.0538632622835157,-0.028676780201232,0.182467207950149,0.153406913275231,0.843794947188994,29.5092135021386,0.260580356941353
"no_transport","NO2",38532,247,156,"Joint_OIM","Indirect",-2.05110465520516,0.156245561576383,-2.35734595589487,-1.74486335451545,2.29268958237503e-39,0.843794947188994,29.5092135021386,-6.95072627081881
"no_transport","NO2",38532,247,156,"Joint_OIM","Total",-1.9742094413307,0.159953105052441,-2.28771752723349,-1.66070135542792,5.35182885727067e-35,0.843794947188994,29.5092135021386,-6.69014591387745
"no_transport","NO2",38532,247,156,"HAC6","Direct",0.0768952138744586,0.0948840694343221,-0.109077562216813,0.26286798996573,0.417703269506281,0.843794947188994,29.5092135021386,0.260580356941353
"no_transport","NO2",38532,247,156,"HAC6","Indirect",-2.05110465520516,0.452954943051593,-2.93889634358628,-1.16331296682404,5.94670884499602e-06,0.843794947188994,29.5092135021386,-6.95072627081881
"no_transport","NO2",38532,247,156,"HAC6","Total",-1.9742094413307,0.464594680801059,-2.88481501570078,-1.06360386696063,2.14424604961836e-05,0.843794947188994,29.5092135021386,-6.69014591387745
"no_transport","NO2",38532,247,156,"HAC12","Direct",0.0768952138744586,0.098993974573772,-0.117132976290134,0.270923404039052,0.437296480720364,0.843794947188994,29.5092135021386,0.260580356941353
"no_transport","NO2",38532,247,156,"HAC12","Indirect",-2.05110465520516,0.547405543512057,-3.12401952048879,-0.978189789921528,0.000178993247182235,0.843794947188994,29.5092135021386,-6.95072627081881
"no_transport","NO2",38532,247,156,"HAC12","Total",-1.9742094413307,0.548216491295953,-3.04871376427077,-0.899705118390633,0.000316813551991671,0.843794947188994,29.5092135021386,-6.69014591387745
"no_transport","NO2",38532,247,156,"HAC24","Direct",0.0768952138744586,0.0975016005376936,-0.114207923179421,0.267998350928338,0.430313141450916,0.843794947188994,29.5092135021386,0.260580356941353
"no_transport","NO2",38532,247,156,"HAC24","Indirect",-2.05110465520516,0.640098853639465,-3.30569840833851,-0.796510902071809,0.00135364946498383,0.843794947188994,29.5092135021386,-6.95072627081881
"no_transport","NO2",38532,247,156,"HAC24","Total",-1.9742094413307,0.626225708317629,-3.20161182963325,-0.746807053028149,0.00161849697689727,0.843794947188994,29.5092135021386,-6.69014591387745
"no_transport","CO",38532,247,156,"Joint_OIM","Direct",5.16706377551835,1.25004339016926,2.71697873078659,7.61714882025011,3.57268573376364e-05,0.792694447727759,550.425613572033,0.938739703987657
"no_transport","CO",38532,247,156,"Joint_OIM","Indirect",-15.7622501349616,2.84575933700595,-21.3399384354932,-10.1845618344299,3.0445448041155e-08,0.792694447727759,550.425613572033,-2.86364764762147
"no_transport","CO",38532,247,156,"Joint_OIM","Total",-10.5951863594432,2.82695324759541,-16.1360147247302,-5.05435799415622,0.00017830917847851,0.792694447727759,550.425613572033,-1.92490794363381
"no_transport","CO",38532,247,156,"HAC6","Direct",5.16706377551835,2.18706384116773,0.880418646829607,9.45370890420709,0.0181493325451163,0.792694447727759,550.425613572033,0.938739703987657
"no_transport","CO",38532,247,156,"HAC6","Indirect",-15.7622501349616,5.3754085430335,-26.2980508793072,-5.22644939061591,0.00336473718706153,0.792694447727759,550.425613572033,-2.86364764762147
"no_transport","CO",38532,247,156,"HAC6","Total",-10.5951863594432,5.81838555205071,-21.9992220414626,0.808849322576171,0.0686093056888947,0.792694447727759,550.425613572033,-1.92490794363381
"no_transport","CO",38532,247,156,"HAC12","Direct",5.16706377551835,2.65028024258063,-0.0274854999396901,10.3616130509764,0.0512203292699791,0.792694447727759,550.425613572033,0.938739703987657
"no_transport","CO",38532,247,156,"HAC12","Indirect",-15.7622501349616,6.02058411760256,-27.5625950054626,-3.96190526446054,0.00884312683151875,0.792694447727759,550.425613572033,-2.86364764762147
"no_transport","CO",38532,247,156,"HAC12","Total",-10.5951863594432,6.46498362496225,-23.2665542643692,2.0761815454828,0.101242958142635,0.792694447727759,550.425613572033,-1.92490794363381
"no_transport","CO",38532,247,156,"HAC24","Direct",5.16706377551835,3.05496408311412,-0.820665827385328,11.154793378422,0.0907668346719485,0.792694447727759,550.425613572033,0.938739703987657
"no_transport","CO",38532,247,156,"HAC24","Indirect",-15.7622501349616,7.23641547816272,-29.9456244721605,-1.57887579776264,0.0293922819207087,0.792694447727759,550.425613572033,-2.86364764762147
"no_transport","CO",38532,247,156,"HAC24","Total",-10.5951863594432,7.58165725837666,-25.4552345858615,4.26486186697504,0.162270387683771,0.792694447727759,550.425613572033,-1.92490794363381
"no_transport","SO2",38532,247,156,"Joint_OIM","Direct",-0.043909742622371,0.0151229281319351,-0.0735506817609638,-0.0142688034837783,0.00368991973462209,0.83721646100403,5.19974108959282,-0.844460173416241
"no_transport","SO2",38532,247,156,"Joint_OIM","Indirect",-0.0276530881806409,0.0423744713856807,-0.110707052096575,0.0554008757352933,0.514021670474648,0.83721646100403,5.19974108959282,-0.531816636716548
"no_transport","SO2",38532,247,156,"Joint_OIM","Total",-0.071562830803012,0.0432455892429595,-0.156324185719213,0.0131985241131887,0.0979649345314142,0.83721646100403,5.19974108959282,-1.37627681013279
"no_transport","SO2",38532,247,156,"HAC6","Direct",-0.043909742622371,0.0221747635677427,-0.0873722792151467,-0.000447206029595422,0.047684728255208,0.83721646100403,5.19974108959282,-0.844460173416241
"no_transport","SO2",38532,247,156,"HAC6","Indirect",-0.0276530881806409,0.0750163772181755,-0.174685187528265,0.119379011166983,0.712405508330793,0.83721646100403,5.19974108959282,-0.531816636716548
"no_transport","SO2",38532,247,156,"HAC6","Total",-0.071562830803012,0.0837027984974494,-0.235620315858013,0.0924946542519889,0.39257139935937,0.83721646100403,5.19974108959282,-1.37627681013279
"no_transport","SO2",38532,247,156,"HAC12","Direct",-0.043909742622371,0.0249709084322298,-0.0928527231495414,0.0050332379047993,0.0786733639275015,0.83721646100403,5.19974108959282,-0.844460173416241
"no_transport","SO2",38532,247,156,"HAC12","Indirect",-0.0276530881806409,0.0712748895697563,-0.167351871737363,0.112045695376081,0.6980323239548,0.83721646100403,5.19974108959282,-0.531816636716548
"no_transport","SO2",38532,247,156,"HAC12","Total",-0.071562830803012,0.0831712105248423,-0.234578403431703,0.091452741825679,0.389553206571321,0.83721646100403,5.19974108959282,-1.37627681013279
"no_transport","SO2",38532,247,156,"HAC24","Direct",-0.043909742622371,0.0268515687969054,-0.0965388174643056,0.00871933221956347,0.101991072781539,0.83721646100403,5.19974108959282,-0.844460173416241
"no_transport","SO2",38532,247,156,"HAC24","Indirect",-0.0276530881806409,0.0599773240154992,-0.145208643251019,0.0899024668897375,0.644756238473035,0.83721646100403,5.19974108959282,-0.531816636716548
"no_transport","SO2",38532,247,156,"HAC24","Total",-0.071562830803012,0.0745379935682862,-0.217657298196853,0.074531636590829,0.337012293683979,0.83721646100403,5.19974108959282,-1.37627681013279
"no_transport","O3",38532,247,156,"Joint_OIM","Direct",-0.0420330500368234,0.0556600307695866,-0.151126710345213,0.0670606102715664,0.450144134532476,0.858917118651944,23.9284544794125,-0.175661366148773
"no_transport","O3",38532,247,156,"Joint_OIM","Indirect",0.513835184436177,0.176975481107642,0.166963241465198,0.860707127407156,0.00369104379129689,0.858917118651944,23.9284544794125,2.14738141520285
"no_transport","O3",38532,247,156,"Joint_OIM","Total",0.471802134399354,0.1824014630638,0.114295266794305,0.829309002004402,0.00969241697617757,0.858917118651944,23.9284544794125,1.97172004905407
"no_transport","O3",38532,247,156,"HAC6","Direct",-0.0420330500368234,0.101094852217207,-0.240178960382549,0.156112860308903,0.67757220846787,0.858917118651944,23.9284544794125,-0.175661366148773
"no_transport","O3",38532,247,156,"HAC6","Indirect",0.513835184436177,0.329570305262223,-0.13212261387778,1.15979298275013,0.118971190337952,0.858917118651944,23.9284544794125,2.14738141520285
"no_transport","O3",38532,247,156,"HAC6","Total",0.471802134399354,0.338810015377092,-0.192265495739747,1.13586976453845,0.163762835574488,0.858917118651944,23.9284544794125,1.97172004905407
"no_transport","O3",38532,247,156,"HAC12","Direct",-0.0420330500368234,0.0972790913171339,-0.232700069018406,0.148633968944759,0.665678038475939,0.858917118651944,23.9284544794125,-0.175661366148773
"no_transport","O3",38532,247,156,"HAC12","Indirect",0.513835184436177,0.335253599582762,-0.143261870746037,1.17093223961839,0.125355677132676,0.858917118651944,23.9284544794125,2.14738141520285
"no_transport","O3",38532,247,156,"HAC12","Total",0.471802134399354,0.334574733404137,-0.183964343072754,1.12756861187146,0.158494007133991,0.858917118651944,23.9284544794125,1.97172004905407
"no_transport","O3",38532,247,156,"HAC24","Direct",-0.0420330500368234,0.0960724623646531,-0.230335076271543,0.146268976197897,0.661738604545645,0.858917118651944,23.9284544794125,-0.175661366148773
"no_transport","O3",38532,247,156,"HAC24","Indirect",0.513835184436177,0.366393008348943,-0.20429511192775,1.2319654808001,0.160791247825486,0.858917118651944,23.9284544794125,2.14738141520285
"no_transport","O3",38532,247,156,"HAC24","Total",0.471802134399354,0.358932115829855,-0.231704812627162,1.17530908142587,0.188691239293775,0.858917118651944,23.9284544794125,1.97172004905407
"no_transport","PM10",38532,247,156,"Joint_OIM","Direct",-0.785229218043479,0.0796947837675992,-0.941430994227974,-0.629027441858985,6.65569430634337e-23,0.881982555971296,48.7523083608979,-1.61065033522244
"no_transport","PM10",38532,247,156,"Joint_OIM","Indirect",0.792360391902094,0.29743883750641,0.209380270389529,1.37534051341466,0.00772304295007396,0.881982555971296,48.7523083608979,1.62527769154334
"no_transport","PM10",38532,247,156,"Joint_OIM","Total",0.00713117385861435,0.308848137844524,-0.598211176316653,0.612473524033882,0.981578817241357,0.881982555971296,48.7523083608979,0.0146273563209039
"no_transport","PM10",38532,247,156,"HAC6","Direct",-0.785229218043479,0.234425750970294,-1.24470368994526,-0.325754746141704,0.000809324214003656,0.881982555971296,48.7523083608979,-1.61065033522244
"no_transport","PM10",38532,247,156,"HAC6","Indirect",0.792360391902094,0.678457557969538,-0.5374164217182,2.12213720552239,0.242853163288514,0.881982555971296,48.7523083608979,1.62527769154334
"no_transport","PM10",38532,247,156,"HAC6","Total",0.00713117385861435,0.675399706705582,-1.31665225128433,1.33091459900155,0.991575732489705,0.881982555971296,48.7523083608979,0.0146273563209039
"no_transport","PM10",38532,247,156,"HAC12","Direct",-0.785229218043479,0.284592406700215,-1.3430303351759,-0.227428100911059,0.00579543711451504,0.881982555971296,48.7523083608979,-1.61065033522244
"no_transport","PM10",38532,247,156,"HAC12","Indirect",0.792360391902094,0.718181768093187,-0.615275873560552,2.19999665736474,0.269902681120038,0.881982555971296,48.7523083608979,1.62527769154334
"no_transport","PM10",38532,247,156,"HAC12","Total",0.00713117385861435,0.704597610450817,-1.37388014262499,1.38814249034222,0.991924814530732,0.881982555971296,48.7523083608979,0.0146273563209039
"no_transport","PM10",38532,247,156,"HAC24","Direct",-0.785229218043479,0.331025089499323,-1.43403839346215,-0.136420042624807,0.0176866372272875,0.881982555971296,48.7523083608979,-1.61065033522244
"no_transport","PM10",38532,247,156,"HAC24","Indirect",0.792360391902094,0.793438930333444,-0.762779911551457,2.34750069535564,0.317968786880662,0.881982555971296,48.7523083608979,1.62527769154334
"no_transport","PM10",38532,247,156,"HAC24","Total",0.00713117385861435,0.766742361581748,-1.49568385484161,1.50994620255884,0.992579291586984,0.881982555971296,48.7523083608979,0.0146273563209039
"k3","NO2",38532,247,156,"Joint_OIM","Direct",-0.362629126220926,0.0517879800565123,-0.46413356713169,-0.261124685310162,2.51997221977575e-12,0.809992713354149,29.5092135021386,-1.22886747284757
"k3","NO2",38532,247,156,"Joint_OIM","Indirect",-1.55406412174493,0.12616887253953,-1.80135511192241,-1.30677313156745,7.30703125040478e-35,0.809992713354149,29.5092135021386,-5.26636916850494
"k3","NO2",38532,247,156,"Joint_OIM","Total",-1.91669324796585,0.132361634654098,-2.17612205188788,-1.65726444404382,1.60381995685427e-47,0.809992713354149,29.5092135021386,-6.49523664135252
"k3","NO2",38532,247,156,"HAC6","Direct",-0.362629126220926,0.112842352063078,-0.583800136264558,-0.141458116177294,0.0013108641702752,0.809992713354149,29.5092135021386,-1.22886747284757
"k3","NO2",38532,247,156,"HAC6","Indirect",-1.55406412174493,0.388364431843164,-2.31525840815753,-0.792869835332326,6.29258597182742e-05,0.809992713354149,29.5092135021386,-5.26636916850494
"k3","NO2",38532,247,156,"HAC6","Total",-1.91669324796585,0.437553081539296,-2.77429728778287,-1.05908920814883,1.18417260807832e-05,0.809992713354149,29.5092135021386,-6.49523664135252
"k3","NO2",38532,247,156,"HAC12","Direct",-0.362629126220926,0.131896753007039,-0.621146762114722,-0.10411149032713,0.0059715260479696,0.809992713354149,29.5092135021386,-1.22886747284757
"k3","NO2",38532,247,156,"HAC12","Indirect",-1.55406412174493,0.46156830528557,-2.45873800010464,-0.649390243385209,0.000760123993808562,0.809992713354149,29.5092135021386,-5.26636916850494
"k3","NO2",38532,247,156,"HAC12","Total",-1.91669324796585,0.521962956944361,-2.9397406435768,-0.893645852354906,0.000240578001767494,0.809992713354149,29.5092135021386,-6.49523664135252
"k3","NO2",38532,247,156,"HAC24","Direct",-0.362629126220926,0.147548795085386,-0.651824764588283,-0.0734334878535692,0.0139834010550207,0.809992713354149,29.5092135021386,-1.22886747284757
"k3","NO2",38532,247,156,"HAC24","Indirect",-1.55406412174493,0.534012244445479,-2.60072812085807,-0.507400122631788,0.00361237173683053,0.809992713354149,29.5092135021386,-5.26636916850494
"k3","NO2",38532,247,156,"HAC24","Total",-1.91669324796585,0.619844256976299,-3.1315879916394,-0.701798504292308,0.00198667239438227,0.809992713354149,29.5092135021386,-6.49523664135252
"k3","CO",38532,247,156,"Joint_OIM","Direct",1.9927507735561,1.18787186190154,-0.335478075770924,4.32097962288312,0.0934290055085518,0.756677008774778,550.425613572033,0.36203816181881
"k3","CO",38532,247,156,"Joint_OIM","Indirect",-16.6686601555027,2.36369285703175,-21.3014981552849,-12.0358221557204,1.76418852533546e-12,0.756677008774778,550.425613572033,-3.02832203743754
"k3","CO",38532,247,156,"Joint_OIM","Total",-14.6759093819466,2.40294965127144,-19.3856906984386,-9.96612806545455,1.01231676319663e-09,0.756677008774778,550.425613572033,-2.66628387561873
"k3","CO",38532,247,156,"HAC6","Direct",1.9927507735561,2.04859767505025,-2.02250066954239,6.00800221665459,0.330683056269385,0.756677008774778,550.425613572033,0.36203816181881
"k3","CO",38532,247,156,"HAC6","Indirect",-16.6686601555027,5.30699243761422,-27.0703653332265,-6.26695497777881,0.00168437376013958,0.756677008774778,550.425613572033,-3.02832203743754
"k3","CO",38532,247,156,"HAC6","Total",-14.6759093819466,6.07952044285666,-26.5917694499456,-2.76004931394752,0.015778839653822,0.756677008774778,550.425613572033,-2.66628387561873
"k3","CO",38532,247,156,"HAC12","Direct",1.9927507735561,2.39381431813556,-2.69912528998961,6.6846268371018,0.405150264934649,0.756677008774778,550.425613572033,0.36203816181881
"k3","CO",38532,247,156,"HAC12","Indirect",-16.6686601555027,6.36542534626573,-29.1448938341835,-4.19242647682185,0.00882850125337155,0.756677008774778,550.425613572033,-3.02832203743754
"k3","CO",38532,247,156,"HAC12","Total",-14.6759093819466,7.15309080778978,-28.6959673652145,-0.655851398678598,0.0402000099039018,0.756677008774778,550.425613572033,-2.66628387561873
"k3","CO",38532,247,156,"HAC24","Direct",1.9927507735561,2.72739305342091,-3.35293961114888,7.33844115826107,0.464997210702488,0.756677008774778,550.425613572033,0.36203816181881
"k3","CO",38532,247,156,"HAC24","Indirect",-16.6686601555027,7.83854580682154,-32.0322099368729,-1.30511037413245,0.033461728867357,0.756677008774778,550.425613572033,-3.02832203743754
"k3","CO",38532,247,156,"HAC24","Total",-14.6759093819466,8.53658076765506,-31.4076076865505,2.05578892265735,0.0855818048481425,0.756677008774778,550.425613572033,-2.66628387561873
"k3","SO2",38532,247,156,"Joint_OIM","Direct",-0.0763026200662072,0.0143360572855712,-0.104401292345927,-0.0482039477864876,1.02391811999287e-07,0.794618308165428,5.19974108959282,-1.46743114227217
"k3","SO2",38532,247,156,"Joint_OIM","Indirect",-0.115093512723004,0.0327314457192478,-0.179247146332729,-0.0509398791132779,0.000437609733340129,0.794618308165428,5.19974108959282,-2.21344699168505
"k3","SO2",38532,247,156,"Joint_OIM","Total",-0.191396132789211,0.0340648585386205,-0.258163255524907,-0.124629010053514,1.92533247381141e-08,0.794618308165428,5.19974108959282,-3.68087813395721
"k3","SO2",38532,247,156,"HAC6","Direct",-0.0763026200662072,0.0207781367895506,-0.117027768173726,-0.0355774719586879,0.000240419451883408,0.794618308165428,5.19974108959282,-1.46743114227217
"k3","SO2",38532,247,156,"HAC6","Indirect",-0.115093512723004,0.0701860384079519,-0.252658148002589,0.0224711225565822,0.101039507109062,0.794618308165428,5.19974108959282,-2.21344699168505
"k3","SO2",38532,247,156,"HAC6","Total",-0.191396132789211,0.0793456604994787,-0.346913627368189,-0.0358786382102323,0.0158573862546495,0.794618308165428,5.19974108959282,-3.68087813395721
"k3","SO2",38532,247,156,"HAC12","Direct",-0.0763026200662072,0.0226131284039709,-0.12062435173799,-0.0319808883944243,0.000740138844305271,0.794618308165428,5.19974108959282,-1.46743114227217
"k3","SO2",38532,247,156,"HAC12","Indirect",-0.115093512723004,0.0678832888127858,-0.248144758796064,0.0179577333500566,0.0899878797507552,0.794618308165428,5.19974108959282,-2.21344699168505
"k3","SO2",38532,247,156,"HAC12","Total",-0.191396132789211,0.0798084375294387,-0.34782067034691,-0.0349715952315109,0.0164761269599589,0.794618308165428,5.19974108959282,-3.68087813395721
"k3","SO2",38532,247,156,"HAC24","Direct",-0.0763026200662072,0.0230489502443032,-0.121478562545041,-0.0311266775873729,0.000931428756289625,0.794618308165428,5.19974108959282,-1.46743114227217
"k3","SO2",38532,247,156,"HAC24","Indirect",-0.115093512723004,0.0530490580530321,-0.219069666506946,-0.0111173589390607,0.0300396250089384,0.794618308165428,5.19974108959282,-2.21344699168505
"k3","SO2",38532,247,156,"HAC24","Total",-0.191396132789211,0.0677030813134892,-0.32409417216365,-0.0586980934147718,0.00469873640229124,0.794618308165428,5.19974108959282,-3.68087813395721
"k3","O3",38532,247,156,"Joint_OIM","Direct",0.220484975309676,0.0533702705217361,0.115879245087073,0.325090705532278,3.60824018202073e-05,0.83149828553181,23.9284544794125,0.921434251005955
"k3","O3",38532,247,156,"Joint_OIM","Indirect",0.491112619407626,0.144146186984751,0.208586092917514,0.773639145897737,0.000656701758225605,0.83149828553181,23.9284544794125,2.05242097783694
"k3","O3",38532,247,156,"Joint_OIM","Total",0.711597594717301,0.15254848043874,0.41260257305737,1.01059261637723,3.09021322080042e-06,0.83149828553181,23.9284544794125,2.9738552288429
"k3","O3",38532,247,156,"HAC6","Direct",0.220484975309676,0.088852876729369,0.0463333369201123,0.394636613699239,0.0130844916417227,0.83149828553181,23.9284544794125,0.921434251005955
"k3","O3",38532,247,156,"HAC6","Indirect",0.491112619407626,0.321264290067196,-0.138565389124078,1.12079062793933,0.126341998205638,0.83149828553181,23.9284544794125,2.05242097783694
"k3","O3",38532,247,156,"HAC6","Total",0.711597594717301,0.354173193225334,0.0174181359956463,1.40577705343896,0.0445180783690837,0.83149828553181,23.9284544794125,2.9738552288429
"k3","O3",38532,247,156,"HAC12","Direct",0.220484975309676,0.0773410892051626,0.0688964404675568,0.372073510151794,0.00436076201116273,0.83149828553181,23.9284544794125,0.921434251005955
"k3","O3",38532,247,156,"HAC12","Indirect",0.491112619407626,0.335242438792241,-0.165962560625167,1.14818779944042,0.142935203822273,0.83149828553181,23.9284544794125,2.05242097783694
"k3","O3",38532,247,156,"HAC12","Total",0.711597594717301,0.360605625077746,0.00481056956491888,1.41838461986968,0.0484568099574757,0.83149828553181,23.9284544794125,2.9738552288429
"k3","O3",38532,247,156,"HAC24","Direct",0.220484975309676,0.0774094575964315,0.0687624384206698,0.372207512198681,0.00439541530160798,0.83149828553181,23.9284544794125,0.921434251005955
"k3","O3",38532,247,156,"HAC24","Indirect",0.491112619407626,0.355787278343956,-0.206230446146528,1.18845568496178,0.16747748006458,0.83149828553181,23.9284544794125,2.05242097783694
"k3","O3",38532,247,156,"HAC24","Total",0.711597594717301,0.381787294027623,-0.0367055015768397,1.45990069101144,0.0623415405746959,0.83149828553181,23.9284544794125,2.9738552288429
"k3","PM10",38532,247,156,"Joint_OIM","Direct",-0.372782138796194,0.0769851714411897,-0.523673074820926,-0.221891202771462,1.28371290015372e-06,0.851842645291919,48.7523083608979,-0.764645103646387
"k3","PM10",38532,247,156,"Joint_OIM","Indirect",0.0512076561667713,0.232948449334151,-0.405371304528164,0.507786616861707,0.826008240049693,0.851842645291919,48.7523083608979,0.105036372406609
"k3","PM10",38532,247,156,"Joint_OIM","Total",-0.321574482629423,0.248108715035385,-0.807867564098777,0.164718598839931,0.194939956100238,0.851842645291919,48.7523083608979,-0.659608731239778
"k3","PM10",38532,247,156,"HAC6","Direct",-0.372782138796194,0.201745579706607,-0.768203475021143,0.0226391974287555,0.0646336792586772,0.851842645291919,48.7523083608979,-0.764645103646387
"k3","PM10",38532,247,156,"HAC6","Indirect",0.0512076561667713,0.64540070525373,-1.21377772613054,1.31619303846408,0.936760263464124,0.851842645291919,48.7523083608979,0.105036372406609
"k3","PM10",38532,247,156,"HAC6","Total",-0.321574482629423,0.688301900213169,-1.67064620704723,1.02749724178839,0.640356965300691,0.851842645291919,48.7523083608979,-0.659608731239778
"k3","PM10",38532,247,156,"HAC12","Direct",-0.372782138796194,0.231798241903798,-0.827106692927638,0.08154241533525,0.107787410350816,0.851842645291919,48.7523083608979,-0.764645103646387
"k3","PM10",38532,247,156,"HAC12","Indirect",0.0512076561667713,0.647865504495351,-1.21860873264412,1.32102404497766,0.937000356975632,0.851842645291919,48.7523083608979,0.105036372406609
"k3","PM10",38532,247,156,"HAC12","Total",-0.321574482629423,0.706410652383035,-1.70613936130017,1.06299039604133,0.648948707172799,0.851842645291919,48.7523083608979,-0.659608731239778
"k3","PM10",38532,247,156,"HAC24","Direct",-0.372782138796194,0.25798913673677,-0.878440846800264,0.132876569207876,0.148471129462173,0.851842645291919,48.7523083608979,-0.764645103646387
"k3","PM10",38532,247,156,"HAC24","Indirect",0.0512076561667713,0.665750469935139,-1.2536632649061,1.35607857723964,0.93868942148683,0.851842645291919,48.7523083608979,0.105036372406609
"k3","PM10",38532,247,156,"HAC24","Total",-0.321574482629423,0.733077382266467,-1.7584061518717,1.11525718661285,0.66090518809232,0.851842645291919,48.7523083608979,-0.659608731239778
"k7","NO2",38532,247,156,"Joint_OIM","Direct",0.0763890182547454,0.0575339780446258,-0.0363775787127212,0.189155615222212,0.184270595600333,0.867278821698737,29.5092135021386,0.258864975337988
"k7","NO2",38532,247,156,"Joint_OIM","Indirect",-1.15138063180741,0.21255627961602,-1.5679909398548,-0.734770323760006,6.06659280168644e-08,0.867278821698737,29.5092135021386,-3.90176658460911
"k7","NO2",38532,247,156,"Joint_OIM","Total",-1.07499161355266,0.215729395701588,-1.49782122912777,-0.652161997977548,6.25878963730359e-07,0.867278821698737,29.5092135021386,-3.64290160927113
"k7","NO2",38532,247,156,"HAC6","Direct",0.0763890182547454,0.0916165411089418,-0.103179402318781,0.255957438828271,0.404398947268108,0.867278821698737,29.5092135021386,0.258864975337988
"k7","NO2",38532,247,156,"HAC6","Indirect",-1.15138063180741,0.395619596747895,-1.92679504143328,-0.375966222181531,0.00361055933311991,0.867278821698737,29.5092135021386,-3.90176658460911
"k7","NO2",38532,247,156,"HAC6","Total",-1.07499161355266,0.402347025498069,-1.86359178352887,-0.286391443576446,0.00754451358043383,0.867278821698737,29.5092135021386,-3.64290160927113
"k7","NO2",38532,247,156,"HAC12","Direct",0.0763890182547454,0.0945439960266338,-0.108917213957457,0.261695250466948,0.4191059904695,0.867278821698737,29.5092135021386,0.258864975337988
"k7","NO2",38532,247,156,"HAC12","Indirect",-1.15138063180741,0.462924167626802,-2.05871200035594,-0.244049263258874,0.0128756401104528,0.867278821698737,29.5092135021386,-3.90176658460911
"k7","NO2",38532,247,156,"HAC12","Total",-1.07499161355266,0.455924441343212,-1.96860351858536,-0.181379708519965,0.0183821862051649,0.867278821698737,29.5092135021386,-3.64290160927113
"k7","NO2",38532,247,156,"HAC24","Direct",0.0763890182547454,0.0936309388502806,-0.107127621891805,0.259905658401295,0.414584607683454,0.867278821698737,29.5092135021386,0.258864975337988
"k7","NO2",38532,247,156,"HAC24","Indirect",-1.15138063180741,0.533781607660049,-2.1975925828211,-0.10516868079371,0.0310036641004514,0.867278821698737,29.5092135021386,-3.90176658460911
"k7","NO2",38532,247,156,"HAC24","Total",-1.07499161355266,0.511590672821358,-2.07770933228252,-0.0722738948227988,0.0356170177798548,0.867278821698737,29.5092135021386,-3.64290160927113
"k7","CO",38532,247,156,"Joint_OIM","Direct",4.84154158950594,1.33021961730703,2.23431113958415,7.44877203942772,0.000273002683207308,0.821368340331798,550.425613572033,0.879599617119259
"k7","CO",38532,247,156,"Joint_OIM","Indirect",-8.94345450731041,3.74065205139207,-16.2751325280389,-1.61177648658196,0.0168079924855234,0.821368340331798,550.425613572033,-1.62482527825533
"k7","CO",38532,247,156,"Joint_OIM","Total",-4.10191291780447,3.71401919335777,-11.3813905367857,3.17756470117676,0.269402135224882,0.821368340331798,550.425613572033,-0.745225661136073
"k7","CO",38532,247,156,"HAC6","Direct",4.84154158950594,2.3108619235461,0.312252219355588,9.37083095965628,0.0361599974098231,0.821368340331798,550.425613572033,0.879599617119259
"k7","CO",38532,247,156,"HAC6","Indirect",-8.94345450731041,5.9324836745143,-20.5711225093584,2.68421349473762,0.13167238232714,0.821368340331798,550.425613572033,-1.62482527825533
"k7","CO",38532,247,156,"HAC6","Total",-4.10191291780447,6.28902442405696,-16.4284007889561,8.22457495334718,0.514250500115722,0.821368340331798,550.425613572033,-0.745225661136073
"k7","CO",38532,247,156,"HAC12","Direct",4.84154158950594,2.71222284255202,-0.474415181896032,10.1574983609079,0.0742479326634769,0.821368340331798,550.425613572033,0.879599617119259
"k7","CO",38532,247,156,"HAC12","Indirect",-8.94345450731041,6.38140028898553,-21.450999073722,3.56409005910123,0.161068260035903,0.821368340331798,550.425613572033,-1.62482527825533
"k7","CO",38532,247,156,"HAC12","Total",-4.10191291780447,6.58485156183556,-17.0082219790022,8.80439614339322,0.533329391575729,0.821368340331798,550.425613572033,-0.745225661136073
"k7","CO",38532,247,156,"HAC24","Direct",4.84154158950594,2.96651002537022,-0.972818060219692,10.6559012392316,0.102665481151367,0.821368340331798,550.425613572033,0.879599617119259
"k7","CO",38532,247,156,"HAC24","Indirect",-8.94345450731041,7.22512664897351,-23.1047027392985,5.21779372467768,0.215780334725797,0.821368340331798,550.425613572033,-1.62482527825533
"k7","CO",38532,247,156,"HAC24","Total",-4.10191291780447,7.10088783645366,-18.0196530772537,9.81582724164471,0.563492353677024,0.821368340331798,550.425613572033,-0.745225661136073
"k7","SO2",38532,247,156,"Joint_OIM","Direct",-0.0348063219858574,0.0164239953667781,-0.0669973529047425,-0.00261529106697244,0.0340705286397847,0.862433139459847,5.19974108959282,-0.669385674904499
"k7","SO2",38532,247,156,"Joint_OIM","Indirect",-0.120926471904609,0.0581452179908628,-0.2348910991667,-0.00696184464251791,0.0375501190462034,0.862433139459847,5.19974108959282,-2.32562486902744
"k7","SO2",38532,247,156,"Joint_OIM","Total",-0.155732793890467,0.0588974430452387,-0.271171782259134,-0.0402938055217987,0.00818999703853274,0.862433139459847,5.19974108959282,-2.99501054393194
"k7","SO2",38532,247,156,"HAC6","Direct",-0.0348063219858574,0.0231214777811387,-0.0801244184368894,0.0105117744651745,0.132229611214587,0.862433139459847,5.19974108959282,-0.669385674904499
"k7","SO2",38532,247,156,"HAC6","Indirect",-0.120926471904609,0.0920047786871115,-0.301255838131348,0.0594028943221294,0.188728481096854,0.862433139459847,5.19974108959282,-2.32562486902744
"k7","SO2",38532,247,156,"HAC6","Total",-0.155732793890467,0.094385806166345,-0.340728973976503,0.0292633861955696,0.0989511410480719,0.862433139459847,5.19974108959282,-2.99501054393194
"k7","SO2",38532,247,156,"HAC12","Direct",-0.0348063219858574,0.0244394484727609,-0.0827076409924688,0.0130949970207539,0.154392617251573,0.862433139459847,5.19974108959282,-0.669385674904499
"k7","SO2",38532,247,156,"HAC12","Indirect",-0.120926471904609,0.0830372030341308,-0.283679389851506,0.0418264460422874,0.145311725027675,0.862433139459847,5.19974108959282,-2.32562486902744
"k7","SO2",38532,247,156,"HAC12","Total",-0.155732793890467,0.0891773577860154,-0.330520415151057,0.0190548273701236,0.080754212605962,0.862433139459847,5.19974108959282,-2.99501054393194
"k7","SO2",38532,247,156,"HAC24","Direct",-0.0348063219858574,0.02420667599696,-0.0822514069398991,0.0126387629681842,0.150467792269552,0.862433139459847,5.19974108959282,-0.669385674904499
"k7","SO2",38532,247,156,"HAC24","Indirect",-0.120926471904609,0.0682834670014697,-0.25476206722749,0.0129091234182716,0.0765693429929332,0.862433139459847,5.19974108959282,-2.32562486902744
"k7","SO2",38532,247,156,"HAC24","Total",-0.155732793890467,0.0761459729544646,-0.304978900881217,-0.0064866868997159,0.0408363739973406,0.862433139459847,5.19974108959282,-2.99501054393194
"k7","O3",38532,247,156,"Joint_OIM","Direct",-0.140105400638925,0.0591987749053706,-0.256134999453451,-0.0240758018243983,0.0179477526719524,0.8795657201991,23.9284544794125,-0.585517968824389
"k7","O3",38532,247,156,"Joint_OIM","Indirect",0.527099688485462,0.237172432063279,0.0622417216414363,0.991957655329489,0.0262541002941117,0.8795657201991,23.9284544794125,2.20281543439827
"k7","O3",38532,247,156,"Joint_OIM","Total",0.386994287846538,0.241762658510597,-0.0868605228342331,0.860849098527309,0.109438981351061,0.8795657201991,23.9284544794125,1.61729746557388
"k7","O3",38532,247,156,"HAC6","Direct",-0.140105400638925,0.116936241342169,-0.369300433669576,0.0890896323917267,0.230864474712036,0.8795657201991,23.9284544794125,-0.585517968824389
"k7","O3",38532,247,156,"HAC6","Indirect",0.527099688485462,0.394972350054541,-0.247046117621439,1.30124549459236,0.182032511776197,0.8795657201991,23.9284544794125,2.20281543439827
"k7","O3",38532,247,156,"HAC6","Total",0.386994287846538,0.412348651214359,-0.421209068533607,1.19519764422668,0.347981190448452,0.8795657201991,23.9284544794125,1.61729746557388
"k7","O3",38532,247,156,"HAC12","Direct",-0.140105400638925,0.115819162089251,-0.367110958333856,0.0869001570560069,0.226397475907041,0.8795657201991,23.9284544794125,-0.585517968824389
"k7","O3",38532,247,156,"HAC12","Indirect",0.527099688485462,0.391551466469236,-0.24034118579424,1.29454056276516,0.178243703236876,0.8795657201991,23.9284544794125,2.20281543439827
"k7","O3",38532,247,156,"HAC12","Total",0.386994287846538,0.407313103871588,-0.411339395741775,1.18532797143485,0.342053824519074,0.8795657201991,23.9284544794125,1.61729746557388
"k7","O3",38532,247,156,"HAC24","Direct",-0.140105400638925,0.117177793168891,-0.369773875249951,0.0895630739721015,0.231827266334428,0.8795657201991,23.9284544794125,-0.585517968824389
"k7","O3",38532,247,156,"HAC24","Indirect",0.527099688485462,0.379109345052403,-0.215954627817247,1.27015400478817,0.164418610216962,0.8795657201991,23.9284544794125,2.20281543439827
"k7","O3",38532,247,156,"HAC24","Total",0.386994287846538,0.402406548510261,-0.401722547233574,1.17571112292665,0.336200434566913,0.8795657201991,23.9284544794125,1.61729746557388
"k7","PM10",38532,247,156,"Joint_OIM","Direct",-0.754893874003084,0.0853618131745229,-0.922203027825149,-0.58758472018102,9.27983216373722e-19,0.898519860041186,48.7523083608979,-1.5484269348127
"k7","PM10",38532,247,156,"Joint_OIM","Indirect",0.215284125256332,0.400998330377989,-0.570672602284526,1.00124085279719,0.591357153612857,0.898519860041186,48.7523083608979,0.441587552455263
"k7","PM10",38532,247,156,"Joint_OIM","Total",-0.539609748746753,0.410926491317211,-1.34502567172849,0.265806174234981,0.189131074754924,0.898519860041186,48.7523083608979,-1.10683938235743
"k7","PM10",38532,247,156,"HAC6","Direct",-0.754893874003084,0.234293432070373,-1.21410900086102,-0.295678747145154,0.00127298308585597,0.898519860041186,48.7523083608979,-1.5484269348127
"k7","PM10",38532,247,156,"HAC6","Indirect",0.215284125256332,0.858700625509728,-1.46776910074274,1.8983373512554,0.802038966693982,0.898519860041186,48.7523083608979,0.441587552455263
"k7","PM10",38532,247,156,"HAC6","Total",-0.539609748746753,0.832541628438926,-2.17139134048705,1.09217184299354,0.516889574729866,0.898519860041186,48.7523083608979,-1.10683938235743
"k7","PM10",38532,247,156,"HAC12","Direct",-0.754893874003084,0.27453882600638,-1.29298997297559,-0.21679777503058,0.0059653519011851,0.898519860041186,48.7523083608979,-1.5484269348127
"k7","PM10",38532,247,156,"HAC12","Indirect",0.215284125256332,0.945836952100477,-1.6385563008606,2.06912455137327,0.819947655955573,0.898519860041186,48.7523083608979,0.441587552455263
"k7","PM10",38532,247,156,"HAC12","Total",-0.539609748746753,0.895941987328473,-2.29565604391056,1.21643654641705,0.546986427990196,0.898519860041186,48.7523083608979,-1.10683938235743
"k7","PM10",38532,247,156,"HAC24","Direct",-0.754893874003084,0.301702691524422,-1.34623114939095,-0.163556598615217,0.012345492168259,0.898519860041186,48.7523083608979,-1.5484269348127
"k7","PM10",38532,247,156,"HAC24","Indirect",0.215284125256332,1.00359798709579,-1.75176792945141,2.18233617996408,0.830147566269555,0.898519860041186,48.7523083608979,0.441587552455263
"k7","PM10",38532,247,156,"HAC24","Total",-0.539609748746753,0.934802149599934,-2.37182196196262,1.29260246446912,0.563774047395712,0.898519860041186,48.7523083608979,-1.10683938235743
"omit61","NO2",34632,222,156,"Joint_OIM","Direct",0.232634865425326,0.0666806050073703,0.10194087961088,0.363328851239772,0.000485205714242212,0.827060419602743,28.7353379490807,0.809577621246556
"omit61","NO2",34632,222,156,"Joint_OIM","Indirect",-1.54448921747577,0.167392004930744,-1.87257754714003,-1.21640088781151,2.78889430261472e-20,0.827060419602743,28.7353379490807,-5.37487751218594
"omit61","NO2",34632,222,156,"Joint_OIM","Total",-1.31185435205044,0.168169355847892,-1.64146628951231,-0.982242414588575,6.1519300701982e-15,0.827060419602743,28.7353379490807,-4.56529989093938
"omit61","NO2",34632,222,156,"HAC6","Direct",0.232634865425326,0.130280520980604,-0.0227149556966574,0.48798468654731,0.0741566258607227,0.827060419602743,28.7353379490807,0.809577621246556
"omit61","NO2",34632,222,156,"HAC6","Indirect",-1.54448921747577,0.428234590524479,-2.38382901490375,-0.70514942004779,0.000310184147650772,0.827060419602743,28.7353379490807,-5.37487751218594
"omit61","NO2",34632,222,156,"HAC6","Total",-1.31185435205044,0.42488205117823,-2.14462317235977,-0.479085531741112,0.00201798196910534,0.827060419602743,28.7353379490807,-4.56529989093938
"omit61","NO2",34632,222,156,"HAC12","Direct",0.232634865425326,0.129855973089954,-0.0218828418309838,0.487152572681636,0.0732157002397072,0.827060419602743,28.7353379490807,0.809577621246556
"omit61","NO2",34632,222,156,"HAC12","Indirect",-1.54448921747577,0.508950140685787,-2.54203149321991,-0.546946941731626,0.00240809209561873,0.827060419602743,28.7353379490807,-5.37487751218594
"omit61","NO2",34632,222,156,"HAC12","Total",-1.31185435205044,0.482323064374113,-2.2572075582237,-0.36650114587718,0.00653082741843358,0.827060419602743,28.7353379490807,-4.56529989093938
"omit61","NO2",34632,222,156,"HAC24","Direct",0.232634865425326,0.147066218707522,-0.0556149232414174,0.52088465409207,0.113686662995811,0.827060419602743,28.7353379490807,0.809577621246556
"omit61","NO2",34632,222,156,"HAC24","Indirect",-1.54448921747577,0.603492332508276,-2.72733418919199,-0.361644245759548,0.0104897541681929,0.827060419602743,28.7353379490807,-5.37487751218594
"omit61","NO2",34632,222,156,"HAC24","Total",-1.31185435205044,0.556056017343182,-2.40172414604308,-0.221984558057805,0.0183137613633118,0.827060419602743,28.7353379490807,-4.56529989093938
"omit61","CO",34632,222,156,"Joint_OIM","Direct",3.01405429846788,1.547462757153,-0.0189727055520041,6.04708130248776,0.0514461441399853,0.785774628222426,554.482890701069,0.543579314892297
"omit61","CO",34632,222,156,"Joint_OIM","Indirect",-0.848873786980132,3.26403629555164,-7.24638492626135,5.54863735230108,0.794810754980544,0.785774628222426,554.482890701069,-0.153092872875995
"omit61","CO",34632,222,156,"Joint_OIM","Total",2.16518051148775,3.1818164694252,-4.07117976858564,8.40154079156113,0.496196992443315,0.785774628222426,554.482890701069,0.390486442016302
"omit61","CO",34632,222,156,"HAC6","Direct",3.01405429846788,1.52631515684996,0.0224765910419573,6.0056320058938,0.0482992452074766,0.785774628222426,554.482890701069,0.543579314892297
"omit61","CO",34632,222,156,"HAC6","Indirect",-0.848873786980132,5.85407402323992,-12.3228588725304,10.6251112985701,0.884706413841557,0.785774628222426,554.482890701069,-0.153092872875995
"omit61","CO",34632,222,156,"HAC6","Total",2.16518051148775,6.21536263551913,-10.0169302541298,14.3472912771052,0.727570227307199,0.785774628222426,554.482890701069,0.390486442016302
"omit61","CO",34632,222,156,"HAC12","Direct",3.01405429846788,1.69109941046674,-0.300500546046942,6.3286091429827,0.0746995691116488,0.785774628222426,554.482890701069,0.543579314892297
"omit61","CO",34632,222,156,"HAC12","Indirect",-0.848873786980132,6.58474602880339,-13.7549760034348,12.0572284294745,0.897424756895731,0.785774628222426,554.482890701069,-0.153092872875995
"omit61","CO",34632,222,156,"HAC12","Total",2.16518051148775,6.99348869069614,-11.5420573222767,15.8724183452522,0.756865546397037,0.785774628222426,554.482890701069,0.390486442016302
"omit61","CO",34632,222,156,"HAC24","Direct",3.01405429846788,1.87588804645319,-0.662686272580379,6.69079486951613,0.10811259212146,0.785774628222426,554.482890701069,0.543579314892297
"omit61","CO",34632,222,156,"HAC24","Indirect",-0.848873786980132,6.79153027783718,-14.160273131541,12.4625255575807,0.900531418425035,0.785774628222426,554.482890701069,-0.153092872875995
"omit61","CO",34632,222,156,"HAC24","Total",2.16518051148775,7.45703711549226,-12.4506122348771,16.7809732578526,0.771545435618348,0.785774628222426,554.482890701069,0.390486442016302
"omit61","SO2",34632,222,156,"Joint_OIM","Direct",-0.0313022282436927,0.0191127602923592,-0.0687632384167168,0.00615878192933133,0.101470524642507,0.827495312446055,5.16656760502642,-0.605861195220588
"omit61","SO2",34632,222,156,"Joint_OIM","Indirect",0.0177776591994967,0.0487217644514144,-0.0777169991252756,0.113272317524269,0.715200037576326,0.827495312446055,5.16656760502642,0.344090323761587
"omit61","SO2",34632,222,156,"Joint_OIM","Total",-0.0135245690441961,0.0490621359622563,-0.109686355530218,0.0826372174418262,0.782807645249887,0.827495312446055,5.16656760502642,-0.261770871459001
"omit61","SO2",34632,222,156,"HAC6","Direct",-0.0313022282436927,0.0224484007029476,-0.0753010936214701,0.0126966371340846,0.16319445092841,0.827495312446055,5.16656760502642,-0.605861195220588
"omit61","SO2",34632,222,156,"HAC6","Indirect",0.0177776591994967,0.0807475026871199,-0.140487446067258,0.176042764466252,0.825743760320104,0.827495312446055,5.16656760502642,0.344090323761587
"omit61","SO2",34632,222,156,"HAC6","Total",-0.0135245690441961,0.0918454099842218,-0.193541572613271,0.166492434524879,0.882931839680275,0.827495312446055,5.16656760502642,-0.261770871459001
"omit61","SO2",34632,222,156,"HAC12","Direct",-0.0313022282436927,0.0258761667934905,-0.082019515158934,0.0194150586715486,0.226396562523371,0.827495312446055,5.16656760502642,-0.605861195220588
"omit61","SO2",34632,222,156,"HAC12","Indirect",0.0177776591994967,0.08087346205576,-0.140734326429793,0.176289644828786,0.82601081537457,0.827495312446055,5.16656760502642,0.344090323761587
"omit61","SO2",34632,222,156,"HAC12","Total",-0.0135245690441961,0.0941170771254696,-0.197994040210116,0.170944902121724,0.885737832162256,0.827495312446055,5.16656760502642,-0.261770871459001
"omit61","SO2",34632,222,156,"HAC24","Direct",-0.0313022282436927,0.0294404183354836,-0.0890054481812406,0.0264009916938551,0.287673160013363,0.827495312446055,5.16656760502642,-0.605861195220588
"omit61","SO2",34632,222,156,"HAC24","Indirect",0.0177776591994967,0.0718503658440546,-0.12304905785485,0.158604376253844,0.804578440553974,0.827495312446055,5.16656760502642,0.344090323761587
"omit61","SO2",34632,222,156,"HAC24","Total",-0.0135245690441961,0.0859074356250132,-0.181903142869222,0.15485400478083,0.874904490587261,0.827495312446055,5.16656760502642,-0.261770871459001
"omit61","O3",34632,222,156,"Joint_OIM","Direct",-0.174455695236413,0.069383093900258,-0.310446559280919,-0.0384648311919076,0.0119240745991226,0.84508502648785,24.3495670275994,-0.716463233365397
"omit61","O3",34632,222,156,"Joint_OIM","Indirect",0.329981276644013,0.192037087286982,-0.046411414438472,0.706373967726497,0.0857381600275062,0.84508502648785,24.3495670275994,1.35518334379412
"omit61","O3",34632,222,156,"Joint_OIM","Total",0.155525581407599,0.195243571690322,-0.227151819105432,0.538202981920631,0.425699587827253,0.84508502648785,24.3495670275994,0.638720110428726
"omit61","O3",34632,222,156,"HAC6","Direct",-0.174455695236413,0.0816796122894228,-0.334547735323682,-0.0143636551491444,0.0326913473529727,0.84508502648785,24.3495670275994,-0.716463233365397
"omit61","O3",34632,222,156,"HAC6","Indirect",0.329981276644013,0.475401631141916,-0.601805920394143,1.26176847368217,0.487612897442587,0.84508502648785,24.3495670275994,1.35518334379412
"omit61","O3",34632,222,156,"HAC6","Total",0.155525581407599,0.491711524134929,-0.808229005896861,1.11928016871206,0.751779092311325,0.84508502648785,24.3495670275994,0.638720110428726
"omit61","O3",34632,222,156,"HAC12","Direct",-0.174455695236413,0.0670601911002771,-0.305893669792956,-0.0430177206798701,0.00928226819202585,0.84508502648785,24.3495670275994,-0.716463233365397
"omit61","O3",34632,222,156,"HAC12","Indirect",0.329981276644013,0.51403494879505,-0.677527222994285,1.33748977628231,0.520910017073425,0.84508502648785,24.3495670275994,1.35518334379412
"omit61","O3",34632,222,156,"HAC12","Total",0.155525581407599,0.519459931466126,-0.862615884266007,1.17366704708121,0.764635922649887,0.84508502648785,24.3495670275994,0.638720110428726
"omit61","O3",34632,222,156,"HAC24","Direct",-0.174455695236413,0.0661802568345414,-0.304168998632114,-0.044742391840712,0.00838727799092602,0.84508502648785,24.3495670275994,-0.716463233365397
"omit61","O3",34632,222,156,"HAC24","Indirect",0.329981276644013,0.533696900711677,-0.716064648750874,1.3760272020389,0.536381945130938,0.84508502648785,24.3495670275994,1.35518334379412
"omit61","O3",34632,222,156,"HAC24","Total",0.155525581407599,0.554600823344553,-0.931492032347723,1.24254319516292,0.77914918287385,0.84508502648785,24.3495670275994,0.638720110428726
"omit61","PM10",34632,222,156,"Joint_OIM","Direct",-0.663751051145471,0.100108016638972,-0.859962763757855,-0.467539338533086,3.34894942503054e-11,0.872679371526559,49.6482595528561,-1.33690698752256
"omit61","PM10",34632,222,156,"Joint_OIM","Indirect",1.0207114804267,0.327582721829763,0.378649345640369,1.66277361521304,0.00183391135973431,0.872679371526559,49.6482595528561,2.05588572413106
"omit61","PM10",34632,222,156,"Joint_OIM","Total",0.356960429281234,0.337320238657528,-0.30418723848752,1.01810809704999,0.289953254957572,0.872679371526559,49.6482595528561,0.7189787366085
"omit61","PM10",34632,222,156,"HAC6","Direct",-0.663751051145471,0.24833555907351,-1.15048874692955,-0.177013355361392,0.00752212907962343,0.872679371526559,49.6482595528561,-1.33690698752256
"omit61","PM10",34632,222,156,"HAC6","Indirect",1.0207114804267,0.834923278730757,-0.61573814588558,2.65716110673899,0.221510559359995,0.872679371526559,49.6482595528561,2.05588572413106
"omit61","PM10",34632,222,156,"HAC6","Total",0.356960429281234,0.780105522504383,-1.17204639482736,1.88596725338982,0.647254450540202,0.872679371526559,49.6482595528561,0.7189787366085
"omit61","PM10",34632,222,156,"HAC12","Direct",-0.663751051145471,0.303131016452003,-1.2578878433914,-0.0696142588995451,0.028549576952066,0.872679371526559,49.6482595528561,-1.33690698752256
"omit61","PM10",34632,222,156,"HAC12","Indirect",1.0207114804267,0.931139768601954,-0.804322466033126,2.84574542688653,0.272993108113359,0.872679371526559,49.6482595528561,2.05588572413106
"omit61","PM10",34632,222,156,"HAC12","Total",0.356960429281234,0.851939907248229,-1.31284178892529,2.02676264748776,0.675218184193003,0.872679371526559,49.6482595528561,0.7189787366085
"omit61","PM10",34632,222,156,"HAC24","Direct",-0.663751051145471,0.350116476450582,-1.34997934498861,0.02247724269767,0.0579864070646858,0.872679371526559,49.6482595528561,-1.33690698752256
"omit61","PM10",34632,222,156,"HAC24","Indirect",1.0207114804267,1.07477488172274,-1.08584728774986,3.12727024860327,0.342265761859693,0.872679371526559,49.6482595528561,2.05588572413106
"omit61","PM10",34632,222,156,"HAC24","Total",0.356960429281234,0.963651118329457,-1.5317957626445,2.24571662120697,0.711065877239119,0.872679371526559,49.6482595528561,0.7189787366085
"omit79","NO2",33072,212,156,"Joint_OIM","Direct",0.00968199110782328,0.0764898071280202,-0.140238030863096,0.159602013078743,0.89927374492875,0.831703057915238,29.2757546313728,0.0330717046570945
"omit79","NO2",33072,212,156,"Joint_OIM","Indirect",-2.6199078485109,0.212334623351345,-3.03608371027954,-2.20373198674227,5.61368409286568e-35,0.831703057915238,29.2757546313728,-8.94907025113307
"omit79","NO2",33072,212,156,"Joint_OIM","Total",-2.61022585740308,0.215700741806537,-3.03299931134389,-2.18745240346227,1.04148844719293e-33,0.831703057915238,29.2757546313728,-8.91599854647598
"omit79","NO2",33072,212,156,"HAC6","Direct",0.00968199110782328,0.0970896459407653,-0.180613714936077,0.199977697151723,0.920564891554229,0.831703057915238,29.2757546313728,0.0330717046570945
"omit79","NO2",33072,212,156,"HAC6","Indirect",-2.6199078485109,0.529119198949304,-3.65698147845154,-1.58283421857027,7.36621242781522e-07,0.831703057915238,29.2757546313728,-8.94907025113307
"omit79","NO2",33072,212,156,"HAC6","Total",-2.61022585740308,0.501657304818153,-3.59347417484666,-1.6269775399595,1.95880458227724e-07,0.831703057915238,29.2757546313728,-8.91599854647598
"omit79","NO2",33072,212,156,"HAC12","Direct",0.00968199110782328,0.104213984807933,-0.194577419115726,0.213941401331372,0.925979103263469,0.831703057915238,29.2757546313728,0.0330717046570945
"omit79","NO2",33072,212,156,"HAC12","Indirect",-2.6199078485109,0.657466441643397,-3.90854207413196,-1.33127362288984,6.75215982736964e-05,0.831703057915238,29.2757546313728,-8.94907025113307
"omit79","NO2",33072,212,156,"HAC12","Total",-2.61022585740308,0.611033353634693,-3.80785123052708,-1.41260048427908,1.93882120975668e-05,0.831703057915238,29.2757546313728,-8.91599854647598
"omit79","NO2",33072,212,156,"HAC24","Direct",0.00968199110782328,0.110500057637061,-0.206898121860816,0.226262104076462,0.930178877831186,0.831703057915238,29.2757546313728,0.0330717046570945
"omit79","NO2",33072,212,156,"HAC24","Indirect",-2.6199078485109,0.805606492434694,-4.1988965736829,-1.0409191233389,0.00114558224769099,0.831703057915238,29.2757546313728,-8.94907025113307
"omit79","NO2",33072,212,156,"HAC24","Total",-2.61022585740308,0.741238893203105,-4.06305408808116,-1.15739762672499,0.000429215094644045,0.831703057915238,29.2757546313728,-8.91599854647598
"omit79","CO",33072,212,156,"Joint_OIM","Direct",5.66535689719057,1.7682627538189,2.19956189970553,9.13115189467562,0.00135574270349831,0.792416396812796,536.347306982068,1.05628513902093
"omit79","CO",33072,212,156,"Joint_OIM","Indirect",-21.5190284302675,4.10536368320271,-29.5655412493448,-13.4725156111902,1.59115745153647e-07,0.792416396812796,536.347306982068,-4.01214439788117
"omit79","CO",33072,212,156,"Joint_OIM","Total",-15.853671533077,4.07160337918987,-23.8340141562891,-7.87332890986482,9.87197878311855e-05,0.792416396812796,536.347306982068,-2.95585925886023
"omit79","CO",33072,212,156,"HAC6","Direct",5.66535689719057,2.63438013377094,0.501971834999529,10.8287419593816,0.0315120143490285,0.792416396812796,536.347306982068,1.05628513902093
"omit79","CO",33072,212,156,"HAC6","Indirect",-21.5190284302675,6.80944498201371,-34.8655405950144,-8.17251626552066,0.001576751477877,0.792416396812796,536.347306982068,-4.01214439788117
"omit79","CO",33072,212,156,"HAC6","Total",-15.853671533077,6.49277396211094,-28.5795084988144,-3.12783456733952,0.0146166340687866,0.792416396812796,536.347306982068,-2.95585925886023
"omit79","CO",33072,212,156,"HAC12","Direct",5.66535689719057,3.23258141690917,-0.670502679951406,12.0012164743325,0.0796741609020699,0.792416396812796,536.347306982068,1.05628513902093
"omit79","CO",33072,212,156,"HAC12","Indirect",-21.5190284302675,7.79608931344971,-36.799363484629,-6.2386933759061,0.00577600270038649,0.792416396812796,536.347306982068,-4.01214439788117
"omit79","CO",33072,212,156,"HAC12","Total",-15.853671533077,7.21682415017412,-29.9986468674182,-1.70869619873568,0.0280371861191024,0.792416396812796,536.347306982068,-2.95585925886023
"omit79","CO",33072,212,156,"HAC24","Direct",5.66535689719057,3.85755762449773,-1.89545604682499,13.2261698412061,0.14193091898875,0.792416396812796,536.347306982068,1.05628513902093
"omit79","CO",33072,212,156,"HAC24","Indirect",-21.5190284302675,8.74805996808008,-38.6652259677045,-4.37283089283057,0.013899008777889,0.792416396812796,536.347306982068,-4.01214439788117
"omit79","CO",33072,212,156,"HAC24","Total",-15.853671533077,8.14105623841591,-31.8101417603721,0.102798694218222,0.051490055824616,0.792416396812796,536.347306982068,-2.95585925886023
"omit79","SO2",33072,212,156,"Joint_OIM","Direct",-0.0414125726609767,0.0213825909767635,-0.0833224509754332,0.00049730565347976,0.0527768280509019,0.841187422673452,5.0331083247416,-0.82280312659678
"omit79","SO2",33072,212,156,"Joint_OIM","Indirect",0.0519970974624951,0.0624233242846049,-0.0703526181353305,0.174346813060321,0.404858567675685,0.841187422673452,5.0331083247416,1.03310109990857
"omit79","SO2",33072,212,156,"Joint_OIM","Total",0.0105845248015184,0.0637230224739694,-0.114312599247462,0.135481648850498,0.868076639217123,0.841187422673452,5.0331083247416,0.210297973311786
"omit79","SO2",33072,212,156,"HAC6","Direct",-0.0414125726609767,0.039163986569467,-0.118173986337132,0.0353488410151786,0.290322394063772,0.841187422673452,5.0331083247416,-0.82280312659678
"omit79","SO2",33072,212,156,"HAC6","Indirect",0.0519970974624951,0.0941411351705657,-0.132519527471814,0.236513722396804,0.580721375950357,0.841187422673452,5.0331083247416,1.03310109990857
"omit79","SO2",33072,212,156,"HAC6","Total",0.0105845248015184,0.10649521300512,-0.198146092688516,0.219315142291553,0.920828878899035,0.841187422673452,5.0331083247416,0.210297973311786
"omit79","SO2",33072,212,156,"HAC12","Direct",-0.0414125726609767,0.0480377755570369,-0.135566612752769,0.0527414674308155,0.388641582154343,0.841187422673452,5.0331083247416,-0.82280312659678
"omit79","SO2",33072,212,156,"HAC12","Indirect",0.0519970974624951,0.0914992426020222,-0.127341418037468,0.231335612962459,0.569845540746768,0.841187422673452,5.0331083247416,1.03310109990857
"omit79","SO2",33072,212,156,"HAC12","Total",0.0105845248015184,0.107472503317215,-0.200061581700223,0.22123063130326,0.921546478135755,0.841187422673452,5.0331083247416,0.210297973311786
"omit79","SO2",33072,212,156,"HAC24","Direct",-0.0414125726609767,0.0549228194705474,-0.14906129882325,0.0662361535012962,0.450840838654108,0.841187422673452,5.0331083247416,-0.82280312659678
"omit79","SO2",33072,212,156,"HAC24","Indirect",0.0519970974624951,0.0686835016102386,-0.0826225656935726,0.186616760618563,0.449017704701707,0.841187422673452,5.0331083247416,1.03310109990857
"omit79","SO2",33072,212,156,"HAC24","Total",0.0105845248015184,0.0902310371204595,-0.166268307954582,0.187437357557619,0.906618600146373,0.841187422673452,5.0331083247416,0.210297973311786
"omit79","O3",33072,212,156,"Joint_OIM","Direct",-0.163965544227031,0.0797664068542886,-0.320307701661436,-0.0076233867926252,0.0398238473561014,0.850602489179609,23.6713296015521,-0.6926756839898
"omit79","O3",33072,212,156,"Joint_OIM","Indirect",1.14242940460708,0.245771867113078,0.660716545065447,1.62414226414871,3.34628883626788e-06,0.850602489179609,23.6713296015521,4.8262156111931
"omit79","O3",33072,212,156,"Joint_OIM","Total",0.97846386038005,0.251998045559535,0.484547691083361,1.47238002967674,0.000103250638093279,0.850602489179609,23.6713296015521,4.1335399272033
"omit79","O3",33072,212,156,"HAC6","Direct",-0.163965544227031,0.114442914131806,-0.38827365592537,0.0603425674713089,0.151935642494839,0.850602489179609,23.6713296015521,-0.6926756839898
"omit79","O3",33072,212,156,"HAC6","Indirect",1.14242940460708,0.360028909133479,0.436772742705462,1.8480860665087,0.00150789297521476,0.850602489179609,23.6713296015521,4.8262156111931
"omit79","O3",33072,212,156,"HAC6","Total",0.97846386038005,0.399946211148912,0.194569286528183,1.76235843423192,0.01442553451038,0.850602489179609,23.6713296015521,4.1335399272033
"omit79","O3",33072,212,156,"HAC12","Direct",-0.163965544227031,0.102458153867387,-0.36478352580711,0.0368524373530484,0.109528236727634,0.850602489179609,23.6713296015521,-0.6926756839898
"omit79","O3",33072,212,156,"HAC12","Indirect",1.14242940460708,0.339530713252112,0.47694920663294,1.80790960258122,0.000766184093575046,0.850602489179609,23.6713296015521,4.8262156111931
"omit79","O3",33072,212,156,"HAC12","Total",0.97846386038005,0.366309028567529,0.260498164387693,1.69642955637241,0.0075593396540332,0.850602489179609,23.6713296015521,4.1335399272033
"omit79","O3",33072,212,156,"HAC24","Direct",-0.163965544227031,0.0992917271098256,-0.358577329362289,0.0306462409082273,0.0986668184896767,0.850602489179609,23.6713296015521,-0.6926756839898
"omit79","O3",33072,212,156,"HAC24","Indirect",1.14242940460708,0.312743777124768,0.529451601442536,1.75540720777163,0.000259270485716005,0.850602489179609,23.6713296015521,4.8262156111931
"omit79","O3",33072,212,156,"HAC24","Total",0.97846386038005,0.330816712025596,0.330063104809881,1.62686461595022,0.00309921512251807,0.850602489179609,23.6713296015521,4.1335399272033
"omit79","PM10",33072,212,156,"Joint_OIM","Direct",-0.78197601022033,0.112481254100546,-1.0024392682574,-0.56151275218326,3.59999688746245e-12,0.880040966675593,47.8870642605265,-1.6329587588958
"omit79","PM10",33072,212,156,"Joint_OIM","Indirect",1.24699938759183,0.42241802978417,0.419060049214856,2.0749387259688,0.0031567122331805,0.880040966675593,47.8870642605265,2.60404225409937
"omit79","PM10",33072,212,156,"Joint_OIM","Total",0.465023377371499,0.43785134510648,-0.393165259037201,1.3232120137802,0.288209507355335,0.880040966675593,47.8870642605265,0.971083495203568
"omit79","PM10",33072,212,156,"HAC6","Direct",-0.78197601022033,0.279692087017048,-1.33017250077374,-0.233779519666916,0.00517640554230854,0.880040966675593,47.8870642605265,-1.6329587588958
"omit79","PM10",33072,212,156,"HAC6","Indirect",1.24699938759183,0.859318659532598,-0.437265185092063,2.93126396027572,0.146738382991873,0.880040966675593,47.8870642605265,2.60404225409937
"omit79","PM10",33072,212,156,"HAC6","Total",0.465023377371499,0.827261004261141,-1.15640819098034,2.08645494572334,0.574031444802626,0.880040966675593,47.8870642605265,0.971083495203568
"omit79","PM10",33072,212,156,"HAC12","Direct",-0.78197601022033,0.346640834486554,-1.46139204581397,-0.102559974626685,0.0240788911327073,0.880040966675593,47.8870642605265,-1.6329587588958
"omit79","PM10",33072,212,156,"HAC12","Indirect",1.24699938759183,0.928171178609817,-0.572216122483412,3.06621489766707,0.179109634769733,0.880040966675593,47.8870642605265,2.60404225409937
"omit79","PM10",33072,212,156,"HAC12","Total",0.465023377371499,0.850930234841761,-1.20279988291835,2.13284663766135,0.584730360419718,0.880040966675593,47.8870642605265,0.971083495203568
"omit79","PM10",33072,212,156,"HAC24","Direct",-0.78197601022033,0.420255080947412,-1.60567596887726,0.0417239484365984,0.0627840722565087,0.880040966675593,47.8870642605265,-1.6329587588958
"omit79","PM10",33072,212,156,"HAC24","Indirect",1.24699938759183,1.01546103102941,-0.743304233225817,3.23730300840947,0.219442072945908,0.880040966675593,47.8870642605265,2.60404225409937
"omit79","PM10",33072,212,156,"HAC24","Total",0.465023377371499,0.894186955914534,-1.28758305622099,2.21762981096399,0.603027595366205,0.880040966675593,47.8870642605265,0.971083495203568
"omit97","NO2",36504,234,156,"Joint_OIM","Direct",-0.153562982085164,0.0759825079737303,-0.302488697713676,-0.00463726645665305,0.0432765860959846,0.845219972108663,30.3886513099233,-0.505330034291516
"omit97","NO2",36504,234,156,"Joint_OIM","Indirect",-1.86209838788311,0.187696600852203,-2.22998372555343,-1.49421305021279,3.38072786472576e-23,0.845219972108663,30.3886513099233,-6.12761115619189
"omit97","NO2",36504,234,156,"Joint_OIM","Total",-2.01566136996828,0.190024679491946,-2.38810974177249,-1.64321299816406,2.75402870179126e-26,0.845219972108663,30.3886513099233,-6.63294119048341
"omit97","NO2",36504,234,156,"HAC6","Direct",-0.153562982085164,0.176864690924694,-0.500217776297565,0.193091812127236,0.385256824796385,0.845219972108663,30.3886513099233,-0.505330034291516
"omit97","NO2",36504,234,156,"HAC6","Indirect",-1.86209838788311,0.477784303918443,-2.79855562356326,-0.925641152202963,9.72462051988172e-05,0.845219972108663,30.3886513099233,-6.12761115619189
"omit97","NO2",36504,234,156,"HAC6","Total",-2.01566136996828,0.54039827591416,-3.07484199076003,-0.956480749176521,0.000191513804725222,0.845219972108663,30.3886513099233,-6.63294119048341
"omit97","NO2",36504,234,156,"HAC12","Direct",-0.153562982085164,0.20856644202011,-0.562353208444579,0.25522724427425,0.461561242314197,0.845219972108663,30.3886513099233,-0.505330034291516
"omit97","NO2",36504,234,156,"HAC12","Indirect",-1.86209838788311,0.574303293754636,-2.9877328436422,-0.736463932124025,0.00118543914015852,0.845219972108663,30.3886513099233,-6.12761115619189
"omit97","NO2",36504,234,156,"HAC12","Total",-2.01566136996828,0.651432883440182,-3.29246982151103,-0.738852918425519,0.00197346709735643,0.845219972108663,30.3886513099233,-6.63294119048341
"omit97","NO2",36504,234,156,"HAC24","Direct",-0.153562982085164,0.236925697572872,-0.617937349327993,0.310811385157664,0.516889053307352,0.845219972108663,30.3886513099233,-0.505330034291516
"omit97","NO2",36504,234,156,"HAC24","Indirect",-1.86209838788311,0.678505646560576,-3.19196945514184,-0.532227320624382,0.00606195818541007,0.845219972108663,30.3886513099233,-6.12761115619189
"omit97","NO2",36504,234,156,"HAC24","Total",-2.01566136996828,0.77919104185425,-3.54287581200261,-0.488446927933946,0.00968537700838948,0.845219972108663,30.3886513099233,-6.63294119048341
"omit97","CO",36504,234,156,"Joint_OIM","Direct",2.88485386554987,1.79019332012287,-0.623925041890955,6.39363277299068,0.107075978236012,0.788098980345878,555.755953546009,0.519086452811348
"omit97","CO",36504,234,156,"Joint_OIM","Indirect",-15.3573562200186,3.42759919620089,-22.0754506445724,-8.63926179546489,7.4468581315169e-06,0.788098980345878,555.755953546009,-2.76332734215995
"omit97","CO",36504,234,156,"Joint_OIM","Total",-12.4725023544688,3.30487990413377,-18.950066966571,-5.99493774236658,0.000160673065211406,0.788098980345878,555.755953546009,-2.2442408893486
"omit97","CO",36504,234,156,"HAC6","Direct",2.88485386554987,4.86584889937642,-6.65220997722792,12.4219177083277,0.553262925765343,0.788098980345878,555.755953546009,0.519086452811348
"omit97","CO",36504,234,156,"HAC6","Indirect",-15.3573562200186,6.44380417915809,-27.9872124111685,-2.72750002886879,0.017159379042715,0.788098980345878,555.755953546009,-2.76332734215995
"omit97","CO",36504,234,156,"HAC6","Total",-12.4725023544688,7.13803621338012,-26.4630533326938,1.51804862375627,0.0805801718994746,0.788098980345878,555.755953546009,-2.2442408893486
"omit97","CO",36504,234,156,"HAC12","Direct",2.88485386554987,6.05923679098404,-8.99125024477885,14.7609579758786,0.633997113919651,0.788098980345878,555.755953546009,0.519086452811348
"omit97","CO",36504,234,156,"HAC12","Indirect",-15.3573562200186,7.39100367643537,-29.843723425832,-0.870989014205312,0.0377236851608443,0.788098980345878,555.755953546009,-2.76332734215995
"omit97","CO",36504,234,156,"HAC12","Total",-12.4725023544688,8.14743747802254,-28.4414798113929,3.4964751024554,0.125806539013116,0.788098980345878,555.755953546009,-2.2442408893486
"omit97","CO",36504,234,156,"HAC24","Direct",2.88485386554987,7.1867191478159,-11.2011156641693,16.970823395269,0.688114914922733,0.788098980345878,555.755953546009,0.519086452811348
"omit97","CO",36504,234,156,"HAC24","Indirect",-15.3573562200186,8.70073560067329,-32.4107979973383,1.696085557301,0.0775529901108193,0.788098980345878,555.755953546009,-2.76332734215995
"omit97","CO",36504,234,156,"HAC24","Total",-12.4725023544688,9.61793836785208,-31.3236615554588,6.3786568465213,0.194701446383173,0.788098980345878,555.755953546009,-2.2442408893486
"omit97","SO2",36504,234,156,"Joint_OIM","Direct",0.008567703935342,0.0214568475652877,-0.0334877172926219,0.0506231251633059,0.689672692378487,0.835555457211277,5.33919048898201,0.160468219911284
"omit97","SO2",36504,234,156,"Joint_OIM","Indirect",-0.0627234669660056,0.0504041976956307,-0.161515694449442,0.0360687605174305,0.213348855345549,0.835555457211277,5.33919048898201,-1.17477484827414
"omit97","SO2",36504,234,156,"Joint_OIM","Total",-0.0541557630306636,0.0506962303040676,-0.153520374426636,0.045208848365309,0.285412070249295,0.835555457211277,5.33919048898201,-1.01430662836285
"omit97","SO2",36504,234,156,"HAC6","Direct",0.008567703935342,0.0342978762419736,-0.0586561334989262,0.0757915413696102,0.802739890013909,0.835555457211277,5.33919048898201,0.160468219911284
"omit97","SO2",36504,234,156,"HAC6","Indirect",-0.0627234669660056,0.0845246301670345,-0.228391742093393,0.102944808161382,0.458042956426663,0.835555457211277,5.33919048898201,-1.17477484827414
"omit97","SO2",36504,234,156,"HAC6","Total",-0.0541557630306636,0.0819655819853928,-0.214808303722034,0.106496777660706,0.50879609209004,0.835555457211277,5.33919048898201,-1.01430662836285
"omit97","SO2",36504,234,156,"HAC12","Direct",0.008567703935342,0.0389164702544583,-0.0677085777633963,0.0848439856340803,0.825749472505794,0.835555457211277,5.33919048898201,0.160468219911284
"omit97","SO2",36504,234,156,"HAC12","Indirect",-0.0627234669660056,0.083522789048854,-0.226428133501759,0.100981199569748,0.452668130526303,0.835555457211277,5.33919048898201,-1.17477484827414
"omit97","SO2",36504,234,156,"HAC12","Total",-0.0541557630306636,0.0767443972586181,-0.204574781657555,0.0962632555962278,0.480397075696563,0.835555457211277,5.33919048898201,-1.01430662836285
"omit97","SO2",36504,234,156,"HAC24","Direct",0.008567703935342,0.0432465491067251,-0.0761955323138392,0.0933309401845232,0.84295664751936,0.835555457211277,5.33919048898201,0.160468219911284
"omit97","SO2",36504,234,156,"HAC24","Indirect",-0.0627234669660056,0.083388716079447,-0.226165350481722,0.100718416549711,0.451941791787397,0.835555457211277,5.33919048898201,-1.17477484827414
"omit97","SO2",36504,234,156,"HAC24","Total",-0.0541557630306636,0.0589365326351176,-0.169671366995494,0.0613598409341669,0.358156904862228,0.835555457211277,5.33919048898201,-1.01430662836285
"omit97","O3",36504,234,156,"Joint_OIM","Direct",0.26594859798972,0.0794966540948122,0.110135155963888,0.421762040015552,0.000821621503109164,0.85328939072183,23.6994694788624,1.12217110271992
"omit97","O3",36504,234,156,"Joint_OIM","Indirect",0.277703706142909,0.205609451777045,-0.125290819340099,0.680698231625917,0.176811784410333,0.85328939072183,23.6994694788624,1.17177182548577
"omit97","O3",36504,234,156,"Joint_OIM","Total",0.543652304132629,0.209324245792587,0.133376782379158,0.9539278258861,0.00939932301975279,0.85328939072183,23.6994694788624,2.29394292820569
"omit97","O3",36504,234,156,"HAC6","Direct",0.26594859798972,0.191918110680667,-0.110210898944387,0.642108094923827,0.165826316861072,0.85328939072183,23.6994694788624,1.12217110271992
"omit97","O3",36504,234,156,"HAC6","Indirect",0.277703706142909,0.343247353609656,-0.395061106932017,0.950468519217835,0.418487333959111,0.85328939072183,23.6994694788624,1.17177182548577
"omit97","O3",36504,234,156,"HAC6","Total",0.543652304132629,0.339583486587243,-0.121931329578367,1.20923593784362,0.109390523980229,0.85328939072183,23.6994694788624,2.29394292820569
"omit97","O3",36504,234,156,"HAC12","Direct",0.26594859798972,0.183759575554928,-0.0942201700979384,0.626117366077378,0.147823028772123,0.85328939072183,23.6994694788624,1.12217110271992
"omit97","O3",36504,234,156,"HAC12","Indirect",0.277703706142909,0.350983909100221,-0.410224755693525,0.965632167979343,0.428818585455334,0.85328939072183,23.6994694788624,1.17177182548577
"omit97","O3",36504,234,156,"HAC12","Total",0.543652304132629,0.344499924290696,-0.131567547477136,1.21887215574239,0.11454465610141,0.85328939072183,23.6994694788624,2.29394292820569
"omit97","O3",36504,234,156,"HAC24","Direct",0.26594859798972,0.168796595485886,-0.064892729162617,0.596789925142057,0.115128013930234,0.85328939072183,23.6994694788624,1.12217110271992
"omit97","O3",36504,234,156,"HAC24","Indirect",0.277703706142909,0.345325686313489,-0.39913463903153,0.954542051317348,0.421293536399068,0.85328939072183,23.6994694788624,1.17177182548577
"omit97","O3",36504,234,156,"HAC24","Total",0.543652304132629,0.358155184142396,-0.158331856786468,1.24563646505173,0.129033591013273,0.85328939072183,23.6994694788624,2.29394292820569
"omit97","PM10",36504,234,156,"Joint_OIM","Direct",0.0491265623864969,0.112103000110021,-0.170595317829144,0.268848442602138,0.661221731769602,0.877772860429637,48.4718348257231,0.101350738141289
"omit97","PM10",36504,234,156,"Joint_OIM","Indirect",0.54803216319567,0.340623900734477,-0.119590682243904,1.21565500863524,0.107636688308001,0.877772860429637,48.4718348257231,1.13061980254323
"omit97","PM10",36504,234,156,"Joint_OIM","Total",0.597158725582167,0.351445993148541,-0.0916754209889726,1.28599287215331,0.0892913177415507,0.877772860429637,48.4718348257231,1.23197054068452
"omit97","PM10",36504,234,156,"HAC6","Direct",0.0491265623864969,0.454633697865217,-0.841955485429328,0.940208610202321,0.913950112913896,0.877772860429637,48.4718348257231,0.101350738141289
"omit97","PM10",36504,234,156,"HAC6","Indirect",0.54803216319567,0.849924783035199,-1.11782041155332,2.21388473794466,0.519056296286981,0.877772860429637,48.4718348257231,1.13061980254323
"omit97","PM10",36504,234,156,"HAC6","Total",0.597158725582167,0.880280152942085,-1.12819037418432,2.32250782534865,0.497534908903657,0.877772860429637,48.4718348257231,1.23197054068452
"omit97","PM10",36504,234,156,"HAC12","Direct",0.0491265623864969,0.561062665639526,-1.05055626226697,1.14880938703997,0.930226515270808,0.877772860429637,48.4718348257231,0.101350738141289
"omit97","PM10",36504,234,156,"HAC12","Indirect",0.54803216319567,0.922067402650535,-1.25921994599938,2.35528427239072,0.552277025993978,0.877772860429637,48.4718348257231,1.13061980254323
"omit97","PM10",36504,234,156,"HAC12","Total",0.597158725582167,0.989277041608227,-1.34182427596996,2.53614172713429,0.54608870493692,0.877772860429637,48.4718348257231,1.23197054068452
"omit97","PM10",36504,234,156,"HAC24","Direct",0.0491265623864969,0.640412565531768,-1.20608206605577,1.30433519082876,0.938853610025952,0.877772860429637,48.4718348257231,0.101350738141289
"omit97","PM10",36504,234,156,"HAC24","Indirect",0.54803216319567,0.92371035108968,-1.2624401249401,2.35850445133144,0.552984156955412,0.877772860429637,48.4718348257231,1.13061980254323
"omit97","PM10",36504,234,156,"HAC24","Total",0.597158725582167,1.11428892343403,-1.58684756434853,2.78116501551287,0.592020660714891,0.877772860429637,48.4718348257231,1.23197054068452
"start2013","NO2",35568,247,144,"Joint_OIM","Direct",0.0370545362386831,0.0536922604432813,-0.0681822942301483,0.142291366707515,0.490113650449979,0.845968563641468,29.4705530666348,0.125734105345429
"start2013","NO2",35568,247,144,"Joint_OIM","Indirect",-1.99340762606424,0.170463565113147,-2.32751621368601,-1.65929903844247,1.36725689553408e-31,0.845968563641468,29.4705530666348,-6.76406588487506
"start2013","NO2",35568,247,144,"Joint_OIM","Total",-1.95635308982556,0.175779414589637,-2.30088074242125,-1.61182543722987,9.00471524105395e-29,0.845968563641468,29.4705530666348,-6.63833177952963
"start2013","NO2",35568,247,144,"HAC6","Direct",0.0370545362386831,0.0848279829040644,-0.129208310253283,0.203317382730649,0.662242092159933,0.845968563641468,29.4705530666348,0.125734105345429
"start2013","NO2",35568,247,144,"HAC6","Indirect",-1.99340762606424,0.469762545880313,-2.91414221598966,-1.07267303613883,2.20122486831124e-05,0.845968563641468,29.4705530666348,-6.76406588487506
"start2013","NO2",35568,247,144,"HAC6","Total",-1.95635308982556,0.473134296918066,-2.88369631178497,-1.02900986786615,3.55141634691281e-05,0.845968563641468,29.4705530666348,-6.63833177952963
"start2013","NO2",35568,247,144,"HAC12","Direct",0.0370545362386831,0.0800660107061162,-0.119874844745305,0.193983917222671,0.643507852254502,0.845968563641468,29.4705530666348,0.125734105345429
"start2013","NO2",35568,247,144,"HAC12","Indirect",-1.99340762606424,0.567077084648477,-3.10487871197526,-0.881936540153227,0.000439369647740688,0.845968563641468,29.4705530666348,-6.76406588487506
"start2013","NO2",35568,247,144,"HAC12","Total",-1.95635308982556,0.558151570270998,-3.05033016755671,-0.862376012094404,0.000456509468568964,0.845968563641468,29.4705530666348,-6.63833177952963
"start2013","NO2",35568,247,144,"HAC24","Direct",0.0370545362386831,0.0625930932337529,-0.0856279264994726,0.159736998976839,0.553856739411068,0.845968563641468,29.4705530666348,0.125734105345429
"start2013","NO2",35568,247,144,"HAC24","Indirect",-1.99340762606424,0.65334659260763,-3.2739669475752,-0.712848304553287,0.00228025734887147,0.845968563641468,29.4705530666348,-6.76406588487506
"start2013","NO2",35568,247,144,"HAC24","Total",-1.95635308982556,0.633483712849563,-3.1979811670107,-0.714725012640417,0.00201342211053506,0.845968563641468,29.4705530666348,-6.63833177952963
"start2013","CO",35568,247,144,"Joint_OIM","Direct",4.93913933116306,1.22151024126437,2.5449792582849,7.33329940404122,5.26660235420171e-05,0.795758694010331,547.206856050864,0.902609182715348
"start2013","CO",35568,247,144,"Joint_OIM","Indirect",-9.46589751276495,3.033924522094,-15.4123895760692,-3.5194054494607,0.00180840314092298,0.795758694010331,547.206856050864,-1.72985725746921
"start2013","CO",35568,247,144,"Joint_OIM","Total",-4.52675818160189,3.05560725235655,-10.5157483962207,1.46223203301694,0.138484187878739,0.795758694010331,547.206856050864,-0.827248074753858
"start2013","CO",35568,247,144,"HAC6","Direct",4.93913933116306,1.90188972886586,1.21143546258596,8.66684319974015,0.00940517558743038,0.795758694010331,547.206856050864,0.902609182715348
"start2013","CO",35568,247,144,"HAC6","Indirect",-9.46589751276495,6.00065941102907,-21.2271899583819,2.29539493285203,0.114685990068377,0.795758694010331,547.206856050864,-1.72985725746921
"start2013","CO",35568,247,144,"HAC6","Total",-4.52675818160189,6.3014766543833,-16.8776524241932,7.82413606098937,0.472532466452335,0.795758694010331,547.206856050864,-0.827248074753858
"start2013","CO",35568,247,144,"HAC12","Direct",4.93913933116306,2.21804187769623,0.591777250878453,9.28650141144766,0.0259605325303327,0.795758694010331,547.206856050864,0.902609182715348
"start2013","CO",35568,247,144,"HAC12","Indirect",-9.46589751276495,6.67379974907097,-22.546545020944,3.61474999541415,0.156083636875463,0.795758694010331,547.206856050864,-1.72985725746921
"start2013","CO",35568,247,144,"HAC12","Total",-4.52675818160189,6.83896349404802,-17.931126629936,8.87761026673222,0.508030790470613,0.795758694010331,547.206856050864,-0.827248074753858
"start2013","CO",35568,247,144,"HAC24","Direct",4.93913933116306,2.51188951030565,0.0158358909639906,9.86244277136213,0.0492634618732124,0.795758694010331,547.206856050864,0.902609182715348
"start2013","CO",35568,247,144,"HAC24","Indirect",-9.46589751276495,7.42433609881578,-24.0175962664439,5.08580124091398,0.202315487998325,0.795758694010331,547.206856050864,-1.72985725746921
"start2013","CO",35568,247,144,"HAC24","Total",-4.52675818160189,7.44935674836912,-19.1274974084054,10.0739810452016,0.543405690172427,0.795758694010331,547.206856050864,-0.827248074753858
"start2013","SO2",35568,247,144,"Joint_OIM","Direct",-0.0430486328454396,0.0147285876082009,-0.0719166645575134,-0.0141806011333658,0.00346905539831036,0.839294274672567,5.12889741883443,-0.839335033049317
"start2013","SO2",35568,247,144,"Joint_OIM","Indirect",-0.0174968081252167,0.0451160438669496,-0.105924254104438,0.0709306378540044,0.6981508187156,0.839294274672567,5.12889741883443,-0.341141705446567
"start2013","SO2",35568,247,144,"Joint_OIM","Total",-0.0605454409706563,0.0464105666221988,-0.151510151550166,0.0304192696088533,0.192042186374425,0.839294274672567,5.12889741883443,-1.18047673849588
"start2013","SO2",35568,247,144,"HAC6","Direct",-0.0430486328454396,0.0227078025793043,-0.0875559259008761,0.00145866020999694,0.0579912687041983,0.839294274672567,5.12889741883443,-0.839335033049317
"start2013","SO2",35568,247,144,"HAC6","Indirect",-0.0174968081252167,0.090659216432977,-0.195188872333852,0.160195256083418,0.84696260185451,0.839294274672567,5.12889741883443,-0.341141705446567
"start2013","SO2",35568,247,144,"HAC6","Total",-0.0605454409706563,0.100941186184998,-0.258390165893253,0.13729928395194,0.548633474990679,0.839294274672567,5.12889741883443,-1.18047673849588
"start2013","SO2",35568,247,144,"HAC12","Direct",-0.0430486328454396,0.025402616028066,-0.0928377602604488,0.0067404945695697,0.0901411665200299,0.839294274672567,5.12889741883443,-0.839335033049317
"start2013","SO2",35568,247,144,"HAC12","Indirect",-0.0174968081252167,0.0823724116351707,-0.178946734930151,0.143953118679718,0.831786387795355,0.839294274672567,5.12889741883443,-0.341141705446567
"start2013","SO2",35568,247,144,"HAC12","Total",-0.0605454409706563,0.0965876080109194,-0.249857152672058,0.128766270730746,0.530760966053548,0.839294274672567,5.12889741883443,-1.18047673849588
"start2013","SO2",35568,247,144,"HAC24","Direct",-0.0430486328454396,0.0263739327430178,-0.0947415410217545,0.0086442753308754,0.102628579145913,0.839294274672567,5.12889741883443,-0.839335033049317
"start2013","SO2",35568,247,144,"HAC24","Indirect",-0.0174968081252167,0.0643012874053429,-0.143527331439689,0.108533715189255,0.785540013832495,0.839294274672567,5.12889741883443,-0.341141705446567
"start2013","SO2",35568,247,144,"HAC24","Total",-0.0605454409706563,0.0820208953048751,-0.221306395768211,0.100215513826899,0.460410582621726,0.839294274672567,5.12889741883443,-1.18047673849588
"start2013","O3",35568,247,144,"Joint_OIM","Direct",-0.0438690219245963,0.0565660693541533,-0.154738517858737,0.0670004740095442,0.438023014438121,0.859292663525802,24.2294066926732,-0.181056938294168
"start2013","O3",35568,247,144,"Joint_OIM","Indirect",0.765121262498546,0.194752462958147,0.383406435100578,1.14683608989651,8.54112980974429e-05,0.859292663525802,24.2294066926732,3.1578208752834
"start2013","O3",35568,247,144,"Joint_OIM","Total",0.72125224057395,0.201719839682618,0.325881354796018,1.11662312635188,0.00034953960967,0.859292663525802,24.2294066926732,2.97676393698923
"start2013","O3",35568,247,144,"HAC6","Direct",-0.0438690219245963,0.105148781546468,-0.249960633755674,0.162222589906481,0.676525515473614,0.859292663525802,24.2294066926732,-0.181056938294168
"start2013","O3",35568,247,144,"HAC6","Indirect",0.765121262498546,0.354152073590633,0.0709831982609052,1.45925932673619,0.0307392883376603,0.859292663525802,24.2294066926732,3.1578208752834
"start2013","O3",35568,247,144,"HAC6","Total",0.72125224057395,0.367700574587657,0.000559114382142623,1.44194536676576,0.0498183278755055,0.859292663525802,24.2294066926732,2.97676393698923
"start2013","O3",35568,247,144,"HAC12","Direct",-0.0438690219245963,0.101949496115913,-0.243690034311786,0.155951990462593,0.666976330247393,0.859292663525802,24.2294066926732,-0.181056938294168
"start2013","O3",35568,247,144,"HAC12","Indirect",0.765121262498546,0.350481862549964,0.0781768119006172,1.45206571309647,0.0290317431136098,0.859292663525802,24.2294066926732,3.1578208752834
"start2013","O3",35568,247,144,"HAC12","Total",0.72125224057395,0.360286639237142,0.0150904276691505,1.42741405347875,0.0452971544872593,0.859292663525802,24.2294066926732,2.97676393698923
"start2013","O3",35568,247,144,"HAC24","Direct",-0.0438690219245963,0.101720215435671,-0.243240644178511,0.155502600329319,0.666271027497404,0.859292663525802,24.2294066926732,-0.181056938294168
"start2013","O3",35568,247,144,"HAC24","Indirect",0.765121262498546,0.336561458542058,0.105460803756111,1.42478172124098,0.0230052271508561,0.859292663525802,24.2294066926732,3.1578208752834
"start2013","O3",35568,247,144,"HAC24","Total",0.72125224057395,0.346568526220669,0.0419779291814392,1.40052655196646,0.0374225145714644,0.859292663525802,24.2294066926732,2.97676393698923
"start2013","PM10",35568,247,144,"Joint_OIM","Direct",-0.79643776633186,0.079896646809248,-0.953035194077986,-0.639840338585734,2.09682497278406e-23,0.883948292718707,49.362907932586,-1.61343364823551
"start2013","PM10",35568,247,144,"Joint_OIM","Indirect",0.209967150855881,0.328224595232175,-0.433353055799181,0.853287357510943,0.522363936361293,0.883948292718707,49.362907932586,0.425354096121382
"start2013","PM10",35568,247,144,"Joint_OIM","Total",-0.586470615475979,0.342083669361454,-1.25695460742443,0.0840133764724701,0.0864540155619869,0.883948292718707,49.362907932586,-1.18807955211413
"start2013","PM10",35568,247,144,"HAC6","Direct",-0.79643776633186,0.225934752481996,-1.23926988119657,-0.353605651467149,0.000423357118055672,0.883948292718707,49.362907932586,-1.61343364823551
"start2013","PM10",35568,247,144,"HAC6","Indirect",0.209967150855881,0.73683357369603,-1.23422665358834,1.6541609553001,0.775675769147062,0.883948292718707,49.362907932586,0.425354096121382
"start2013","PM10",35568,247,144,"HAC6","Total",-0.586470615475979,0.727740975069954,-2.01284292661309,0.839901695661131,0.420313059706521,0.883948292718707,49.362907932586,-1.18807955211413
"start2013","PM10",35568,247,144,"HAC12","Direct",-0.79643776633186,0.269369070224044,-1.32440114397099,-0.268474388692733,0.00310972073217104,0.883948292718707,49.362907932586,-1.61343364823551
"start2013","PM10",35568,247,144,"HAC12","Indirect",0.209967150855881,0.739327142172172,-1.23911404780158,1.65904834951334,0.776412202397187,0.883948292718707,49.362907932586,0.425354096121382
"start2013","PM10",35568,247,144,"HAC12","Total",-0.586470615475979,0.703956227430918,-1.96622482124058,0.79328359028862,0.404784582569295,0.883948292718707,49.362907932586,-1.18807955211413
"start2013","PM10",35568,247,144,"HAC24","Direct",-0.79643776633186,0.307569315457082,-1.39927362462774,-0.193601908035979,0.00961272010730644,0.883948292718707,49.362907932586,-1.61343364823551
"start2013","PM10",35568,247,144,"HAC24","Indirect",0.209967150855881,0.756349065739917,-1.27247701799436,1.69241131970612,0.781314711989896,0.883948292718707,49.362907932586,0.425354096121382
"start2013","PM10",35568,247,144,"HAC24","Total",-0.586470615475979,0.700374784092137,-1.95920519229657,0.78626396134461,0.402386402449332,0.883948292718707,49.362907932586,-1.18807955211413
"core2024","NO2",38532,247,156,"Joint_OIM","Direct",0.0934783174814988,0.0540441612931602,-0.0124482386530951,0.199404873616093,0.0836900685625242,0.842858518617256,29.5092135021386,0.316776716108425
"core2024","NO2",38532,247,156,"Joint_OIM","Indirect",-2.13586582855106,0.160944890347092,-2.45131781363136,-1.82041384347076,3.41956970754578e-40,0.842858518617256,29.5092135021386,-7.23796257191425
"core2024","NO2",38532,247,156,"Joint_OIM","Total",-2.04238751106956,0.165278593496477,-2.36633355432266,-1.71844146781646,4.4517169273508e-35,0.842858518617256,29.5092135021386,-6.92118585580582
"core2024","NO2",38532,247,156,"HAC6","Direct",0.0934783174814988,0.0888314672900059,-0.0806313584069127,0.26758799336991,0.292656952063102,0.842858518617256,29.5092135021386,0.316776716108425
"core2024","NO2",38532,247,156,"HAC6","Indirect",-2.13586582855106,0.452762555285285,-3.02328043691022,-1.2484512201919,2.38868025850604e-06,0.842858518617256,29.5092135021386,-7.23796257191425
"core2024","NO2",38532,247,156,"HAC6","Total",-2.04238751106956,0.445453000122204,-2.91547539130908,-1.16929963083004,4.54057141766883e-06,0.842858518617256,29.5092135021386,-6.92118585580582
"core2024","NO2",38532,247,156,"HAC12","Direct",0.0934783174814988,0.0914983516883866,-0.085858451827739,0.272815086790737,0.306951621384285,0.842858518617256,29.5092135021386,0.316776716108425
"core2024","NO2",38532,247,156,"HAC12","Indirect",-2.13586582855106,0.548247830884129,-3.21043157708395,-1.06130008001817,9.78737096665141e-05,0.842858518617256,29.5092135021386,-7.23796257191425
"core2024","NO2",38532,247,156,"HAC12","Total",-2.04238751106956,0.52467094848191,-3.0707425700941,-1.01403245204502,9.91340040659447e-05,0.842858518617256,29.5092135021386,-6.92118585580582
"core2024","NO2",38532,247,156,"HAC24","Direct",0.0934783174814988,0.0902366250395981,-0.0833854675961135,0.270342102559111,0.300237434904224,0.842858518617256,29.5092135021386,0.316776716108425
"core2024","NO2",38532,247,156,"HAC24","Indirect",-2.13586582855106,0.650189806000667,-3.41023784831237,-0.861493808789751,0.00101986649451242,0.842858518617256,29.5092135021386,-7.23796257191425
"core2024","NO2",38532,247,156,"HAC24","Total",-2.04238751106956,0.606858759809858,-3.23183068029688,-0.852944341842238,0.00076403079774944,0.842858518617256,29.5092135021386,-6.92118585580582
"core2024","CO",38532,247,156,"Joint_OIM","Direct",5.37587279552865,1.25259373655086,2.92078907188895,7.83095651916834,1.77236285825514e-05,0.793418609084027,550.425613572033,0.976675623912461
"core2024","CO",38532,247,156,"Joint_OIM","Indirect",-13.3118049484206,2.94915184810808,-19.0921425707124,-7.53146732612876,6.36840784624062e-06,0.793418609084027,550.425613572033,-2.41845666702037
"core2024","CO",38532,247,156,"Joint_OIM","Total",-7.93593215289194,2.94934717144483,-13.7166526089238,-2.15521169686007,0.00712933175903285,0.793418609084027,550.425613572033,-1.4417810431079
"core2024","CO",38532,247,156,"HAC6","Direct",5.37587279552865,2.15285130725973,1.15628423329958,9.59546135775771,0.0125215642471839,0.793418609084027,550.425613572033,0.976675623912461
"core2024","CO",38532,247,156,"HAC6","Indirect",-13.3118049484206,5.64539893061223,-24.3767868524206,-2.24682304442061,0.0183740938949127,0.793418609084027,550.425613572033,-2.41845666702037
"core2024","CO",38532,247,156,"HAC6","Total",-7.93593215289194,5.97910805971359,-19.6549839499306,3.78311964414668,0.184417094416413,0.793418609084027,550.425613572033,-1.4417810431079
"core2024","CO",38532,247,156,"HAC12","Direct",5.37587279552865,2.58303793248734,0.313118447853458,10.4386271432038,0.0374136820067887,0.793418609084027,550.425613572033,0.976675623912461
"core2024","CO",38532,247,156,"HAC12","Indirect",-13.3118049484206,6.44556485275297,-25.9451120598164,-0.678497837024759,0.0388978532901834,0.793418609084027,550.425613572033,-2.41845666702037
"core2024","CO",38532,247,156,"HAC12","Total",-7.93593215289194,6.68662860784433,-21.0417242242668,5.16985991848295,0.235292280218528,0.793418609084027,550.425613572033,-1.4417810431079
"core2024","CO",38532,247,156,"HAC24","Direct",5.37587279552865,2.95408442695262,-0.414132681298498,11.1658782723558,0.0687879229627752,0.793418609084027,550.425613572033,0.976675623912461
"core2024","CO",38532,247,156,"HAC24","Indirect",-13.3118049484206,7.74763984057455,-28.4971790359467,1.87356913910553,0.0857646091056787,0.793418609084027,550.425613572033,-2.41845666702037
"core2024","CO",38532,247,156,"HAC24","Total",-7.93593215289194,7.81223422947392,-23.2479112426608,7.37604693687693,0.30970850281841,0.793418609084027,550.425613572033,-1.4417810431079
"core2024","SO2",38532,247,156,"Joint_OIM","Direct",-0.0407651489846913,0.0151571939856449,-0.0704732491965553,-0.0110570487728274,0.00715609044500344,0.837025091219457,5.19974108959282,-0.783984207719149
"core2024","SO2",38532,247,156,"Joint_OIM","Indirect",-0.0355761494968573,0.0438172318266287,-0.12145792387705,0.050305624883335,0.416836717240882,0.837025091219457,5.19974108959282,-0.684190787269434
"core2024","SO2",38532,247,156,"Joint_OIM","Total",-0.0763412984815487,0.0448908672039651,-0.16432739820132,0.011644801238223,0.0890185858088643,0.837025091219457,5.19974108959282,-1.46817499498858
"core2024","SO2",38532,247,156,"HAC6","Direct",-0.0407651489846913,0.0215798673251588,-0.0830616889420025,0.00153139097261987,0.0588869880812133,0.837025091219457,5.19974108959282,-0.783984207719149
"core2024","SO2",38532,247,156,"HAC6","Indirect",-0.0355761494968573,0.0782653222042664,-0.188976181017219,0.117823882023505,0.649427061778088,0.837025091219457,5.19974108959282,-0.684190787269434
"core2024","SO2",38532,247,156,"HAC6","Total",-0.0763412984815487,0.0858547424466102,-0.244616593676905,0.0919339967138073,0.373900224895228,0.837025091219457,5.19974108959282,-1.46817499498858
"core2024","SO2",38532,247,156,"HAC12","Direct",-0.0407651489846913,0.0240586492601567,-0.0879201015345984,0.00638980356521571,0.0901879287013233,0.837025091219457,5.19974108959282,-0.783984207719149
"core2024","SO2",38532,247,156,"HAC12","Indirect",-0.0355761494968573,0.0703193816613039,-0.173402137553013,0.102249838559298,0.612911135001125,0.837025091219457,5.19974108959282,-0.684190787269434
"core2024","SO2",38532,247,156,"HAC12","Total",-0.0763412984815487,0.0811356416561447,-0.235367156127592,0.082684559164495,0.346751223291049,0.837025091219457,5.19974108959282,-1.46817499498858
"core2024","SO2",38532,247,156,"HAC24","Direct",-0.0407651489846913,0.0252994331059849,-0.0903520378724217,0.00882173990303901,0.1071128660711,0.837025091219457,5.19974108959282,-0.783984207719149
"core2024","SO2",38532,247,156,"HAC24","Indirect",-0.0355761494968573,0.0455884401960124,-0.124929492281042,0.0537771932873271,0.435169268969097,0.837025091219457,5.19974108959282,-0.684190787269434
"core2024","SO2",38532,247,156,"HAC24","Total",-0.0763412984815487,0.0595834830180259,-0.193124925196879,0.040442328233782,0.200106099583759,0.837025091219457,5.19974108959282,-1.46817499498858
"core2024","O3",38532,247,156,"Joint_OIM","Direct",-0.0369509508244035,0.0558498177671048,-0.146416593647929,0.0725146919991219,0.508219442185473,0.858661117297525,23.9284544794125,-0.15442263877174
"core2024","O3",38532,247,156,"Joint_OIM","Indirect",0.582987223961324,0.183041396218687,0.224226087372697,0.941748360549951,0.00144752977982938,0.858661117297525,23.9284544794125,2.43637642566056
"core2024","O3",38532,247,156,"Joint_OIM","Total",0.54603627313692,0.189167457654848,0.175268056133419,0.916804490140422,0.00389523910946345,0.858661117297525,23.9284544794125,2.28195378688882
"core2024","O3",38532,247,156,"HAC6","Direct",-0.0369509508244035,0.103807130656856,-0.24041292691184,0.166511025263033,0.721872219403314,0.858661117297525,23.9284544794125,-0.15442263877174
"core2024","O3",38532,247,156,"HAC6","Indirect",0.582987223961324,0.368346628919941,-0.13897216872176,1.30494661664441,0.113486754085204,0.858661117297525,23.9284544794125,2.43637642566056
"core2024","O3",38532,247,156,"HAC6","Total",0.54603627313692,0.384635962052067,-0.20785021248513,1.29992275875897,0.155718817735886,0.858661117297525,23.9284544794125,2.28195378688882
"core2024","O3",38532,247,156,"HAC12","Direct",-0.0369509508244035,0.101311354936965,-0.235521206500855,0.161619304852048,0.715315465160968,0.858661117297525,23.9284544794125,-0.15442263877174
"core2024","O3",38532,247,156,"HAC12","Indirect",0.582987223961324,0.361886211470518,-0.126309750520891,1.29228419844354,0.107186626431775,0.858661117297525,23.9284544794125,2.43637642566056
"core2024","O3",38532,247,156,"HAC12","Total",0.54603627313692,0.371012631699046,-0.181148484993209,1.27322103126705,0.141089541494121,0.858661117297525,23.9284544794125,2.28195378688882
"core2024","O3",38532,247,156,"HAC24","Direct",-0.0369509508244035,0.101515040174038,-0.235920429565519,0.162018527916712,0.715861862421194,0.858661117297525,23.9284544794125,-0.15442263877174
"core2024","O3",38532,247,156,"HAC24","Indirect",0.582987223961324,0.353153950604425,-0.10919451922335,1.275168967146,0.0987790255141874,0.858661117297525,23.9284544794125,2.43637642566056
"core2024","O3",38532,247,156,"HAC24","Total",0.54603627313692,0.354508386246019,-0.148800163905276,1.24087271017912,0.123496174548081,0.858661117297525,23.9284544794125,2.28195378688882
"core2024","PM10",38532,247,156,"Joint_OIM","Direct",-0.76677029101562,0.0799060181652615,-0.923386086619532,-0.610154495411707,8.31865537128763e-22,0.881844004570998,48.7523083608979,-1.57278766235942
"core2024","PM10",38532,247,156,"Joint_OIM","Indirect",0.790730561106553,0.307961329867632,0.187126354565994,1.39433476764711,0.0102396567105918,0.881844004570998,48.7523083608979,1.62193460718419
"core2024","PM10",38532,247,156,"Joint_OIM","Total",0.0239602700909337,0.320381481493735,-0.603987433636787,0.651907973818654,0.940384433111135,0.881844004570998,48.7523083608979,0.049146944824773
"core2024","PM10",38532,247,156,"HAC6","Direct",-0.76677029101562,0.227703209914647,-1.21306858244833,-0.320471999582912,0.000758775166696746,0.881844004570998,48.7523083608979,-1.57278766235942
"core2024","PM10",38532,247,156,"HAC6","Indirect",0.790730561106553,0.736451693299464,-0.652714757760395,2.2341758799735,0.282955713691653,0.881844004570998,48.7523083608979,1.62193460718419
"core2024","PM10",38532,247,156,"HAC6","Total",0.0239602700909337,0.711572379266367,-1.37072159327115,1.41864213345301,0.973138477405202,0.881844004570998,48.7523083608979,0.049146944824773
"core2024","PM10",38532,247,156,"HAC12","Direct",-0.76677029101562,0.273898524965867,-1.30361139994872,-0.22992918208252,0.00511868115506068,0.881844004570998,48.7523083608979,-1.57278766235942
"core2024","PM10",38532,247,156,"HAC12","Indirect",0.790730561106553,0.789275150362249,-0.756248733603454,2.33770985581656,0.316418950343763,0.881844004570998,48.7523083608979,1.62193460718419
"core2024","PM10",38532,247,156,"HAC12","Total",0.0239602700909337,0.737549551929771,-1.42163685169142,1.46955739187329,0.974084226054364,0.881844004570998,48.7523083608979,0.049146944824773
"core2024","PM10",38532,247,156,"HAC24","Direct",-0.76677029101562,0.316000826127478,-1.38613191022548,-0.147408671805763,0.0152460099990166,0.881844004570998,48.7523083608979,-1.57278766235942
"core2024","PM10",38532,247,156,"HAC24","Indirect",0.790730561106553,0.877976696932553,-0.930103764881251,2.51156488709436,0.367786042416161,0.881844004570998,48.7523083608979,1.62193460718419
"core2024","PM10",38532,247,156,"HAC24","Total",0.0239602700909337,0.798802496085416,-1.54169262223648,1.58961316241835,0.976070851881636,0.881844004570998,48.7523083608979,0.049146944824773
"jan2018","NO2",38532,247,156,"Joint_OIM","Direct",-0.019433479358092,0.0548161733750812,-0.126873179173251,0.0880062204570671,0.722948540624314,0.844166162185697,29.5596913319592,-0.0657431741754387
"jan2018","NO2",38532,247,156,"Joint_OIM","Indirect",-1.82050226399699,0.164047172098228,-2.14203472130952,-1.49896980668446,1.29100711152224e-28,0.844166162185697,29.5596913319592,-6.15873232082336
"jan2018","NO2",38532,247,156,"Joint_OIM","Total",-1.83993574335508,0.168760025673579,-2.1707053936753,-1.50916609303487,1.11917550168085e-27,0.844166162185697,29.5596913319592,-6.2244754949988
"jan2018","NO2",38532,247,156,"HAC6","Direct",-0.019433479358092,0.123415307708711,-0.261327482467165,0.222460523750981,0.874879105310863,0.844166162185697,29.5596913319592,-0.0657431741754387
"jan2018","NO2",38532,247,156,"HAC6","Indirect",-1.82050226399699,0.42571342695527,-2.65490058082932,-0.986103947164664,1.89977150005421e-05,0.844166162185697,29.5596913319592,-6.15873232082336
"jan2018","NO2",38532,247,156,"HAC6","Total",-1.83993574335508,0.430064613074378,-2.68286238498087,-0.997009101729304,1.88345155334292e-05,0.844166162185697,29.5596913319592,-6.2244754949988
"jan2018","NO2",38532,247,156,"HAC12","Direct",-0.019433479358092,0.130744570661347,-0.275692837854331,0.236825879138147,0.881840083915066,0.844166162185697,29.5596913319592,-0.0657431741754387
"jan2018","NO2",38532,247,156,"HAC12","Indirect",-1.82050226399699,0.517894713160751,-2.83557590179206,-0.80542862620192,0.000439426857908676,0.844166162185697,29.5596913319592,-6.15873232082336
"jan2018","NO2",38532,247,156,"HAC12","Total",-1.83993574335508,0.501838909551984,-2.82354000607697,-0.856331480633195,0.000246001378031549,0.844166162185697,29.5596913319592,-6.2244754949988
"jan2018","NO2",38532,247,156,"HAC24","Direct",-0.019433479358092,0.143295188818417,-0.300292049442189,0.261425090726005,0.892122875314999,0.844166162185697,29.5596913319592,-0.0657431741754387
"jan2018","NO2",38532,247,156,"HAC24","Indirect",-1.82050226399699,0.630699008305134,-3.05667232027506,-0.584332207718929,0.00389573206739103,0.844166162185697,29.5596913319592,-6.15873232082336
"jan2018","NO2",38532,247,156,"HAC24","Total",-1.83993574335508,0.568123325769528,-2.95345746186336,-0.72641402484681,0.00120109350523873,0.844166162185697,29.5596913319592,-6.2244754949988
"jan2018","CO",38532,247,156,"Joint_OIM","Direct",3.47171703158327,1.27316041274685,0.976322622599441,5.96711144056709,0.00639421662247947,0.792013996748976,551.468839976925,0.629540017479235
"jan2018","CO",38532,247,156,"Joint_OIM","Indirect",-13.804915294844,2.97092323484771,-19.6279248351455,-7.98190575454248,3.37327663748135e-06,0.792013996748976,551.468839976925,-2.50329924269549
"jan2018","CO",38532,247,156,"Joint_OIM","Total",-10.3331982632607,2.97250283393875,-16.1593038177807,-4.50709270874078,0.00050845554289337,0.792013996748976,551.468839976925,-1.87375922521626
"jan2018","CO",38532,247,156,"HAC6","Direct",3.47171703158327,2.00705381958362,-0.462108454800632,7.40554251796716,0.0836735541544723,0.792013996748976,551.468839976925,0.629540017479235
"jan2018","CO",38532,247,156,"HAC6","Indirect",-13.804915294844,5.23009794279209,-24.0559072627165,-3.55392332697148,0.00830250617015525,0.792013996748976,551.468839976925,-2.50329924269549
"jan2018","CO",38532,247,156,"HAC6","Total",-10.3331982632607,5.80118565789547,-21.7035221527358,1.03712562621439,0.0748762263809604,0.792013996748976,551.468839976925,-1.87375922521626
"jan2018","CO",38532,247,156,"HAC12","Direct",3.47171703158327,2.15536138047645,-0.752791274150567,7.6962253373171,0.107237390677547,0.792013996748976,551.468839976925,0.629540017479235
"jan2018","CO",38532,247,156,"HAC12","Indirect",-13.804915294844,5.80745032530697,-25.1875179324456,-2.42231265724233,0.0174491521701693,0.792013996748976,551.468839976925,-2.50329924269549
"jan2018","CO",38532,247,156,"HAC12","Total",-10.3331982632607,6.28749000516819,-22.6566786733904,1.99028214686893,0.100289112130514,0.792013996748976,551.468839976925,-1.87375922521626
"jan2018","CO",38532,247,156,"HAC24","Direct",3.47171703158327,2.0740039458758,-0.593330702333298,7.53676476549983,0.0941462901367792,0.792013996748976,551.468839976925,0.629540017479235
"jan2018","CO",38532,247,156,"HAC24","Indirect",-13.804915294844,6.56982448217631,-26.6817712799096,-0.928059309778412,0.0356180701679448,0.792013996748976,551.468839976925,-2.50329924269549
"jan2018","CO",38532,247,156,"HAC24","Total",-10.3331982632607,6.59440323161022,-23.2582285972167,2.5918320706953,0.117122901057257,0.792013996748976,551.468839976925,-1.87375922521626
"jan2018","SO2",38532,247,156,"Joint_OIM","Direct",-0.0453473060783278,0.0154060440705257,-0.0755431524565581,-0.0151514597000975,0.00324550000022149,0.836799751281531,5.22277997257468,-0.868259936594128
"jan2018","SO2",38532,247,156,"Joint_OIM","Indirect",-0.0296372095070912,0.0443257727178246,-0.116515724034027,0.057241305019845,0.503736308328345,0.836799751281531,5.22277997257468,-0.567460426491619
"jan2018","SO2",38532,247,156,"Joint_OIM","Total",-0.074984515585419,0.0454588251546238,-0.164083812888482,0.0141147817176437,0.0990444169277787,0.836799751281531,5.22277997257468,-1.43572036308575
"jan2018","SO2",38532,247,156,"HAC6","Direct",-0.0453473060783278,0.0199829006917574,-0.0845137914341724,-0.00618082072248319,0.0232497554272602,0.836799751281531,5.22277997257468,-0.868259936594128
"jan2018","SO2",38532,247,156,"HAC6","Indirect",-0.0296372095070912,0.0765552848278294,-0.179685567769637,0.120411148755454,0.698656467691895,0.836799751281531,5.22277997257468,-0.567460426491619
"jan2018","SO2",38532,247,156,"HAC6","Total",-0.074984515585419,0.0856098412992975,-0.242779804532042,0.0928107733612041,0.381091667368016,0.836799751281531,5.22277997257468,-1.43572036308575
"jan2018","SO2",38532,247,156,"HAC12","Direct",-0.0453473060783278,0.0224435056886137,-0.0893365772280107,-0.00135803492864489,0.043330613657903,0.836799751281531,5.22277997257468,-0.868259936594128
"jan2018","SO2",38532,247,156,"HAC12","Indirect",-0.0296372095070912,0.0687939764457344,-0.164473403340731,0.105198984326548,0.666605719040962,0.836799751281531,5.22277997257468,-0.567460426491619
"jan2018","SO2",38532,247,156,"HAC12","Total",-0.074984515585419,0.0810410607840423,-0.233824994722142,0.083855963551304,0.354827704617844,0.836799751281531,5.22277997257468,-1.43572036308575
"jan2018","SO2",38532,247,156,"HAC24","Direct",-0.0453473060783278,0.0243150817227707,-0.0930048662549585,0.00231025409830287,0.0621832566321082,0.836799751281531,5.22277997257468,-0.868259936594128
"jan2018","SO2",38532,247,156,"HAC24","Indirect",-0.0296372095070912,0.0451949044910775,-0.118219222309603,0.0589448032954206,0.511975724271063,0.836799751281531,5.22277997257468,-0.567460426491619
"jan2018","SO2",38532,247,156,"HAC24","Total",-0.074984515585419,0.0611292967719263,-0.194797937258395,0.0448289060875566,0.219952545837461,0.836799751281531,5.22277997257468,-1.43572036308575
"jan2018","O3",38532,247,156,"Joint_OIM","Direct",0.062255926155291,0.0567280603017493,-0.0489310720361376,0.17344292434672,0.272446910994823,0.859287313025109,23.7839058881613,0.261756527493996
"jan2018","O3",38532,247,156,"Joint_OIM","Indirect",0.402206695117491,0.185949479414843,0.0377457154644,0.766667674770583,0.0305420188119687,0.859287313025109,23.7839058881613,1.69108764981152
"jan2018","O3",38532,247,156,"Joint_OIM","Total",0.464462621272782,0.192395723606727,0.0873670030035984,0.841558239541967,0.015774108784475,0.859287313025109,23.7839058881613,1.95284417730552
"jan2018","O3",38532,247,156,"HAC6","Direct",0.062255926155291,0.0997540095990945,-0.133261932658934,0.257773784969516,0.532565542770216,0.859287313025109,23.7839058881613,0.261756527493996
"jan2018","O3",38532,247,156,"HAC6","Indirect",0.402206695117491,0.330898503007601,-0.246354370777407,1.05076776101239,0.224175950200789,0.859287313025109,23.7839058881613,1.69108764981152
"jan2018","O3",38532,247,156,"HAC6","Total",0.464462621272782,0.361949819149258,-0.244959024259763,1.17388426680533,0.199413681071421,0.859287313025109,23.7839058881613,1.95284417730552
"jan2018","O3",38532,247,156,"HAC12","Direct",0.062255926155291,0.111706969365774,-0.156689733801626,0.281201586112208,0.577312494800088,0.859287313025109,23.7839058881613,0.261756527493996
"jan2018","O3",38532,247,156,"HAC12","Indirect",0.402206695117491,0.334523369512522,-0.253459109127051,1.05787249936203,0.22923661012493,0.859287313025109,23.7839058881613,1.69108764981152
"jan2018","O3",38532,247,156,"HAC12","Total",0.464462621272782,0.363242142877581,-0.247491978767277,1.17641722131284,0.201017371025582,0.859287313025109,23.7839058881613,1.95284417730552
"jan2018","O3",38532,247,156,"HAC24","Direct",0.062255926155291,0.131076944054672,-0.194654884191866,0.319166736502448,0.63481754614354,0.859287313025109,23.7839058881613,0.261756527493996
"jan2018","O3",38532,247,156,"HAC24","Indirect",0.402206695117491,0.352996996692856,-0.289667418400506,1.09408080863549,0.254534091836149,0.859287313025109,23.7839058881613,1.69108764981152
"jan2018","O3",38532,247,156,"HAC24","Total",0.464462621272782,0.367896170535874,-0.256613872977531,1.1855391155231,0.206775078573066,0.859287313025109,23.7839058881613,1.95284417730552
"jan2018","PM10",38532,247,156,"Joint_OIM","Direct",-0.849393083682447,0.0811977658181512,-1.00854070468602,-0.69024546267887,1.3075561859656e-25,0.882139299979352,48.7364995646582,-1.74282743173946
"jan2018","PM10",38532,247,156,"Joint_OIM","Indirect",0.403957612223541,0.312700249233915,-0.208934876274932,1.01685010072201,0.196413753617491,0.882139299979352,48.7364995646582,0.828860537445071
"jan2018","PM10",38532,247,156,"Joint_OIM","Total",-0.445435471458906,0.325645112170315,-1.08369989131272,0.192828948394911,0.171357298083734,0.882139299979352,48.7364995646582,-0.913966894294391
"jan2018","PM10",38532,247,156,"HAC6","Direct",-0.849393083682447,0.194404488198256,-1.23042588055103,-0.468360286813864,1.24699602234989e-05,0.882139299979352,48.7364995646582,-1.74282743173946
"jan2018","PM10",38532,247,156,"HAC6","Indirect",0.403957612223541,0.816074976562952,-1.19554934183984,2.00346456628693,0.620599689038048,0.882139299979352,48.7364995646582,0.828860537445071
"jan2018","PM10",38532,247,156,"HAC6","Total",-0.445435471458906,0.764296181533248,-1.94345598726407,1.05258504434626,0.56002472367277,0.882139299979352,48.7364995646582,-0.913966894294391
"jan2018","PM10",38532,247,156,"HAC12","Direct",-0.849393083682447,0.23436205274524,-1.30874270706312,-0.390043460301776,0.000289770502392691,0.882139299979352,48.7364995646582,-1.74282743173946
"jan2018","PM10",38532,247,156,"HAC12","Indirect",0.403957612223541,0.907909123016692,-1.37554426888918,2.18345949333626,0.656369063285673,0.882139299979352,48.7364995646582,0.828860537445071
"jan2018","PM10",38532,247,156,"HAC12","Total",-0.445435471458906,0.832444285762594,-2.07702627155359,1.18615532863578,0.592585250065593,0.882139299979352,48.7364995646582,-0.913966894294391
"jan2018","PM10",38532,247,156,"HAC24","Direct",-0.849393083682447,0.27042124508012,-1.37941872403948,-0.319367443325412,0.00168372132562818,0.882139299979352,48.7364995646582,-1.74282743173946
"jan2018","PM10",38532,247,156,"HAC24","Indirect",0.403957612223541,1.03535449035722,-1.62533718887661,2.43325241332369,0.696415592322686,0.882139299979352,48.7364995646582,0.828860537445071
"jan2018","PM10",38532,247,156,"HAC24","Total",-0.445435471458906,0.941778042660994,-2.29132043507445,1.40044949215664,0.636232529103718,0.882139299979352,48.7364995646582,-0.913966894294391
"jan2018_trends","NO2",38532,247,156,"Joint_OIM","Direct",-0.0828466679633377,0.0668822311618865,-0.213935841040635,0.0482425051139598,0.215458567259639,0.837422505267222,29.5596913319592,-0.280269056374638
"jan2018_trends","NO2",38532,247,156,"Joint_OIM","Indirect",0.732423612872682,0.267052740541664,0.209000241411021,1.25584698433434,0.00609515740281426,0.837422505267222,29.5596913319592,2.47777828478474
"jan2018_trends","NO2",38532,247,156,"Joint_OIM","Total",0.649576944909344,0.281302894291515,0.0982232720979747,1.20093061772071,0.0209340035831472,0.837422505267222,29.5596913319592,2.1975092284101
"jan2018_trends","NO2",38532,247,156,"HAC6","Direct",-0.0828466679633377,0.143222421772323,-0.363562614637091,0.197869278710416,0.562961956515897,0.837422505267222,29.5596913319592,-0.280269056374638
"jan2018_trends","NO2",38532,247,156,"HAC6","Indirect",0.732423612872682,0.63979398618673,-0.521572600053309,1.98641982579867,0.252300138106769,0.837422505267222,29.5596913319592,2.47777828478474
"jan2018_trends","NO2",38532,247,156,"HAC6","Total",0.649576944909344,0.740791819826,-0.802375021949616,2.1015289117683,0.380558116506727,0.837422505267222,29.5596913319592,2.1975092284101
"jan2018_trends","NO2",38532,247,156,"HAC12","Direct",-0.0828466679633377,0.122208363270551,-0.322375059973619,0.156681724046943,0.497826702283121,0.837422505267222,29.5596913319592,-0.280269056374638
"jan2018_trends","NO2",38532,247,156,"HAC12","Indirect",0.732423612872682,0.680915634032573,-0.602171029831162,2.06701825557653,0.282085977814236,0.837422505267222,29.5596913319592,2.47777828478474
"jan2018_trends","NO2",38532,247,156,"HAC12","Total",0.649576944909344,0.782140624408919,-0.883418678932137,2.18257256875083,0.406249531739462,0.837422505267222,29.5596913319592,2.1975092284101
"jan2018_trends","NO2",38532,247,156,"HAC24","Direct",-0.0828466679633377,0.104859651060611,-0.288371584042135,0.12267824811546,0.429485755893959,0.837422505267222,29.5596913319592,-0.280269056374638
"jan2018_trends","NO2",38532,247,156,"HAC24","Indirect",0.732423612872682,0.627678694560081,-0.497826628465076,1.96267385421044,0.243260186511032,0.837422505267222,29.5596913319592,2.47777828478474
"jan2018_trends","NO2",38532,247,156,"HAC24","Total",0.649576944909344,0.718399072600409,-0.758485237387457,2.05763912720615,0.365888988656752,0.837422505267222,29.5596913319592,2.1975092284101
"jan2018_trends","CO",38532,247,156,"Joint_OIM","Direct",7.53772008973452,1.54036886084951,4.51859712246947,10.5568430569996,9.90828131993941e-07,0.79220741918067,551.468839976925,1.36684424274088
"jan2018_trends","CO",38532,247,156,"Joint_OIM","Indirect",-2.53809815783888,4.92379037244286,-12.1887272878269,7.11253097214914,0.606220096991923,0.79220741918067,551.468839976925,-0.460243258339869
"jan2018_trends","CO",38532,247,156,"Joint_OIM","Total",4.99962193189564,5.14574418389307,-5.08603666853478,15.0852805323261,0.331247949685084,0.79220741918067,551.468839976925,0.906600984401012
"jan2018_trends","CO",38532,247,156,"HAC6","Direct",7.53772008973452,2.98568598679492,1.68577555561646,13.3896646238526,0.0115823726427878,0.79220741918067,551.468839976925,1.36684424274088
"jan2018_trends","CO",38532,247,156,"HAC6","Indirect",-2.53809815783888,8.0627246270397,-18.3410384268367,13.2648421111589,0.752917990242911,0.79220741918067,551.468839976925,-0.460243258339869
"jan2018_trends","CO",38532,247,156,"HAC6","Total",4.99962193189564,9.07107522164199,-12.7796855025227,22.7789293663139,0.581523384729986,0.79220741918067,551.468839976925,0.906600984401012
"jan2018_trends","CO",38532,247,156,"HAC12","Direct",7.53772008973452,3.03961332005745,1.58007798242192,13.4953621970471,0.0131445545700155,0.79220741918067,551.468839976925,1.36684424274088
"jan2018_trends","CO",38532,247,156,"HAC12","Indirect",-2.53809815783888,9.06770133635682,-20.3107927770982,15.2345964614205,0.779550119002618,0.79220741918067,551.468839976925,-0.460243258339869
"jan2018_trends","CO",38532,247,156,"HAC12","Total",4.99962193189564,9.98286196459903,-14.5667875187185,24.5660313825097,0.616497456007581,0.79220741918067,551.468839976925,0.906600984401012
"jan2018_trends","CO",38532,247,156,"HAC24","Direct",7.53772008973452,2.34422048676083,2.94304793568329,12.1323922437857,0.00130240892391684,0.79220741918067,551.468839976925,1.36684424274088
"jan2018_trends","CO",38532,247,156,"HAC24","Indirect",-2.53809815783888,9.87094843629009,-21.8851570929674,16.8089607772897,0.797079890559572,0.79220741918067,551.468839976925,-0.460243258339869
"jan2018_trends","CO",38532,247,156,"HAC24","Total",4.99962193189564,10.3247018884413,-15.2367937694494,25.2360376332407,0.62821635697146,0.79220741918067,551.468839976925,0.906600984401012
"jan2018_trends","SO2",38532,247,156,"Joint_OIM","Direct",-0.0316177326057609,0.0188242846636039,-0.0685133305464246,0.00527786533490274,0.0930303678718138,0.832886576973391,5.22277997257468,-0.605381286820212
"jan2018_trends","SO2",38532,247,156,"Joint_OIM","Indirect",0.0595669411093447,0.0732967290796121,-0.0840946478866951,0.203228530105384,0.416400335662305,0.832886576973391,5.22277997257468,1.14052174171871
"jan2018_trends","SO2",38532,247,156,"Joint_OIM","Total",0.0279492085035838,0.0771696447375505,-0.123303295182015,0.179201712189183,0.717218428815208,0.832886576973391,5.22277997257468,0.535140454898497
"jan2018_trends","SO2",38532,247,156,"HAC6","Direct",-0.0316177326057609,0.0185012014309972,-0.0678800874105154,0.0046446221989936,0.087459166064281,0.832886576973391,5.22277997257468,-0.605381286820212
"jan2018_trends","SO2",38532,247,156,"HAC6","Indirect",0.0595669411093447,0.0863180012521015,-0.109616341344774,0.228750223563464,0.490139400812525,0.832886576973391,5.22277997257468,1.14052174171871
"jan2018_trends","SO2",38532,247,156,"HAC6","Total",0.0279492085035838,0.0881744720627409,-0.144872756739388,0.200771173746556,0.751261666481215,0.832886576973391,5.22277997257468,0.535140454898497
"jan2018_trends","SO2",38532,247,156,"HAC12","Direct",-0.0316177326057609,0.0180202710691941,-0.0669374639013813,0.00370199868985942,0.079333783454335,0.832886576973391,5.22277997257468,-0.605381286820212
"jan2018_trends","SO2",38532,247,156,"HAC12","Indirect",0.0595669411093447,0.0752599508884892,-0.0879425626320942,0.207076444850784,0.428662429746581,0.832886576973391,5.22277997257468,1.14052174171871
"jan2018_trends","SO2",38532,247,156,"HAC12","Total",0.0279492085035838,0.0793457197412382,-0.127568402189243,0.183466819196411,0.724653818556844,0.832886576973391,5.22277997257468,0.535140454898497
"jan2018_trends","SO2",38532,247,156,"HAC24","Direct",-0.0316177326057609,0.0174831578646316,-0.0658847220204389,0.00264925680891703,0.0705336833654039,0.832886576973391,5.22277997257468,-0.605381286820212
"jan2018_trends","SO2",38532,247,156,"HAC24","Indirect",0.0595669411093447,0.076569055496509,-0.0905084076638129,0.209642289882502,0.436598148426093,0.832886576973391,5.22277997257468,1.14052174171871
"jan2018_trends","SO2",38532,247,156,"HAC24","Total",0.0279492085035838,0.0823618612961295,-0.13348003963683,0.189378456643998,0.734348724513048,0.832886576973391,5.22277997257468,0.535140454898497
"jan2018_trends","O3",38532,247,156,"Joint_OIM","Direct",0.163017254810359,0.0695504070867107,0.026698456920406,0.299336052700312,0.0190847175542394,0.857719291893896,23.7839058881613,0.685409938875946
"jan2018_trends","O3",38532,247,156,"Joint_OIM","Indirect",-0.746232760421418,0.313842408600498,-1.36136388127839,-0.131101639564442,0.0174195379827612,0.857719291893896,23.7839058881613,-3.13755345287026
"jan2018_trends","O3",38532,247,156,"Joint_OIM","Total",-0.583215505611059,0.331126634436677,-1.23222370910695,0.0657926978848284,0.0781865343390214,0.857719291893896,23.7839058881613,-2.45214351399431
"jan2018_trends","O3",38532,247,156,"HAC6","Direct",0.163017254810359,0.12619076217102,-0.0843166390448412,0.410351148665559,0.196415357928786,0.857719291893896,23.7839058881613,0.685409938875946
"jan2018_trends","O3",38532,247,156,"HAC6","Indirect",-0.746232760421418,0.701682212202561,-2.12152989633844,0.629064375495601,0.287559316770838,0.857719291893896,23.7839058881613,-3.13755345287026
"jan2018_trends","O3",38532,247,156,"HAC6","Total",-0.583215505611059,0.797945470861244,-2.1471886284991,0.980757617276979,0.464842409396905,0.857719291893896,23.7839058881613,-2.45214351399431
"jan2018_trends","O3",38532,247,156,"HAC12","Direct",0.163017254810359,0.139492315005212,-0.110387682599857,0.436422192220575,0.242545943361227,0.857719291893896,23.7839058881613,0.685409938875946
"jan2018_trends","O3",38532,247,156,"HAC12","Indirect",-0.746232760421418,0.739162386553929,-2.19499103806712,0.702525517224282,0.312703560055625,0.857719291893896,23.7839058881613,-3.13755345287026
"jan2018_trends","O3",38532,247,156,"HAC12","Total",-0.583215505611059,0.854309103940433,-2.25766134933431,1.09123033811219,0.494812202249035,0.857719291893896,23.7839058881613,-2.45214351399431
"jan2018_trends","O3",38532,247,156,"HAC24","Direct",0.163017254810359,0.145004507450863,-0.121191579793332,0.44722608941405,0.26091886612207,0.857719291893896,23.7839058881613,0.685409938875946
"jan2018_trends","O3",38532,247,156,"HAC24","Indirect",-0.746232760421418,0.734597491666975,-2.18604384408869,0.693578323245852,0.309706074426899,0.857719291893896,23.7839058881613,-3.13755345287026
"jan2018_trends","O3",38532,247,156,"HAC24","Total",-0.583215505611059,0.854034273362214,-2.257122681401,1.09069167017888,0.494673363453284,0.857719291893896,23.7839058881613,-2.45214351399431
"jan2018_trends","PM10",38532,247,156,"Joint_OIM","Direct",-0.367442832445689,0.0995322779507126,-0.562526097229086,-0.172359567662292,0.000222764334723525,0.881279225772143,48.7364995646582,-0.753937676542006
"jan2018_trends","PM10",38532,247,156,"Joint_OIM","Indirect",-0.441630404928665,0.53006571440523,-1.48055920516292,0.597298395305585,0.404753589581737,0.881279225772143,48.7364995646582,-0.9061594674906
"jan2018_trends","PM10",38532,247,156,"Joint_OIM","Total",-0.809073237374354,0.559400080818234,-1.90549739577809,0.287350921029385,0.148086610430522,0.881279225772143,48.7364995646582,-1.66009714403261
"jan2018_trends","PM10",38532,247,156,"HAC6","Direct",-0.367442832445689,0.189109894948309,-0.738098226544374,0.00321256165299588,0.052014684644621,0.881279225772143,48.7364995646582,-0.753937676542006
"jan2018_trends","PM10",38532,247,156,"HAC6","Indirect",-0.441630404928665,0.971270378923089,-2.34532034761792,1.46205953776059,0.649329700821885,0.881279225772143,48.7364995646582,-0.9061594674906
"jan2018_trends","PM10",38532,247,156,"HAC6","Total",-0.809073237374354,0.933688184854942,-2.63910207969004,1.02095560494133,0.386196990386743,0.881279225772143,48.7364995646582,-1.66009714403261
"jan2018_trends","PM10",38532,247,156,"HAC12","Direct",-0.367442832445689,0.212998812671553,-0.784920505281933,0.0500348403905551,0.0845106531984763,0.881279225772143,48.7364995646582,-0.753937676542006
"jan2018_trends","PM10",38532,247,156,"HAC12","Indirect",-0.441630404928665,0.885225471170996,-2.17667232842382,1.29341151856649,0.617856664668395,0.881279225772143,48.7364995646582,-0.9061594674906
"jan2018_trends","PM10",38532,247,156,"HAC12","Total",-0.809073237374354,0.870029291604885,-2.51433064891993,0.896184174171221,0.352403223503844,0.881279225772143,48.7364995646582,-1.66009714403261
"jan2018_trends","PM10",38532,247,156,"HAC24","Direct",-0.367442832445689,0.218305253189977,-0.795321128698043,0.0604354638066656,0.0923439778605019,0.881279225772143,48.7364995646582,-0.753937676542006
"jan2018_trends","PM10",38532,247,156,"HAC24","Indirect",-0.441630404928665,0.825433325282746,-2.05947972248285,1.17621891262552,0.592630107148239,0.881279225772143,48.7364995646582,-0.9061594674906
"jan2018_trends","PM10",38532,247,156,"HAC24","Total",-0.809073237374354,0.86701936382284,-2.50843119046712,0.890284715718412,0.350734120193368,0.881279225772143,48.7364995646582,-1.66009714403261
"jul2020","NO2",38532,247,156,"Joint_OIM","Direct",0.0744462908400863,0.0526798374337116,-0.0288061905299884,0.177698772210161,0.157601699736378,0.84396612561803,29.378485596664,0.253404113003496
"jul2020","NO2",38532,247,156,"Joint_OIM","Indirect",-1.92597656713162,0.163546183490117,-2.24652708677225,-1.60542604749099,5.16849756137729e-32,0.84396612561803,29.378485596664,-6.55573807844717
"jul2020","NO2",38532,247,156,"Joint_OIM","Total",-1.85153027629153,0.169032777504539,-2.18283452020043,-1.52022603238263,6.38045691942665e-28,0.84396612561803,29.378485596664,-6.30233396544367
"jul2020","NO2",38532,247,156,"HAC6","Direct",0.0744462908400863,0.0865770264170421,-0.0952446809373163,0.244137262617489,0.389852409311547,0.84396612561803,29.378485596664,0.253404113003496
"jul2020","NO2",38532,247,156,"HAC6","Indirect",-1.92597656713162,0.448638028664821,-2.80530710331467,-1.04664603094857,1.76321908104086e-05,0.84396612561803,29.378485596664,-6.55573807844717
"jul2020","NO2",38532,247,156,"HAC6","Total",-1.85153027629153,0.449572841722157,-2.73269304606696,-0.970367506516103,3.81477138791531e-05,0.84396612561803,29.378485596664,-6.30233396544367
"jul2020","NO2",38532,247,156,"HAC12","Direct",0.0744462908400863,0.0937964634994514,-0.109394777618838,0.258287359299011,0.427369865831726,0.84396612561803,29.378485596664,0.253404113003496
"jul2020","NO2",38532,247,156,"HAC12","Indirect",-1.92597656713162,0.53912753063748,-2.98266652718108,-0.869286607082157,0.000353731146732315,0.84396612561803,29.378485596664,-6.55573807844717
"jul2020","NO2",38532,247,156,"HAC12","Total",-1.85153027629153,0.526604605390523,-2.88367530285696,-0.819385249726105,0.000438137071464905,0.84396612561803,29.378485596664,-6.30233396544367
"jul2020","NO2",38532,247,156,"HAC24","Direct",0.0744462908400863,0.0930989608916349,-0.108027672507518,0.256920254187691,0.423915435057576,0.84396612561803,29.378485596664,0.253404113003496
"jul2020","NO2",38532,247,156,"HAC24","Indirect",-1.92597656713162,0.6260060817712,-3.15294848740317,-0.699004646860066,0.0020936904067185,0.84396612561803,29.378485596664,-6.55573807844717
"jul2020","NO2",38532,247,156,"HAC24","Total",-1.85153027629153,0.594496067144091,-3.01674256789395,-0.686317984689112,0.00184286086608021,0.84396612561803,29.378485596664,-6.30233396544367
"jul2020","CO",38532,247,156,"Joint_OIM","Direct",5.75928365394291,1.22255766938993,3.36307062193865,8.15549668594717,2.4668787749239e-06,0.792510345930986,549.347402315859,1.04838643628126
"jul2020","CO",38532,247,156,"Joint_OIM","Indirect",-13.2086937345158,2.9613995271927,-19.0130368078135,-7.40435066121809,8.18497224531325e-06,0.792510345930986,549.347402315859,-2.40443363868337
"jul2020","CO",38532,247,156,"Joint_OIM","Total",-7.44941008057287,2.98710211985924,-13.304130235497,-1.59468992564876,0.0126362899036311,0.792510345930986,549.347402315859,-1.35604720240211
"jul2020","CO",38532,247,156,"HAC6","Direct",5.75928365394291,2.10786393362301,1.62787034404182,9.890696963844,0.00628968300110786,0.792510345930986,549.347402315859,1.04838643628126
"jul2020","CO",38532,247,156,"HAC6","Indirect",-13.2086937345158,5.47635000294691,-23.9423397402917,-2.47504772873984,0.0158673672228732,0.792510345930986,549.347402315859,-2.40443363868337
"jul2020","CO",38532,247,156,"HAC6","Total",-7.44941008057287,5.84629475793111,-18.9081478061178,4.00932764497211,0.202588830212879,0.792510345930986,549.347402315859,-1.35604720240211
"jul2020","CO",38532,247,156,"HAC12","Direct",5.75928365394291,2.54041659136221,0.780067134872976,10.7385001730128,0.0233863967864492,0.792510345930986,549.347402315859,1.04838643628126
"jul2020","CO",38532,247,156,"HAC12","Indirect",-13.2086937345158,6.06700722513829,-25.1000278957868,-1.31735957324474,0.0294704968187954,0.792510345930986,549.347402315859,-2.40443363868337
"jul2020","CO",38532,247,156,"HAC12","Total",-7.44941008057287,6.35715586858956,-19.9094355830084,5.01061542186267,0.24127137213329,0.792510345930986,549.347402315859,-1.35604720240211
"jul2020","CO",38532,247,156,"HAC24","Direct",5.75928365394291,2.90595908371089,0.0636038498695655,11.4549634580163,0.047491845970178,0.792510345930986,549.347402315859,1.04838643628126
"jul2020","CO",38532,247,156,"HAC24","Indirect",-13.2086937345158,7.07527371237934,-27.0762302107793,0.658842741747732,0.0619182142111185,0.792510345930986,549.347402315859,-2.40443363868337
"jul2020","CO",38532,247,156,"HAC24","Total",-7.44941008057287,7.20109716437081,-21.5635605227396,6.66474036159391,0.300910583490303,0.792510345930986,549.347402315859,-1.35604720240211
"jul2020","SO2",38532,247,156,"Joint_OIM","Direct",-0.037307830398225,0.0148048630972758,-0.0663253620688856,-0.00829029872756441,0.011736439669943,0.836701140178139,5.17154121658894,-0.721406420943748
"jul2020","SO2",38532,247,156,"Joint_OIM","Indirect",-0.0514190698162923,0.0441893779110044,-0.138030250521861,0.0351921108892763,0.244583310083014,0.836701140178139,5.17154121658894,-0.994269747891663
"jul2020","SO2",38532,247,156,"Joint_OIM","Total",-0.0887269002145173,0.0455442419743238,-0.177993614484192,0.00053981405515742,0.0513973190217083,0.836701140178139,5.17154121658894,-1.71567616883541
"jul2020","SO2",38532,247,156,"HAC6","Direct",-0.037307830398225,0.0219467209589154,-0.0803234034776991,0.00570774268124913,0.0891445985720498,0.836701140178139,5.17154121658894,-0.721406420943748
"jul2020","SO2",38532,247,156,"HAC6","Indirect",-0.0514190698162923,0.0786676444017396,-0.205607652843702,0.102769513211117,0.513354000917598,0.836701140178139,5.17154121658894,-0.994269747891663
"jul2020","SO2",38532,247,156,"HAC6","Total",-0.0887269002145173,0.0865794889107594,-0.258422698479606,0.0809688980505711,0.30545625830747,0.836701140178139,5.17154121658894,-1.71567616883541
"jul2020","SO2",38532,247,156,"HAC12","Direct",-0.037307830398225,0.0247585475735671,-0.0858345836424166,0.0112189228459666,0.131844833504721,0.836701140178139,5.17154121658894,-0.721406420943748
"jul2020","SO2",38532,247,156,"HAC12","Indirect",-0.0514190698162923,0.0716350641224438,-0.191823795496282,0.0889856558636976,0.472885599581528,0.836701140178139,5.17154121658894,-0.994269747891663
"jul2020","SO2",38532,247,156,"HAC12","Total",-0.0887269002145173,0.0832541570014997,-0.251905047937457,0.0744512475084222,0.286543281785246,0.836701140178139,5.17154121658894,-1.71567616883541
"jul2020","SO2",38532,247,156,"HAC24","Direct",-0.037307830398225,0.0266520465122914,-0.0895458415623161,0.0149301807658661,0.161569894640788,0.836701140178139,5.17154121658894,-0.721406420943748
"jul2020","SO2",38532,247,156,"HAC24","Indirect",-0.0514190698162923,0.0453517975738926,-0.140308593061122,0.0374704534285373,0.256885836138745,0.836701140178139,5.17154121658894,-0.994269747891663
"jul2020","SO2",38532,247,156,"HAC24","Total",-0.0887269002145173,0.0635459190810385,-0.213276901613353,0.0358231011843183,0.162634910637933,0.836701140178139,5.17154121658894,-1.71567616883541
"jul2020","O3",38532,247,156,"Joint_OIM","Direct",-0.048309430378996,0.0545383795552957,-0.155204654307376,0.0585857935493835,0.37573189373118,0.859214763394364,24.0473738707839,-0.20089274878239
"jul2020","O3",38532,247,156,"Joint_OIM","Indirect",0.537734556708286,0.185738393726686,0.173687305003981,0.901781808412591,0.00379016093896205,0.859214763394364,24.0473738707839,2.2361466977548
"jul2020","O3",38532,247,156,"Joint_OIM","Total",0.48942512632929,0.192926402176851,0.111289378062663,0.867560874595917,0.0111855228860373,0.859214763394364,24.0473738707839,2.03525394897241
"jul2020","O3",38532,247,156,"HAC6","Direct",-0.048309430378996,0.100319079770082,-0.244934826728356,0.148315965970364,0.630120145591317,0.859214763394364,24.0473738707839,-0.20089274878239
"jul2020","O3",38532,247,156,"HAC6","Indirect",0.537734556708286,0.347389833235439,-0.143149516433175,1.21861862984975,0.121639558278166,0.859214763394364,24.0473738707839,2.2361466977548
"jul2020","O3",38532,247,156,"HAC6","Total",0.48942512632929,0.368911501824323,-0.233641417246384,1.21249166990496,0.18461669901991,0.859214763394364,24.0473738707839,2.03525394897241
"jul2020","O3",38532,247,156,"HAC12","Direct",-0.048309430378996,0.0961931153959824,-0.236847936555121,0.140229075797129,0.615517718985956,0.859214763394364,24.0473738707839,-0.20089274878239
"jul2020","O3",38532,247,156,"HAC12","Indirect",0.537734556708286,0.358758500814308,-0.165432104887758,1.24090121830433,0.13390576742083,0.859214763394364,24.0473738707839,2.2361466977548
"jul2020","O3",38532,247,156,"HAC12","Total",0.48942512632929,0.380375658923245,-0.256111165160271,1.23496141781885,0.198202754358707,0.859214763394364,24.0473738707839,2.03525394897241
"jul2020","O3",38532,247,156,"HAC24","Direct",-0.048309430378996,0.098451185808237,-0.24127375456314,0.144654893805148,0.623642716842871,0.859214763394364,24.0473738707839,-0.20089274878239
"jul2020","O3",38532,247,156,"HAC24","Indirect",0.537734556708286,0.370070139619285,-0.187602916945512,1.26307203036208,0.14620676595177,0.859214763394364,24.0473738707839,2.2361466977548
"jul2020","O3",38532,247,156,"HAC24","Total",0.48942512632929,0.394483235303717,-0.283762014865995,1.26261226752458,0.214726172082903,0.859214763394364,24.0473738707839,2.03525394897241
"jul2020","PM10",38532,247,156,"Joint_OIM","Direct",-0.721800110519508,0.0781199879744251,-0.874915286949381,-0.568684934089635,2.47341425011837e-20,0.881963228915595,48.6713267012061,-1.48300890779216
"jul2020","PM10",38532,247,156,"Joint_OIM","Indirect",0.594940742628214,0.3123520499195,-0.0172692752140069,1.20715076047043,0.0568174995613899,0.881963228915595,48.6713267012061,1.22236393160302
"jul2020","PM10",38532,247,156,"Joint_OIM","Total",-0.126859367891294,0.326160688125177,-0.766134316616642,0.512415580834053,0.697315020403325,0.881963228915595,48.6713267012061,-0.260644976189134
"jul2020","PM10",38532,247,156,"HAC6","Direct",-0.721800110519508,0.208066463244503,-1.12961037847873,-0.313989842560282,0.000522235471235356,0.881963228915595,48.6713267012061,-1.48300890779216
"jul2020","PM10",38532,247,156,"HAC6","Indirect",0.594940742628214,0.75112262567585,-0.877259603696453,2.06714108895288,0.428320603148643,0.881963228915595,48.6713267012061,1.22236393160302
"jul2020","PM10",38532,247,156,"HAC6","Total",-0.126859367891294,0.737837588432651,-1.57302104121929,1.3193023054367,0.863489416495101,0.881963228915595,48.6713267012061,-0.260644976189134
"jul2020","PM10",38532,247,156,"HAC12","Direct",-0.721800110519508,0.250116050372665,-1.21202756924993,-0.231572651789084,0.00390344733858285,0.881963228915595,48.6713267012061,-1.48300890779216
"jul2020","PM10",38532,247,156,"HAC12","Indirect",0.594940742628214,0.822805994925717,-1.01775900742619,2.20764049268262,0.4696410516299,0.881963228915595,48.6713267012061,1.22236393160302
"jul2020","PM10",38532,247,156,"HAC12","Total",-0.126859367891294,0.787487012170192,-1.67033391174487,1.41661517596228,0.872019430689257,0.881963228915595,48.6713267012061,-0.260644976189134
"jul2020","PM10",38532,247,156,"HAC24","Direct",-0.721800110519508,0.289796619372384,-1.28980148448938,-0.153798736549635,0.0127487174044983,0.881963228915595,48.6713267012061,-1.48300890779216
"jul2020","PM10",38532,247,156,"HAC24","Indirect",0.594940742628214,0.908227126202801,-1.18518442472928,2.3750659099857,0.512430909779862,0.881963228915595,48.6713267012061,1.22236393160302
"jul2020","PM10",38532,247,156,"HAC24","Total",-0.126859367891294,0.85271280967686,-1.79817647485794,1.54445773907535,0.881733936221532,0.881963228915595,48.6713267012061,-0.260644976189134
"jul2020_trends","NO2",38532,247,156,"Joint_OIM","Direct",0.0774863898178936,0.0626666477333156,-0.0453402397394049,0.200313019375192,0.216278220057349,0.837504524930148,29.378485596664,0.263752158234775
"jul2020_trends","NO2",38532,247,156,"Joint_OIM","Indirect",0.5280932551333,0.265952237811117,0.00682686902351137,1.04935964124309,0.0470700304108174,0.837504524930148,29.378485596664,1.79755097789406
"jul2020_trends","NO2",38532,247,156,"Joint_OIM","Total",0.605579644951194,0.280805705810751,0.0552004615621211,1.15595882834027,0.031038494263528,0.837504524930148,29.378485596664,2.06130313612884
"jul2020_trends","NO2",38532,247,156,"HAC6","Direct",0.0774863898178936,0.0875656115044537,-0.0941422087308356,0.249114988366623,0.376213153954456,0.837504524930148,29.378485596664,0.263752158234775
"jul2020_trends","NO2",38532,247,156,"HAC6","Indirect",0.5280932551333,0.775361005469832,-0.991614315587571,2.04780082585417,0.495812399767589,0.837504524930148,29.378485596664,1.79755097789406
"jul2020_trends","NO2",38532,247,156,"HAC6","Total",0.605579644951194,0.81326301429491,-0.988415863066829,2.19957515296922,0.456495719336609,0.837504524930148,29.378485596664,2.06130313612884
"jul2020_trends","NO2",38532,247,156,"HAC12","Direct",0.0774863898178936,0.0795156290719909,-0.0783642431632086,0.233337022798996,0.32981826731898,0.837504524930148,29.378485596664,0.263752158234775
"jul2020_trends","NO2",38532,247,156,"HAC12","Indirect",0.5280932551333,0.852450416239008,-1.14270956069516,2.19889607096176,0.535586850193659,0.837504524930148,29.378485596664,1.79755097789406
"jul2020_trends","NO2",38532,247,156,"HAC12","Total",0.605579644951194,0.879806954088292,-1.11884198506186,2.33000127496425,0.491257785833433,0.837504524930148,29.378485596664,2.06130313612884
"jul2020_trends","NO2",38532,247,156,"HAC24","Direct",0.0774863898178936,0.0770747676732119,-0.0735801548216017,0.228552934457389,0.31473289259994,0.837504524930148,29.378485596664,0.263752158234775
"jul2020_trends","NO2",38532,247,156,"HAC24","Indirect",0.5280932551333,0.780156216221941,-1.0010129286617,2.0571994389283,0.498464920783631,0.837504524930148,29.378485596664,1.79755097789406
"jul2020_trends","NO2",38532,247,156,"HAC24","Total",0.605579644951194,0.818729696279399,-0.999130559756428,2.21028984965882,0.459507779589669,0.837504524930148,29.378485596664,2.06130313612884
"jul2020_trends","CO",38532,247,156,"Joint_OIM","Direct",10.9564303929785,1.44043159341478,8.13318446988557,13.7796763160715,2.81939749147352e-14,0.792126507658775,549.347402315859,1.9944447442165
"jul2020_trends","CO",38532,247,156,"Joint_OIM","Indirect",2.76871885487441,4.88714851468021,-6.8100922338988,12.3475299436476,0.571033182649322,0.792126507658775,549.347402315859,0.50400144666243
"jul2020_trends","CO",38532,247,156,"Joint_OIM","Total",13.725149247853,5.12880352872431,3.6726943315533,23.7776041641526,0.00744862319837607,0.792126507658775,549.347402315859,2.49844619087893
"jul2020_trends","CO",38532,247,156,"HAC6","Direct",10.9564303929785,2.18850773488468,6.66695523260458,15.2459055533525,5.54725506909844e-07,0.792126507658775,549.347402315859,1.9944447442165
"jul2020_trends","CO",38532,247,156,"HAC6","Indirect",2.76871885487441,7.33713001493227,-11.6120559743928,17.1494936841417,0.705908167547638,0.792126507658775,549.347402315859,0.50400144666243
"jul2020_trends","CO",38532,247,156,"HAC6","Total",13.725149247853,7.51095295508514,-0.996318544113912,28.4466170398198,0.0676469745968364,0.792126507658775,549.347402315859,2.49844619087893
"jul2020_trends","CO",38532,247,156,"HAC12","Direct",10.9564303929785,2.3194132737947,6.41038037634094,15.5024804096162,2.31484960261797e-06,0.792126507658775,549.347402315859,1.9944447442165
"jul2020_trends","CO",38532,247,156,"HAC12","Indirect",2.76871885487441,7.16566589536465,-11.2759863000403,16.8134240097891,0.699210210174342,0.792126507658775,549.347402315859,0.50400144666243
"jul2020_trends","CO",38532,247,156,"HAC12","Total",13.725149247853,6.91580827743584,0.17016502407871,27.2801334716272,0.0471884104839189,0.792126507658775,549.347402315859,2.49844619087893
"jul2020_trends","CO",38532,247,156,"HAC24","Direct",10.9564303929785,1.90790408099715,7.21693839422413,14.695922391733,9.32048010084646e-09,0.792126507658775,549.347402315859,1.9944447442165
"jul2020_trends","CO",38532,247,156,"HAC24","Indirect",2.76871885487441,7.43668412884458,-11.807182037661,17.3446197474098,0.709665358848994,0.792126507658775,549.347402315859,0.50400144666243
"jul2020_trends","CO",38532,247,156,"HAC24","Total",13.725149247853,6.5914032060733,0.805998963949289,26.6442995317566,0.0373168714496698,0.792126507658775,549.347402315859,2.49844619087893
"jul2020_trends","SO2",38532,247,156,"Joint_OIM","Direct",-0.0267420671916232,0.0176332043104526,-0.0613031476401102,0.00781901325686383,0.129374159325943,0.832864981015313,5.17154121658894,-0.517100532928979
"jul2020_trends","SO2",38532,247,156,"Joint_OIM","Indirect",0.0152725610839395,0.0729174876755645,-0.127645714760167,0.158190836928046,0.834097035696559,0.832864981015313,5.17154121658894,0.295319334107773
"jul2020_trends","SO2",38532,247,156,"Joint_OIM","Total",-0.0114695061076837,0.0769616952594347,-0.162314428816176,0.139375416600808,0.881530938188809,0.832864981015313,5.17154121658894,-0.221781198821206
"jul2020_trends","SO2",38532,247,156,"HAC6","Direct",-0.0267420671916232,0.0199535906680308,-0.0658511049009635,0.0123669705177172,0.180176015439813,0.832864981015313,5.17154121658894,-0.517100532928979
"jul2020_trends","SO2",38532,247,156,"HAC6","Indirect",0.0152725610839395,0.0903601943207871,-0.161833419784803,0.192378541952682,0.865781945525045,0.832864981015313,5.17154121658894,0.295319334107773
"jul2020_trends","SO2",38532,247,156,"HAC6","Total",-0.0114695061076837,0.0902408066665938,-0.188341487174207,0.16540247495884,0.898862132203111,0.832864981015313,5.17154121658894,-0.221781198821206
"jul2020_trends","SO2",38532,247,156,"HAC12","Direct",-0.0267420671916232,0.0200870434631939,-0.0661126723794832,0.0126285379962368,0.183087268893387,0.832864981015313,5.17154121658894,-0.517100532928979
"jul2020_trends","SO2",38532,247,156,"HAC12","Indirect",0.0152725610839395,0.0828393035188566,-0.14709247381302,0.177637595980899,0.853728139353457,0.832864981015313,5.17154121658894,0.295319334107773
"jul2020_trends","SO2",38532,247,156,"HAC12","Total",-0.0114695061076837,0.0860455492941775,-0.180118782724272,0.157179770508904,0.893959487878754,0.832864981015313,5.17154121658894,-0.221781198821206
"jul2020_trends","SO2",38532,247,156,"HAC24","Direct",-0.0267420671916232,0.0204540118306864,-0.0668319303797686,0.0133477959965222,0.191068730384894,0.832864981015313,5.17154121658894,-0.517100532928979
"jul2020_trends","SO2",38532,247,156,"HAC24","Indirect",0.0152725610839395,0.0717703956499269,-0.125397414389917,0.155942536557796,0.831484910368297,0.832864981015313,5.17154121658894,0.295319334107773
"jul2020_trends","SO2",38532,247,156,"HAC24","Total",-0.0114695061076837,0.0804878330492936,-0.169225658884299,0.146286646668932,0.886685178500021,0.832864981015313,5.17154121658894,-0.221781198821206
"jul2020_trends","O3",38532,247,156,"Joint_OIM","Direct",-0.00434033174689233,0.0652288293787399,-0.132188837329223,0.123508173835438,0.946947846466337,0.857886655511007,24.0473738707839,-0.0180490883129886
"jul2020_trends","O3",38532,247,156,"Joint_OIM","Indirect",-0.478548293134976,0.312829100716953,-1.0916933305402,0.134596744270251,0.126080224018141,0.857886655511007,24.0473738707839,-1.99002309236096
"jul2020_trends","O3",38532,247,156,"Joint_OIM","Total",-0.482888624881868,0.330605541075997,-1.13087548539082,0.165098235627086,0.14412012041011,0.857886655511007,24.0473738707839,-2.00807218067395
"jul2020_trends","O3",38532,247,156,"HAC6","Direct",-0.00434033174689233,0.134951710786924,-0.268845684889264,0.260165021395479,0.974342772495004,0.857886655511007,24.0473738707839,-0.0180490883129886
"jul2020_trends","O3",38532,247,156,"HAC6","Indirect",-0.478548293134976,0.738654489204454,-1.92631109197571,0.969214505705755,0.51707235529159,0.857886655511007,24.0473738707839,-1.99002309236096
"jul2020_trends","O3",38532,247,156,"HAC6","Total",-0.482888624881868,0.809444362251461,-2.06939957489473,1.103622325131,0.55079582426996,0.857886655511007,24.0473738707839,-2.00807218067395
"jul2020_trends","O3",38532,247,156,"HAC12","Direct",-0.00434033174689233,0.133173861154331,-0.265361099609381,0.256680436115596,0.974000373092738,0.857886655511007,24.0473738707839,-0.0180490883129886
"jul2020_trends","O3",38532,247,156,"HAC12","Indirect",-0.478548293134976,0.815982903556144,-2.07787478410502,1.12077819783507,0.557560704198602,0.857886655511007,24.0473738707839,-1.99002309236096
"jul2020_trends","O3",38532,247,156,"HAC12","Total",-0.482888624881868,0.902651276134767,-2.25208512610601,1.28630787634228,0.592672692314542,0.857886655511007,24.0473738707839,-2.00807218067395
"jul2020_trends","O3",38532,247,156,"HAC24","Direct",-0.00434033174689233,0.125765875560774,-0.25084144784601,0.242160784352226,0.972469508430058,0.857886655511007,24.0473738707839,-0.0180490883129886
"jul2020_trends","O3",38532,247,156,"HAC24","Indirect",-0.478548293134976,0.838852271515269,-2.1226987453049,1.16560215903495,0.568352305126508,0.857886655511007,24.0473738707839,-1.99002309236096
"jul2020_trends","O3",38532,247,156,"HAC24","Total",-0.482888624881868,0.940157704393358,-2.32559772549285,1.35982047572911,0.607514105138203,0.857886655511007,24.0473738707839,-2.00807218067395
"jul2020_trends","PM10",38532,247,156,"Joint_OIM","Direct",-0.245739341959608,0.0934701313202603,-0.428940799347319,-0.062537884571898,0.00856192095014517,0.881333073417159,48.6713267012061,-0.504895507509391
"jul2020_trends","PM10",38532,247,156,"Joint_OIM","Indirect",0.307133545842238,0.528463993054053,-0.728655880543706,1.34292297222818,0.561118071378976,0.881333073417159,48.6713267012061,0.631035902776464
"jul2020_trends","PM10",38532,247,156,"Joint_OIM","Total",0.0613942038826294,0.558267523039556,-1.0328101412749,1.15559854904016,0.912431001588051,0.881333073417159,48.6713267012061,0.126140395267072
"jul2020_trends","PM10",38532,247,156,"HAC6","Direct",-0.245739341959608,0.190499532873139,-0.61911842639096,0.127639742471743,0.197059872315647,0.881333073417159,48.6713267012061,-0.504895507509391
"jul2020_trends","PM10",38532,247,156,"HAC6","Indirect",0.307133545842238,0.860714890684246,-1.37986763989888,1.99413473158336,0.72121503010391,0.881333073417159,48.6713267012061,0.631035902776464
"jul2020_trends","PM10",38532,247,156,"HAC6","Total",0.0613942038826294,0.885590429707009,-1.67436303834311,1.79715144610837,0.944730344650316,0.881333073417159,48.6713267012061,0.126140395267072
"jul2020_trends","PM10",38532,247,156,"HAC12","Direct",-0.245739341959608,0.203370995680105,-0.644346493492614,0.152867809573397,0.226920227190618,0.881333073417159,48.6713267012061,-0.504895507509391
"jul2020_trends","PM10",38532,247,156,"HAC12","Indirect",0.307133545842238,0.818539096744112,-1.29720308377622,1.9114701754607,0.707495670687864,0.881333073417159,48.6713267012061,0.631035902776464
"jul2020_trends","PM10",38532,247,156,"HAC12","Total",0.0613942038826294,0.852044579362293,-1.60861317166746,1.73140157943272,0.942558014863357,0.881333073417159,48.6713267012061,0.126140395267072
"jul2020_trends","PM10",38532,247,156,"HAC24","Direct",-0.245739341959608,0.193061036869362,-0.624138974223558,0.132660290304342,0.203068331106116,0.881333073417159,48.6713267012061,-0.504895507509391
"jul2020_trends","PM10",38532,247,156,"HAC24","Indirect",0.307133545842238,0.783271057262107,-1.22807772639149,1.84234481807597,0.694972098527271,0.881333073417159,48.6713267012061,0.631035902776464
"jul2020_trends","PM10",38532,247,156,"HAC24","Total",0.0613942038826294,0.836275555292858,-1.57770588449137,1.70049429225663,0.941476800713767,0.881333073417159,48.6713267012061,0.126140395267072
"dec2020","NO2",38532,247,156,"Joint_OIM","Direct",0.0825182691655758,0.0518862253691724,-0.0191787325580022,0.184215270889154,0.111751546007021,0.844067347857314,29.2250001679618,0.282355068233796
"dec2020","NO2",38532,247,156,"Joint_OIM","Indirect",-1.92636998101785,0.163922804441106,-2.24765867772242,-1.60508128431328,6.92204536118811e-32,0.844067347857314,29.2250001679618,-6.59151401179341
"dec2020","NO2",38532,247,156,"Joint_OIM","Total",-1.84385171185228,0.169958157662439,-2.17696970087066,-1.51073372283389,2.01935200794758e-27,0.844067347857314,29.2250001679618,-6.30915894355961
"dec2020","NO2",38532,247,156,"HAC6","Direct",0.0825182691655758,0.0844078453831165,-0.0829211077853325,0.247957646116484,0.328265400558228,0.844067347857314,29.2250001679618,0.282355068233796
"dec2020","NO2",38532,247,156,"HAC6","Indirect",-1.92636998101785,0.447516262408217,-2.80350185533796,-1.04923810669775,1.6730210566305e-05,0.844067347857314,29.2250001679618,-6.59151401179341
"dec2020","NO2",38532,247,156,"HAC6","Total",-1.84385171185228,0.452420718084371,-2.73059631929764,-0.957107104406908,4.59107519180407e-05,0.844067347857314,29.2250001679618,-6.30915894355961
"dec2020","NO2",38532,247,156,"HAC12","Direct",0.0825182691655758,0.0904065993435479,-0.0946786655477781,0.25971520387893,0.361376102624844,0.844067347857314,29.2250001679618,0.282355068233796
"dec2020","NO2",38532,247,156,"HAC12","Indirect",-1.92636998101785,0.536746851966763,-2.97839381087271,-0.874346151162996,0.000331983167180828,0.844067347857314,29.2250001679618,-6.59151401179341
"dec2020","NO2",38532,247,156,"HAC12","Total",-1.84385171185228,0.530560821072939,-2.88375092115524,-0.803952502549314,0.000510304961989157,0.844067347857314,29.2250001679618,-6.30915894355961
"dec2020","NO2",38532,247,156,"HAC24","Direct",0.0825182691655758,0.0878743194725409,-0.0897153970006043,0.254751935331756,0.347705719500892,0.844067347857314,29.2250001679618,0.282355068233796
"dec2020","NO2",38532,247,156,"HAC24","Indirect",-1.92636998101785,0.621614641997977,-3.14473467933389,-0.708005282701816,0.00194189564710899,0.844067347857314,29.2250001679618,-6.59151401179341
"dec2020","NO2",38532,247,156,"HAC24","Total",-1.84385171185228,0.599815122110352,-3.01948935118857,-0.668214072515985,0.00211185796368883,0.844067347857314,29.2250001679618,-6.30915894355961
"dec2020","CO",38532,247,156,"Joint_OIM","Direct",5.03003394145619,1.20366830510163,2.670844063457,7.38922381945539,2.92896270120298e-05,0.792438188964813,547.886226819243,0.918080012826401
"dec2020","CO",38532,247,156,"Joint_OIM","Indirect",-13.2720079541719,2.96024763479501,-19.0740933183701,-7.46992258997363,7.34591153052097e-06,0.792438188964813,547.886226819243,-2.42240218945137
"dec2020","CO",38532,247,156,"Joint_OIM","Total",-8.24197401271566,3.0003085543737,-14.1225787792881,-2.3613692461432,0.00601354085944433,0.792438188964813,547.886226819243,-1.50432217662497
"dec2020","CO",38532,247,156,"HAC6","Direct",5.03003394145619,2.13421611273176,0.846970360501945,9.21309752241044,0.018430534309985,0.792438188964813,547.886226819243,0.918080012826401
"dec2020","CO",38532,247,156,"HAC6","Indirect",-13.2720079541719,5.45371468123766,-23.9612887293977,-2.58272717894605,0.0149506570500274,0.792438188964813,547.886226819243,-2.42240218945137
"dec2020","CO",38532,247,156,"HAC6","Total",-8.24197401271566,5.8742222570557,-19.7554496365448,3.27150161111352,0.160594494551476,0.792438188964813,547.886226819243,-1.50432217662497
"dec2020","CO",38532,247,156,"HAC12","Direct",5.03003394145619,2.54717773215774,0.0375655864270206,10.0225022964854,0.0482967612998871,0.792438188964813,547.886226819243,0.918080012826401
"dec2020","CO",38532,247,156,"HAC12","Indirect",-13.2720079541719,5.99516444117221,-25.0225302588694,-1.52148564947433,0.0268435397932618,0.792438188964813,547.886226819243,-2.42240218945137
"dec2020","CO",38532,247,156,"HAC12","Total",-8.24197401271566,6.3030962746345,-20.5960427109993,4.11209468556796,0.191006576687488,0.792438188964813,547.886226819243,-1.50432217662497
"dec2020","CO",38532,247,156,"HAC24","Direct",5.03003394145619,2.94382360521405,-0.739860324763351,10.7999282076757,0.0875114103040063,0.792438188964813,547.886226819243,0.918080012826401
"dec2020","CO",38532,247,156,"HAC24","Indirect",-13.2720079541719,6.96433665206444,-26.9221077922182,0.378091883874456,0.0566878047583575,0.792438188964813,547.886226819243,-2.42240218945137
"dec2020","CO",38532,247,156,"HAC24","Total",-8.24197401271566,6.99887574825678,-21.9597704792989,5.47582245386763,0.238950528980985,0.792438188964813,547.886226819243,-1.50432217662497
"dec2020","SO2",38532,247,156,"Joint_OIM","Direct",-0.0373377713819972,0.0145807577016449,-0.0659160564772211,-0.00875948628677319,0.0104444504521516,0.836669141190318,5.14608453400523,-0.725556899333267
"dec2020","SO2",38532,247,156,"Joint_OIM","Indirect",-0.0563066227933939,0.044248484847665,-0.143033653094817,0.0304204075080295,0.203192107021918,0.836669141190318,5.14608453400523,-1.09416435780098
"dec2020","SO2",38532,247,156,"Joint_OIM","Total",-0.093644394175391,0.0457579493562479,-0.183329974913637,-0.00395881343714516,0.0407055897681829,0.836669141190318,5.14608453400523,-1.81972125713425
"dec2020","SO2",38532,247,156,"HAC6","Direct",-0.0373377713819972,0.0213153723407308,-0.0791159011698296,0.00444035840583524,0.079828363826362,0.836669141190318,5.14608453400523,-0.725556899333267
"dec2020","SO2",38532,247,156,"HAC6","Indirect",-0.0563066227933939,0.0795595703260454,-0.212243380632443,0.0996301350456552,0.479113505072668,0.836669141190318,5.14608453400523,-1.09416435780098
"dec2020","SO2",38532,247,156,"HAC6","Total",-0.093644394175391,0.0875547475876526,-0.26525169944719,0.077962911096408,0.284820811265204,0.836669141190318,5.14608453400523,-1.81972125713425
"dec2020","SO2",38532,247,156,"HAC12","Direct",-0.0373377713819972,0.0241927271280914,-0.0847555165530562,0.0100799737890619,0.122746620260168,0.836669141190318,5.14608453400523,-0.725556899333267
"dec2020","SO2",38532,247,156,"HAC12","Indirect",-0.0563066227933939,0.0724676867453534,-0.198343288814287,0.0857300432274988,0.437165037647314,0.836669141190318,5.14608453400523,-1.09416435780098
"dec2020","SO2",38532,247,156,"HAC12","Total",-0.093644394175391,0.0840184333120062,-0.258320523466923,0.0710317351161412,0.265034890480925,0.836669141190318,5.14608453400523,-1.81972125713425
"dec2020","SO2",38532,247,156,"HAC24","Direct",-0.0373377713819972,0.0262142458279979,-0.0887176932048731,0.0140421504408788,0.154350584955435,0.836669141190318,5.14608453400523,-0.725556899333267
"dec2020","SO2",38532,247,156,"HAC24","Indirect",-0.0563066227933939,0.0449986301657842,-0.144503937918331,0.0318906923315431,0.210826367645742,0.836669141190318,5.14608453400523,-1.09416435780098
"dec2020","SO2",38532,247,156,"HAC24","Total",-0.093644394175391,0.0631953086339441,-0.217507199097921,0.0302184107471394,0.13838684013504,0.836669141190318,5.14608453400523,-1.81972125713425
"dec2020","O3",38532,247,156,"Joint_OIM","Direct",-0.0169308674887911,0.0537259413751156,-0.122233712584018,0.0883719776064355,0.75265996136919,0.859174629734727,24.056086894954,-0.0703808045037554
"dec2020","O3",38532,247,156,"Joint_OIM","Indirect",0.530324210386807,0.186095045155706,0.165577921881623,0.895070498891991,0.00437537120183237,0.859174629734727,24.056086894954,2.20453231941911
"dec2020","O3",38532,247,156,"Joint_OIM","Total",0.513393342898016,0.193806797003171,0.1335320207718,0.893254665024232,0.0080731394554925,0.859174629734727,24.056086894954,2.13415151491536
"dec2020","O3",38532,247,156,"HAC6","Direct",-0.0169308674887911,0.098340942236169,-0.209679114271682,0.1758173792941,0.863307819581378,0.859174629734727,24.056086894954,-0.0703808045037554
"dec2020","O3",38532,247,156,"HAC6","Indirect",0.530324210386807,0.348449935918366,-0.152637664013191,1.2132860847868,0.128021012277923,0.859174629734727,24.056086894954,2.20453231941911
"dec2020","O3",38532,247,156,"HAC6","Total",0.513393342898016,0.365983591855993,-0.20393449713973,1.23072118293576,0.160683365657853,0.859174629734727,24.056086894954,2.13415151491536
"dec2020","O3",38532,247,156,"HAC12","Direct",-0.0169308674887911,0.0912522724169464,-0.195785321426006,0.161923586448424,0.852806189541251,0.859174629734727,24.056086894954,-0.0703808045037554
"dec2020","O3",38532,247,156,"HAC12","Indirect",0.530324210386807,0.360477233638031,-0.176211167543735,1.23685958831735,0.141244459172317,0.859174629734727,24.056086894954,2.20453231941911
"dec2020","O3",38532,247,156,"HAC12","Total",0.513393342898016,0.377047489564264,-0.225619736647942,1.25240642244397,0.173319565106535,0.859174629734727,24.056086894954,2.13415151491536
"dec2020","O3",38532,247,156,"HAC24","Direct",-0.0169308674887911,0.089518042751486,-0.192386231281704,0.158524496304121,0.849988126992636,0.859174629734727,24.056086894954,-0.0703808045037554
"dec2020","O3",38532,247,156,"HAC24","Indirect",0.530324210386807,0.3729249881461,-0.200608766379549,1.26125718715316,0.155006886265013,0.859174629734727,24.056086894954,2.20453231941911
"dec2020","O3",38532,247,156,"HAC24","Total",0.513393342898016,0.385247750582316,-0.241692248243323,1.26847893403935,0.182652715639726,0.859174629734727,24.056086894954,2.13415151491536
"dec2020","PM10",38532,247,156,"Joint_OIM","Direct",-0.602248099760559,0.0770037199255931,-0.753175390814722,-0.451320808706397,5.23944982969016e-15,0.881815513583057,48.4502113758991,-1.2430247106417
"dec2020","PM10",38532,247,156,"Joint_OIM","Indirect",0.629288382018992,0.312920239842347,0.0159647119279914,1.24261205210999,0.0443235058236814,0.881815513583057,48.4502113758991,1.29883516324972
"dec2020","PM10",38532,247,156,"Joint_OIM","Total",0.0270402822584325,0.327399722687419,-0.614663174208908,0.668743738725773,0.934176729218343,0.881815513583057,48.4502113758991,0.0558104526080217
"dec2020","PM10",38532,247,156,"HAC6","Direct",-0.602248099760559,0.21384521505258,-1.02138472126362,-0.183111478257502,0.00485832353190842,0.881815513583057,48.4502113758991,-1.2430247106417
"dec2020","PM10",38532,247,156,"HAC6","Indirect",0.629288382018992,0.742275086572314,-0.825570787662744,2.08414755170073,0.396558695520697,0.881815513583057,48.4502113758991,1.29883516324972
"dec2020","PM10",38532,247,156,"HAC6","Total",0.0270402822584325,0.745996018321282,-1.43511191365128,1.48919247816815,0.971085234097027,0.881815513583057,48.4502113758991,0.0558104526080217
"dec2020","PM10",38532,247,156,"HAC12","Direct",-0.602248099760559,0.251604025848283,-1.09539199042319,-0.109104209097924,0.0166823594161827,0.881815513583057,48.4502113758991,-1.2430247106417
"dec2020","PM10",38532,247,156,"HAC12","Indirect",0.629288382018992,0.815489446609271,-0.96907093333518,2.22764769737316,0.440310164294507,0.881815513583057,48.4502113758991,1.29883516324972
"dec2020","PM10",38532,247,156,"HAC12","Total",0.0270402822584325,0.822202374697373,-1.58447637214842,1.63855693666528,0.973764202359386,0.881815513583057,48.4502113758991,0.0558104526080217
"dec2020","PM10",38532,247,156,"HAC24","Direct",-0.602248099760559,0.286320254114991,-1.16343579782594,-0.0410604016951772,0.0354301848017541,0.881815513583057,48.4502113758991,-1.2430247106417
"dec2020","PM10",38532,247,156,"HAC24","Indirect",0.629288382018992,0.898172184421,-1.13112909944617,2.38970586348415,0.483532558160449,0.881815513583057,48.4502113758991,1.29883516324972
"dec2020","PM10",38532,247,156,"HAC24","Total",0.0270402822584325,0.895220193335352,-1.72759129667886,1.78167186119572,0.975903421670036,0.881815513583057,48.4502113758991,0.0558104526080217
"dec2020_trends","NO2",38532,247,156,"Joint_OIM","Direct",0.103602608168934,0.0608547263267104,-0.0156726554314184,0.222877871769286,0.0886695684476417,0.837490680335842,29.2250001679618,0.354499940371289
"dec2020_trends","NO2",38532,247,156,"Joint_OIM","Indirect",0.550537679108088,0.265612020450637,0.0299381190248393,1.07113723919134,0.0381989301109019,0.837490680335842,29.2250001679618,1.88379016576233
"dec2020_trends","NO2",38532,247,156,"Joint_OIM","Total",0.654140287277022,0.280857295815029,0.103659987479565,1.20462058707448,0.0198546060798218,0.837490680335842,29.2250001679618,2.23829010613362
"dec2020_trends","NO2",38532,247,156,"HAC6","Direct",0.103602608168934,0.0845133714715356,-0.062043599915276,0.269248816253144,0.22024670255829,0.837490680335842,29.2250001679618,0.354499940371289
"dec2020_trends","NO2",38532,247,156,"HAC6","Indirect",0.550537679108088,0.770094511523106,-0.9588475634772,2.05992292169338,0.474673153830617,0.837490680335842,29.2250001679618,1.88379016576233
"dec2020_trends","NO2",38532,247,156,"HAC6","Total",0.654140287277022,0.809013436987376,-0.931526049218235,2.23980662377228,0.418765163588064,0.837490680335842,29.2250001679618,2.23829010613362
"dec2020_trends","NO2",38532,247,156,"HAC12","Direct",0.103602608168934,0.0771140505822151,-0.0475409309722076,0.254746147310075,0.17911062449329,0.837490680335842,29.2250001679618,0.354499940371289
"dec2020_trends","NO2",38532,247,156,"HAC12","Indirect",0.550537679108088,0.8485847523102,-1.1126884354199,2.21376379363608,0.516486023156898,0.837490680335842,29.2250001679618,1.88379016576233
"dec2020_trends","NO2",38532,247,156,"HAC12","Total",0.654140287277022,0.880694936998199,-1.07202178923945,2.38030236379349,0.457630217320983,0.837490680335842,29.2250001679618,2.23829010613362
"dec2020_trends","NO2",38532,247,156,"HAC24","Direct",0.103602608168934,0.0751733815506108,-0.0437372196702633,0.250942436008131,0.168147075176052,0.837490680335842,29.2250001679618,0.354499940371289
"dec2020_trends","NO2",38532,247,156,"HAC24","Indirect",0.550537679108088,0.78277334237753,-0.98369807195187,2.08477343016805,0.4818583139858,0.837490680335842,29.2250001679618,1.88379016576233
"dec2020_trends","NO2",38532,247,156,"HAC24","Total",0.654140287277022,0.831182621829174,-0.974977651508159,2.2832582260622,0.431282173300918,0.837490680335842,29.2250001679618,2.23829010613362
"dec2020_trends","CO",38532,247,156,"Joint_OIM","Direct",9.76909476392955,1.39783439229072,7.02933935503975,12.5088501728194,2.77374886475997e-12,0.792187032419248,547.886226819243,1.7830517150694
"dec2020_trends","CO",38532,247,156,"Joint_OIM","Indirect",2.0235099551074,4.87858993474805,-7.53852631699877,11.5855462272136,0.678307700742766,0.792187032419248,547.886226819243,0.369330320065701
"dec2020_trends","CO",38532,247,156,"Joint_OIM","Total",11.792604719037,5.13224186098625,1.73341067150391,21.85179876657,0.0215760665814306,0.792187032419248,547.886226819243,2.1523820351351
"dec2020_trends","CO",38532,247,156,"HAC6","Direct",9.76909476392955,2.25633271418164,5.34668264413354,14.1915068837256,1.49357386907555e-05,0.792187032419248,547.886226819243,1.7830517150694
"dec2020_trends","CO",38532,247,156,"HAC6","Indirect",2.0235099551074,7.27429476797414,-12.2341077901219,16.2811277003367,0.780879817919881,0.792187032419248,547.886226819243,0.369330320065701
"dec2020_trends","CO",38532,247,156,"HAC6","Total",11.792604719037,7.49260403667919,-2.89289919285426,26.4781086309282,0.115510717271033,0.792187032419248,547.886226819243,2.1523820351351
"dec2020_trends","CO",38532,247,156,"HAC12","Direct",9.76909476392955,2.35619970749281,5.15094333724365,14.3872461906155,3.38151618393926e-05,0.792187032419248,547.886226819243,1.7830517150694
"dec2020_trends","CO",38532,247,156,"HAC12","Indirect",2.0235099551074,6.89698824289379,-11.4945870009644,15.5416069111792,0.76922378287924,0.792187032419248,547.886226819243,0.369330320065701
"dec2020_trends","CO",38532,247,156,"HAC12","Total",11.792604719037,6.47142771488316,-0.891393602134032,24.4766030402079,0.0684159931923612,0.792187032419248,547.886226819243,2.1523820351351
"dec2020_trends","CO",38532,247,156,"HAC24","Direct",9.76909476392955,2.07394523379716,5.70416210568712,13.834027422172,2.47240949218447e-06,0.792187032419248,547.886226819243,1.7830517150694
"dec2020_trends","CO",38532,247,156,"HAC24","Indirect",2.0235099551074,6.97257205489388,-11.6427312724846,15.6897511826994,0.771655606227484,0.792187032419248,547.886226819243,0.369330320065701
"dec2020_trends","CO",38532,247,156,"HAC24","Total",11.792604719037,5.52061193963973,0.972205317343075,22.6130041207308,0.0326708865476429,0.792187032419248,547.886226819243,2.1523820351351
"dec2020_trends","SO2",38532,247,156,"Joint_OIM","Direct",-0.0307311119933163,0.0171221184867588,-0.0642904642273636,0.00282824024073096,0.0726824642879611,0.832848290732454,5.14608453400523,-0.597174643950089
"dec2020_trends","SO2",38532,247,156,"Joint_OIM","Indirect",0.00437437803529701,0.0728174639224567,-0.138347851252718,0.147096607323312,0.952097335124831,0.832848290732454,5.14608453400523,0.085004006568318
"dec2020_trends","SO2",38532,247,156,"Joint_OIM","Total",-0.0263567339580193,0.0769760858262042,-0.177229862177379,0.124516394261341,0.732048694246124,0.832848290732454,5.14608453400523,-0.512170637381771
"dec2020_trends","SO2",38532,247,156,"HAC6","Direct",-0.0307311119933163,0.0179034525429719,-0.0658218789775412,0.00435965499090858,0.0860722461495951,0.832848290732454,5.14608453400523,-0.597174643950089
"dec2020_trends","SO2",38532,247,156,"HAC6","Indirect",0.00437437803529701,0.0918412781379805,-0.175634527115145,0.184383283185739,0.962011313892892,0.832848290732454,5.14608453400523,0.085004006568318
"dec2020_trends","SO2",38532,247,156,"HAC6","Total",-0.0263567339580193,0.092240892492305,-0.207148883242937,0.154435415326899,0.775078749421209,0.832848290732454,5.14608453400523,-0.512170637381771
"dec2020_trends","SO2",38532,247,156,"HAC12","Direct",-0.0307311119933163,0.0175892243772028,-0.0652059917726339,0.00374376778600119,0.0806103498545275,0.832848290732454,5.14608453400523,-0.597174643950089
"dec2020_trends","SO2",38532,247,156,"HAC12","Indirect",0.00437437803529701,0.0839493101066151,-0.160166269773669,0.168915025844263,0.958443137950404,0.832848290732454,5.14608453400523,0.085004006568318
"dec2020_trends","SO2",38532,247,156,"HAC12","Total",-0.0263567339580193,0.0866190530258215,-0.19613007788863,0.143416609972591,0.760912043603828,0.832848290732454,5.14608453400523,-0.512170637381771
"dec2020_trends","SO2",38532,247,156,"HAC24","Direct",-0.0307311119933163,0.0179362150750692,-0.0658860935404519,0.00442386955381923,0.0866471654655442,0.832848290732454,5.14608453400523,-0.597174643950089
"dec2020_trends","SO2",38532,247,156,"HAC24","Indirect",0.00437437803529701,0.0680826658173659,-0.12906764696674,0.137816403037334,0.948770384632632,0.832848290732454,5.14608453400523,0.085004006568318
"dec2020_trends","SO2",38532,247,156,"HAC24","Total",-0.0263567339580193,0.0742746259141868,-0.171935000749825,0.119221532833787,0.722698105304746,0.832848290732454,5.14608453400523,-0.512170637381771
"dec2020_trends","O3",38532,247,156,"Joint_OIM","Direct",0.0298655389090702,0.0633767827028078,-0.094352955188433,0.154084033006573,0.637470891270988,0.857893316126017,24.056086894954,0.124149613523947
"dec2020_trends","O3",38532,247,156,"Joint_OIM","Indirect",-0.45919051395735,0.312587718441638,-1.07186244210296,0.153481414188261,0.141833521945315,0.857893316126017,24.056086894954,-1.90883295343296
"dec2020_trends","O3",38532,247,156,"Joint_OIM","Total",-0.42932497504828,0.330720436564857,-1.0775370307154,0.218887080618841,0.194235546019919,0.857893316126017,24.056086894954,-1.78468333990901
"dec2020_trends","O3",38532,247,156,"HAC6","Direct",0.0298655389090702,0.126541285559911,-0.218155380788356,0.277886458606496,0.813421659793115,0.857893316126017,24.056086894954,0.124149613523947
"dec2020_trends","O3",38532,247,156,"HAC6","Indirect",-0.45919051395735,0.721904219772493,-1.87412278471144,0.955741756796736,0.524722765698159,0.857893316126017,24.056086894954,-1.90883295343296
"dec2020_trends","O3",38532,247,156,"HAC6","Total",-0.42932497504828,0.782462681693091,-1.96295183116674,1.10430188107018,0.583222134413683,0.857893316126017,24.056086894954,-1.78468333990901
"dec2020_trends","O3",38532,247,156,"HAC12","Direct",0.0298655389090702,0.120709672246924,-0.2067254186949,0.26645649651304,0.804586070757761,0.857893316126017,24.056086894954,0.124149613523947
"dec2020_trends","O3",38532,247,156,"HAC12","Indirect",-0.45919051395735,0.801546101998009,-2.03022087387345,1.11183984595875,0.566725285679782,0.857893316126017,24.056086894954,-1.90883295343296
"dec2020_trends","O3",38532,247,156,"HAC12","Total",-0.42932497504828,0.873821522857178,-2.14201515984835,1.28336520975179,0.623200958333705,0.857893316126017,24.056086894954,-1.78468333990901
"dec2020_trends","O3",38532,247,156,"HAC24","Direct",0.0298655389090702,0.107433456576273,-0.180704035980425,0.240435113798565,0.781019232645707,0.857893316126017,24.056086894954,0.124149613523947
"dec2020_trends","O3",38532,247,156,"HAC24","Indirect",-0.45919051395735,0.818748874091506,-2.0639383071767,1.145557279262,0.574903788229441,0.857893316126017,24.056086894954,-1.90883295343296
"dec2020_trends","O3",38532,247,156,"HAC24","Total",-0.42932497504828,0.897816024745362,-2.18904438354919,1.33039443345263,0.632516302968574,0.857893316126017,24.056086894954,-1.78468333990901
"dec2020_trends","PM10",38532,247,156,"Joint_OIM","Direct",-0.131246869155042,0.0908896300216825,-0.30939054399754,0.0468968056874559,0.148732032392798,0.881302562416688,48.4502113758991,-0.270890188975169
"dec2020_trends","PM10",38532,247,156,"Joint_OIM","Indirect",0.55662254442088,0.528144499810833,-0.478540675208352,1.59178576405011,0.291919117810716,0.881302562416688,48.4502113758991,1.14885472862512
"dec2020_trends","PM10",38532,247,156,"Joint_OIM","Total",0.425375675265838,0.558352892758318,-0.668995994540464,1.51974734507214,0.446155388832705,0.881302562416688,48.4502113758991,0.877964539649947
"dec2020_trends","PM10",38532,247,156,"HAC6","Direct",-0.131246869155042,0.196361165911186,-0.516114754340967,0.253621016030883,0.503881331372442,0.881302562416688,48.4502113758991,-0.270890188975169
"dec2020_trends","PM10",38532,247,156,"HAC6","Indirect",0.55662254442088,0.860002754921974,-1.12898285522619,2.24222794406795,0.517480869689876,0.881302562416688,48.4502113758991,1.14885472862512
"dec2020_trends","PM10",38532,247,156,"HAC6","Total",0.425375675265838,0.899404890822183,-1.33745791074564,2.18820926127732,0.636247160299689,0.881302562416688,48.4502113758991,0.877964539649947
"dec2020_trends","PM10",38532,247,156,"HAC12","Direct",-0.131246869155042,0.208883209910975,-0.540657960580552,0.278164222270468,0.529790034538211,0.881302562416688,48.4502113758991,-0.270890188975169
"dec2020_trends","PM10",38532,247,156,"HAC12","Indirect",0.55662254442088,0.861173086635741,-1.13127670538517,2.24452179422693,0.518050217574787,0.881302562416688,48.4502113758991,1.14885472862512
"dec2020_trends","PM10",38532,247,156,"HAC12","Total",0.425375675265838,0.924262073536594,-1.38617798886589,2.23692933939756,0.645349166448501,0.881302562416688,48.4502113758991,0.877964539649947
"dec2020_trends","PM10",38532,247,156,"HAC24","Direct",-0.131246869155042,0.2060784059958,-0.53516054490681,0.272666806596727,0.524204105003483,0.881302562416688,48.4502113758991,-0.270890188975169
"dec2020_trends","PM10",38532,247,156,"HAC24","Indirect",0.55662254442088,0.844046988710639,-1.09770955345197,2.21095464229373,0.509594858736483,0.881302562416688,48.4502113758991,1.14885472862512
"dec2020_trends","PM10",38532,247,156,"HAC24","Total",0.425375675265838,0.934926500579791,-1.40708026587055,2.25783161640223,0.649121460438846,0.881302562416688,48.4502113758991,0.877964539649947
"nearest","NO2",38532,247,156,"Joint_OIM","Direct",-0.256228610717695,0.111007336059184,-0.473802989393696,-0.0386542320416935,0.020987275178719,0.732188327210286,28.5691062199744,-0.896873037416024
"nearest","NO2",38532,247,156,"Joint_OIM","Indirect",-1.57501055169526,0.214426060113444,-1.99528562951761,-1.15473547387291,2.05392524473409e-13,0.732188327210286,28.5691062199744,-5.51298503904217
"nearest","NO2",38532,247,156,"Joint_OIM","Total",-1.83123916241295,0.205449438461633,-2.23392006179775,-1.42855826302815,4.95211817335908e-19,0.732188327210286,28.5691062199744,-6.40985807645819
"nearest","NO2",38532,247,156,"HAC6","Direct",-0.256228610717695,0.167626957272344,-0.584777446971488,0.0723202255360987,0.126372450269758,0.732188327210286,28.5691062199744,-0.896873037416024
"nearest","NO2",38532,247,156,"HAC6","Indirect",-1.57501055169526,0.453047502745572,-2.46298365707658,-0.687037446313935,0.000508042247427193,0.732188327210286,28.5691062199744,-5.51298503904217
"nearest","NO2",38532,247,156,"HAC6","Total",-1.83123916241295,0.458143918707318,-2.72920124307929,-0.933277081746607,6.41278838527784e-05,0.732188327210286,28.5691062199744,-6.40985807645819
"nearest","NO2",38532,247,156,"HAC12","Direct",-0.256228610717695,0.169806617489835,-0.589049580997772,0.0765923595623825,0.131313193455583,0.732188327210286,28.5691062199744,-0.896873037416024
"nearest","NO2",38532,247,156,"HAC12","Indirect",-1.57501055169526,0.514605809925616,-2.58363793914946,-0.56638316424105,0.00220882500695696,0.732188327210286,28.5691062199744,-5.51298503904217
"nearest","NO2",38532,247,156,"HAC12","Total",-1.83123916241295,0.507203009161734,-2.82535706036995,-0.837121264455952,0.000305647500950278,0.732188327210286,28.5691062199744,-6.40985807645819
"nearest","NO2",38532,247,156,"HAC24","Direct",-0.256228610717695,0.152732195316418,-0.555583713537874,0.0431264921024843,0.0934187156799064,0.732188327210286,28.5691062199744,-0.896873037416024
"nearest","NO2",38532,247,156,"HAC24","Indirect",-1.57501055169526,0.55551801641132,-2.66382586386144,-0.48619523952907,0.00457954899997932,0.732188327210286,28.5691062199744,-5.51298503904217
"nearest","NO2",38532,247,156,"HAC24","Total",-1.83123916241295,0.564676210905012,-2.93800453578677,-0.724473789039128,0.00118282467608764,0.732188327210286,28.5691062199744,-6.40985807645819
"nearest","CO",38532,247,156,"Joint_OIM","Direct",11.6556277231995,3.09706945954153,5.58537158249806,17.7258838639009,0.000167593544732572,0.720955153555175,542.865501022526,2.14705626002118
"nearest","CO",38532,247,156,"Joint_OIM","Indirect",-6.64895850722796,5.80162896388742,-18.0201512764473,4.72223426199138,0.251774347772716,0.720955153555175,542.865501022526,-1.22478928845251
"nearest","CO",38532,247,156,"Joint_OIM","Total",5.0066692159715,5.50178607023692,-5.77683148169286,15.7901699136359,0.362818302506857,0.720955153555175,542.865501022526,0.922266971568663
"nearest","CO",38532,247,156,"HAC6","Direct",11.6556277231995,4.69839736470314,2.44676888838131,20.8644865580176,0.0131100148298428,0.720955153555175,542.865501022526,2.14705626002118
"nearest","CO",38532,247,156,"HAC6","Indirect",-6.64895850722796,8.85669263400242,-24.0080760698727,10.7101590554168,0.452816955621355,0.720955153555175,542.865501022526,-1.22478928845251
"nearest","CO",38532,247,156,"HAC6","Total",5.0066692159715,7.83757632764134,-10.3549803862055,20.3683188181485,0.52295093494478,0.720955153555175,542.865501022526,0.922266971568663
"nearest","CO",38532,247,156,"HAC12","Direct",11.6556277231995,5.71580710456074,0.452645798260425,22.8586096481385,0.0414308759736016,0.720955153555175,542.865501022526,2.14705626002118
"nearest","CO",38532,247,156,"HAC12","Indirect",-6.64895850722796,9.69249827851809,-25.6462551331234,12.3483381186675,0.492719309436844,0.720955153555175,542.865501022526,-1.22478928845251
"nearest","CO",38532,247,156,"HAC12","Total",5.0066692159715,7.34260645128328,-9.38483942854373,19.3981778604867,0.495324071519832,0.720955153555175,542.865501022526,0.922266971568663
"nearest","CO",38532,247,156,"HAC24","Direct",11.6556277231995,6.50223974476168,-1.08876217653343,24.4000176229324,0.0730439754564727,0.720955153555175,542.865501022526,2.14705626002118
"nearest","CO",38532,247,156,"HAC24","Indirect",-6.64895850722796,11.1249152490625,-28.4537923953906,15.1558753809346,0.550064321343056,0.720955153555175,542.865501022526,-1.22478928845251
"nearest","CO",38532,247,156,"HAC24","Total",5.0066692159715,7.6426442657886,-9.97291354497415,19.9862519769171,0.512405650095898,0.720955153555175,542.865501022526,0.922266971568663
"nearest","SO2",38532,247,156,"Joint_OIM","Direct",-0.10815384833037,0.034502391691438,-0.175778536045588,-0.0405291606151515,0.00172043519883397,0.753426347277998,5.14837039579261,-2.10073945764967
"nearest","SO2",38532,247,156,"Joint_OIM","Indirect",-0.379137342258652,0.070922024720534,-0.518144510710899,-0.240130173806406,9.00018681492416e-08,0.753426347277998,5.14837039579261,-7.36422038648373
"nearest","SO2",38532,247,156,"Joint_OIM","Total",-0.487291190589022,0.0690183008773118,-0.622567060308554,-0.352015320869491,1.66121326625847e-12,0.753426347277998,5.14837039579261,-9.4649598441334
"nearest","SO2",38532,247,156,"HAC6","Direct",-0.10815384833037,0.0432842711821939,-0.19299101984747,-0.0233166768132699,0.0124654334523859,0.753426347277998,5.14837039579261,-2.10073945764967
"nearest","SO2",38532,247,156,"HAC6","Indirect",-0.379137342258652,0.0977650845328153,-0.57075690794297,-0.187517776574334,0.000105299486427934,0.753426347277998,5.14837039579261,-7.36422038648373
"nearest","SO2",38532,247,156,"HAC6","Total",-0.487291190589022,0.111315070291253,-0.705468728359879,-0.269113652818166,1.20001524298688e-05,0.753426347277998,5.14837039579261,-9.4649598441334
"nearest","SO2",38532,247,156,"HAC12","Direct",-0.10815384833037,0.0476397618842374,-0.201527781623475,-0.0147799150372646,0.0231928275749567,0.753426347277998,5.14837039579261,-2.10073945764967
"nearest","SO2",38532,247,156,"HAC12","Indirect",-0.379137342258652,0.0891705796740542,-0.553911678419799,-0.204363006097506,2.12039321891427e-05,0.753426347277998,5.14837039579261,-7.36422038648373
"nearest","SO2",38532,247,156,"HAC12","Total",-0.487291190589022,0.11588698482218,-0.714429680840495,-0.260152700337549,2.6121746639692e-05,0.753426347277998,5.14837039579261,-9.4649598441334
"nearest","SO2",38532,247,156,"HAC24","Direct",-0.10815384833037,0.0542131084335589,-0.214411540860145,-0.00189615580059439,0.0460455012886264,0.753426347277998,5.14837039579261,-2.10073945764967
"nearest","SO2",38532,247,156,"HAC24","Indirect",-0.379137342258652,0.075786606980249,-0.52767909193994,-0.230595592577364,5.65341066450594e-07,0.753426347277998,5.14837039579261,-7.36422038648373
"nearest","SO2",38532,247,156,"HAC24","Total",-0.487291190589022,0.117688430140727,-0.717960513664846,-0.256621867513198,3.4652078179819e-05,0.753426347277998,5.14837039579261,-9.4649598441334
"nearest","O3",38532,247,156,"Joint_OIM","Direct",0.345298405126109,0.124257811980193,0.101753093644932,0.588843716607287,0.00545455141105936,0.753974282427,24.2495841573327,1.42393536683265
"nearest","O3",38532,247,156,"Joint_OIM","Indirect",0.46440883969993,0.255921538205487,-0.0371973751828256,0.966015054582685,0.0695772204926519,0.753974282427,24.2495841573327,1.91512083954437
"nearest","O3",38532,247,156,"Joint_OIM","Total",0.809707244826039,0.249233158627257,0.321210253916615,1.29820423573546,0.00115895286069982,0.753974282427,24.2495841573327,3.33905620637703
"nearest","O3",38532,247,156,"HAC6","Direct",0.345298405126109,0.182477527123999,-0.0123575480369292,0.702954358289148,0.0584538082232148,0.753974282427,24.2495841573327,1.42393536683265
"nearest","O3",38532,247,156,"HAC6","Indirect",0.46440883969993,0.481810617454234,-0.479939970510368,1.40875764991023,0.335104820586699,0.753974282427,24.2495841573327,1.91512083954437
"nearest","O3",38532,247,156,"HAC6","Total",0.809707244826039,0.494046833472037,-0.158624548779154,1.77803903843123,0.101228231872952,0.753974282427,24.2495841573327,3.33905620637703
"nearest","O3",38532,247,156,"HAC12","Direct",0.345298405126109,0.15878859558938,0.034072757770924,0.656524052481295,0.029661651216915,0.753974282427,24.2495841573327,1.42393536683265
"nearest","O3",38532,247,156,"HAC12","Indirect",0.46440883969993,0.511698335483,-0.53851989784675,1.46733757724661,0.364098445819913,0.753974282427,24.2495841573327,1.91512083954437
"nearest","O3",38532,247,156,"HAC12","Total",0.809707244826039,0.529536860395247,-0.228185001548645,1.84759949120072,0.126243198039524,0.753974282427,24.2495841573327,3.33905620637703
"nearest","O3",38532,247,156,"HAC24","Direct",0.345298405126109,0.160444179726911,0.030827812861364,0.659768997390854,0.031386296098394,0.753974282427,24.2495841573327,1.42393536683265
"nearest","O3",38532,247,156,"HAC24","Indirect",0.46440883969993,0.526385332334318,-0.567306411675334,1.49612409107519,0.377636102535,0.753974282427,24.2495841573327,1.91512083954437
"nearest","O3",38532,247,156,"HAC24","Total",0.809707244826039,0.557161493375585,-0.282329282190108,1.90174377184219,0.146148224846142,0.753974282427,24.2495841573327,3.33905620637703
"nearest","PM10",38532,247,156,"Joint_OIM","Direct",-1.81915341595071,0.178436758989939,-2.16888946357099,-1.46941736833043,2.08857032369436e-24,0.805900785735166,49.4735971517309,-3.67701869417649
"nearest","PM10",38532,247,156,"Joint_OIM","Indirect",-0.557411429071303,0.448051409206248,-1.43559219111555,0.320769332972944,0.21347042339996,0.805900785735166,49.4735971517309,-1.12668465840835
"nearest","PM10",38532,247,156,"Joint_OIM","Total",-2.37656484502201,0.452406760227298,-3.26328209506752,-1.48984759497651,1.49511996545472e-07,0.805900785735166,49.4735971517309,-4.80370335258484
"nearest","PM10",38532,247,156,"HAC6","Direct",-1.81915341595071,0.499077325441876,-2.79734497381679,-0.840961858084635,0.000267357294685338,0.805900785735166,49.4735971517309,-3.67701869417649
"nearest","PM10",38532,247,156,"HAC6","Indirect",-0.557411429071303,0.868850217047621,-2.26035785448464,1.14553499634204,0.521164978599403,0.805900785735166,49.4735971517309,-1.12668465840835
"nearest","PM10",38532,247,156,"HAC6","Total",-2.37656484502201,0.730477758850088,-3.80830125236819,-0.944828437675842,0.00114017193347,0.805900785735166,49.4735971517309,-4.80370335258484
"nearest","PM10",38532,247,156,"HAC12","Direct",-1.81915341595071,0.601263646428132,-2.99763016294985,-0.640676668951573,0.00248181106519717,0.805900785735166,49.4735971517309,-3.67701869417649
"nearest","PM10",38532,247,156,"HAC12","Indirect",-0.557411429071303,0.911238383303435,-2.34343866034603,1.22861580220343,0.540731243854396,0.805900785735166,49.4735971517309,-1.12668465840835
"nearest","PM10",38532,247,156,"HAC12","Total",-2.37656484502201,0.713975302878061,-3.77595643866302,-0.977173251381014,0.000872719674759949,0.805900785735166,49.4735971517309,-4.80370335258484
"nearest","PM10",38532,247,156,"HAC24","Direct",-1.81915341595071,0.716473639021039,-3.22344174843195,-0.414865083469475,0.0111157917358816,0.805900785735166,49.4735971517309,-3.67701869417649
"nearest","PM10",38532,247,156,"HAC24","Indirect",-0.557411429071303,0.924117636944819,-2.36868199748315,1.25385913934054,0.546387401539833,0.805900785735166,49.4735971517309,-1.12668465840835
"nearest","PM10",38532,247,156,"HAC24","Total",-2.37656484502201,0.68369534301834,-3.71660771733796,-1.03652197270607,0.000508841731889704,0.805900785735166,49.4735971517309,-4.80370335258484
"nearest_trends","NO2",38532,247,156,"Joint_OIM","Direct",-0.223542702269203,0.133331220243366,-0.4848718939462,0.0377864894077937,0.0936213455123878,0.728120902652114,28.5691062199744,-0.782463058339958
"nearest_trends","NO2",38532,247,156,"Joint_OIM","Indirect",-0.191857529344849,0.343921903734968,-0.865944460665387,0.482229401975689,0.576945435923803,0.728120902652114,28.5691062199744,-0.671555938318817
"nearest_trends","NO2",38532,247,156,"Joint_OIM","Total",-0.415400231614052,0.352219905729993,-1.10575124684484,0.274950783616735,0.23824789072125,0.728120902652114,28.5691062199744,-1.45401899665878
"nearest_trends","NO2",38532,247,156,"HAC6","Direct",-0.223542702269203,0.154934164284435,-0.527213664266696,0.0801282597282901,0.149070108179113,0.728120902652114,28.5691062199744,-0.782463058339958
"nearest_trends","NO2",38532,247,156,"HAC6","Indirect",-0.191857529344849,0.970875598267006,-2.09477370194818,1.71105864325848,0.843347951712582,0.728120902652114,28.5691062199744,-0.671555938318817
"nearest_trends","NO2",38532,247,156,"HAC6","Total",-0.415400231614052,0.964246825260867,-2.30532400912535,1.47452354589725,0.666611763933198,0.728120902652114,28.5691062199744,-1.45401899665878
"nearest_trends","NO2",38532,247,156,"HAC12","Direct",-0.223542702269203,0.140133965519636,-0.49820527468769,0.0511198701492838,0.110665922773791,0.728120902652114,28.5691062199744,-0.782463058339958
"nearest_trends","NO2",38532,247,156,"HAC12","Indirect",-0.191857529344849,1.05703333546673,-2.26364286685963,1.87992780816993,0.855970693761156,0.728120902652114,28.5691062199744,-0.671555938318817
"nearest_trends","NO2",38532,247,156,"HAC12","Total",-0.415400231614052,1.02638659295004,-2.42711795379613,1.59631749056802,0.685682587416674,0.728120902652114,28.5691062199744,-1.45401899665878
"nearest_trends","NO2",38532,247,156,"HAC24","Direct",-0.223542702269203,0.132270339604042,-0.482792567893125,0.0357071633547184,0.0910195249464792,0.728120902652114,28.5691062199744,-0.782463058339958
"nearest_trends","NO2",38532,247,156,"HAC24","Indirect",-0.191857529344849,0.96925911008461,-2.09160538511068,1.70789032642099,0.843090085744031,0.728120902652114,28.5691062199744,-0.671555938318817
"nearest_trends","NO2",38532,247,156,"HAC24","Total",-0.415400231614052,0.983702221261227,-2.34345658528606,1.51265612205795,0.672818831239029,0.728120902652114,28.5691062199744,-1.45401899665878
"nearest_trends","CO",38532,247,156,"Joint_OIM","Direct",20.4257534367142,3.71419967442369,13.1459220748437,27.7055847985846,3.81153401608632e-08,0.7211582689467,542.865501022526,3.76258085994427
"nearest_trends","CO",38532,247,156,"Joint_OIM","Indirect",1.1770266128677,9.3758328360028,-17.1996057456978,19.5536589714332,0.900097363834473,0.7211582689467,542.865501022526,0.216817353589552
"nearest_trends","CO",38532,247,156,"Joint_OIM","Total",21.6027800495819,9.57642109947142,2.83299469461787,40.3725654045458,0.0240812664065791,0.7211582689467,542.865501022526,3.97939821353383
"nearest_trends","CO",38532,247,156,"HAC6","Direct",20.4257534367142,5.11782826582145,10.3948100357041,30.4566968377242,6.57681335291737e-05,0.7211582689467,542.865501022526,3.76258085994427
"nearest_trends","CO",38532,247,156,"HAC6","Indirect",1.1770266128677,12.1369174221547,-22.6113315345555,24.9653847602909,0.922743038804584,0.7211582689467,542.865501022526,0.216817353589552
"nearest_trends","CO",38532,247,156,"HAC6","Total",21.6027800495819,12.1887339705773,-2.28713853274958,45.4926986319133,0.076335422757572,0.7211582689467,542.865501022526,3.97939821353383
"nearest_trends","CO",38532,247,156,"HAC12","Direct",20.4257534367142,5.7807444844026,9.09549424728506,31.7560126261432,0.000410232229171342,0.7211582689467,542.865501022526,3.76258085994427
"nearest_trends","CO",38532,247,156,"HAC12","Indirect",1.1770266128677,12.2190746463923,-22.7723596940612,25.1264129197966,0.92326088028067,0.7211582689467,542.865501022526,0.216817353589552
"nearest_trends","CO",38532,247,156,"HAC12","Total",21.6027800495819,11.0968144562259,-0.146976284620862,43.3525363837846,0.0515641032236175,0.7211582689467,542.865501022526,3.97939821353383
"nearest_trends","CO",38532,247,156,"HAC24","Direct",20.4257534367142,5.18592939011936,10.2613318320802,30.5901750413481,8.1928676175232e-05,0.7211582689467,542.865501022526,3.76258085994427
"nearest_trends","CO",38532,247,156,"HAC24","Indirect",1.1770266128677,12.867076992958,-24.0424442933299,26.3964975190653,0.927114506538423,0.7211582689467,542.865501022526,0.216817353589552
"nearest_trends","CO",38532,247,156,"HAC24","Total",21.6027800495819,10.4960209181772,1.03057904995451,42.1749810492092,0.039572128959341,0.7211582689467,542.865501022526,3.97939821353383
"nearest_trends","SO2",38532,247,156,"Joint_OIM","Direct",-0.0492038334487381,0.0415608066975735,-0.130663014575982,0.032255347678506,0.236452703533496,0.747061684716413,5.14837039579261,-0.955716657234856
"nearest_trends","SO2",38532,247,156,"Joint_OIM","Indirect",-0.0828645368698885,0.11411234083728,-0.306524724910957,0.14079565117118,0.467736825690507,0.747061684716413,5.14837039579261,-1.60952943357781
"nearest_trends","SO2",38532,247,156,"Joint_OIM","Total",-0.132068370318627,0.117654461268365,-0.362671114404621,0.0985343737673681,0.26164543780251,0.747061684716413,5.14837039579261,-2.56524609081267
"nearest_trends","SO2",38532,247,156,"HAC6","Direct",-0.0492038334487381,0.040201661099253,-0.127999089203274,0.0295914223057977,0.220980377262366,0.747061684716413,5.14837039579261,-0.955716657234856
"nearest_trends","SO2",38532,247,156,"HAC6","Indirect",-0.0828645368698885,0.145045817245842,-0.367154338671738,0.201425264931961,0.567796948989835,0.747061684716413,5.14837039579261,-1.60952943357781
"nearest_trends","SO2",38532,247,156,"HAC6","Total",-0.132068370318627,0.134465051743078,-0.395619871735059,0.131483131097806,0.326013062387116,0.747061684716413,5.14837039579261,-2.56524609081267
"nearest_trends","SO2",38532,247,156,"HAC12","Direct",-0.0492038334487381,0.0365025542330082,-0.120748839745434,0.022341172847958,0.177672566125826,0.747061684716413,5.14837039579261,-0.955716657234856
"nearest_trends","SO2",38532,247,156,"HAC12","Indirect",-0.0828645368698885,0.127692389889083,-0.333141621052491,0.167412547312714,0.516377982040104,0.747061684716413,5.14837039579261,-1.60952943357781
"nearest_trends","SO2",38532,247,156,"HAC12","Total",-0.132068370318627,0.119421014623164,-0.366133558980029,0.101996818342775,0.268767375297588,0.747061684716413,5.14837039579261,-2.56524609081267
"nearest_trends","SO2",38532,247,156,"HAC24","Direct",-0.0492038334487381,0.0358399602290246,-0.119450155497626,0.0210424886001501,0.169790792887412,0.747061684716413,5.14837039579261,-0.955716657234856
"nearest_trends","SO2",38532,247,156,"HAC24","Indirect",-0.0828645368698885,0.112658097843869,-0.303674408643872,0.137945334904095,0.462010690748186,0.747061684716413,5.14837039579261,-1.60952943357781
"nearest_trends","SO2",38532,247,156,"HAC24","Total",-0.132068370318627,0.114497440085284,-0.356483352885782,0.0923466122485291,0.248721078103258,0.747061684716413,5.14837039579261,-2.56524609081267
"nearest_trends","O3",38532,247,156,"Joint_OIM","Direct",0.443226531066743,0.149651481227034,0.149909627861756,0.736543434271731,0.0030592089757399,0.753100339317663,24.2495841573327,1.82776961530995
"nearest_trends","O3",38532,247,156,"Joint_OIM","Indirect",0.0810546842965483,0.41986886773714,-0.741888296468246,0.903997665061342,0.846921676576213,0.753100339317663,24.2495841573327,0.334251852611825
"nearest_trends","O3",38532,247,156,"Joint_OIM","Total",0.524281215363292,0.433764602214318,-0.325897404976772,1.37445983570336,0.226787034584023,0.753100339317663,24.2495841573327,2.16202146792177
"nearest_trends","O3",38532,247,156,"HAC6","Direct",0.443226531066743,0.221248526651709,0.00957941882939284,0.876873643304094,0.0451454089537898,0.753100339317663,24.2495841573327,1.82776961530995
"nearest_trends","O3",38532,247,156,"HAC6","Indirect",0.0810546842965483,0.965588401427571,-1.81149858250149,1.97360795109459,0.933101506480692,0.753100339317663,24.2495841573327,0.334251852611825
"nearest_trends","O3",38532,247,156,"HAC6","Total",0.524281215363292,1.05239946309868,-1.53842173231013,2.58698416303671,0.618359286733122,0.753100339317663,24.2495841573327,2.16202146792177
"nearest_trends","O3",38532,247,156,"HAC12","Direct",0.443226531066743,0.205316377166663,0.0408064318200839,0.845646630313403,0.0308696423468281,0.753100339317663,24.2495841573327,1.82776961530995
"nearest_trends","O3",38532,247,156,"HAC12","Indirect",0.0810546842965483,1.05028813681343,-1.97751006385777,2.13961943245087,0.938485316094975,0.753100339317663,24.2495841573327,0.334251852611825
"nearest_trends","O3",38532,247,156,"HAC12","Total",0.524281215363292,1.16173038936965,-1.75271034780123,2.80127277852781,0.651778127055442,0.753100339317663,24.2495841573327,2.16202146792177
"nearest_trends","O3",38532,247,156,"HAC24","Direct",0.443226531066743,0.194103277535658,0.0627841070968538,0.823668955036633,0.0224034498779794,0.753100339317663,24.2495841573327,1.82776961530995
"nearest_trends","O3",38532,247,156,"HAC24","Indirect",0.0810546842965483,1.06604747653789,-2.00839836971771,2.17050773831081,0.939392921205255,0.753100339317663,24.2495841573327,0.334251852611825
"nearest_trends","O3",38532,247,156,"HAC24","Total",0.524281215363292,1.20431646233545,-1.8361790508142,2.88474148154078,0.66331921822951,0.753100339317663,24.2495841573327,2.16202146792177
"nearest_trends","PM10",38532,247,156,"Joint_OIM","Direct",-0.654847404014127,0.214487633648203,-1.0752431659646,-0.23445164206365,0.00226507306434995,0.802475127569311,49.4735971517309,-1.32363006070848
"nearest_trends","PM10",38532,247,156,"Joint_OIM","Indirect",0.986936846066446,0.733481096539698,-0.450686103151361,2.42455979528425,0.178447089096838,0.802475127569311,49.4735971517309,1.99487585881334
"nearest_trends","PM10",38532,247,156,"Joint_OIM","Total",0.332089442052319,0.767721804211689,-1.17264529420259,1.83682417830723,0.665330953738972,0.802475127569311,49.4735971517309,0.671245798104859
"nearest_trends","PM10",38532,247,156,"HAC6","Direct",-0.654847404014127,0.432903042287585,-1.50333736689779,0.19364255886954,0.130358831234216,0.802475127569311,49.4735971517309,-1.32363006070848
"nearest_trends","PM10",38532,247,156,"HAC6","Indirect",0.986936846066446,0.953661716053398,-0.882240117398214,2.85611380953111,0.300719368071719,0.802475127569311,49.4735971517309,1.99487585881334
"nearest_trends","PM10",38532,247,156,"HAC6","Total",0.332089442052319,0.919155631838606,-1.46945559635135,2.13363448045599,0.717876403560246,0.802475127569311,49.4735971517309,0.671245798104859
"nearest_trends","PM10",38532,247,156,"HAC12","Direct",-0.654847404014127,0.441906809314946,-1.52098475027142,0.211289942243168,0.13837551489574,0.802475127569311,49.4735971517309,-1.32363006070848
"nearest_trends","PM10",38532,247,156,"HAC12","Indirect",0.986936846066446,0.925861903826677,-0.82775248543384,2.80162617756673,0.286439238385843,0.802475127569311,49.4735971517309,1.99487585881334
"nearest_trends","PM10",38532,247,156,"HAC12","Total",0.332089442052319,0.906538050177463,-1.44472513629551,2.10890402040015,0.714121020678068,0.802475127569311,49.4735971517309,0.671245798104859
"nearest_trends","PM10",38532,247,156,"HAC24","Direct",-0.654847404014127,0.42521707062945,-1.48827286244785,0.178578054419595,0.123552835306978,0.802475127569311,49.4735971517309,-1.32363006070848
"nearest_trends","PM10",38532,247,156,"HAC24","Indirect",0.986936846066446,0.802319142846683,-0.585608673913053,2.55948236604595,0.218657761419752,0.802475127569311,49.4735971517309,1.99487585881334
"nearest_trends","PM10",38532,247,156,"HAC24","Total",0.332089442052319,0.822107706377307,-1.2792416624472,1.94342054655184,0.686250351419616,0.802475127569311,49.4735971517309,0.671245798104859
