"specification","outcome","term","estimate","se","p"
"monthly","NO2","lambda",0.843888309339444,0.00257684229956368,0
"monthly","NO2","lez",0.212234293557832,0.055388645920531,0.000127245739329551
"monthly","NO2","pop_density",-0.101241260631313,0.111134198780513,0.362304829631516
"monthly","NO2","industrial_area",0.0730156347290816,0.0177548640547084,3.91516283455448e-05
"monthly","NO2","commercial_area",0.038553716949927,0.0236957579652119,0.103730655888451
"monthly","NO2","green_area_per_capita",-0.354606909968675,0.0407171558944572,3.0648763768834e-18
"monthly","NO2","daily_km",0.160007591759098,0.0172381816656535,1.66074186196953e-20
"monthly","NO2","cars_per_capita",-0.10007072694503,0.0108652326886508,3.25584604356844e-20
"monthly","NO2","avg_temp",-6.8965207270389,0.281520891704903,1.57571634736222e-132
"monthly","NO2","sun_time",0.280466771429191,0.0538501812128774,1.90600119963895e-07
"monthly","NO2","stagnant_days",0.236699108954781,0.0425032138400707,2.56250075246282e-08
"monthly","NO2","avg_wind",-0.0425939181845011,0.0444853634909078,0.338324215918374
"monthly","NO2","avg_humid",-0.431747373514365,0.0512414790156093,3.58477745466129e-17
"monthly","NO2","avg_rain",0.0369170693880683,0.0470750565460566,0.432912669923573
"monthly","NO2","w_lez",-0.503836532608386,0.0594028350484905,2.21943028825258e-17
"monthly","NO2","w_pop_density",-1.67067463629768,0.166262488035553,9.33559479653967e-24
"monthly","NO2","w_industrial_area",0.120501608817138,0.0458631964984704,0.00860365632230756
"monthly","NO2","w_commercial_area",0.396303676562193,0.049263542335209,8.65536296682394e-16
"monthly","NO2","w_green_area_per_capita",-0.597922254354139,0.0950367898439469,3.1444924712665e-10
"monthly","NO2","w_daily_km",-0.161444104413784,0.0332471218533076,1.19851990796632e-06
"monthly","NO2","w_cars_per_capita",0.181901000015057,0.0245978524183159,1.41413405768635e-13
"monthly","NO2","w_avg_temp",4.99385060627809,0.300489554990144,5.07310642639904e-62
"monthly","NO2","w_sun_time",-0.234191187990878,0.0571403151689481,4.15785746955851e-05
"monthly","NO2","w_stagnant_days",-0.195844870994496,0.0477274537770869,4.07121096774984e-05
"monthly","NO2","w_avg_wind",-0.0522252907422012,0.0513176049614976,0.308826437250432
"monthly","NO2","w_avg_humid",0.378764338592345,0.0552172950586561,6.90905645935859e-12
"monthly","NO2","w_avg_rain",-0.11094763540019,0.0494612044129328,0.024888792425167
"monthly","CO","lambda",0.792528290428282,0.00321932908324597,0
"monthly","CO","lez",6.30310608255604,1.3009127936121,1.26521710301132e-06
"monthly","CO","pop_density",-36.8178415719836,2.60992826804648,3.44678300791249e-45
"monthly","CO","industrial_area",1.9837193116854,0.41698554415068,1.96213504761307e-06
"monthly","CO","commercial_area",-1.04206104633456,0.556348110567944,0.061063164096682
"monthly","CO","green_area_per_capita",0.254218728382491,0.956189111637971,0.79034196477556
"monthly","CO","daily_km",1.05662095011535,0.40487151926507,0.00906035049773078
"monthly","CO","cars_per_capita",-0.196929401188145,0.255191725387452,0.440296897343303
"monthly","CO","avg_temp",-127.998184901599,6.61208636147913,1.73806549945955e-83
"monthly","CO","sun_time",9.38230346325857,1.26477190590562,1.18742211749517e-13
"monthly","CO","stagnant_days",2.09973950410243,0.998273933677906,0.0354334334937285
"monthly","CO","avg_wind",1.14776412537981,1.04482692183155,0.271977132075516
"monthly","CO","avg_humid",-3.25843526932938,1.20350085459594,0.00677994182369808
"monthly","CO","avg_rain",-1.12074514219091,1.1056334893308,0.310741261196993
"monthly","CO","w_lez",-7.78194552921745,1.39243486903298,2.28733433280627e-08
"monthly","CO","w_pop_density",-1.10046485615942,3.90430793801042,0.778051525523778
"monthly","CO","w_industrial_area",3.63803068507617,1.07721526540623,0.000732131316979599
"monthly","CO","w_commercial_area",2.02275647436502,1.15541611350713,0.0800021512877214
"monthly","CO","w_green_area_per_capita",-11.001442297694,2.22994788923289,8.07700836440096e-07
"monthly","CO","w_daily_km",-0.980548027862052,0.780872737364622,0.209221911263143
"monthly","CO","w_cars_per_capita",3.11750842734107,0.577788228219501,6.82987194198916e-08
"monthly","CO","w_avg_temp",77.4969797174021,7.06369287793666,5.25871073488563e-28
"monthly","CO","w_sun_time",-8.82309369643413,1.34202976432187,4.88367319595703e-11
"monthly","CO","w_stagnant_days",-1.73769247742825,1.12085673948276,0.121063475694872
"monthly","CO","w_avg_wind",-1.28320479860021,1.20514413716255,0.286978718701961
"monthly","CO","w_avg_humid",2.51917533712832,1.29676079874015,0.0520563195233518
"monthly","CO","w_avg_rain",0.410392872852936,1.16126197222582,0.723786719148542
"monthly","SO2","lambda",0.836721195316024,0.00268559020318161,0
"monthly","SO2","lez",-0.0394863614129565,0.0156006795539495,0.0113716203151331
"monthly","SO2","pop_density",0.728508533441988,0.031295560420596,7.34943938567661e-120
"monthly","SO2","industrial_area",-0.00821145269138407,0.00500082001449906,0.10058560194205
"monthly","SO2","commercial_area",0.0145791210055348,0.00667166376622487,0.0288719738122538
"monthly","SO2","green_area_per_capita",-0.0155703354623143,0.0114659979898717,0.17447723953008
"monthly","SO2","daily_km",0.0254530924049775,0.00485530100636671,1.58561054512341e-07
"monthly","SO2","cars_per_capita",-0.00568362719544464,0.00306024794453036,0.0632764447445328
"monthly","SO2","avg_temp",-0.755387787652417,0.0792961278628768,1.63205149447363e-21
"monthly","SO2","sun_time",0.0863622386525852,0.0151670163854684,1.2403728942602e-08
"monthly","SO2","stagnant_days",0.0875355081792471,0.011971503527735,2.63215670398599e-13
"monthly","SO2","avg_wind",0.0653792082969958,0.0125297517574547,1.80946230058455e-07
"monthly","SO2","avg_humid",0.0518731276197001,0.0144324351305891,0.000325383826670555
"monthly","SO2","avg_rain",0.00140643084617873,0.0132590178642538,0.915524011621773
"monthly","SO2","w_lez",0.025724338679448,0.016700088223197,0.123469842797799
"monthly","SO2","w_pop_density",-0.400641464913854,0.046756042921137,1.04602285238256e-17
"monthly","SO2","w_industrial_area",-0.0765010655064811,0.0129196713222477,3.1943429329557e-09
"monthly","SO2","w_commercial_area",0.0234099284310335,0.0138570435385701,0.0911450250253193
"monthly","SO2","w_green_area_per_capita",0.0691947837580745,0.0267359779673349,0.00965132558307033
"monthly","SO2","w_daily_km",-0.00508188917052984,0.00936636145049551,0.587427190379376
"monthly","SO2","w_cars_per_capita",-0.0211042791038122,0.00692819480653086,0.002317967854376
"monthly","SO2","w_avg_temp",0.279775969800952,0.0845557159701794,0.000937045920566862
"monthly","SO2","w_sun_time",-0.0834729659872759,0.0160938303072257,2.14117647119574e-07
"monthly","SO2","w_stagnant_days",-0.0867784646098008,0.0134413420011735,1.07445317637518e-10
"monthly","SO2","w_avg_wind",-0.0710155339431787,0.0144520949409135,8.93017045066783e-07
"monthly","SO2","w_avg_humid",-0.0525553103384016,0.0155500870485341,0.000725534264619332
"monthly","SO2","w_avg_rain",-0.0268933395788086,0.0139325555362759,0.0535756534148317
"monthly","O3","lambda",0.859112644077739,0.0023881068732343,0
"monthly","O3","lez",-0.0734915338869526,0.057060251178081,0.197758589427202
"monthly","O3","pop_density",-0.775286346421507,0.11446164857748,1.25852743974468e-11
"monthly","O3","industrial_area",-0.151314281343498,0.0182911535825824,1.31135948257487e-16
"monthly","O3","commercial_area",0.154533279457386,0.0244032911927694,2.41256307846043e-10
"monthly","O3","green_area_per_capita",-0.0312543284138516,0.0419371830546149,0.456111338000682
"monthly","O3","daily_km",-0.0381763147084165,0.017758490950337,0.0315750005199805
"monthly","O3","cars_per_capita",0.0462019317065981,0.0111927968598174,3.66207081471662e-05
"monthly","O3","avg_temp",12.2215041384498,0.290013649269615,0
"monthly","O3","sun_time",-0.41862990857895,0.0554748691567215,4.47803869584785e-14
"monthly","O3","stagnant_days",0.143884852975976,0.0437858680010626,0.00101584015408028
"monthly","O3","avg_wind",0.152835587917976,0.0458283158113429,0.000853117514883582
"monthly","O3","avg_humid",-0.240187424757136,0.0527873550458081,5.36219688278534e-06
"monthly","O3","avg_rain",0.0572965502730576,0.0484952750098735,0.237409205993371
"monthly","O3","w_lez",0.152860856483786,0.0610749796656538,0.0123201486452266
"monthly","O3","w_pop_density",1.14700314408044,0.170535496172777,1.74521280007449e-11
"monthly","O3","w_industrial_area",-0.246819489381302,0.0472698792458341,1.77483383247766e-07
"monthly","O3","w_commercial_area",0.132958092655209,0.0507132537736712,0.00874764399819431
"monthly","O3","w_green_area_per_capita",0.164834307191957,0.0977886646778397,0.0918694515750572
"monthly","O3","w_daily_km",0.0872950993290418,0.0342517330036029,0.0108146020421772
"monthly","O3","w_cars_per_capita",-0.0459194802374766,0.0253355661260763,0.0699164894381724
"monthly","O3","w_avg_temp",-9.69196171192073,0.31090417621146,2.43915981173722e-213
"monthly","O3","w_sun_time",0.449830084813706,0.0588693200857676,2.152679201747e-14
"monthly","O3","w_stagnant_days",-0.106980493131572,0.049164500578607,0.0295574813419234
"monthly","O3","w_avg_wind",-0.0037757131797292,0.0528938096200561,0.94309302387283
"monthly","O3","w_avg_humid",0.195837149187511,0.056880050526719,0.000575331656663702
"monthly","O3","w_avg_rain",0.0287841642866153,0.0509542689655711,0.572140478804042
"monthly","PM10","lambda",0.88203476454109,0.00208090513668773,0
"monthly","PM10","lez",-0.803924745623329,0.0809405975660401,3.01283791293403e-23
"monthly","PM10","pop_density",-0.181879194877024,0.162366239931797,0.262637641605267
"monthly","PM10","industrial_area",0.185084806029503,0.0259445822218866,9.75983747023219e-13
"monthly","PM10","commercial_area",-0.200859991176635,0.0346150646658523,6.52649847643361e-09
"monthly","PM10","green_area_per_capita",0.0668104940971389,0.059488160779997,0.261399732436395
"monthly","PM10","daily_km",0.184547969214768,0.0251903938538945,2.36903186902971e-13
"monthly","PM10","cars_per_capita",-0.0520325347315032,0.0158770787866345,0.00104838051546648
"monthly","PM10","avg_temp",-7.28690839803364,0.411404670266818,3.37226903038491e-70
"monthly","PM10","sun_time",0.0173818507469929,0.0786905381629299,0.825179095517985
"monthly","PM10","stagnant_days",0.226340861521608,0.0621106823160085,0.000268273263985442
"monthly","PM10","avg_wind",0.526267003913066,0.0650079052110619,5.70620028697203e-16
"monthly","PM10","avg_humid",-0.12155461653607,0.0748795085629841,0.104517556094395
"monthly","PM10","avg_rain",-0.0950779213678117,0.0687911507803703,0.166933537287492
"monthly","PM10","w_lez",0.791236852704576,0.0866315398716485,6.64069339147749e-20
"monthly","PM10","w_pop_density",-0.543903905805507,0.241955171857145,0.0245791735161231
"monthly","PM10","w_industrial_area",-0.0256896721933336,0.0670288668232649,0.701524907332403
"monthly","PM10","w_commercial_area",-0.140677545769624,0.071914625828757,0.0504446201098123
"monthly","PM10","w_green_area_per_capita",0.17889308916552,0.138716113145259,0.19717758137589
"monthly","PM10","w_daily_km",-0.236407030029623,0.0485844811525951,1.13939453771499e-06
"monthly","PM10","w_cars_per_capita",0.0576280620431629,0.0359391955502473,0.108826997815574
"monthly","PM10","w_avg_temp",4.79614878817068,0.438962015719015,8.64732383454916e-28
"monthly","PM10","w_sun_time",0.0208635185162924,0.0835011085641258,0.802696251746486
"monthly","PM10","w_stagnant_days",-0.240522411414617,0.0697367487353539,0.000562655795159288
"monthly","PM10","w_avg_wind",-0.625257647419532,0.0749877464955163,7.54739879839163e-17
"monthly","PM10","w_avg_humid",-0.0301162981987707,0.0807193240627962,0.709074771121526
"monthly","PM10","w_avg_rain",-0.0157304963061756,0.0722791126078296,0.827713170982981
"Winter","NO2","lambda",0.826945461870873,0.00554885283013577,0
"Winter","NO2","lez",0.23359571524731,0.117270387858066,0.0463775115470318
"Winter","NO2","pop_density",-0.685711008697514,0.235870321395713,0.00364735267556396
"Winter","NO2","industrial_area",0.0937425881923213,0.0376929583882977,0.012882347110282
"Winter","NO2","commercial_area",0.0186725270808034,0.0503334582996521,0.710655081123742
"Winter","NO2","green_area_per_capita",-0.399067596146559,0.0864591531403236,3.91814374464536e-06
"Winter","NO2","daily_km",0.200959692287984,0.0365818912127486,3.9422376376064e-08
"Winter","NO2","cars_per_capita",-0.147629891618481,0.0230960323510444,1.63727448992603e-10
"Winter","NO2","avg_temp",-1.70820696869849,0.25029294521414,8.80290858733474e-12
"Winter","NO2","sun_time",0.0936028035057782,0.11423146599791,0.412550544488078
"Winter","NO2","stagnant_days",0.375226335276107,0.105293422233112,0.00036576755269288
"Winter","NO2","avg_wind",0.187558681482505,0.118629948202804,0.113868914895475
"Winter","NO2","avg_humid",-0.503780242713355,0.0936765654789105,7.53728689003759e-08
"Winter","NO2","avg_rain",0.0362990517049552,0.0871166496135885,0.67691847955966
"Winter","NO2","w_lez",-0.438369914343004,0.126070555123449,0.000506718989276908
"Winter","NO2","w_pop_density",-2.49796702609016,0.356170727756632,2.32598759574795e-12
"Winter","NO2","w_industrial_area",0.234969831615407,0.0976138887757643,0.0160782146052178
"Winter","NO2","w_commercial_area",0.310424421322837,0.105315348107132,0.00320281633036943
"Winter","NO2","w_green_area_per_capita",-0.909502165542143,0.202494060926612,7.07231518374326e-06
"Winter","NO2","w_daily_km",-0.168045225794095,0.0707471085905864,0.0175349481538146
"Winter","NO2","w_cars_per_capita",0.20732611884027,0.0525410452286429,7.94729522426837e-05
"Winter","NO2","w_avg_temp",1.38454123884618,0.275424829134746,4.98395094548609e-07
"Winter","NO2","w_sun_time",-0.120705576458007,0.120875729742648,0.317992217781714
"Winter","NO2","w_stagnant_days",-0.361613928986824,0.119463499828809,0.00247008219711105
"Winter","NO2","w_avg_wind",-0.285595091845135,0.135739080026285,0.0353784036512925
"Winter","NO2","w_avg_humid",0.486247190859409,0.100760396545494,1.39458576701445e-06
"Winter","NO2","w_avg_rain",0.0396180219425209,0.0962205575728317,0.680528711367767
"Winter","CO","lambda",0.790507280743516,0.00645980629211934,0
"Winter","CO","lez",3.90007622536936,2.80468237455667,0.164359206489769
"Winter","CO","pop_density",-62.7668888904316,5.63917235934968,8.91197642044425e-29
"Winter","CO","industrial_area",3.16777446335066,0.9014683991391,0.000441386068554343
"Winter","CO","commercial_area",-0.677144678438696,1.20383380773044,0.573782101882655
"Winter","CO","green_area_per_capita",-3.67840569247835,2.06756933459204,0.0752239166009615
"Winter","CO","daily_km",-0.3782109794685,0.874961749055364,0.665552444189494
"Winter","CO","cars_per_capita",0.395728490157062,0.552535526557968,0.473865018232663
"Winter","CO","avg_temp",-26.109005795491,5.98604982050626,1.29090022713109e-05
"Winter","CO","sun_time",-4.16147408060207,2.73196408082818,0.127695274555123
"Winter","CO","stagnant_days",8.94665241199155,2.51824511406284,0.000381251277943345
"Winter","CO","avg_wind",14.9004102707595,2.83721894626957,1.50647694968361e-07
"Winter","CO","avg_humid",5.01578472519885,2.2404385581304,0.0251721028714512
"Winter","CO","avg_rain",-0.57370082851254,2.08352535084665,0.783046571196209
"Winter","CO","w_lez",-6.77916804675581,3.0151612618747,0.0245532421118656
"Winter","CO","w_pop_density",2.86050218684614,8.49882122734153,0.736436290630205
"Winter","CO","w_industrial_area",5.72058101185901,2.33470103207388,0.014276048756069
"Winter","CO","w_commercial_area",6.89436254938943,2.51878765309487,0.0061969321202561
"Winter","CO","w_green_area_per_capita",-20.0781026175233,4.83905359106106,3.33668899139791e-05
"Winter","CO","w_daily_km",-3.28675636454286,1.69327231979866,0.0522500549924371
"Winter","CO","w_cars_per_capita",7.05976849734765,1.25936762354569,2.07290022388866e-08
"Winter","CO","w_avg_temp",12.5065512730365,6.59462767460165,0.0578971674952358
"Winter","CO","w_sun_time",3.11497509218182,2.89097524021685,0.281264785937961
"Winter","CO","w_stagnant_days",-9.04760516049453,2.85714067497603,0.00154198251597067
"Winter","CO","w_avg_wind",-15.2874574179692,3.2461501835795,2.48432899379956e-06
"Winter","CO","w_avg_humid",-4.55911251470576,2.4098711263639,0.0585110895648329
"Winter","CO","w_avg_rain",1.31709702263956,2.30074095300059,0.567006003856511
"Winter","SO2","lambda",0.769934388304166,0.00696628961721299,0
"Winter","SO2","lez",-0.0711801592701077,0.0319948031469452,0.0260986114509451
"Winter","SO2","pop_density",0.640767083370779,0.0643112680223459,2.20111421978247e-23
"Winter","SO2","industrial_area",-0.00500738219293426,0.0102860282601948,0.626390173538338
"Winter","SO2","commercial_area",0.0339664717161027,0.0137340306639206,0.0133923720759778
"Winter","SO2","green_area_per_capita",-0.0382044998318972,0.0235815701388801,0.105210815194639
"Winter","SO2","daily_km",0.0235205454911965,0.00998078393971556,0.0184439467037103
"Winter","SO2","cars_per_capita",0.00120606988294184,0.00630149764807504,0.848216790931881
"Winter","SO2","avg_temp",-0.266912344377123,0.0682857792657024,9.27731956531587e-05
"Winter","SO2","sun_time",-0.0101442756207034,0.0311650940268098,0.744801771724915
"Winter","SO2","stagnant_days",0.196174009513688,0.0287272619857884,8.56012040982584e-12
"Winter","SO2","avg_wind",0.165977285667631,0.0323659147620819,2.92602315876742e-07
"Winter","SO2","avg_humid",-0.0163361815847756,0.025558150863527,0.522707808265831
"Winter","SO2","avg_rain",-0.00898167381522453,0.0237678382610752,0.705510891935407
"Winter","SO2","w_lez",-0.036454717183993,0.0345109748758188,0.290820927263082
"Winter","SO2","w_pop_density",-0.547055299284202,0.0961021156910546,1.25238356067784e-08
"Winter","SO2","w_industrial_area",-0.0586362101029742,0.026648026521722,0.0277788136817486
"Winter","SO2","w_commercial_area",0.0932727546403767,0.0287713657321271,0.00118752127457822
"Winter","SO2","w_green_area_per_capita",-0.114606484629284,0.0551692475571384,0.0377681837664795
"Winter","SO2","w_daily_km",-0.0376225107104816,0.0193016846733816,0.05127360486042
"Winter","SO2","w_cars_per_capita",0.012381970877978,0.0143384701459561,0.387835716746235
"Winter","SO2","w_avg_temp",0.225891213506423,0.0750770170225405,0.0026228763757004
"Winter","SO2","w_sun_time",0.0113561848078393,0.0329759017240514,0.730561809903503
"Winter","SO2","w_stagnant_days",-0.12861006473938,0.0326532020044699,8.1935810611772e-05
"Winter","SO2","w_avg_wind",-0.138049212929627,0.0370432928445554,0.000194003691420221
"Winter","SO2","w_avg_humid",-0.00323814103089806,0.0274970363044611,0.906255229806687
"Winter","SO2","w_avg_rain",0.0113066552771229,0.0262438809110242,0.666591871800692
"Winter","O3","lambda",0.793851224578857,0.00635875582824944,0
"Winter","O3","lez",-0.135354814450425,0.0860137207817443,0.115570208440376
"Winter","O3","pop_density",-0.126766409669469,0.172966259939534,0.463621405842559
"Winter","O3","industrial_area",-0.177354733762258,0.0276564466541656,1.42888778984902e-10
"Winter","O3","commercial_area",0.202945082493346,0.0369227097453677,3.87438280318822e-08
"Winter","O3","green_area_per_capita",-0.0510173272611903,0.0633909056334159,0.420932129836176
"Winter","O3","daily_km",-0.0586663654312373,0.0268307835158233,0.0287767097387303
"Winter","O3","cars_per_capita",0.0703877609014745,0.0169416522043291,3.25691195525232e-05
"Winter","O3","avg_temp",0.882785018719922,0.183572441365711,1.51748603133071e-06
"Winter","O3","sun_time",0.0431294803557768,0.0837822790331278,0.606706439414791
"Winter","O3","stagnant_days",-0.0122995104708406,0.077226712379722,0.873460113843502
"Winter","O3","avg_wind",0.175709001959967,0.0870083935144695,0.0434405865158284
"Winter","O3","avg_humid",-0.168943611573036,0.0687067970612492,0.0139360784828933
"Winter","O3","avg_rain",-0.0715388436400327,0.0638945381052224,0.262867449694157
"Winter","O3","w_lez",0.00139976513952767,0.092709864902079,0.987953724629661
"Winter","O3","w_pop_density",2.00961278164604,0.259648168025089,9.96098523606453e-15
"Winter","O3","w_industrial_area",-0.353736367507549,0.0717320021650977,8.16588417002376e-07
"Winter","O3","w_commercial_area",0.239062059574325,0.0774717760090352,0.00203008376150789
"Winter","O3","w_green_area_per_capita",0.350453450721845,0.148244378267711,0.018077581319975
"Winter","O3","w_daily_km",0.0630946337706521,0.0518893082607659,0.224005222055602
"Winter","O3","w_cars_per_capita",0.00898652626330432,0.0385629257508717,0.815733928516606
"Winter","O3","w_avg_temp",-0.746144148257017,0.201863159180027,0.00021877574262318
"Winter","O3","w_sun_time",0.0448420901702844,0.0887058687904363,0.613197617622799
"Winter","O3","w_stagnant_days",-0.0317240728083399,0.0876235700498182,0.717315014042043
"Winter","O3","w_avg_wind",-0.0509888426460371,0.0995931467929991,0.608671026981482
"Winter","O3","w_avg_humid",0.150802863673959,0.0739115303713176,0.0413188815138384
"Winter","O3","w_avg_rain",-0.0114033765234982,0.0705885378872814,0.87166248530306
"Winter","PM10","lambda",0.848949296944643,0.0050601720919801,0
"Winter","PM10","lez",-1.06994572014388,0.168777015131276,2.30655368609484e-10
"Winter","PM10","pop_density",-1.11543777211434,0.339275300638911,0.00101006911810344
"Winter","PM10","industrial_area",0.220153616409103,0.0542514305505474,4.94896470158858e-05
"Winter","PM10","commercial_area",-0.233902931136711,0.072430860100642,0.00124081934482994
"Winter","PM10","green_area_per_capita",0.107827667946346,0.124386789300628,0.386011075559531
"Winter","PM10","daily_km",0.225560355328717,0.0526505444841339,1.83477908906011e-05
"Winter","PM10","cars_per_capita",-0.0703073920627531,0.0332400333049042,0.0344178425543018
"Winter","PM10","avg_temp",-1.09171111576116,0.360213506625315,0.00243960529414204
"Winter","PM10","sun_time",-0.00302130279074772,0.164398063461096,0.985337326323087
"Winter","PM10","stagnant_days",0.922349311805104,0.15153984992242,1.15396077021752e-09
"Winter","PM10","avg_wind",0.915120293200325,0.170732597308959,8.32392985376244e-08
"Winter","PM10","avg_humid",-0.393149284582554,0.134819710658203,0.00354424017715862
"Winter","PM10","avg_rain",0.046087245730139,0.125378206366551,0.713182119818096
"Winter","PM10","w_lez",0.881691070075055,0.181404065461612,1.17165935232519e-06
"Winter","PM10","w_pop_density",-0.793686839070854,0.507659969357404,0.11795333438873
"Winter","PM10","w_industrial_area",0.253221289470328,0.140559533513975,0.0716204216349854
"Winter","PM10","w_commercial_area",-0.422081086297381,0.151620445987212,0.00537260546967763
"Winter","PM10","w_green_area_per_capita",0.0283426879904305,0.29090029968328,0.92238417955416
"Winter","PM10","w_daily_km",-0.370267797002308,0.101818068636765,0.00027630034396183
"Winter","PM10","w_cars_per_capita",0.161248728313619,0.0756196343861794,0.0329767799465194
"Winter","PM10","w_avg_temp",1.24564660592953,0.395977477746675,0.00165660893398787
"Winter","PM10","w_sun_time",0.0769748730377452,0.173966364011371,0.658149234583559
"Winter","PM10","w_stagnant_days",-0.624864896088929,0.172178909232865,0.000284344419822686
"Winter","PM10","w_avg_wind",-0.858921933976271,0.195356972038126,1.09919620019314e-05
"Winter","PM10","w_avg_humid",0.292074129507687,0.14504925879974,0.0440494152901195
"Winter","PM10","w_avg_rain",-0.074274962299962,0.138444258400588,0.591614944028063
"Spring","NO2","lambda",0.839051877420267,0.00529461713374314,0
"Spring","NO2","lez",0.336496275625609,0.106179912375373,0.00152904266155539
"Spring","NO2","pop_density",0.120178019326837,0.213690465817326,0.573848296266214
"Spring","NO2","industrial_area",0.0792793233478697,0.0341362489900886,0.0202093608289907
"Spring","NO2","commercial_area",0.0446099727477093,0.0455618144014329,0.32752623133168
"Spring","NO2","green_area_per_capita",-0.364240866220354,0.0782985671252276,3.28813934463432e-06
"Spring","NO2","daily_km",0.175075873569089,0.033128065116849,1.25828158892042e-07
"Spring","NO2","cars_per_capita",-0.0931488979890843,0.0208949676065623,8.27439244328403e-06
"Spring","NO2","avg_temp",-3.45011361171537,0.371012572402866,1.41529680589131e-20
"Spring","NO2","sun_time",-0.0720165684003901,0.110762548406271,0.515570274923664
"Spring","NO2","stagnant_days",0.10618470093688,0.0891095491074538,0.23341036716996
"Spring","NO2","avg_wind",0.028440020900303,0.0984789183497004,0.772739799798112
"Spring","NO2","avg_humid",-0.393151884783473,0.0695155736730097,1.55307896289158e-08
"Spring","NO2","avg_rain",-0.0811993242524543,0.0793882119931917,0.306396097632276
"Spring","NO2","w_lez",-0.654492626393531,0.115133714832083,1.31095789485333e-08
"Spring","NO2","w_pop_density",-1.36036278625746,0.320621613532492,2.20657926949633e-05
"Spring","NO2","w_industrial_area",0.0814714233967119,0.0884001861247592,0.356726563639709
"Spring","NO2","w_commercial_area",0.405205101666332,0.0947504256109844,1.8981042028302e-05
"Spring","NO2","w_green_area_per_capita",-0.476555453930329,0.182979555869252,0.00920301391823806
"Spring","NO2","w_daily_km",-0.154839987576359,0.0641164362095985,0.015736022200635
"Spring","NO2","w_cars_per_capita",0.137037554895014,0.0473784407266143,0.00382306936216145
"Spring","NO2","w_avg_temp",2.57784568416684,0.394552371181702,6.4209123317986e-11
"Spring","NO2","w_sun_time",0.0395301081413937,0.118693195590305,0.739100742408861
"Spring","NO2","w_stagnant_days",0.0556456089900615,0.098370044435743,0.571613806124267
"Spring","NO2","w_avg_wind",0.00672353778710362,0.110877829573223,0.9516465904692
"Spring","NO2","w_avg_humid",0.31119076131846,0.0749838253400936,3.32322544449181e-05
"Spring","NO2","w_avg_rain",-0.0347403345186014,0.0840985641701463,0.679540164821029
"Spring","CO","lambda",0.767816780577575,0.00699862608664856,0
"Spring","CO","lez",5.91210550746741,2.29443052184085,0.00997426484331283
"Spring","CO","pop_density",-29.6151257157106,4.61800123739569,1.42707085621389e-10
"Spring","CO","industrial_area",1.54948230686614,0.737598989282106,0.0356663435446129
"Spring","CO","commercial_area",-1.62474562566624,0.984196973021415,0.0987725170304363
"Spring","CO","green_area_per_capita",1.82368152351197,1.69175505720289,0.281041782871024
"Spring","CO","daily_km",2.4088363588025,0.715855529172824,0.0007655043991958
"Spring","CO","cars_per_capita",-0.869806773195136,0.451500699281748,0.0540445479962044
"Spring","CO","avg_temp",-49.7221533680785,8.01717547723854,5.57663863441622e-10
"Spring","CO","sun_time",3.37400863504839,2.39341519006075,0.158626897278649
"Spring","CO","stagnant_days",-3.57758726413118,1.92554377198873,0.0631744029441011
"Spring","CO","avg_wind",-3.14642899938684,2.12799974294806,0.139251201366618
"Spring","CO","avg_humid",-3.80355434416323,1.50213259736868,0.0113380704613374
"Spring","CO","avg_rain",-3.30148698742865,1.71545937432511,0.0542857054230423
"Spring","CO","w_lez",-7.45345804658852,2.48138877464729,0.0026667911783344
"Spring","CO","w_pop_density",-11.7710882640482,6.95326888023457,0.0904772583979561
"Spring","CO","w_industrial_area",2.48262937082594,1.91026642340356,0.193729639978796
"Spring","CO","w_commercial_area",0.796442399336611,2.0445179589621,0.696869176055511
"Spring","CO","w_green_area_per_capita",-5.57628247282014,3.95049294452173,0.158085176720361
"Spring","CO","w_daily_km",-0.867711110376266,1.38578468189093,0.531215597622734
"Spring","CO","w_cars_per_capita",1.04264237061819,1.02365038300385,0.308415133310143
"Spring","CO","w_avg_temp",31.3913574382799,8.52206066054884,0.000230016522271768
"Spring","CO","w_sun_time",-4.3197497057008,2.56476807335255,0.0921304205989426
"Spring","CO","w_stagnant_days",6.09318911623967,2.12402498060058,0.00412163351931541
"Spring","CO","w_avg_wind",3.94336200890738,2.39563467907118,0.0997510982539849
"Spring","CO","w_avg_humid",2.23525429656687,1.61988683080677,0.167622672243326
"Spring","CO","w_avg_rain",3.57100200894058,1.81484069825223,0.0491063742669501
"Spring","SO2","lambda",0.837416877076757,0.00535205996301012,0
"Spring","SO2","lez",-0.0687906940049528,0.0297419770885076,0.0207272592035968
"Spring","SO2","pop_density",0.757615756143348,0.0598520105472171,1.00847299508702e-36
"Spring","SO2","industrial_area",-0.00204915253753895,0.00956211576112892,0.830313841374739
"Spring","SO2","commercial_area",-0.00500824813945221,0.012758013514439,0.694646667694147
"Spring","SO2","green_area_per_capita",0.0245598775747003,0.0219313847041682,0.262777369217932
"Spring","SO2","daily_km",0.0250535350144158,0.00927947402518195,0.00693629472321969
"Spring","SO2","cars_per_capita",0.000199413854163155,0.00585277361142156,0.972819988107794
"Spring","SO2","avg_temp",-0.634643602850072,0.103924400448494,1.01660278715108e-09
"Spring","SO2","sun_time",0.00277756439107191,0.0310251522555762,0.928663722212435
"Spring","SO2","stagnant_days",0.0464897926471826,0.024960427992538,0.0625270290898994
"Spring","SO2","avg_wind",-0.0370900340645688,0.0275849819463411,0.178763025330385
"Spring","SO2","avg_humid",0.043821048441457,0.0194717162285261,0.0244173828458424
"Spring","SO2","avg_rain",-0.0093274770349744,0.0222370071631243,0.674881887598545
"Spring","SO2","w_lez",0.0449144504499774,0.0321756515582955,0.16274031954295
"Spring","SO2","w_pop_density",-0.399493054133214,0.0898818486850052,8.80364558685323e-06
"Spring","SO2","w_industrial_area",-0.0914391578580053,0.0247647457997206,0.00022222496612982
"Spring","SO2","w_commercial_area",0.0276504343658989,0.0265026407440971,0.296805365652784
"Spring","SO2","w_green_area_per_capita",0.163317450211345,0.0512257062824126,0.0014316482828546
"Spring","SO2","w_daily_km",-0.0222603789508751,0.0179600970897095,0.215184322537385
"Spring","SO2","w_cars_per_capita",-0.0320597161941688,0.0132709318557472,0.015701335681853
"Spring","SO2","w_avg_temp",0.498669346486783,0.110311018898026,6.16715941867777e-06
"Spring","SO2","w_sun_time",-0.00521759285361242,0.0332428991036152,0.87528141269437
"Spring","SO2","w_stagnant_days",-0.0372757241026859,0.0275218900872635,0.175607915145827
"Spring","SO2","w_avg_wind",0.0107764754742194,0.0310637880561568,0.728655626162582
"Spring","SO2","w_avg_humid",-0.0316005637265829,0.0209909728004895,0.132212048848327
"Spring","SO2","w_avg_rain",-0.00539434597087182,0.0235292099216654,0.818665542656007
"Spring","O3","lambda",0.788428841699239,0.00654169504740979,0
"Spring","O3","lez",-0.19404484528036,0.125594597665378,0.122343967930813
"Spring","O3","pop_density",-0.944505761287923,0.252739468029589,0.000186175121275376
"Spring","O3","industrial_area",-0.218089484434332,0.0403755132872568,6.60754502657515e-08
"Spring","O3","commercial_area",0.198781719408442,0.0538739778727762,0.000224471106345866
"Spring","O3","green_area_per_capita",0.0270409608498171,0.092603814736924,0.770281282456487
"Spring","O3","daily_km",-0.0608281768413474,0.0391855138629251,0.120587383872297
"Spring","O3","cars_per_capita",0.0505728466234675,0.0247147172396249,0.0407303619508405
"Spring","O3","avg_temp",4.08820067577729,0.438864930381751,1.21498301946199e-20
"Spring","O3","sun_time",0.0303961647648268,0.131012765478364,0.81653088089374
"Spring","O3","stagnant_days",0.0163032798625022,0.105402320554246,0.877076223938975
"Spring","O3","avg_wind",-0.259536032651304,0.116485041007555,0.0258763011654732
"Spring","O3","avg_humid",-0.126859346182149,0.0822254154554987,0.122873479338546
"Spring","O3","avg_rain",0.0436989418601938,0.0939024917530992,0.641670027030775
"Spring","O3","w_lez",0.4831056022912,0.135980952072489,0.000381234309039364
"Spring","O3","w_pop_density",1.66419142592632,0.378440250678587,1.09504320300989e-05
"Spring","O3","w_industrial_area",-0.129523328341038,0.104587079246258,0.215558250791413
"Spring","O3","w_commercial_area",-0.159889576909273,0.111924277677653,0.153133228350236
"Spring","O3","w_green_area_per_capita",0.458864028546121,0.216250494424359,0.0338453190934216
"Spring","O3","w_daily_km",0.0965009517068682,0.0758415747922596,0.203230416279165
"Spring","O3","w_cars_per_capita",-0.0418090423862101,0.0560338400276811,0.455583355080772
"Spring","O3","w_avg_temp",-2.38745760698125,0.468784488854875,3.52686919951862e-07
"Spring","O3","w_sun_time",0.0633878322704542,0.140424205482031,0.651699508232024
"Spring","O3","w_stagnant_days",-0.15763169976011,0.116286635054563,0.175244164835722
"Spring","O3","w_avg_wind",0.301260549751604,0.131123888903638,0.0215887791062389
"Spring","O3","w_avg_humid",0.132492180058783,0.0886314431278115,0.13494927234234
"Spring","O3","w_avg_rain",-0.0302100768035771,0.0993405731143295,0.761047040176753
"Spring","PM10","lambda",0.893660538411341,0.00382362681858199,0
"Spring","PM10","lez",-0.68185262630846,0.168351641095415,5.11806199425256e-05
"Spring","PM10","pop_density",-0.75461999968023,0.338781773079083,0.0259171076619319
"Spring","PM10","industrial_area",0.203415313109934,0.0541207053680274,0.000170901697956261
"Spring","PM10","commercial_area",-0.214804439613326,0.0722158487139907,0.00293487680771011
"Spring","PM10","green_area_per_capita",0.0280069117348335,0.124132002139,0.821495421296325
"Spring","PM10","daily_km",0.180433395070004,0.0525254514259712,0.000592201348599196
"Spring","PM10","cars_per_capita",-0.0373351484413521,0.0331287829454434,0.259755115103454
"Spring","PM10","avg_temp",-1.62929715667332,0.588267589681467,0.00561160232686937
"Spring","PM10","sun_time",-0.520515626132958,0.175618027260514,0.00303759366492933
"Spring","PM10","stagnant_days",-0.310842114939506,0.141285679130265,0.0278000557921053
"Spring","PM10","avg_wind",0.348075219750567,0.156144780654699,0.0258017613435543
"Spring","PM10","avg_humid",-0.076377042706359,0.110218764172754,0.488335520388197
"Spring","PM10","avg_rain",-0.0652944700222405,0.125869800965384,0.603937800151688
"Spring","PM10","w_lez",0.761467331605631,0.1820987867771,2.89443597780963e-05
"Spring","PM10","w_pop_density",-0.232020563144984,0.507442717059232,0.647502154709889
"Spring","PM10","w_industrial_area",-0.209707120814549,0.140155952862591,0.134590793668493
"Spring","PM10","w_commercial_area",0.289504175723286,0.150011733379325,0.0536220949417427
"Spring","PM10","w_green_area_per_capita",-0.267169634603629,0.289866862147202,0.356686254594871
"Spring","PM10","w_daily_km",-0.119834408355498,0.101674705672816,0.238555139747621
"Spring","PM10","w_cars_per_capita",0.0359097092224035,0.0751144625321817,0.632602864975932
"Spring","PM10","w_avg_temp",0.542718284844329,0.625299227414567,0.385430617730197
"Spring","PM10","w_sun_time",0.711327184460194,0.188304143608911,0.000158382541379754
"Spring","PM10","w_stagnant_days",0.270733647520762,0.155779381493455,0.0822231634586241
"Spring","PM10","w_avg_wind",-0.463370042224115,0.175807219810751,0.00839710316970723
"Spring","PM10","w_avg_humid",-0.0713223144666642,0.118938003474699,0.548733124260813
"Spring","PM10","w_avg_rain",0.0241876785451405,0.133167267302275,0.855870111167017
"Summer","NO2","lambda",0.836501037845495,0.00535790490095148,0
"Summer","NO2","lez",0.0794005190804446,0.0841694931819187,0.345506600723113
"Summer","NO2","pop_density",0.320818897671649,0.168479273799238,0.0568836282667601
"Summer","NO2","industrial_area",0.0499859312191373,0.0268871610762134,0.0630129122525338
"Summer","NO2","commercial_area",0.0434055916279881,0.0359090918415924,0.226753802682815
"Summer","NO2","green_area_per_capita",-0.282475521523416,0.0616462363318036,4.60104612515921e-06
"Summer","NO2","daily_km",0.089230286213498,0.0261102919605911,0.000632136479468394
"Summer","NO2","cars_per_capita",-0.0535135738630597,0.0164637200743275,0.00115245297745275
"Summer","NO2","avg_temp",-0.316020331829583,0.158881791877134,0.0466981131196365
"Summer","NO2","sun_time",-0.0474603770226963,0.0738051787109255,0.52019203600416
"Summer","NO2","stagnant_days",0.106578366889602,0.0699042446439654,0.127350487886819
"Summer","NO2","avg_wind",-0.150974642883843,0.0809812025234494,0.0622771829574636
"Summer","NO2","avg_humid",-0.00237323847557995,0.0495903037555599,0.961830284520394
"Summer","NO2","avg_rain",-0.0970477813526225,0.0598993604349338,0.105193488858697
"Summer","NO2","w_lez",-0.435148693289886,0.0907885192865892,1.64311758306106e-06
"Summer","NO2","w_pop_density",-1.13950849635563,0.252682473838267,6.49359054818256e-06
"Summer","NO2","w_industrial_area",0.066781846905013,0.0694380236850514,0.336176446883496
"Summer","NO2","w_commercial_area",0.310175230899717,0.0746508269137715,3.25267626196782e-05
"Summer","NO2","w_green_area_per_capita",-0.20943075450777,0.143782122637169,0.145231217756441
"Summer","NO2","w_daily_km",-0.137022761623093,0.0502681757923177,0.0064139018997382
"Summer","NO2","w_cars_per_capita",0.119997167453179,0.0373478773850994,0.001313754257818
"Summer","NO2","w_avg_temp",0.244257079385573,0.172212011899866,0.156088313675077
"Summer","NO2","w_sun_time",0.109095762679926,0.0781925952389121,0.162949931990864
"Summer","NO2","w_stagnant_days",-0.0615247261612283,0.0747635526921984,0.410551180756303
"Summer","NO2","w_avg_wind",0.12990569677903,0.0858067628817746,0.130042813194676
"Summer","NO2","w_avg_humid",-0.0686018731604152,0.0549641615575748,0.211987089503386
"Summer","NO2","w_avg_rain",0.105012796017919,0.062569748288053,0.0932823504069194
"Summer","CO","lambda",0.751635315312062,0.00737528073275473,0
"Summer","CO","lez",6.46809625367294,2.35912825948541,0.00611162776626965
"Summer","CO","pop_density",-21.8295140985837,4.72190441282265,3.78171782900465e-06
"Summer","CO","industrial_area",2.05889119671398,0.753641193383762,0.00629654778595579
"Summer","CO","commercial_area",-2.1090005064176,1.00625066372657,0.0360910856244893
"Summer","CO","green_area_per_capita",2.66825073916268,1.72770516107885,0.122493857953689
"Summer","CO","daily_km",0.781382176983997,0.731822466948096,0.285646406974086
"Summer","CO","cars_per_capita",0.113984721761425,0.461419728400402,0.804884660834102
"Summer","CO","avg_temp",-15.9229179050091,4.45315453086068,0.000349360020350306
"Summer","CO","sun_time",6.24577761981444,2.06866061707105,0.00253411825893351
"Summer","CO","stagnant_days",0.36545370026489,1.95930191448706,0.852035112476046
"Summer","CO","avg_wind",-5.80274206564759,2.26979317444593,0.0105728953613859
"Summer","CO","avg_humid",-3.48615103755031,1.38984194406873,0.012131103061798
"Summer","CO","avg_rain",-0.177642224234479,1.67888449590276,0.915733359702838
"Summer","CO","w_lez",-7.33372275376828,2.52903403597601,0.00373386768122854
"Summer","CO","w_pop_density",0.0527351566831213,7.08140776222061,0.99405821838906
"Summer","CO","w_industrial_area",2.93795537405813,1.94690666064722,0.131289171771927
"Summer","CO","w_commercial_area",-4.14632753629502,2.0904890512128,0.0473200148211308
"Summer","CO","w_green_area_per_capita",0.493508315194506,4.0278035776752,0.902482917343374
"Summer","CO","w_daily_km",1.09997142796721,1.40910609479398,0.43502810097775
"Summer","CO","w_cars_per_capita",0.00474500409101512,1.04645586547872,0.996382119249733
"Summer","CO","w_avg_temp",15.5642283834578,4.82679854735567,0.00126173092557498
"Summer","CO","w_sun_time",-7.08158997873216,2.19106645493023,0.00122914648871524
"Summer","CO","w_stagnant_days",0.532388369274291,2.09524915484203,0.799423627892839
"Summer","CO","w_avg_wind",6.10052691226303,2.40509371278998,0.0111965850608072
"Summer","CO","w_avg_humid",4.16905026698901,1.53974172822925,0.00677656082592036
"Summer","CO","w_avg_rain",-0.607899365800743,1.75392165279608,0.728896078048073
"Summer","SO2","lambda",0.849243383334013,0.00503852928121771,0
"Summer","SO2","lez",-0.00241763410733015,0.0298791233648043,0.935510486634924
"Summer","SO2","pop_density",0.793465129267881,0.0598106771279305,3.63171285271068e-40
"Summer","SO2","industrial_area",-0.00840588728175471,0.00954441585444633,0.37847339645252
"Summer","SO2","commercial_area",0.00533347039527814,0.0127445960188894,0.67558979075739
"Summer","SO2","green_area_per_capita",-0.00616614669346934,0.0218849176747701,0.778132719782921
"Summer","SO2","daily_km",0.0276089170595451,0.00926887431469543,0.00289502466286393
"Summer","SO2","cars_per_capita",-0.00863931925409771,0.00584460944685692,0.139362606262437
"Summer","SO2","avg_temp",0.102285879667976,0.0564010967744128,0.0697479340379766
"Summer","SO2","sun_time",0.0036732994997285,0.0262001421736096,0.888500778738518
"Summer","SO2","stagnant_days",-0.039055296432822,0.0248150836800774,0.115521414178586
"Summer","SO2","avg_wind",-0.121039639613851,0.0287473173114792,2.54843005555338e-05
"Summer","SO2","avg_humid",0.0897778535063605,0.0176028179318008,3.39298688791682e-07
"Summer","SO2","avg_rain",-0.0336931103614817,0.0212637964650156,0.113073299821255
"Summer","SO2","w_lez",0.0196334552849935,0.0320341632432541,0.539948312604415
"Summer","SO2","w_pop_density",-0.317713986959759,0.0900851308446053,0.000420583542459964
"Summer","SO2","w_industrial_area",-0.0690330470952666,0.0246490000026314,0.00510009197136592
"Summer","SO2","w_commercial_area",-0.0479850848700878,0.0264660492747767,0.0698193653915129
"Summer","SO2","w_green_area_per_capita",0.215449715735179,0.0510357272342309,2.42631464586537e-05
"Summer","SO2","w_daily_km",1.86605650640114e-05,0.0178541208493359,0.999166076326281
"Summer","SO2","w_cars_per_capita",-0.0396829390166759,0.0132666504679415,0.00277901667441868
"Summer","SO2","w_avg_temp",-0.101910600581816,0.0611330893858717,0.0955087435459381
"Summer","SO2","w_sun_time",-0.0263697002764104,0.027753491246586,0.342041155530962
"Summer","SO2","w_stagnant_days",0.0212797422100487,0.0265406289671055,0.422680301291773
"Summer","SO2","w_avg_wind",0.0917207302521827,0.0304794674599047,0.00261882406659355
"Summer","SO2","w_avg_humid",-0.0991761730576959,0.0195012682611538,3.66413876306824e-07
"Summer","SO2","w_avg_rain",0.0112226001404463,0.0222259368808745,0.613606174717195
"Summer","O3","lambda",0.860787426464034,0.00473671652542476,0
"Summer","O3","lez",0.119943455891821,0.112707725385285,0.287238530829867
"Summer","O3","pop_density",-1.22122763656412,0.225588035692786,6.17941778411854e-08
"Summer","O3","industrial_area",-0.027747390270401,0.0360028506407183,0.440884882581226
"Summer","O3","commercial_area",0.0371651630009173,0.0480695863317918,0.43943161475784
"Summer","O3","green_area_per_capita",-0.0823259187711448,0.0825448527480912,0.31859576950841
"Summer","O3","daily_km",0.00484091783244188,0.0349625451107821,0.889876793729214
"Summer","O3","cars_per_capita",0.0210601726723218,0.0220445219228891,0.339402136989973
"Summer","O3","avg_temp",1.86841718374811,0.212761249434407,1.60943249201047e-18
"Summer","O3","sun_time",-0.207484826264035,0.0988292045805645,0.0357791645726092
"Summer","O3","stagnant_days",0.168800820364513,0.0936055104194501,0.0713377532243965
"Summer","O3","avg_wind",0.0609083460285615,0.108438168019664,0.574329062188538
"Summer","O3","avg_humid",-0.259819005429301,0.0663999733765785,9.11798007948763e-05
"Summer","O3","avg_rain",0.170711388508777,0.080208547271924,0.0333085640709556
"Summer","O3","w_lez",0.142098350406685,0.121128338140664,0.240746779043543
"Summer","O3","w_pop_density",0.607489386853186,0.338031325070828,0.0723135042893766
"Summer","O3","w_industrial_area",-0.170728213016961,0.0929890173156639,0.0663570566860957
"Summer","O3","w_commercial_area",0.130036682024322,0.0998168878975008,0.192659334440107
"Summer","O3","w_green_area_per_capita",-0.170736503018782,0.19245666006414,0.375002127796255
"Summer","O3","w_daily_km",0.00972508623264871,0.0673069127644723,0.885114603476418
"Summer","O3","w_cars_per_capita",-0.0389503743598665,0.0499981846491072,0.435958643064204
"Summer","O3","w_avg_temp",-1.19350501821495,0.231781924414076,2.61518410711056e-07
"Summer","O3","w_sun_time",0.19181445284413,0.104668290124798,0.0668630103872823
"Summer","O3","w_stagnant_days",-0.190310975067232,0.100090881123286,0.0572520277333318
"Summer","O3","w_avg_wind",-0.00203126581732886,0.114915836243074,0.985897233192386
"Summer","O3","w_avg_humid",0.217063305821012,0.0735653855217724,0.00317139504434222
"Summer","O3","w_avg_rain",-0.131339127008524,0.0837917526650345,0.117010257446334
"Summer","PM10","lambda",0.869982329124206,0.00450384297641983,0
"Summer","PM10","lez",-0.54471404898239,0.135638426456878,5.92125281759187e-05
"Summer","PM10","pop_density",1.36670608211347,0.271475617210141,4.79447052438558e-07
"Summer","PM10","industrial_area",0.145759594473646,0.043328038994451,0.000767953921726889
"Summer","PM10","commercial_area",-0.151859319552994,0.0578517880832059,0.00866561120479846
"Summer","PM10","green_area_per_capita",-0.0288572034046171,0.0993354430598887,0.771431770281018
"Summer","PM10","daily_km",0.217591530697995,0.0420767314624356,2.32467174386372e-07
"Summer","PM10","cars_per_capita",-0.0570832533504728,0.0265294027077296,0.0314211756893439
"Summer","PM10","avg_temp",1.10127099072002,0.256034520387475,1.69829799665101e-05
"Summer","PM10","sun_time",-0.0880270198250216,0.118936535038961,0.459228655784513
"Summer","PM10","stagnant_days",0.281993889748533,0.11264968546139,0.0123047582198623
"Summer","PM10","avg_wind",0.465458001050442,0.130499661862053,0.000361453612328887
"Summer","PM10","avg_humid",-0.0793820807962181,0.0799091244261535,0.320512887777177
"Summer","PM10","avg_rain",0.032884756011633,0.0965297463906573,0.733352280615809
"Summer","PM10","w_lez",0.589613988405322,0.145440996990645,5.03548627513101e-05
"Summer","PM10","w_pop_density",-1.13513274123026,0.406532892161671,0.00523463706631235
"Summer","PM10","w_industrial_area",-0.182496322124634,0.111901701014391,0.102919271392369
"Summer","PM10","w_commercial_area",-0.0015473822106402,0.120141888993944,0.989723831943336
"Summer","PM10","w_green_area_per_capita",0.270429992382096,0.231576875734103,0.24289700115219
"Summer","PM10","w_daily_km",-0.359334376170604,0.081001024866287,9.15732270572412e-06
"Summer","PM10","w_cars_per_capita",-0.0431026874530341,0.0601738361856803,0.473804397157629
"Summer","PM10","w_avg_temp",-0.944043054310588,0.277577308222519,0.000671375016158805
"Summer","PM10","w_sun_time",0.0680999598689226,0.125963288690615,0.588760298120433
"Summer","PM10","w_stagnant_days",-0.249811737240483,0.12045824965716,0.0380937095596622
"Summer","PM10","w_avg_wind",-0.42484608859113,0.138280340654047,0.00212378052989837
"Summer","PM10","w_avg_humid",0.000862214842265196,0.0885492345081874,0.992231022167389
"Summer","PM10","w_avg_rain",-0.11054761678824,0.100882745471476,0.273164988180637
"Autumn","NO2","lambda",0.845942273475773,0.00508835049454709,0
"Autumn","NO2","lez",0.167873631450064,0.106535327307818,0.115082153886128
"Autumn","NO2","pop_density",-0.151815035431051,0.210265877720747,0.470285495901509
"Autumn","NO2","industrial_area",0.0683247747685192,0.0335615996289912,0.0417702321937142
"Autumn","NO2","commercial_area",0.0503883041399795,0.0448303248327514,0.261022309013082
"Autumn","NO2","green_area_per_capita",-0.369786094030431,0.076998996327268,1.56712942482787e-06
"Autumn","NO2","daily_km",0.168840059206266,0.0325884120898328,2.20717788016582e-07
"Autumn","NO2","cars_per_capita",-0.102077816244918,0.0205380240051501,6.6888420553912e-07
"Autumn","NO2","avg_temp",-4.3448478664501,0.437101965498476,2.78479446618163e-23
"Autumn","NO2","sun_time",0.382562956482092,0.101757914017654,0.000170226004175953
"Autumn","NO2","stagnant_days",0.0783465746513422,0.0868260474411826,0.366876533963533
"Autumn","NO2","avg_wind",-0.0595000361084299,0.0905937756933247,0.511323407365062
"Autumn","NO2","avg_humid",-0.318561193458237,0.0702586290296472,5.78435982368699e-06
"Autumn","NO2","avg_rain",0.308092744430153,0.061828261648606,6.2592777144856e-07
"Autumn","NO2","w_lez",-0.452672074304654,0.11378800111481,6.94372893286046e-05
"Autumn","NO2","w_pop_density",-1.80341623635564,0.316569792957052,1.22118960082333e-08
"Autumn","NO2","w_industrial_area",0.125979659049401,0.0867332043369972,0.146363655104438
"Autumn","NO2","w_commercial_area",0.482703417182975,0.0933754688583174,2.3473551447101e-07
"Autumn","NO2","w_green_area_per_capita",-0.736639682060895,0.17986444139678,4.2120907117154e-05
"Autumn","NO2","w_daily_km",-0.161539021862848,0.0628743499806858,0.0101923119912788
"Autumn","NO2","w_cars_per_capita",0.233314487778622,0.0466247803560993,5.61272150849888e-07
"Autumn","NO2","w_avg_temp",3.53061905959564,0.469268766412625,5.32633888559857e-14
"Autumn","NO2","w_sun_time",-0.415064308768347,0.106948375560919,0.000104037188492945
"Autumn","NO2","w_stagnant_days",-0.0486455485572775,0.0987314317571193,0.622220482535734
"Autumn","NO2","w_avg_wind",-0.0265933541204611,0.108371788986099,0.806154465332972
"Autumn","NO2","w_avg_humid",0.276906643453487,0.0761825462630674,0.000278220102273916
"Autumn","NO2","w_avg_rain",-0.328703018354782,0.0673677186432414,1.06497407283053e-06
"Autumn","CO","lambda",0.778576968327057,0.00674653318685653,0
"Autumn","CO","lez",8.13265370891531,2.44016094833331,0.000859659215140205
"Autumn","CO","pop_density",-33.4512666871397,4.81528741555921,3.73429554374911e-12
"Autumn","CO","industrial_area",1.49654291401973,0.768641388727946,0.0515350263169
"Autumn","CO","commercial_area",0.464557878649317,1.02628027639099,0.650792289517152
"Autumn","CO","green_area_per_capita",-0.727292748384042,1.76339992753537,0.680018577930316
"Autumn","CO","daily_km",1.56171433805077,0.746435173235317,0.0364179130682104
"Autumn","CO","cars_per_capita",-0.478001526027207,0.470396628466615,0.309549872844976
"Autumn","CO","avg_temp",-64.7202987286148,10.0118532840218,1.0172340084596e-10
"Autumn","CO","sun_time",11.6830556742661,2.33057202012963,5.36000753490254e-07
"Autumn","CO","stagnant_days",-4.67587508118663,1.98871397584005,0.0187126999611769
"Autumn","CO","avg_wind",-4.22681318330262,2.07503773601753,0.0416519102796364
"Autumn","CO","avg_humid",-2.36471806769839,1.60923197772631,0.1417053609045
"Autumn","CO","avg_rain",2.31892499690025,1.41614661802685,0.101528263624696
"Autumn","CO","w_lez",-10.0970015624004,2.6008790817131,0.000103537166426502
"Autumn","CO","w_pop_density",-4.23954653619276,7.24309913874861,0.558331107643642
"Autumn","CO","w_industrial_area",4.70809085776246,1.98640307679412,0.0177804436226209
"Autumn","CO","w_commercial_area",2.5688677941306,2.13373949493263,0.228617576630226
"Autumn","CO","w_green_area_per_capita",-18.0775756162161,4.11490357799295,1.11696630535659e-05
"Autumn","CO","w_daily_km",0.336934568702285,1.44028138884352,0.815034178513756
"Autumn","CO","w_cars_per_capita",3.50066972158798,1.06767093893062,0.0010425286531475
"Autumn","CO","w_avg_temp",36.9092251521984,10.7685545999656,0.000609165415913662
"Autumn","CO","w_sun_time",-12.07435466457,2.44909500954846,8.21752781277685e-07
"Autumn","CO","w_stagnant_days",3.90828558727186,2.26134809105361,0.0839346367947564
"Autumn","CO","w_avg_wind",4.51519952836766,2.4820638682316,0.0688914341966778
"Autumn","CO","w_avg_humid",1.78082358037666,1.74473449438882,0.307403906383607
"Autumn","CO","w_avg_rain",-3.36693089411989,1.54319975520028,0.0291253650828889
"Autumn","SO2","lambda",0.805806945393857,0.00612414773373118,0
"Autumn","SO2","lez",-0.0374675488788345,0.0253753700942695,0.139801100392302
"Autumn","SO2","pop_density",0.681379292748468,0.0500695071244568,3.55667595324054e-42
"Autumn","SO2","industrial_area",-0.0132034206660952,0.00799402150512098,0.0986034957629513
"Autumn","SO2","commercial_area",0.0216230496078808,0.0106719382943676,0.0427484380934125
"Autumn","SO2","green_area_per_capita",-0.0441905774722742,0.0183343243843709,0.0159409440543575
"Autumn","SO2","daily_km",0.0231917639371949,0.00776376514530358,0.00281563892775975
"Autumn","SO2","cars_per_capita",-0.0122743109001766,0.00489249900656913,0.0121141393754926
"Autumn","SO2","avg_temp",-0.0712074992071221,0.10411687038308,0.494026355985968
"Autumn","SO2","sun_time",0.0724051351541553,0.0242339608545571,0.00281034838469474
"Autumn","SO2","stagnant_days",-0.0172812796362108,0.0206807685874903,0.403368284045559
"Autumn","SO2","avg_wind",-0.0281485169712154,0.0215782566384811,0.192068193841333
"Autumn","SO2","avg_humid",0.0632870605744857,0.016734388523879,0.000155662921994795
"Autumn","SO2","avg_rain",0.0353192966315335,0.0147266166422987,0.0164699886779454
"Autumn","SO2","w_lez",0.0315555944838005,0.0270443486789642,0.243287436263509
"Autumn","SO2","w_pop_density",-0.340725110025786,0.0753390711100216,6.10975373550712e-06
"Autumn","SO2","w_industrial_area",-0.0845776621571462,0.0206669702842983,4.26917744196799e-05
"Autumn","SO2","w_commercial_area",0.0312857095669677,0.0221905352967478,0.158578876717818
"Autumn","SO2","w_green_area_per_capita",-0.00939907888357815,0.0427667172594075,0.826045960977653
"Autumn","SO2","w_daily_km",0.039754901049445,0.0150131678275382,0.00809690044621007
"Autumn","SO2","w_cars_per_capita",-0.0308821788288818,0.0111175006453591,0.00547285120502981
"Autumn","SO2","w_avg_temp",-0.120631375763911,0.11182619036557,0.280703683996745
"Autumn","SO2","w_sun_time",-0.062841672401317,0.025466699587158,0.0136021558386038
"Autumn","SO2","w_stagnant_days",0.0126668944305064,0.0235150675262055,0.590113608816216
"Autumn","SO2","w_avg_wind",0.033381952672622,0.025811090117022,0.19590102766047
"Autumn","SO2","w_avg_humid",-0.0700270728651327,0.0181429981683584,0.000113512411973675
"Autumn","SO2","w_avg_rain",-0.0292553327998717,0.0160454110536912,0.0682604680368683
"Autumn","O3","lambda",0.845421575081298,0.00513753986499143,0
"Autumn","O3","lez",-0.0173905178386048,0.0955242493600123,0.855540790488655
"Autumn","O3","pop_density",-0.759213796895537,0.188475509982224,5.62096463206851e-05
"Autumn","O3","industrial_area",-0.131571922531579,0.030099099103733,1.23514016711748e-05
"Autumn","O3","commercial_area",0.103759239435691,0.0401855018335918,0.00982276463498682
"Autumn","O3","green_area_per_capita",-0.0375399245427326,0.0690220033253041,0.58652168589285
"Autumn","O3","daily_km",-0.0379155677116422,0.0292220928771714,0.194460355874718
"Autumn","O3","cars_per_capita",0.0399832030762159,0.0184157850319149,0.0299207735302542
"Autumn","O3","avg_temp",5.87643963928642,0.391924891401641,8.06181402672675e-51
"Autumn","O3","sun_time",-0.492894677532325,0.0912282717350079,6.55822498097357e-08
"Autumn","O3","stagnant_days",0.106000046054707,0.0778519408708439,0.173336958672854
"Autumn","O3","avg_wind",0.00988992973549058,0.0812303665118769,0.903095720506135
"Autumn","O3","avg_humid",-0.223820875020086,0.0629960030825215,0.000380954657624386
"Autumn","O3","avg_rain",-0.0964439567757045,0.0554382816753849,0.0819181168085049
"Autumn","O3","w_lez",0.0159570389315673,0.101796423472103,0.875438399226935
"Autumn","O3","w_pop_density",0.691627142400617,0.282354923866852,0.014305645938865
"Autumn","O3","w_industrial_area",-0.38425405146921,0.0778844753518547,8.07106722156685e-07
"Autumn","O3","w_commercial_area",0.404136953177179,0.0836969241369239,1.37512901177842e-06
"Autumn","O3","w_green_area_per_capita",-0.108478540641114,0.161003799394599,0.500461457531454
"Autumn","O3","w_daily_km",0.137135636012348,0.0563970180463718,0.0150318220949967
"Autumn","O3","w_cars_per_capita",-0.155227281849198,0.0418043751659612,0.000204669039689387
"Autumn","O3","w_avg_temp",-4.97162072759823,0.421251734849385,3.81060120290504e-32
"Autumn","O3","w_sun_time",0.519710628542038,0.0958675552556333,5.92229565612176e-08
"Autumn","O3","w_stagnant_days",-0.11989900955357,0.088521841003391,0.175590686639567
"Autumn","O3","w_avg_wind",0.108372844989553,0.0972045933914471,0.264895728925293
"Autumn","O3","w_avg_humid",0.131042135489927,0.0683595085304601,0.0552435859469553
"Autumn","O3","w_avg_rain",0.0857218426817428,0.0604039470466326,0.1558573102316
"Autumn","PM10","lambda",0.854533570587772,0.00490942879413217,0
"Autumn","PM10","lez",-0.903283894588197,0.142169762506132,2.10390204532156e-10
"Autumn","PM10","pop_density",-0.218347549586769,0.280507730261419,0.436332540510533
"Autumn","PM10","industrial_area",0.139473075624456,0.0447887225485431,0.00184555612817945
"Autumn","PM10","commercial_area",-0.15628325614917,0.0598030538255406,0.00896728331698838
"Autumn","PM10","green_area_per_capita",0.120409441761819,0.102723151527237,0.241127070560737
"Autumn","PM10","daily_km",0.100803334134681,0.0434878981048678,0.0204513377830954
"Autumn","PM10","cars_per_capita",-0.0450272731701467,0.0274054876868977,0.100382503684259
"Autumn","PM10","avg_temp",-4.79809381535921,0.583332307207287,1.94673416383719e-16
"Autumn","PM10","sun_time",0.0479223578071277,0.135772588321033,0.72411806923928
"Autumn","PM10","stagnant_days",-0.106924305809685,0.115865586010857,0.356095502556181
"Autumn","PM10","avg_wind",0.480270565051815,0.120893674086058,7.10717439905643e-05
"Autumn","PM10","avg_humid",0.0549318218549698,0.093756655918975,0.557944171329123
"Autumn","PM10","avg_rain",0.0475784364786419,0.0825066633406493,0.564167979458455
"Autumn","PM10","w_lez",0.915996367760939,0.151516579840731,1.48929763721202e-09
"Autumn","PM10","w_pop_density",-0.33643843921674,0.420147440815891,0.423268981221919
"Autumn","PM10","w_industrial_area",0.0370899909229957,0.115791096303644,0.74872715806068
"Autumn","PM10","w_commercial_area",-0.43190831951241,0.124480599691053,0.000521071419461287
"Autumn","PM10","w_green_area_per_capita",0.586990993586215,0.239644915560376,0.0143086583567076
"Autumn","PM10","w_daily_km",-0.143149841301062,0.0839039624544394,0.0879865984291856
"Autumn","PM10","w_cars_per_capita",0.0387637618006931,0.0621914977072311,0.533089497174466
"Autumn","PM10","w_avg_temp",2.77287530830441,0.629416216152495,1.05553947754056e-05
"Autumn","PM10","w_sun_time",-0.136032706407199,0.142692539814502,0.340424218488603
"Autumn","PM10","w_stagnant_days",0.0819375754600365,0.131741614453601,0.533970361894697
"Autumn","PM10","w_avg_wind",-0.561931567951512,0.14460939516116,0.000101969121500457
"Autumn","PM10","w_avg_humid",-0.244952617014468,0.101809825293604,0.0161290550856166
"Autumn","PM10","w_avg_rain",-0.0660895070820319,0.0898919160112356,0.462211125334429
"trend_Winter","NO2","lambda",0.817906440759444,0.00572187651226716,0
"trend_Winter","NO2","lez",0.136097999748661,0.138944002485069,0.327324638308353
"trend_Winter","NO2","pop_density",-0.880919858723052,0.249537324518868,0.000415225539757868
"trend_Winter","NO2","industrial_area",0.0887265568217126,0.037692364604246,0.0185742939157671
"trend_Winter","NO2","commercial_area",0.0129086595357003,0.0503821891572841,0.79778502693314
"trend_Winter","NO2","green_area_per_capita",-0.374593350228451,0.0867246543853485,1.56495854175956e-05
"trend_Winter","NO2","daily_km",0.199111600655435,0.0367395874609703,5.97531549093617e-08
"trend_Winter","NO2","cars_per_capita",-0.156823950834714,0.0231291741516495,1.19883122341056e-11
"trend_Winter","NO2","avg_temp",-1.79656449195298,0.25111022564536,8.39872654819732e-13
"trend_Winter","NO2","sun_time",0.0900273855191152,0.114378524966206,0.431223081099657
"trend_Winter","NO2","stagnant_days",0.366961699906293,0.105484884979794,0.000503648616432327
"trend_Winter","NO2","avg_wind",0.197182274434264,0.119017599887153,0.0975702576299688
"trend_Winter","NO2","avg_humid",-0.518799770836701,0.0939435333237312,3.34278507149088e-08
"trend_Winter","NO2","avg_rain",0.0304261887515361,0.087069025748423,0.726752211219597
"trend_Winter","NO2","trend61",0.0884761494823041,0.0389809985661069,0.0232242696680344
"trend_Winter","NO2","trend79",0.0675149329103263,0.0344705565157595,0.0501565864749205
"trend_Winter","NO2","trend97",0.0696508109758828,0.0288549619271329,0.0157860685919316
"trend_Winter","NO2","w_lez",0.105313260721449,0.16214950662657,0.516026578987657
"trend_Winter","NO2","w_pop_density",-3.96902713469412,0.439622718299105,1.74426880072614e-19
"trend_Winter","NO2","w_industrial_area",0.187893678781905,0.0979252771099235,0.0550165579379786
"trend_Winter","NO2","w_commercial_area",0.316926963082991,0.10536808932662,0.0026313948347416
"trend_Winter","NO2","w_green_area_per_capita",-0.839197198863136,0.204406476421738,4.03386554035273e-05
"trend_Winter","NO2","w_daily_km",-0.189349712273691,0.0709452389363173,0.00760874453535553
"trend_Winter","NO2","w_cars_per_capita",0.138030596153958,0.053420811636985,0.00977083494491744
"trend_Winter","NO2","w_avg_temp",1.54056564177319,0.27696092977019,2.66099614140177e-08
"trend_Winter","NO2","w_sun_time",-0.130127673740522,0.121141741451535,0.282743353840275
"trend_Winter","NO2","w_stagnant_days",-0.370149068779844,0.120318122134944,0.00209502563013173
"trend_Winter","NO2","w_avg_wind",-0.319776348693798,0.136437983434018,0.0190910287126286
"trend_Winter","NO2","w_avg_humid",0.515033055024714,0.101326768507577,3.71730429708715e-07
"trend_Winter","NO2","w_avg_rain",0.0368740817116145,0.0961849523981835,0.701448091285712
"trend_Winter","NO2","w_trend61",-0.217458363849781,0.0412681806696258,1.3687379631741e-07
"trend_Winter","NO2","w_trend79",-0.127853985872413,0.0360907028385553,0.000396242217590663
"trend_Winter","NO2","w_trend97",-0.0936748652164016,0.0352251822105199,0.00782996536370756
"trend_Winter","CO","lambda",0.786638928294112,0.00652151856255921,0
"trend_Winter","CO","lez",8.17067727691188,3.30042408685036,0.0132995870222454
"trend_Winter","CO","pop_density",-49.3390959069749,5.92101608719363,7.89014448438434e-17
"trend_Winter","CO","industrial_area",3.04076579910373,0.89531858721377,0.000683047681267439
"trend_Winter","CO","commercial_area",-0.347686226919748,1.19683937618556,0.771430946254797
"trend_Winter","CO","green_area_per_capita",-4.0649200866174,2.05979130572072,0.048442937878804
"trend_Winter","CO","daily_km",0.344941439478249,0.872739729924409,0.692665953750751
"trend_Winter","CO","cars_per_capita",0.178293043759611,0.549502140548411,0.745587625463279
"trend_Winter","CO","avg_temp",-31.4107580437939,5.96455178648023,1.39246622559804e-07
"trend_Winter","CO","sun_time",-4.1339886911805,2.71685404993309,0.128107162584549
"trend_Winter","CO","stagnant_days",7.54323162423624,2.50564194066177,0.00260819126446395
"trend_Winter","CO","avg_wind",14.550274836907,2.82707925397322,2.65035827321872e-07
"trend_Winter","CO","avg_humid",3.35758581453217,2.23149654985483,0.13241817290844
"trend_Winter","CO","avg_rain",-0.549435832554387,2.06821182010874,0.790503053079571
"trend_Winter","CO","trend61",3.68035803112754,0.925925676166579,7.04420500374897e-05
"trend_Winter","CO","trend79",-1.3124992452217,0.818809672459508,0.10894885364428
"trend_Winter","CO","trend97",-0.464668044627216,0.685407732334847,0.497807214415621
"trend_Winter","CO","w_lez",-2.36460566209177,3.85200169020177,0.539305115890644
"trend_Winter","CO","w_pop_density",-24.0898654672095,10.3444164972465,0.0198707479688509
"trend_Winter","CO","w_industrial_area",5.16095220504872,2.32615625289532,0.0265097948078954
"trend_Winter","CO","w_commercial_area",7.4930075234037,2.50350526276743,0.00276243866075239
"trend_Winter","CO","w_green_area_per_capita",-21.2870874351104,4.85179661685221,1.14679484996712e-05
"trend_Winter","CO","w_daily_km",-3.78132681018907,1.68615797874087,0.0249245753065564
"trend_Winter","CO","w_cars_per_capita",6.06409505910129,1.27077489044961,1.82435958416256e-06
"trend_Winter","CO","w_avg_temp",18.3282120065102,6.58738614801266,0.00539719014653249
"trend_Winter","CO","w_sun_time",2.75176664075157,2.87768434397302,0.338949281598028
"trend_Winter","CO","w_stagnant_days",-8.38198540219479,2.85801292161847,0.00335918276259952
"trend_Winter","CO","w_avg_wind",-15.3271786681552,3.2408089304453,2.25151172800263e-06
"trend_Winter","CO","w_avg_humid",-2.64793228987921,2.40691614159354,0.271273378489363
"trend_Winter","CO","w_avg_rain",1.07086383753818,2.28435343733308,0.639225447189584
"trend_Winter","CO","w_trend61",-5.03383584982736,0.978484612101729,2.6820247807871e-07
"trend_Winter","CO","w_trend79",0.263826596734733,0.857546582855906,0.75834654827784
"trend_Winter","CO","w_trend97",-1.09158370637148,0.837079549913278,0.192220559430274
"trend_Winter","SO2","lambda",0.762899651866113,0.0071247983750266,0
"trend_Winter","SO2","lez",-0.0519204469004029,0.0379171335940186,0.170901266985135
"trend_Winter","SO2","pop_density",0.746835426332356,0.0679828738825836,4.48048072997854e-28
"trend_Winter","SO2","industrial_area",-0.00489598570621785,0.0102885560823213,0.63416903736257
"trend_Winter","SO2","commercial_area",0.0367591078790952,0.0137513051254838,0.00751457932891236
"trend_Winter","SO2","green_area_per_capita",-0.0468828088435906,0.0236579372550128,0.0475134208960809
"trend_Winter","SO2","daily_km",0.024257902431086,0.01002620732099,0.0155440182820367
"trend_Winter","SO2","cars_per_capita",0.00153308853872123,0.00631195650832186,0.808093383526942
"trend_Winter","SO2","avg_temp",-0.277442223654217,0.0685221852951261,5.14501102043064e-05
"trend_Winter","SO2","sun_time",-0.013264467257143,0.0312126835754287,0.670858238010154
"trend_Winter","SO2","stagnant_days",0.189539288305672,0.0287864057928743,4.56931273598409e-11
"trend_Winter","SO2","avg_wind",0.163226017947098,0.032479121073319,5.01945759947905e-07
"trend_Winter","SO2","avg_humid",-0.0225167252150114,0.0256369308522333,0.379784981071446
"trend_Winter","SO2","avg_rain",-0.00810386262869209,0.023760706522677,0.733057270581083
"trend_Winter","SO2","trend61",0.0159578466185466,0.0106375954091668,0.133579011991656
"trend_Winter","SO2","trend79",-0.00371339523804966,0.00940691692267888,0.693026238604884
"trend_Winter","SO2","trend97",-0.00523525811423924,0.00787439438938698,0.506149119036688
"trend_Winter","SO2","w_lez",0.0262363878850616,0.0442284707801535,0.553046419714935
"trend_Winter","SO2","w_pop_density",-0.396683227453171,0.117982856337911,0.000773210870084902
"trend_Winter","SO2","w_industrial_area",-0.0607995017162402,0.0267409169045506,0.0229870026591706
"trend_Winter","SO2","w_commercial_area",0.0996840006940991,0.0288064917380809,0.000539233298209988
"trend_Winter","SO2","w_green_area_per_capita",-0.145309003735379,0.0556984051509088,0.00908460090112852
"trend_Winter","SO2","w_daily_km",-0.0401307864601975,0.0193597803103873,0.038182078172441
"trend_Winter","SO2","w_cars_per_capita",0.0112034080029801,0.0145799272739095,0.442241763871101
"trend_Winter","SO2","w_avg_temp",0.219263331850785,0.0755293780642531,0.0036958245992008
"trend_Winter","SO2","w_sun_time",0.00974101559644304,0.0330563263435433,0.768238866282386
"trend_Winter","SO2","w_stagnant_days",-0.136549982126642,0.032877662605345,3.27750118065267e-05
"trend_Winter","SO2","w_avg_wind",-0.135008111852394,0.0372431208670851,0.000288907455155084
"trend_Winter","SO2","w_avg_humid",0.000863913286038436,0.0276587739059318,0.975082373131252
"trend_Winter","SO2","w_avg_rain",0.00810450924861937,0.0262428092149628,0.757452514624508
"trend_Winter","SO2","w_trend61",-0.0144107593348099,0.0112333905312061,0.199544499059427
"trend_Winter","SO2","w_trend79",-0.0128409511153046,0.00985010554014309,0.192357757198868
"trend_Winter","SO2","w_trend97",-0.0168039409256412,0.00961697741679629,0.0805817746056854
"trend_Winter","O3","lambda",0.789938291879287,0.00643827713088485,0
"trend_Winter","O3","lez",-0.028219833237603,0.101766631798847,0.781550165162441
"trend_Winter","O3","pop_density",0.240321322840249,0.182660403480241,0.188283890411766
"trend_Winter","O3","industrial_area",-0.175312794402749,0.0276192736624362,2.18870050054756e-10
"trend_Winter","O3","commercial_area",0.213465240734953,0.0369097920621884,7.31921568594694e-09
"trend_Winter","O3","green_area_per_capita",-0.0863225604828412,0.0634927469150739,0.173967400641206
"trend_Winter","O3","daily_km",-0.0536626301588019,0.0269091095644512,0.0461282379042775
"trend_Winter","O3","cars_per_capita",0.0731679763994485,0.0169428950142186,1.57089682184911e-05
"trend_Winter","O3","avg_temp",0.875015588295272,0.183913184976284,1.9574885687593e-06
"trend_Winter","O3","sun_time",0.0342496347222989,0.0837744961197725,0.682663480794263
"trend_Winter","O3","stagnant_days",-0.0286965014670757,0.0772599263999877,0.710318759106352
"trend_Winter","O3","avg_wind",0.166178515928393,0.0871717359241732,0.0566067787615613
"trend_Winter","O3","avg_humid",-0.181290520345012,0.0688069646660914,0.00841943338049601
"trend_Winter","O3","avg_rain",-0.0683685984238313,0.0637717224683245,0.283682620790665
"trend_Winter","O3","trend61",0.00458164102169423,0.028551836415232,0.872512842831746
"trend_Winter","O3","trend79",-0.0519064425469049,0.0252478242052271,0.0397942916318381
"trend_Winter","O3","trend97",-0.0447756386965344,0.0211344639995595,0.0341236323280508
"trend_Winter","O3","w_lez",0.0255749026730969,0.1186941852051,0.829401775517659
"trend_Winter","O3","w_pop_density",2.88319743327766,0.319452632582443,1.78990717691732e-19
"trend_Winter","O3","w_industrial_area",-0.341335095865174,0.0718828841447205,2.04941874441668e-06
"trend_Winter","O3","w_commercial_area",0.254184797541703,0.077470266270773,0.00103416768456985
"trend_Winter","O3","w_green_area_per_capita",0.224172239514373,0.149405200379573,0.133502715959304
"trend_Winter","O3","w_daily_km",0.0605842956837483,0.0519624595505625,0.24364504227676
"trend_Winter","O3","w_cars_per_capita",0.0247399022234848,0.0391481579802331,0.527415814316867
"trend_Winter","O3","w_avg_temp",-0.803099732605355,0.20271580356886,7.4417187779612e-05
"trend_Winter","O3","w_sun_time",0.0453484656544741,0.0887659091820055,0.609437153621958
"trend_Winter","O3","w_stagnant_days",-0.0590595260805692,0.0881481029494506,0.50285564157691
"trend_Winter","O3","w_avg_wind",-0.0327855843658041,0.0999619455930833,0.742926289587539
"trend_Winter","O3","w_avg_humid",0.157543671543486,0.0742265386934742,0.0337982102872503
"trend_Winter","O3","w_avg_rain",-0.0200409641267445,0.070475051124772,0.776127131365519
"trend_Winter","O3","w_trend61",0.0337531138657957,0.0301505231518063,0.2629325023636
"trend_Winter","O3","w_trend79",0.0228343226623048,0.0264468824286488,0.387915825982752
"trend_Winter","O3","w_trend97",-0.0354076211542351,0.0258183287919052,0.170245892314674
"trend_Winter","PM10","lambda",0.850011128705933,0.00502929959716445,0
"trend_Winter","PM10","lez",-0.380501995763624,0.198435097490926,0.0551727164116646
"trend_Winter","PM10","pop_density",-0.151503452741043,0.355782032559062,0.670230107278957
"trend_Winter","PM10","industrial_area",0.216562940803226,0.0538341069043754,5.7514434063869e-05
"trend_Winter","PM10","commercial_area",-0.197832467597652,0.0719450210213026,0.00596365843474586
"trend_Winter","PM10","green_area_per_capita",0.0345799905542684,0.123802235933949,0.780002048211748
"trend_Winter","PM10","daily_km",0.265427019051674,0.0524717634512532,4.22626213960369e-07
"trend_Winter","PM10","cars_per_capita",-0.0730090825700355,0.0330324183474222,0.027089538723289
"trend_Winter","PM10","avg_temp",-1.25236585211014,0.35860324418026,0.000478801363577545
"trend_Winter","PM10","sun_time",-0.0309688897847261,0.163347857632728,0.849631529982659
"trend_Winter","PM10","stagnant_days",0.821006702419937,0.15065121502802,5.04496287899963e-08
"trend_Winter","PM10","avg_wind",0.846846248477714,0.169975771392086,6.28788690787404e-07
"trend_Winter","PM10","avg_humid",-0.45160077705746,0.134166575987322,0.000762747822334456
"trend_Winter","PM10","avg_rain",0.0500998487198299,0.124349750142129,0.68702572926768
"trend_Winter","PM10","trend61",-0.0247538128738989,0.0556704962629631,0.656573659531689
"trend_Winter","PM10","trend79",-0.281504945285202,0.049229620006376,1.07656683411633e-08
"trend_Winter","PM10","trend97",-0.263787807827461,0.0412105162620865,1.54379915289041e-10
"trend_Winter","PM10","w_lez",0.255408704889221,0.231453004365806,0.269809501659078
"trend_Winter","PM10","w_pop_density",-0.470325207768402,0.616372198634477,0.445431253773067
"trend_Winter","PM10","w_industrial_area",0.306063610794997,0.139920627088891,0.0287126944416435
"trend_Winter","PM10","w_commercial_area",-0.400319730283873,0.150535052716525,0.00783003256679991
"trend_Winter","PM10","w_green_area_per_capita",-0.211246764820628,0.291329895063948,0.46838340331358
"trend_Winter","PM10","w_daily_km",-0.35378560362717,0.101316330656135,0.000479613562758716
"trend_Winter","PM10","w_cars_per_capita",0.166574268784824,0.0762937370385808,0.029011648090037
"trend_Winter","PM10","w_avg_temp",1.39199721662857,0.395184513070506,0.000427661255988903
"trend_Winter","PM10","w_sun_time",0.108104738180668,0.173010925205771,0.532073830099061
"trend_Winter","PM10","w_stagnant_days",-0.525654179334612,0.172071437365172,0.00225165479227255
"trend_Winter","PM10","w_avg_wind",-0.76389338520208,0.194866306290168,8.8516044599058e-05
"trend_Winter","PM10","w_avg_humid",0.372180200467499,0.144741136637879,0.0101302729867223
"trend_Winter","PM10","w_avg_rain",-0.0823489276555586,0.137344910923263,0.548787800706839
"trend_Winter","PM10","w_trend61",0.0703198954483622,0.0588143047868467,0.231842650302038
"trend_Winter","PM10","w_trend79",0.309953094876009,0.0515183422427463,1.78378327084152e-09
"trend_Winter","PM10","w_trend97",0.0859316508760083,0.0502656936024838,0.0873493598876289
"trend_Spring","NO2","lambda",0.831070596404085,0.00546064061226525,0
"trend_Spring","NO2","lez",0.24976161011397,0.125743821510898,0.0470029725921726
"trend_Spring","NO2","pop_density",-0.136911146615514,0.225959563116615,0.544574554723846
"trend_Spring","NO2","industrial_area",0.0731926357327467,0.0341222199820456,0.0319517366474938
"trend_Spring","NO2","commercial_area",0.0409470737205623,0.0455774265415092,0.368968668219362
"trend_Spring","NO2","green_area_per_capita",-0.341042868323675,0.0784990116693972,1.39561558320996e-05
"trend_Spring","NO2","daily_km",0.168586125267728,0.0332544916318397,3.98705894459261e-07
"trend_Spring","NO2","cars_per_capita",-0.101972959092298,0.0209222451665039,1.09415639382873e-06
"trend_Spring","NO2","avg_temp",-3.49053970605094,0.371662368710764,5.90421908993359e-21
"trend_Spring","NO2","sun_time",-0.077523702050648,0.110949981974874,0.484722916241385
"trend_Spring","NO2","stagnant_days",0.100491232426416,0.0890987173878784,0.25937737549661
"trend_Spring","NO2","avg_wind",0.0360058016161001,0.0986916189666859,0.715237263698254
"trend_Spring","NO2","avg_humid",-0.401703828067508,0.0695840731708004,7.79058452842163e-09
"trend_Spring","NO2","avg_rain",-0.0908162964619093,0.0793214059224832,0.252244218234201
"trend_Spring","NO2","trend61",0.080965616936812,0.0355382286895467,0.0227106020374353
"trend_Spring","NO2","trend79",0.086835406184526,0.0313936584940836,0.00567455039329936
"trend_Spring","NO2","trend97",0.0532338905121203,0.0263158156684456,0.0430849202298395
"trend_Spring","NO2","w_lez",-0.210014243903996,0.147603241055087,0.154785590853037
"trend_Spring","NO2","w_pop_density",-2.73847130025383,0.398117927138634,6.04677786989757e-12
"trend_Spring","NO2","w_industrial_area",0.0378091865395966,0.0886415618402397,0.669714286285097
"trend_Spring","NO2","w_commercial_area",0.414121074415263,0.0947905610452145,1.24930681559143e-05
"trend_Spring","NO2","w_green_area_per_capita",-0.393739169923555,0.184726229265379,0.0330501054499415
"trend_Spring","NO2","w_daily_km",-0.157064290924634,0.0642135177880317,0.0144463314866577
"trend_Spring","NO2","w_cars_per_capita",0.0609239429294769,0.0483098546377239,0.207269947899362
"trend_Spring","NO2","w_avg_temp",2.6799554198925,0.395418123427567,1.22253708192417e-11
"trend_Spring","NO2","w_sun_time",0.058059650520453,0.118903429497518,0.625342686960773
"trend_Spring","NO2","w_stagnant_days",0.019692608655803,0.0989607421798415,0.84226732163808
"trend_Spring","NO2","w_avg_wind",-0.0760400686948186,0.11169659549417,0.496014897325784
"trend_Spring","NO2","w_avg_humid",0.311993675684119,0.0754282967766586,3.52958611720265e-05
"trend_Spring","NO2","w_avg_rain",-0.0203441002932705,0.0840555938553276,0.808755766037408
"trend_Spring","NO2","w_trend61",-0.207873013489409,0.0377164271398388,3.55846042979633e-08
"trend_Spring","NO2","w_trend79",-0.130055331909741,0.0328922944736288,7.68632305424819e-05
"trend_Spring","NO2","w_trend97",-0.0671039152183081,0.0320904299459857,0.03652016994842
"trend_Spring","CO","lambda",0.767620862877038,0.00697606609017004,0
"trend_Spring","CO","lez",10.5764014151512,2.70280407648987,9.11105685832405e-05
"trend_Spring","CO","pop_density",-21.0359471981732,4.85639999521544,1.48034537576802e-05
"trend_Spring","CO","industrial_area",1.43460627713433,0.733410279777087,0.0504561969690176
"trend_Spring","CO","commercial_area",-1.47177510544951,0.979329242957583,0.132880322545152
"trend_Spring","CO","green_area_per_capita",1.86030637961424,1.68703346767652,0.270153713800381
"trend_Spring","CO","daily_km",2.90648010652697,0.714803987154743,4.78019503829894e-05
"trend_Spring","CO","cars_per_capita",-1.02859657934316,0.449724944467282,0.0221860089781407
"trend_Spring","CO","avg_temp",-54.9439714218967,7.98883607112855,6.08718357780596e-12
"trend_Spring","CO","sun_time",4.18968748627848,2.38484030350319,0.0789519021659016
"trend_Spring","CO","stagnant_days",-3.71451461919118,1.91514448566774,0.0524346480773092
"trend_Spring","CO","avg_wind",-2.0279340964464,2.12134882610511,0.339090187625156
"trend_Spring","CO","avg_humid",-4.32109022958656,1.49568058137434,0.00386412355005803
"trend_Spring","CO","avg_rain",-3.50954668147611,1.70496242072422,0.0395488245678131
"trend_Spring","CO","trend61",2.64386690813999,0.763853203933643,0.000537725534293835
"trend_Spring","CO","trend79",-0.863211502457458,0.674749098250368,0.200788834054404
"trend_Spring","CO","trend97",-0.890479242084416,0.565618062024849,0.115407191120829
"trend_Spring","CO","w_lez",-9.27596730326554,3.17300884495201,0.0034623378569043
"trend_Spring","CO","w_pop_density",-42.3315273487607,8.55523793402595,7.49704541394686e-07
"trend_Spring","CO","w_industrial_area",2.02429235451942,1.90537658640649,0.28804930655898
"trend_Spring","CO","w_commercial_area",0.906007362733395,2.03495219399923,0.656158662997236
"trend_Spring","CO","w_green_area_per_capita",-4.50712865096688,3.96628105517722,0.255805347942936
"trend_Spring","CO","w_daily_km",-0.912510509271372,1.38078664673932,0.50870031387536
"trend_Spring","CO","w_cars_per_capita",0.288263969607607,1.03848591864976,0.781334011713805
"trend_Spring","CO","w_avg_temp",37.7103673563273,8.49603613674627,9.05527775268103e-06
"trend_Spring","CO","w_sun_time",-5.05626664723798,2.55588798599088,0.0478969268100188
"trend_Spring","CO","w_stagnant_days",5.90741032422753,2.12639340782218,0.00546717105109675
"trend_Spring","CO","w_avg_wind",1.97554160832147,2.40091390244177,0.410605237330952
"trend_Spring","CO","w_avg_humid",2.6698792765079,1.62082856664155,0.0995105468719278
"trend_Spring","CO","w_avg_rain",3.857471800612,1.80462876520088,0.0325538424772489
"trend_Spring","CO","w_trend61",-3.60575443836635,0.807218435871832,7.93656100099509e-06
"trend_Spring","CO","w_trend79",0.663565763948642,0.706087260257251,0.34733108928184
"trend_Spring","CO","w_trend97",1.65073523655024,0.688285647963485,0.0164700772351251
"trend_Spring","SO2","lambda",0.83408647006043,0.0054309812850084,0
"trend_Spring","SO2","lez",-0.0781389039013434,0.0352620106534674,0.0266948268269057
"trend_Spring","SO2","pop_density",0.815116927174173,0.0633349463290753,6.64541883827437e-38
"trend_Spring","SO2","industrial_area",-0.00172273746183431,0.00956914142437847,0.857128611813613
"trend_Spring","SO2","commercial_area",-0.00415003728427875,0.0127769013344126,0.745326536611458
"trend_Spring","SO2","green_area_per_capita",0.0203695812949716,0.022011090968395,0.354745648856072
"trend_Spring","SO2","daily_km",0.0234961480266889,0.00932554825635233,0.0117506277577007
"trend_Spring","SO2","cars_per_capita",0.00138308304561405,0.00586723417214925,0.813642197881373
"trend_Spring","SO2","avg_temp",-0.633715905881071,0.104224352912963,1.1995378178187e-09
"trend_Spring","SO2","sun_time",0.0022369456870019,0.0311137195613645,0.942684834353634
"trend_Spring","SO2","stagnant_days",0.0494377776822345,0.0249859001308891,0.0478580126411449
"trend_Spring","SO2","avg_wind",-0.0368441284162208,0.0276761867628568,0.183104330381059
"trend_Spring","SO2","avg_humid",0.0440256757506973,0.0195133136359793,0.0240589505963974
"trend_Spring","SO2","avg_rain",-0.00911319288716664,0.0222436567232073,0.682027127481779
"trend_Spring","SO2","trend61",0.0163774610767386,0.00996562802721452,0.100301279505368
"trend_Spring","SO2","trend79",0.0140355297087797,0.00880308938413431,0.110849422113601
"trend_Spring","SO2","trend97",0.00123363157603666,0.00737927716082726,0.867232256954388
"trend_Spring","SO2","w_lez",0.0643681994836017,0.0413935791520527,0.119939257779802
"trend_Spring","SO2","w_pop_density",-0.223217894141652,0.111399646331629,0.0450960268459054
"trend_Spring","SO2","w_industrial_area",-0.0927335656004985,0.0248606765662807,0.000191380690134334
"trend_Spring","SO2","w_commercial_area",0.0298690193574653,0.0265490082159227,0.260566926870546
"trend_Spring","SO2","w_green_area_per_capita",0.15391681328569,0.0517602226160168,0.00294280026513672
"trend_Spring","SO2","w_daily_km",-0.0192164147149111,0.0180080284142958,0.285925488518635
"trend_Spring","SO2","w_cars_per_capita",-0.0295865144870147,0.0135486072368425,0.0289820157844604
"trend_Spring","SO2","w_avg_temp",0.479369599513951,0.11070430156212,1.48987219904306e-05
"trend_Spring","SO2","w_sun_time",-0.00517254806273014,0.0333422426691909,0.876714908004166
"trend_Spring","SO2","w_stagnant_days",-0.0425148806423427,0.0277327508408489,0.125270758826447
"trend_Spring","SO2","w_avg_wind",0.0175779938339689,0.0313315235588589,0.574775581067088
"trend_Spring","SO2","w_avg_humid",-0.0343951745792369,0.0211372620220812,0.103688381992448
"trend_Spring","SO2","w_avg_rain",-0.00570124016430558,0.0235476103633873,0.808690710724298
"trend_Spring","SO2","w_trend61",-0.00712332061455338,0.0105321102013321,0.498822801062334
"trend_Spring","SO2","w_trend79",-0.0190529216479144,0.00921105697772599,0.0385945574167757
"trend_Spring","SO2","w_trend97",9.38006308843353e-05,0.00897952718345047,0.991665405923842
"trend_Spring","O3","lambda",0.786141661608576,0.0065847104984511,0
"trend_Spring","O3","lez",-0.0231078679268449,0.148691732163872,0.876499766691453
"trend_Spring","O3","pop_density",-0.548699657543207,0.267042755174146,0.0399054897250625
"trend_Spring","O3","industrial_area",-0.213654764263488,0.0403474285936457,1.18772424294559e-07
"trend_Spring","O3","commercial_area",0.201471857560091,0.0538766186115783,0.000184383350060389
"trend_Spring","O3","green_area_per_capita",0.0109916457331485,0.0928073305596453,0.905722913503797
"trend_Spring","O3","daily_km",-0.047992513465721,0.0393238165818397,0.222296630614814
"trend_Spring","O3","cars_per_capita",0.0545085918823328,0.0247405333164639,0.0275799466168043
"trend_Spring","O3","avg_temp",3.9923296082007,0.439510848783468,1.05066231965339e-19
"trend_Spring","O3","sun_time",0.0562823505533636,0.131198129621783,0.667932360719937
"trend_Spring","O3","stagnant_days",0.0202725583062794,0.105359096559115,0.847417978169656
"trend_Spring","O3","avg_wind",-0.231124461821865,0.116701945885657,0.0476509728768651
"trend_Spring","O3","avg_humid",-0.12982486984737,0.0822830416882818,0.114615231857444
"trend_Spring","O3","avg_rain",0.0468545358247014,0.0937963189067957,0.617402598885798
"trend_Spring","O3","trend61",-0.0092809102770906,0.0420226778582355,0.8252054896865
"trend_Spring","O3","trend79",-0.085251037906891,0.0371208253281497,0.021642597785339
"trend_Spring","O3","trend97",-0.0551896662850234,0.0311167076796788,0.0761236270939935
"trend_Spring","O3","w_lez",0.15748164488157,0.174556909341989,0.366961584627762
"trend_Spring","O3","w_pop_density",2.07353053532377,0.467603405231647,9.23382322037785e-06
"trend_Spring","O3","w_industrial_area",-0.106085046373122,0.104839593019128,0.311595620099
"trend_Spring","O3","w_commercial_area",-0.172123020769429,0.111958260471774,0.124198903316299
"trend_Spring","O3","w_green_area_per_capita",0.428327356399556,0.218202072183421,0.0496479373797259
"trend_Spring","O3","w_daily_km",0.0945571963405731,0.0759353045706584,0.213045877410199
"trend_Spring","O3","w_cars_per_capita",0.00195085900922095,0.0571262260698621,0.972757559968961
"trend_Spring","O3","w_avg_temp",-2.35304264042608,0.469636119141825,5.43303442904014e-07
"trend_Spring","O3","w_sun_time",0.0264415245941968,0.140630210300549,0.850859677296487
"trend_Spring","O3","w_stagnant_days",-0.146983889743387,0.116999094846435,0.209013643835344
"trend_Spring","O3","w_avg_wind",0.313733447216842,0.132078831354257,0.0175323185164188
"trend_Spring","O3","w_avg_humid",0.121046628158242,0.0891239642113529,0.174405712207816
"trend_Spring","O3","w_avg_rain",-0.0348291255925088,0.0992767633671496,0.725716957052738
"trend_Spring","O3","w_trend61",0.0851441702053784,0.0444411985199196,0.0553798939526795
"trend_Spring","O3","w_trend79",0.0896612722656718,0.0388429139833779,0.0209822075879637
"trend_Spring","O3","w_trend97",0.0945227985806502,0.0378822228827378,0.0125894807424704
"trend_Spring","PM10","lambda",0.89351003843833,0.00382074833488497,0
"trend_Spring","PM10","lez",-0.119274845261747,0.197917730456899,0.546742474995669
"trend_Spring","PM10","pop_density",0.429094634511677,0.355407989515019,0.227305182898926
"trend_Spring","PM10","industrial_area",0.201298072698873,0.0537053291080753,0.000178111405249892
"trend_Spring","PM10","commercial_area",-0.173134243407962,0.0717147575155273,0.0157695162913173
"trend_Spring","PM10","green_area_per_capita",-0.0698662638225155,0.123532369483439,0.571685787227053
"trend_Spring","PM10","daily_km",0.207429347107572,0.052342253986109,7.403159187118e-05
"trend_Spring","PM10","cars_per_capita",-0.0331266381063692,0.0329314791204484,0.314451065335235
"trend_Spring","PM10","avg_temp",-1.72535603623428,0.585000767162627,0.00318471258311935
"trend_Spring","PM10","sun_time",-0.537199481794615,0.174639060412404,0.00209758638117805
"trend_Spring","PM10","stagnant_days",-0.291323341062457,0.140240378768874,0.0377725621937308
"trend_Spring","PM10","avg_wind",0.389544646590815,0.155341133142525,0.0121529337754061
"trend_Spring","PM10","avg_humid",-0.0716222738891871,0.109525270884197,0.513154472561534
"trend_Spring","PM10","avg_rain",-0.0655352563026166,0.124848465849822,0.599639921269935
"trend_Spring","PM10","trend61",0.0882415843373386,0.0559347089230716,0.114661693430922
"trend_Spring","PM10","trend79",-0.159577583976532,0.0494094280699485,0.00123920576336235
"trend_Spring","PM10","trend97",-0.253737831632741,0.0414184275004207,8.99990983534827e-10
"trend_Spring","PM10","w_lez",0.247924683975354,0.232326798451164,0.285909662669187
"trend_Spring","PM10","w_pop_density",1.07630981926973,0.622107774015579,0.0836120773209669
"trend_Spring","PM10","w_industrial_area",-0.159092308400661,0.139514792722636,0.25415062050549
"trend_Spring","PM10","w_commercial_area",0.331930525386254,0.149008411516542,0.0259074748505369
"trend_Spring","PM10","w_green_area_per_capita",-0.588768282818893,0.290429533446338,0.04263860794197
"trend_Spring","PM10","w_daily_km",-0.0814460485869211,0.101088941796942,0.4204233338127
"trend_Spring","PM10","w_cars_per_capita",0.0511200255696906,0.0760390153719754,0.501401137760348
"trend_Spring","PM10","w_avg_temp",0.574721764226056,0.6222663687099,0.355697504803566
"trend_Spring","PM10","w_sun_time",0.731291504553713,0.187287810537764,9.43656934537572e-05
"trend_Spring","PM10","w_stagnant_days",0.279181058553284,0.155650287463771,0.0728701583125439
"trend_Spring","PM10","w_avg_wind",-0.419836257348196,0.175815358696104,0.0169431785215897
"trend_Spring","PM10","w_avg_humid",-0.0435929424871381,0.118737531574733,0.713516820897436
"trend_Spring","PM10","w_avg_rain",0.0120783532596155,0.132154302058443,0.927178068237833
"trend_Spring","PM10","w_trend61",0.0026931610630317,0.059172333836745,0.96369773110081
"trend_Spring","PM10","w_trend79",0.196752824390729,0.0517119002674045,0.000141925618621486
"trend_Spring","PM10","w_trend97",0.0575831420576288,0.0503984436093042,0.253222175683237
"trend_Summer","NO2","lambda",0.829211629105733,0.00552071263994585,0
"trend_Summer","NO2","lez",-0.0807728217430149,0.100040875842013,0.419437111354407
"trend_Summer","NO2","pop_density",0.173891685079858,0.177813073744974,0.328100751891282
"trend_Summer","NO2","industrial_area",0.0462111357504754,0.0268767979606093,0.0855471861612978
"trend_Summer","NO2","commercial_area",0.0376008703966369,0.0359202556431942,0.29519765083807
"trend_Summer","NO2","green_area_per_capita",-0.2591046027286,0.0618206897701427,2.77448733625083e-05
"trend_Summer","NO2","daily_km",0.0856812587507338,0.0262098562236689,0.00107910274941657
"trend_Summer","NO2","cars_per_capita",-0.0590179360921426,0.0164746097905449,0.000340507830937208
"trend_Summer","NO2","avg_temp",-0.380334440361712,0.159716880877119,0.0172514705827399
"trend_Summer","NO2","sun_time",-0.0312052101514365,0.0741693370367495,0.673952793735372
"trend_Summer","NO2","stagnant_days",0.112353950947868,0.0699147801723522,0.108051546761021
"trend_Summer","NO2","avg_wind",-0.146090971624361,0.0809231267788308,0.0710268783041331
"trend_Summer","NO2","avg_humid",-0.0262037251495714,0.0498140241053711,0.598866609234784
"trend_Summer","NO2","avg_rain",-0.0994940573211542,0.0598430375824164,0.0963958012436113
"trend_Summer","NO2","trend61",0.105985070386606,0.0281674028702006,0.000168098729182871
"trend_Summer","NO2","trend79",0.106712913564342,0.0248707707960492,1.78114106205485e-05
"trend_Summer","NO2","trend97",0.0802787778228844,0.0209154853112789,0.000123916306314543
"trend_Summer","NO2","w_lez",-0.0151020723395471,0.115944944517611,0.896366976940205
"trend_Summer","NO2","w_pop_density",-2.10758081402199,0.308377528238529,8.23388325402288e-12
"trend_Summer","NO2","w_industrial_area",0.026826572109009,0.0696357427701098,0.700058561701449
"trend_Summer","NO2","w_commercial_area",0.318235386377317,0.0747091789422232,2.04741957884405e-05
"trend_Summer","NO2","w_green_area_per_capita",-0.130000500858629,0.145312809769916,0.370987478531258
"trend_Summer","NO2","w_daily_km",-0.145245627987719,0.0503704790037303,0.0039322435015365
"trend_Summer","NO2","w_cars_per_capita",0.0713111894971799,0.0379659461330722,0.060341026519646
"trend_Summer","NO2","w_avg_temp",0.330479498443747,0.17291956382027,0.0559821318388907
"trend_Summer","NO2","w_sun_time",0.0911931826317601,0.0785330035010965,0.245557163233575
"trend_Summer","NO2","w_stagnant_days",-0.0597623771780004,0.0748495988482062,0.424619356919384
"trend_Summer","NO2","w_avg_wind",0.123255931371982,0.0857516252603599,0.150615810182923
"trend_Summer","NO2","w_avg_humid",-0.0275501176403585,0.0557249515046899,0.621027494838786
"trend_Summer","NO2","w_avg_rain",0.104124912494999,0.0625107700946557,0.0957708780023069
"trend_Summer","NO2","w_trend61",-0.190849430751739,0.0299689693189716,1.91216149191683e-10
"trend_Summer","NO2","w_trend79",-0.14367531391618,0.0259371365586225,3.03567181252841e-08
"trend_Summer","NO2","w_trend97",-0.0655881700589844,0.0254474363781796,0.00995472742885693
"trend_Summer","CO","lambda",0.749510904893881,0.00740473071342578,0
"trend_Summer","CO","lez",12.2397295736533,2.79511851573197,1.19243609265489e-05
"trend_Summer","CO","pop_density",-17.0664955694602,4.96670680178619,0.000589980173341448
"trend_Summer","CO","industrial_area",1.9715175396879,0.750992115248018,0.00865936679625475
"trend_Summer","CO","commercial_area",-2.15919749924602,1.0034180965264,0.0314097774344901
"trend_Summer","CO","green_area_per_capita",3.03174279378167,1.72705297265981,0.0791835879023349
"trend_Summer","CO","daily_km",1.1128409423109,0.732311692156616,0.1286046372922
"trend_Summer","CO","cars_per_capita",-0.0114798137771304,0.460317579860482,0.98010369970742
"trend_Summer","CO","avg_temp",-19.2503002226829,4.46245461882342,1.60445524989493e-05
"trend_Summer","CO","sun_time",7.26524157037478,2.07230119936352,0.000455098501341222
"trend_Summer","CO","stagnant_days",-0.397929348932888,1.95341838862993,0.838580731697458
"trend_Summer","CO","avg_wind",-5.53211704403652,2.26103591963667,0.0144163627788834
"trend_Summer","CO","avg_humid",-3.93563260870169,1.39167882853569,0.00468434988444782
"trend_Summer","CO","avg_rain",-0.32384733948856,1.67200658734211,0.846420316099438
"trend_Summer","CO","trend61",0.623814775076472,0.786994426592957,0.427979071360907
"trend_Summer","CO","trend79",-1.82264016243759,0.694861866126219,0.00871528344870072
"trend_Summer","CO","trend97",-1.07248562283791,0.584342016343367,0.0664504254125345
"trend_Summer","CO","w_lez",-10.7968933234687,3.23901003436304,0.000857936688918316
"trend_Summer","CO","w_pop_density",-31.75216828075,8.59612924530581,0.000220949221846991
"trend_Summer","CO","w_industrial_area",2.35307132674713,1.94636081360585,0.226678418916536
"trend_Summer","CO","w_commercial_area",-4.37688527078944,2.08618046222449,0.0359018146793612
"trend_Summer","CO","w_green_area_per_capita",3.08846661923334,4.05708574330935,0.446506272621717
"trend_Summer","CO","w_daily_km",0.792202278066016,1.40781223049169,0.573626443751057
"trend_Summer","CO","w_cars_per_capita",-0.433753202009429,1.06087137685447,0.682638717152785
"trend_Summer","CO","w_avg_temp",18.6604363274691,4.83135874968488,0.000112297915707554
"trend_Summer","CO","w_sun_time",-8.22070421893686,2.19375275112972,0.000178730548553225
"trend_Summer","CO","w_stagnant_days",1.70944233723469,2.09110736874025,0.413653112770819
"trend_Summer","CO","w_avg_wind",6.01510001364295,2.39606768724623,0.0120592806297614
"trend_Summer","CO","w_avg_humid",4.16602897128444,1.55629394901095,0.00743088471526639
"trend_Summer","CO","w_avg_rain",-0.414564453560074,1.74672067573487,0.812394024003738
"trend_Summer","CO","w_trend61",-1.44990329461257,0.834413209645093,0.0822756352281583
"trend_Summer","CO","w_trend79",1.14119400315039,0.72382454324374,0.114883703121086
"trend_Summer","CO","w_trend97",3.18379676885732,0.709960164142039,7.30945622833473e-06
"trend_Summer","SO2","lambda",0.842448175004775,0.00518314117434641,0
"trend_Summer","SO2","lez",0.00604259018869819,0.0355516280018666,0.865036384890731
"trend_Summer","SO2","pop_density",0.868823382041478,0.0631951815338947,5.21737774646739e-43
"trend_Summer","SO2","industrial_area",-0.00682871898666406,0.00955105891968988,0.474627685045716
"trend_Summer","SO2","commercial_area",0.00550939646538549,0.0127625422990901,0.665970462403596
"trend_Summer","SO2","green_area_per_capita",-0.0119627686013141,0.0219709007540764,0.586109561844039
"trend_Summer","SO2","daily_km",0.0253617661979146,0.00931432476959141,0.00647160315680132
"trend_Summer","SO2","cars_per_capita",-0.00651387091270724,0.00585488136720774,0.26590008257799
"trend_Summer","SO2","avg_temp",0.112181580296115,0.0567587050585067,0.0481021633336175
"trend_Summer","SO2","sun_time",0.0035427952187914,0.0263576280179581,0.89307638147404
"trend_Summer","SO2","stagnant_days",-0.0386297338436517,0.0248456507351953,0.119996431576385
"trend_Summer","SO2","avg_wind",-0.122733384575595,0.0287577477767255,1.97377319876371e-05
"trend_Summer","SO2","avg_humid",0.094223458029787,0.0177010082195775,1.02038314713317e-07
"trend_Summer","SO2","avg_rain",-0.0306060031094763,0.0212666968756081,0.150107544697931
"trend_Summer","SO2","trend61",0.00371905686822888,0.0100100415269645,0.710240870998523
"trend_Summer","SO2","trend79",0.00559647536929035,0.00883854539452919,0.526609810792307
"trend_Summer","SO2","trend97",-0.00796816539267891,0.00743245907725242,0.283685632043172
"trend_Summer","SO2","w_lez",-0.0308546307822575,0.0411938269461854,0.45385055691887
"trend_Summer","SO2","w_pop_density",0.00259131326939585,0.110261588584835,0.981250238044835
"trend_Summer","SO2","w_industrial_area",-0.064639806731434,0.0247456707090724,0.00899704814891943
"trend_Summer","SO2","w_commercial_area",-0.0508581369259442,0.0265183292168878,0.0551302286764484
"trend_Summer","SO2","w_green_area_per_capita",0.204037274666933,0.0516331438020522,7.76068992866028e-05
"trend_Summer","SO2","w_daily_km",0.00678873747245623,0.0179134249390707,0.704706542413591
"trend_Summer","SO2","w_cars_per_capita",-0.0317134841058375,0.0135012722995005,0.0188276685531731
"trend_Summer","SO2","w_avg_temp",-0.132577509035842,0.0614535217541122,0.0309774488085827
"trend_Summer","SO2","w_sun_time",-0.0238241703034375,0.0279033763828864,0.393210500909303
"trend_Summer","SO2","w_stagnant_days",0.0170201009889409,0.0266007337715724,0.522279374614402
"trend_Summer","SO2","w_avg_wind",0.0942246517599948,0.0304939570302849,0.00200193525395658
"trend_Summer","SO2","w_avg_humid",-0.115546765104025,0.0198008316093175,5.36455454118455e-09
"trend_Summer","SO2","w_avg_rain",0.00801961485377794,0.0222286172574857,0.718264778670136
"trend_Summer","SO2","w_trend61",0.0200103680086839,0.0106354069446049,0.0599058540722169
"trend_Summer","SO2","w_trend79",-0.00649850762989746,0.00920568922204828,0.480236031750551
"trend_Summer","SO2","w_trend97",0.017397430791946,0.00903238298501513,0.0540897059390349
"trend_Summer","O3","lambda",0.856773922241159,0.00483513215734171,0
"trend_Summer","O3","lez",0.246933479187562,0.133908538666564,0.0651764648055503
"trend_Summer","O3","pop_density",-0.779672749379789,0.237866735324715,0.00104630143979783
"trend_Summer","O3","industrial_area",-0.021586280018485,0.0359748251223037,0.548480579089015
"trend_Summer","O3","commercial_area",0.0401332971954893,0.0480656811348035,0.403735824905568
"trend_Summer","O3","green_area_per_capita",-0.101763747650585,0.0827413080241779,0.218733590524927
"trend_Summer","O3","daily_km",0.0190930578530933,0.0350827601827838,0.586283851717582
"trend_Summer","O3","cars_per_capita",0.0260062781892427,0.022051725235218,0.238266488760998
"trend_Summer","O3","avg_temp",1.82481053840279,0.21380199731087,1.40095956197675e-17
"trend_Summer","O3","sun_time",-0.173018114075692,0.0992783365807597,0.0813758977652687
"trend_Summer","O3","stagnant_days",0.143288187002435,0.0935834781585384,0.125738016372818
"trend_Summer","O3","avg_wind",0.054259484780339,0.108319047736683,0.616425429050671
"trend_Summer","O3","avg_humid",-0.26079038755929,0.0666724270847037,9.17178822388361e-05
"trend_Summer","O3","avg_rain",0.174854214019404,0.0801021403862687,0.0290438630925706
"trend_Summer","O3","trend61",0.0348398601329501,0.0377054675552364,0.355486203786441
"trend_Summer","O3","trend79",-0.0528766928634255,0.0332925901163038,0.112231607127191
"trend_Summer","O3","trend97",-0.0419855432358835,0.0279963302166759,0.13369725133508
"trend_Summer","O3","w_lez",-0.301137468171094,0.155162351396255,0.0522838106052823
"trend_Summer","O3","w_pop_density",1.01225718441148,0.410005929290922,0.0135535048611616
"trend_Summer","O3","w_industrial_area",-0.134386412912523,0.0932128769234733,0.149382759811752
"trend_Summer","O3","w_commercial_area",0.107560737339988,0.0998658191191623,0.281456779797472
"trend_Summer","O3","w_green_area_per_capita",-0.200780698958877,0.194377092605714,0.301629991975205
"trend_Summer","O3","w_daily_km",0.0170852050427972,0.0674235567826266,0.79995825951436
"trend_Summer","O3","w_cars_per_capita",0.0104615060684826,0.0508175263280171,0.83689704196778
"trend_Summer","O3","w_avg_temp",-1.17023770172458,0.232652144673984,4.90508270958923e-07
"trend_Summer","O3","w_sun_time",0.163227015056437,0.105084602167221,0.120353519725737
"trend_Summer","O3","w_stagnant_days",-0.162263487798295,0.100160237338079,0.105223905801369
"trend_Summer","O3","w_avg_wind",0.00869096691687595,0.114797353413709,0.939652181266793
"trend_Summer","O3","w_avg_humid",0.18357853852452,0.0745793526810536,0.0138349837469507
"trend_Summer","O3","w_avg_rain",-0.129528543995351,0.0836839385069225,0.121663135280973
"trend_Summer","O3","w_trend61",0.0638157767575487,0.0401094444718967,0.111600314699931
"trend_Summer","O3","w_trend79",0.0878547476238986,0.0347270729244698,0.0114106971054216
"trend_Summer","O3","w_trend97",0.110678548582466,0.0340973844859984,0.00117057667573362
"trend_Summer","PM10","lambda",0.865278145029092,0.00460768928087921,0
"trend_Summer","PM10","lez",0.0583300373481373,0.159674020266985,0.714882253592217
"trend_Summer","PM10","pop_density",2.51366172493322,0.283778196928563,8.1580049543233e-19
"trend_Summer","PM10","industrial_area",0.145678240818024,0.0428969169416773,0.000683765491225915
"trend_Summer","PM10","commercial_area",-0.109078682078517,0.0573155936646107,0.0570243665254976
"trend_Summer","PM10","green_area_per_capita",-0.140659541446922,0.0986624798433434,0.153965365106644
"trend_Summer","PM10","daily_km",0.23151175921958,0.0418344969743068,3.13023784412696e-08
"trend_Summer","PM10","cars_per_capita",-0.0480316039793304,0.0262949800677042,0.067753104878958
"trend_Summer","PM10","avg_temp",1.2466362596583,0.254923606514187,1.0071583194625e-06
"trend_Summer","PM10","sun_time",-0.124891246288078,0.118381354106644,0.291429506070949
"trend_Summer","PM10","stagnant_days",0.236414034061783,0.111590095208939,0.0341248478946702
"trend_Summer","PM10","avg_wind",0.429905377153417,0.129161018180483,0.000873321693225088
"trend_Summer","PM10","avg_humid",-0.0238777713244088,0.0795014936376215,0.763915016879416
"trend_Summer","PM10","avg_rain",0.045167577149877,0.0955175159267492,0.636304365229607
"trend_Summer","PM10","trend61",0.0403342045665198,0.0449571405745278,0.369628130576925
"trend_Summer","PM10","trend79",-0.156198693458832,0.0396948276864872,8.32006536730979e-05
"trend_Summer","PM10","trend97",-0.280020361685572,0.0333828104128929,4.93809008539868e-17
"trend_Summer","PM10","w_lez",-0.0632212864265771,0.185007486546376,0.732559470926597
"trend_Summer","PM10","w_pop_density",0.856840734100597,0.493067968405738,0.0822506299632833
"trend_Summer","PM10","w_industrial_area",-0.120214174029896,0.111143471984902,0.279424726092198
"trend_Summer","PM10","w_commercial_area",0.0378521211507528,0.119080434157809,0.750583399789409
"trend_Summer","PM10","w_green_area_per_capita",-0.0790539769102929,0.23177048581245,0.733037836749037
"trend_Summer","PM10","w_daily_km",-0.306430263053499,0.0803917714407959,0.000138007735843159
"trend_Summer","PM10","w_cars_per_capita",-0.0106236796027208,0.0605952566082404,0.860826651618066
"trend_Summer","PM10","w_avg_temp",-1.12260590592614,0.276029553086624,4.76268956056945e-05
"trend_Summer","PM10","w_sun_time",0.120422543065595,0.125305184760732,0.336535072190005
"trend_Summer","PM10","w_stagnant_days",-0.263056472619726,0.119434533993807,0.0276288798697819
"trend_Summer","PM10","w_avg_wind",-0.393796317824137,0.13686717497784,0.00401201869540095
"trend_Summer","PM10","w_avg_humid",-0.0440261959151419,0.0889242951290531,0.620531300766757
"trend_Summer","PM10","w_avg_rain",-0.127230223086553,0.0998288618134611,0.20249216668311
"trend_Summer","PM10","w_trend61",0.0931775949764496,0.0478471555765116,0.0514866873908272
"trend_Summer","PM10","w_trend79",0.194654153460061,0.0413653716195697,2.52962629019163e-06
"trend_Summer","PM10","w_trend97",0.0970762978287958,0.0405541542302753,0.0166773458122545
"trend_Autumn","NO2","lambda",0.838086020587818,0.00525432984659078,0
"trend_Autumn","NO2","lez",-0.043322482590152,0.127128594180882,0.733271575187264
"trend_Autumn","NO2","pop_density",-0.290501400455665,0.222068458747273,0.190818549116663
"trend_Autumn","NO2","industrial_area",0.0623233275966444,0.0335277129733725,0.0630469722065184
"trend_Autumn","NO2","commercial_area",0.046186479369643,0.0448239442604523,0.302823454042549
"trend_Autumn","NO2","green_area_per_capita",-0.350555186049522,0.0771982121760072,5.59945531121891e-06
"trend_Autumn","NO2","daily_km",0.164196938033626,0.0326859494153795,5.0745736302251e-07
"trend_Autumn","NO2","cars_per_capita",-0.109990739016953,0.0205401642866451,8.55988314814271e-08
"trend_Autumn","NO2","avg_temp",-4.49232977890761,0.43763366170677,1.01272433628917e-24
"trend_Autumn","NO2","sun_time",0.392742642488089,0.101973676789262,0.000117438731034547
"trend_Autumn","NO2","stagnant_days",0.0844588399311547,0.086796324738629,0.330518855252702
"trend_Autumn","NO2","avg_wind",-0.0478800729588688,0.0907314647981051,0.597699318045259
"trend_Autumn","NO2","avg_humid",-0.348693887209085,0.0704201234755908,7.35971637400831e-07
"trend_Autumn","NO2","avg_rain",0.315399526023719,0.0617318482197797,3.23548847893243e-07
"trend_Autumn","NO2","trend61",0.137485765647785,0.035146016225908,9.15937166649769e-05
"trend_Autumn","NO2","trend79",0.125094914867311,0.0310523709784552,5.61304907014436e-05
"trend_Autumn","NO2","trend97",0.109443516941671,0.0261713821178568,2.89208806000309e-05
"trend_Autumn","NO2","w_lez",0.234128412850278,0.145806637689898,0.108329748452666
"trend_Autumn","NO2","w_pop_density",-2.98348808776997,0.388271107260679,1.54156659369779e-14
"trend_Autumn","NO2","w_industrial_area",0.0634498786382116,0.0869722335163355,0.465670316491018
"trend_Autumn","NO2","w_commercial_area",0.506722376479986,0.0934337620801518,5.8497968189169e-08
"trend_Autumn","NO2","w_green_area_per_capita",-0.694796339786262,0.181808161666035,0.000132593747685963
"trend_Autumn","NO2","w_daily_km",-0.185982643316021,0.0629736781151766,0.00314356154256876
"trend_Autumn","NO2","w_cars_per_capita",0.166809688558313,0.0474038903549011,0.000433335232276549
"trend_Autumn","NO2","w_avg_temp",3.57734391867373,0.469912966057399,2.6826269123039e-14
"trend_Autumn","NO2","w_sun_time",-0.416671821591361,0.107362946769566,0.000104042882958641
"trend_Autumn","NO2","w_stagnant_days",-0.0601169078201112,0.0986676427247393,0.542334250681587
"trend_Autumn","NO2","w_avg_wind",-0.0388414575034423,0.10855796359566,0.720497002068041
"trend_Autumn","NO2","w_avg_humid",0.308517418112028,0.0767081680327109,5.77151112503245e-05
"trend_Autumn","NO2","w_avg_rain",-0.347080119438608,0.06732123800633,2.52845233484137e-07
"trend_Autumn","NO2","w_trend61",-0.253501253994958,0.0372408724599621,9.96059478484142e-12
"trend_Autumn","NO2","w_trend79",-0.201701495358428,0.0324094327872285,4.8605182785518e-10
"trend_Autumn","NO2","w_trend97",-0.121002684824953,0.0316816646678634,0.000133815457672649
"trend_Autumn","CO","lambda",0.776728920872231,0.00676895352381999,0
"trend_Autumn","CO","lez",11.8570363194773,2.88959874323784,4.07209699996432e-05
"trend_Autumn","CO","pop_density",-19.7444680989352,5.04436291271767,9.07176376121808e-05
"trend_Autumn","CO","industrial_area",1.38246523954227,0.761997907809404,0.0696371179423734
"trend_Autumn","CO","commercial_area",0.65663718579312,1.01827715137232,0.519023654999879
"trend_Autumn","CO","green_area_per_capita",-0.904965120350997,1.75439731073253,0.605975394909637
"trend_Autumn","CO","daily_km",2.1658443474055,0.742960562253639,0.00355513232785834
"trend_Autumn","CO","cars_per_capita",-0.632869812839107,0.466868287648872,0.1752379534762
"trend_Autumn","CO","avg_temp",-72.412559240519,9.94740502305157,3.34953735718374e-13
"trend_Autumn","CO","sun_time",12.8651937391516,2.31775199294698,2.84494457227653e-08
"trend_Autumn","CO","stagnant_days",-4.92138109254455,1.97283234589303,0.0126107560784337
"trend_Autumn","CO","avg_wind",-4.08837006117755,2.06229726837266,0.0474305877239131
"trend_Autumn","CO","avg_humid",-3.72415565449021,1.60059462056058,0.0199795025830479
"trend_Autumn","CO","avg_rain",2.40181926385246,1.40313826850067,0.0869431004248031
"trend_Autumn","CO","trend61",3.85395957993163,0.798865787106669,1.40503435459146e-06
"trend_Autumn","CO","trend79",-0.756068050882697,0.705817533912674,0.284081862743748
"trend_Autumn","CO","trend97",-0.0844079443625762,0.59486597951989,0.887163692421925
"trend_Autumn","CO","w_lez",-7.13702509425998,3.31490771818157,0.0313179962866895
"trend_Autumn","CO","w_pop_density",-31.1452440978305,8.77208864987077,0.000384509569897095
"trend_Autumn","CO","w_industrial_area",4.00606947750196,1.9766236043461,0.0426906994371297
"trend_Autumn","CO","w_commercial_area",2.85833645108794,2.11889715941411,0.17734542743442
"trend_Autumn","CO","w_green_area_per_capita",-17.9136486293599,4.12680217466826,1.41960865691042e-05
"trend_Autumn","CO","w_daily_km",-0.114052109363176,1.4317789512753,0.936509563446316
"trend_Autumn","CO","w_cars_per_capita",2.87111228173611,1.07742463378572,0.00770360102886176
"trend_Autumn","CO","w_avg_temp",42.9142769517065,10.7006836700938,6.06098475548239e-05
"trend_Autumn","CO","w_sun_time",-13.3721802582432,2.44008099306919,4.24797685519872e-08
"trend_Autumn","CO","w_stagnant_days",4.17254518614767,2.24246040764079,0.0627866102162489
"trend_Autumn","CO","w_avg_wind",4.55712810815136,2.46761908723104,0.0647802931518141
"trend_Autumn","CO","w_avg_humid",2.68947016138149,1.74356325592298,0.12294881801418
"trend_Autumn","CO","w_avg_rain",-3.58770930582289,1.53033342566605,0.0190578664790168
"trend_Autumn","CO","w_trend61",-4.55423051427135,0.843680574843062,6.73688335656828e-08
"trend_Autumn","CO","w_trend79",-0.584217260941972,0.736083585085476,0.427379815174552
"trend_Autumn","CO","w_trend97",0.859602735441457,0.718690471315727,0.231669990980543
"trend_Autumn","SO2","lambda",0.798353918097455,0.00627950863028794,0
"trend_Autumn","SO2","lez",-0.0111774898955712,0.0303059417105452,0.71226060551282
"trend_Autumn","SO2","pop_density",0.765635203936003,0.0529042567505905,1.81859090856088e-47
"trend_Autumn","SO2","industrial_area",-0.0127647707139821,0.00799270578552998,0.110254006228067
"trend_Autumn","SO2","commercial_area",0.0235233508954813,0.0106792948451667,0.0276154502633384
"trend_Autumn","SO2","green_area_per_capita",-0.0531385331226133,0.0183955793013416,0.00386889887466692
"trend_Autumn","SO2","daily_km",0.0209550637928746,0.00779366655024897,0.0071724441198186
"trend_Autumn","SO2","cars_per_capita",-0.0109313598658128,0.00489723227705371,0.0256050124543143
"trend_Autumn","SO2","avg_temp",-0.0462552191357326,0.104329294155649,0.657506865757002
"trend_Autumn","SO2","sun_time",0.0697234946626304,0.024306780469485,0.00412450291984166
"trend_Autumn","SO2","stagnant_days",-0.0216537729757034,0.020691032610933,0.295316699969674
"trend_Autumn","SO2","avg_wind",-0.0347967821805785,0.0216289502581785,0.107658796513005
"trend_Autumn","SO2","avg_humid",0.066595187056652,0.0167868377914772,7.27502390900323e-05
"trend_Autumn","SO2","avg_rain",0.0356390781860617,0.0147161080133072,0.0154449802522515
"trend_Autumn","SO2","trend61",0.00719537065846644,0.00837846128361189,0.390454285189378
"trend_Autumn","SO2","trend79",0.00434043411946088,0.00740279475661085,0.557657997676174
"trend_Autumn","SO2","trend97",-0.0136122934372173,0.00623893738208845,0.0291221681170604
"trend_Autumn","SO2","w_lez",0.0224821198886627,0.0347437066721643,0.517577147780744
"trend_Autumn","SO2","w_pop_density",-0.0694920749184665,0.0924672691114874,0.452332789133016
"trend_Autumn","SO2","w_industrial_area",-0.0842384376338764,0.0207414847771197,4.87896769629597e-05
"trend_Autumn","SO2","w_commercial_area",0.035099133866028,0.022226263536742,0.114296189307104
"trend_Autumn","SO2","w_green_area_per_capita",-0.0350395305844893,0.0432482975451811,0.417828427558744
"trend_Autumn","SO2","w_daily_km",0.0459596255238354,0.0150546505799203,0.00226677434379697
"trend_Autumn","SO2","w_cars_per_capita",-0.0292699570234569,0.0113156752650902,0.0096907377090271
"trend_Autumn","SO2","w_avg_temp",-0.1688701459861,0.112062615074931,0.131829448433713
"trend_Autumn","SO2","w_sun_time",-0.0627572165261498,0.0255889701953007,0.0141863263146377
"trend_Autumn","SO2","w_stagnant_days",0.0178058509447668,0.0235189209179031,0.448998208960208
"trend_Autumn","SO2","w_avg_wind",0.0456622943175514,0.0258789356128197,0.0776549048432308
"trend_Autumn","SO2","w_avg_humid",-0.079975286577919,0.018286446977073,1.2228523845733e-05
"trend_Autumn","SO2","w_avg_rain",-0.0304454120080936,0.016046414722132,0.0577838392860587
"trend_Autumn","SO2","w_trend61",0.0057718888522181,0.00885377079222276,0.514457256252218
"trend_Autumn","SO2","w_trend79",-0.0121338572732274,0.00771335703211745,0.115696405536158
"trend_Autumn","SO2","w_trend97",0.00982095251943357,0.00753629778937344,0.192522376240366
"trend_Autumn","O3","lambda",0.841094094580492,0.00523360162525564,0
"trend_Autumn","O3","lez",0.0576966181030673,0.113919045784727,0.612526504598181
"trend_Autumn","O3","pop_density",-0.258471234797315,0.198804452847942,0.193557103969786
"trend_Autumn","O3","industrial_area",-0.127501406701617,0.0300506923395648,2.20671894777314e-05
"trend_Autumn","O3","commercial_area",0.113952098230982,0.0401547798344323,0.00454225742136837
"trend_Autumn","O3","green_area_per_capita",-0.0684703374425597,0.0691502755977515,0.322092382749425
"trend_Autumn","O3","daily_km",-0.0227990416932256,0.0292917431606692,0.43636646099767
"trend_Autumn","O3","cars_per_capita",0.0443294307319514,0.0184064024909238,0.0160239244286631
"trend_Autumn","O3","avg_temp",5.88567198876731,0.392160583223111,6.47662747684354e-51
"trend_Autumn","O3","sun_time",-0.479062616125644,0.0913688459905679,1.57838887993036e-07
"trend_Autumn","O3","stagnant_days",0.0898493413119512,0.0777775814518773,0.248004959433318
"trend_Autumn","O3","avg_wind",-0.0128580313292442,0.0813024859946065,0.87433818363926
"trend_Autumn","O3","avg_humid",-0.235489789844326,0.0631013034333642,0.000190016606268114
"trend_Autumn","O3","avg_rain",-0.0965278875970659,0.0553181576736188,0.0809920988759601
"trend_Autumn","O3","trend61",0.0716922206033687,0.0314940553080691,0.0228236877373233
"trend_Autumn","O3","trend79",-0.0234989076434276,0.0278261113228943,0.398394948633152
"trend_Autumn","O3","trend97",-0.0355696784151485,0.0234519953073608,0.129342044375538
"trend_Autumn","O3","w_lez",-0.284851578241166,0.130767911137005,0.0293838016839775
"trend_Autumn","O3","w_pop_density",1.40480422487018,0.344286669501484,4.49712482212879e-05
"trend_Autumn","O3","w_industrial_area",-0.346263725944582,0.0780507121937286,9.14782684990907e-06
"trend_Autumn","O3","w_commercial_area",0.399793372054825,0.0837171297801288,1.79237681830349e-06
"trend_Autumn","O3","w_green_area_per_capita",-0.197201849777552,0.162569361629365,0.225117558258899
"trend_Autumn","O3","w_daily_km",0.154386396822222,0.0564570460818695,0.00624596206908179
"trend_Autumn","O3","w_cars_per_capita",-0.118542925317349,0.0424819209175119,0.00526377032779598
"trend_Autumn","O3","w_avg_temp",-4.94281664416639,0.421526365759122,9.37908842618935e-32
"trend_Autumn","O3","w_sun_time",0.497798497732323,0.0961871005878443,2.27527372803628e-07
"trend_Autumn","O3","w_stagnant_days",-0.107371213879836,0.0884106514584209,0.224572054605066
"trend_Autumn","O3","w_avg_wind",0.130481407084686,0.0972987042509365,0.179907623669807
"trend_Autumn","O3","w_avg_humid",0.133161037996852,0.06880070515539,0.0529338277418166
"trend_Autumn","O3","w_avg_rain",0.0885546066430993,0.0603193036174146,0.142077795512681
"trend_Autumn","O3","w_trend61",0.0166369168238613,0.0333527459151518,0.617908306745872
"trend_Autumn","O3","w_trend79",0.058630393182672,0.0290168670375231,0.0433250749386874
"trend_Autumn","O3","w_trend97",0.0343628140648213,0.0283493583391669,0.225466586165156
"trend_Autumn","PM10","lambda",0.850128907198557,0.00500686370830964,0
"trend_Autumn","PM10","lez",-0.643960848621021,0.16886154494488,0.000136988395609801
"trend_Autumn","PM10","pop_density",0.916452372890848,0.294705095471677,0.00187260374431083
"trend_Autumn","PM10","industrial_area",0.143545616277829,0.0445351674839183,0.00126768355985285
"trend_Autumn","PM10","commercial_area",-0.130510413706666,0.0595153064204196,0.0283154344492356
"trend_Autumn","PM10","green_area_per_capita",0.0505394892044034,0.102505069021669,0.621981636244061
"trend_Autumn","PM10","daily_km",0.130570954129287,0.0434155826973268,0.00263434287879995
"trend_Autumn","PM10","cars_per_capita",-0.0380866976014612,0.027282724671912,0.162714341071433
"trend_Autumn","PM10","avg_temp",-4.85279538532915,0.581317867667573,6.9475269969068e-17
"trend_Autumn","PM10","sun_time",0.0661261538385599,0.135433981368142,0.625370092891811
"trend_Autumn","PM10","stagnant_days",-0.151237568930167,0.115287116342279,0.189576121198549
"trend_Autumn","PM10","avg_wind",0.425954623241838,0.120514859534867,0.000408613474330803
"trend_Autumn","PM10","avg_humid",0.0248201023824323,0.093534665945951,0.790734260198569
"trend_Autumn","PM10","avg_rain",0.0488106201720431,0.0819955504926718,0.551653804898055
"trend_Autumn","PM10","trend61",0.162437106277889,0.0466847494066137,0.000502449943473727
"trend_Autumn","PM10","trend79",-0.0659525471153554,0.0412480750124722,0.109837436576712
"trend_Autumn","PM10","trend97",-0.100769770919565,0.0347636881378883,0.00374704022746669
"trend_Autumn","PM10","w_lez",0.460135153574179,0.193618278218997,0.017477439548761
"trend_Autumn","PM10","w_pop_density",0.903225642830655,0.511396682673573,0.0773633433099362
"trend_Autumn","PM10","w_industrial_area",0.0965978764258778,0.115570156161741,0.40324629759057
"trend_Autumn","PM10","w_commercial_area",-0.426595312528201,0.123959746134608,0.000578708157475148
"trend_Autumn","PM10","w_green_area_per_capita",0.384786842531631,0.2410365698648,0.11040316114224
"trend_Autumn","PM10","w_daily_km",-0.117764517175397,0.0836501855673495,0.159183976738709
"trend_Autumn","PM10","w_cars_per_capita",0.0915190953695743,0.0629595455251628,0.146052390279188
"trend_Autumn","PM10","w_avg_temp",2.76863337609394,0.627241204632804,1.01484913204534e-05
"trend_Autumn","PM10","w_sun_time",-0.167990408424903,0.142600199708225,0.238775993803188
"trend_Autumn","PM10","w_stagnant_days",0.116851971695335,0.131042912153526,0.372549633870543
"trend_Autumn","PM10","w_avg_wind",-0.505023316050969,0.144210728749357,0.000461811541045997
"trend_Autumn","PM10","w_avg_humid",-0.23384484727171,0.102078557480612,0.0219731200338256
"trend_Autumn","PM10","w_avg_rain",-0.0672589770913348,0.0894057034210791,0.451876946105684
"trend_Autumn","PM10","w_trend61",-0.018859995998441,0.0495120022496696,0.703264348469818
"trend_Autumn","PM10","w_trend79",0.0937154855995423,0.0429970362616875,0.0292885994997936
"trend_Autumn","PM10","w_trend97",0.0595560992947533,0.0420016274277139,0.156206116039959
"may_june","O3","lambda",0.813910721301832,0.00725762679687631,0
"may_june","O3","lez",0.00494768346746042,0.159353607292034,0.975230895966388
"may_june","O3","pop_density",-1.47272164529919,0.321480707791047,4.62630352397991e-06
"may_june","O3","industrial_area",-0.114204177084047,0.0513579605325694,0.0261693165960182
"may_june","O3","commercial_area",0.101540436188714,0.0685880684657411,0.138756188027337
"may_june","O3","green_area_per_capita",0.0429546129119926,0.117774096597827,0.715320146240829
"may_june","O3","daily_km",-0.050296995971374,0.0498502834313863,0.312993298483492
"may_june","O3","cars_per_capita",0.048261264360766,0.0314645532682488,0.125071569500213
"may_june","O3","avg_temp",2.72610510417542,0.340060035508276,1.08764925777356e-15
"may_june","O3","sun_time",0.17258445648304,0.151746773830484,0.255405044508129
"may_june","O3","stagnant_days",0.126650821951477,0.141109321800351,0.369432497377506
"may_june","O3","avg_wind",-0.160250528079229,0.154798484453037,0.300566056940947
"may_june","O3","avg_humid",-0.238498966238017,0.118431747031188,0.0440295477245705
"may_june","O3","avg_rain",-0.247703075852077,0.103675605338309,0.0168845226686638
"may_june","O3","w_lez",0.493830513502103,0.172931059387014,0.00429488817070953
"may_june","O3","w_pop_density",1.13238965273713,0.482582567034,0.0189496483861521
"may_june","O3","w_industrial_area",0.00941037293491497,0.132738495288848,0.943482058410334
"may_june","O3","w_commercial_area",-0.284182978116167,0.142822946847182,0.0466176949898228
"may_june","O3","w_green_area_per_capita",0.168885970324181,0.275006640482824,0.539138694514981
"may_june","O3","w_daily_km",0.101542369633357,0.096312572261363,0.291745471382419
"may_june","O3","w_cars_per_capita",-0.0697988757058802,0.0720280212981964,0.332519400096652
"may_june","O3","w_avg_temp",-1.51636709985007,0.366162440840749,3.45431007802371e-05
"may_june","O3","w_sun_time",0.0402871614925001,0.161053764625424,0.80247345214946
"may_june","O3","w_stagnant_days",-0.239652952431954,0.151649236213202,0.11403566756731
"may_june","O3","w_avg_wind",0.187640336757711,0.167638238490297,0.263004909165191
"may_june","O3","w_avg_humid",0.336624894326563,0.129269303696705,0.00921268947850641
"may_june","O3","w_avg_rain",0.246186775446379,0.107834026226997,0.0224294432601271
"trends","NO2","lambda",0.837495339874637,0.00264233142688126,0
"trends","NO2","lez",0.0673107251589653,0.0657248031199694,0.305774001677151
"trends","NO2","pop_density",-0.284613855229567,0.117440456599873,0.0153728673028865
"trends","NO2","industrial_area",0.0673369113180872,0.0177494649526625,0.000148393168996907
"trends","NO2","commercial_area",0.033960495090948,0.0237072945725748,0.152003243638594
"trends","NO2","green_area_per_capita",-0.331102656524795,0.040839171566968,5.16815184793352e-16
"trends","NO2","daily_km",0.155857294032333,0.0173036740687973,2.11424333984617e-19
"trends","NO2","cars_per_capita",-0.107710547827992,0.0108757333633217,4.00951137557796e-23
"trends","NO2","avg_temp",-7.03205681369676,0.281848990894571,2.14971973338234e-137
"trends","NO2","sun_time",0.282015255215838,0.0539071832916372,1.68142974698844e-07
"trends","NO2","stagnant_days",0.236449953738774,0.0424903366030293,2.62462859416717e-08
"trends","NO2","avg_wind",-0.0360272191203568,0.0445177418462821,0.418355386489872
"trends","NO2","avg_humid",-0.458894290926672,0.0513372399110044,3.93351835602631e-19
"trends","NO2","avg_rain",0.0347361362523106,0.047031426021018,0.460166391005061
"trends","NO2","trend61",0.108201923342429,0.018450212227254,4.50391916146594e-09
"trends","NO2","trend79",0.101091079020997,0.0163114362706143,5.73457606993634e-10
"trends","NO2","trend97",0.0801109045087192,0.0136870061832477,4.82602261072235e-09
"trends","NO2","w_lez",0.0188048728295757,0.0760559560156998,0.804714368163502
"trends","NO2","w_pop_density",-2.90502096076722,0.20421773757436,6.39983460713832e-46
"trends","NO2","w_industrial_area",0.0705074606985925,0.0459958072480277,0.125297882630084
"trends","NO2","w_commercial_area",0.40961603076686,0.0492999701892597,9.67997181983087e-17
"trends","NO2","w_green_area_per_capita",-0.523571976244905,0.0960397421566978,4.99136162432944e-08
"trends","NO2","w_daily_km",-0.173903226074574,0.0333140986032362,1.78817851290377e-07
"trends","NO2","w_cars_per_capita",0.116704860291485,0.0250440859920831,3.16244990087601e-06
"trends","NO2","w_avg_temp",5.11431899347966,0.300971902524321,9.30405058562202e-65
"trends","NO2","w_sun_time",-0.233149509450296,0.0572307110944066,4.62416565069252e-05
"trends","NO2","w_stagnant_days",-0.203366853633368,0.0477632299060262,2.0643743379575e-05
"trends","NO2","w_avg_wind",-0.0751034999149521,0.0513674580452608,0.143718398634128
"trends","NO2","w_avg_humid",0.41581747956649,0.0554858107398606,6.67432127734752e-14
"trends","NO2","w_avg_rain",-0.113563772809897,0.0494181651199173,0.0215608339623186
"trends","NO2","w_trend61",-0.220383170974694,0.019530931423418,1.57775710391485e-29
"trends","NO2","w_trend79",-0.152447084907836,0.0170328011440999,3.54818460187487e-19
"trends","NO2","w_trend97",-0.0858919783045303,0.0166310307627972,2.41003453196713e-07
"trends","CO","lambda",0.792040958400372,0.00321669662831632,0
"trends","CO","lez",10.7864071302461,1.53622682648094,2.19713237076192e-12
"trends","CO","pop_density",-26.2281826699207,2.74364825741636,1.18211541394222e-21
"trends","CO","industrial_area",1.87642579141927,0.414848910734385,6.09246825832143e-06
"trends","CO","commercial_area",-0.868781917247802,0.553933119908239,0.116790669199535
"trends","CO","green_area_per_capita",0.203520819079758,0.954390408611545,0.83113436969945
"trends","CO","daily_km",1.61301942327365,0.404449509967204,6.65807662875252e-05
"trends","CO","cars_per_capita",-0.347496436426676,0.254206500777577,0.171630052883006
"trends","CO","avg_temp",-135.470288552981,6.58774514849834,5.76951351609971e-94
"trends","CO","sun_time",10.0249960946318,1.2600103256714,1.77287643750986e-15
"trends","CO","stagnant_days",1.66466081296297,0.993154796308542,0.093711890829266
"trends","CO","avg_wind",1.5297950825125,1.04054001520176,0.141509376589339
"trends","CO","avg_humid",-4.35372898195048,1.19993305294572,0.000285282690645929
"trends","CO","avg_rain",-1.18307139870144,1.09927822715722,0.281826361422754
"trends","CO","trend61",2.78199881162419,0.431247314232593,1.11076439405377e-10
"trends","CO","trend79",-1.14826777230966,0.381251838522708,0.00259673385155367
"trends","CO","trend97",-0.614855905334438,0.319909501440093,0.0546097526643026
"trends","CO","w_lez",-7.77501696295541,1.77809244760133,1.22734449609794e-05
"trends","CO","w_pop_density",-28.0882370130193,4.75107181201231,3.38021541959957e-09
"trends","CO","w_industrial_area",3.14009994598362,1.07511571452177,0.00349236068955165
"trends","CO","w_commercial_area",2.18404614256435,1.15085238961204,0.0577271880137311
"trends","CO","w_green_area_per_capita",-10.3129767847735,2.24225417837665,4.23752231188992e-06
"trends","CO","w_daily_km",-1.24806061615804,0.778680042906823,0.108981016796865
"trends","CO","w_cars_per_capita",2.52796360539275,0.585424082301043,1.57324708061065e-05
"trends","CO","w_avg_temp",85.0601951001215,7.04018145753238,1.31318083524232e-33
"trends","CO","w_sun_time",-9.56656377787799,1.33765078548932,8.56692775562001e-13
"trends","CO","w_stagnant_days",-1.39940565737046,1.1162762524347,0.2099738312891
"trends","CO","w_avg_wind",-1.79014234457524,1.20052650862262,0.135927093634996
"trends","CO","w_avg_humid",3.46547147242152,1.29686501062123,0.00753576619371129
"trends","CO","w_avg_rain",0.463683378713973,1.15462004336666,0.687986099427106
"trends","CO","w_trend61",-3.54713651793535,0.455155907908082,6.53154753264874e-15
"trends","CO","w_trend79",0.455387413169374,0.397827209777923,0.252339069853859
"trends","CO","w_trend97",1.18911299631969,0.388196221922331,0.00219001882386123
"trends","SO2","lambda",0.832866302093117,0.00273057309608214,0
"trends","SO2","lez",-0.0307194188573744,0.018531587092822,0.0973823172178284
"trends","SO2","pop_density",0.809649711161611,0.0330921078933696,3.35495005267286e-132
"trends","SO2","industrial_area",-0.00773378738405974,0.00500465448801089,0.122269135665091
"trends","SO2","commercial_area",0.0161352790392376,0.00668205286094825,0.0157473593725751
"trends","SO2","green_area_per_capita",-0.0222839334203738,0.0115118550818433,0.0528998181986051
"trends","SO2","daily_km",0.0245546429125351,0.00487893502348581,4.83399016084862e-07
"trends","SO2","cars_per_capita",-0.00454545041033421,0.0030665171664858,0.138264650212806
"trends","SO2","avg_temp",-0.744990325793834,0.0794705644394393,6.95581558983229e-21
"trends","SO2","sun_time",0.0861571908687552,0.0151993628768844,1.44075061376419e-08
"trends","SO2","stagnant_days",0.0866205580046878,0.0119805965498828,4.82743271481126e-13
"trends","SO2","avg_wind",0.0639863388063231,0.0125523029756525,3.4402735752185e-07
"trends","SO2","avg_humid",0.0534281356980143,0.0144748209434745,0.000223278796663217
"trends","SO2","avg_rain",0.00239365595842903,0.0132608106393085,0.85675534011268
"trends","SO2","trend61",0.0133052608120148,0.00520217650315155,0.0105387102653117
"trends","SO2","trend79",0.00622840142290443,0.00459911125830338,0.175652817980467
"trends","SO2","trend97",-0.00509373958196051,0.0038590899349527,0.186857438131047
"trends","SO2","w_lez",0.0309647843874973,0.0214429996551299,0.148724639219052
"trends","SO2","w_pop_density",-0.199750175545837,0.0573505435258407,0.000495885449730373
"trends","SO2","w_industrial_area",-0.0760308318245204,0.0129709799556621,4.58399372024838e-09
"trends","SO2","w_commercial_area",0.0260080563890192,0.0138847923591087,0.0610500848295698
"trends","SO2","w_green_area_per_capita",0.0509065217781811,0.0270404499042851,0.0597537398013374
"trends","SO2","w_daily_km",-0.00191161106988243,0.00939579844102928,0.838780338298616
"trends","SO2","w_cars_per_capita",-0.0181329116418174,0.00706232401823177,0.0102418277061269
"trends","SO2","w_avg_temp",0.240546196842846,0.0848047352143738,0.00456150790388218
"trends","SO2","w_sun_time",-0.0842321202877847,0.0161362233532565,1.78861210528874e-07
"trends","SO2","w_stagnant_days",-0.0896465264133113,0.0134655952027741,2.78619193774771e-11
"trends","SO2","w_avg_wind",-0.066808215022332,0.014481869358113,3.96456424987348e-06
"trends","SO2","w_avg_humid",-0.0585917051108734,0.0156433290183781,0.000180052440384101
"trends","SO2","w_avg_rain",-0.0286122134977658,0.0139349609071255,0.0400465634787831
"trends","SO2","w_trend61",-0.00197451075454359,0.00549176301734701,0.719190849368352
"trends","SO2","w_trend79",-0.0127683777514902,0.00479758109698674,0.00778118547880524
"trends","SO2","w_trend97",0.00302338087677861,0.00468246829843939,0.518485959084992
"trends","O3","lambda",0.857937556421637,0.00239972759276344,0
"trends","O3","lez",0.0428281630191099,0.0676920091877505,0.52693508126415
"trends","O3","pop_density",-0.382973443195089,0.120862091068498,0.00153132228974119
"trends","O3","industrial_area",-0.148227027228913,0.0182814083396782,5.14280542091693e-16
"trends","O3","commercial_area",0.161942414597111,0.0244094554796361,3.25795911487574e-11
"trends","O3","green_area_per_capita",-0.0553454029128402,0.0420498307292343,0.188111586322136
"trends","O3","daily_km",-0.0265013038888285,0.0178217052152567,0.137008464733376
"trends","O3","cars_per_capita",0.0492481424595378,0.0112013130907043,1.09939402792081e-05
"trends","O3","avg_temp",12.1798028932224,0.290280492101089,0
"trends","O3","sun_time",-0.406839440174798,0.0555206004067179,2.34100355356167e-13
"trends","O3","stagnant_days",0.136429188394863,0.043762103816098,0.00182380214971429
"trends","O3","avg_wind",0.153116910638568,0.0458503794538767,0.000839321950974268
"trends","O3","avg_humid",-0.244701246163821,0.0528734898555285,3.69121827351361e-06
"trends","O3","avg_rain",0.059162320446343,0.0484387388793485,0.221940507600525
"trends","O3","trend61",0.0244183848812171,0.0190024573749351,0.198788106792326
"trends","O3","trend79",-0.0511066105138087,0.016799568996296,0.00234904021199523
"trends","O3","trend97",-0.0430202232323463,0.0140965000091268,0.00227445416550088
"trends","O3","w_lez",-0.0788471215299972,0.078329282621744,0.314121721596863
"trends","O3","w_pop_density",1.65691368869694,0.208455023456051,1.88718046631379e-15
"trends","O3","w_industrial_area",-0.221381348358969,0.0473964890763292,2.9997264403664e-06
"trends","O3","w_commercial_area",0.129821006209705,0.0507506803269488,0.0105271523406158
"trends","O3","w_green_area_per_capita",0.0954847368166588,0.0987727660758199,0.333688438750608
"trends","O3","w_daily_km",0.0922088877465264,0.0343131947723108,0.0072038262839434
"trends","O3","w_cars_per_capita",-0.0151503624162844,0.0257937950378851,0.556958855416384
"trends","O3","w_avg_temp",-9.67762877362307,0.311267167377918,3.18047517865598e-212
"trends","O3","w_sun_time",0.435705768848266,0.0589470412067291,1.45205395418801e-13
"trends","O3","w_stagnant_days",-0.101497669334022,0.0491886895709638,0.0390713065414819
"trends","O3","w_avg_wind",0.00502002381461337,0.0529309204154053,0.924441084449814
"trends","O3","w_avg_humid",0.188730855234012,0.0571485578576498,0.000958405836160966
"trends","O3","w_avg_rain",0.0278461573623377,0.0508968869349436,0.584303681453894
"trends","O3","w_trend61",0.0391479744426354,0.0200712705506241,0.0511227161974695
"trends","O3","w_trend79",0.0613440730215592,0.0175257233581207,0.000464855855479786
"trends","O3","w_trend97",0.040602106940777,0.0171060680244507,0.0176180098027303
"trends","PM10","lambda",0.88133878950576,0.00208690989068301,0
"trends","PM10","lez",-0.262084996389377,0.0954521179804297,0.00603778711245031
"trends","PM10","pop_density",0.918952004271621,0.170420980290584,6.95820656387816e-08
"trends","PM10","industrial_area",0.183393145535063,0.0257764950763756,1.1212132166053e-12
"trends","PM10","commercial_area",-0.162603275738055,0.0344180286651546,2.30837287821328e-06
"trends","PM10","green_area_per_capita",-0.0241780408802619,0.0592944687072186,0.683448293826132
"trends","PM10","daily_km",0.212232954543559,0.0251301761752333,3.03154312834048e-17
"trends","PM10","cars_per_capita",-0.0491892040336055,0.0157948979330852,0.00184415412390861
"trends","PM10","avg_temp",-7.3307804880577,0.409335244286734,1.00341143269336e-71
"trends","PM10","sun_time",-0.00304667511509489,0.078288743525713,0.968957458126246
"trends","PM10","stagnant_days",0.183883124045712,0.0617088910805442,0.00288391318774984
"trends","PM10","avg_wind",0.494374059649249,0.064654645302635,2.06714379278493e-14
"trends","PM10","avg_humid",-0.126712546275807,0.0745568004171365,0.089216773268303
"trends","PM10","avg_rain",-0.0929028924871726,0.0683033443013612,0.173782003949692
"trends","PM10","trend61",0.0689648379442595,0.0267952293163703,0.0100596247497758
"trends","PM10","trend79",-0.166906367923358,0.023688871176314,1.84437013589946e-12
"trends","PM10","trend97",-0.225927544947532,0.0198776751833478,6.18283534210849e-30
"trends","PM10","w_lez",0.280954015432838,0.110448631072849,0.0109668664270191
"trends","PM10","w_pop_density",0.542204982375387,0.294039356710245,0.0651849202183269
"trends","PM10","w_industrial_area",0.0243600449012608,0.0668048792946812,0.715376646159627
"trends","PM10","w_commercial_area",-0.107421781449547,0.0715236032369513,0.133121196884798
"trends","PM10","w_green_area_per_capita",-0.106512575001433,0.139282587035829,0.444436604874281
"trends","PM10","w_daily_km",-0.204434469871676,0.0483826430798597,2.38550666557436e-05
"trends","PM10","w_cars_per_capita",0.0749756924919668,0.0363714781966589,0.0392661336515523
"trends","PM10","w_avg_temp",4.80342907587229,0.437010785155117,4.19622624488518e-28
"trends","PM10","w_sun_time",0.0458544304121404,0.0831173682300618,0.581165630475838
"trends","PM10","w_stagnant_days",-0.215391045443623,0.0693587120132851,0.00189980169124685
"trends","PM10","w_avg_wind",-0.573768521586521,0.0746008303703552,1.45782526154398e-14
"trends","PM10","w_avg_humid",-0.00828840290932807,0.0806136319275058,0.918108694013416
"trends","PM10","w_avg_rain",-0.0198507445382342,0.071768824981119,0.782092748022516
"trends","PM10","w_trend61",0.0191291070052548,0.0283142612412599,0.499294818482077
"trends","PM10","w_trend79",0.189698347198249,0.0247135991152651,1.64301079406518e-14
"trends","PM10","w_trend97",0.0680501235818159,0.0241172545685811,0.00477793129571917
"no_transport","NO2","lambda",0.843794947188994,0.00257974977907955,0
"no_transport","NO2","lez",0.191789289442923,0.055447066905677,0.000542261693777277
"no_transport","NO2","pop_density",-0.138455155532579,0.111086489544824,0.212627639859011
"no_transport","NO2","industrial_area",0.0990806002563149,0.0166673543261742,2.77148404967584e-09
"no_transport","NO2","commercial_area",0.0204475060224794,0.0233122613534823,0.380424832621083
"no_transport","NO2","green_area_per_capita",-0.347311293908471,0.0407173679505826,1.46591957931837e-17
"no_transport","NO2","avg_temp",-6.94045728121851,0.281902924904049,7.71042252606653e-134
"no_transport","NO2","sun_time",0.257902689914083,0.0538700193228231,1.6887216881543e-06
"no_transport","NO2","stagnant_days",0.224256870552973,0.0425684303682196,1.37805588059999e-07
"no_transport","NO2","avg_wind",-0.0483710654344718,0.0445659973754138,0.277753156213733
"no_transport","NO2","avg_humid",-0.441286858570001,0.0512869162513685,7.67989857350254e-18
"no_transport","NO2","avg_rain",0.0345419915021014,0.0471606099915053,0.463904265494349
"no_transport","NO2","w_lez",-0.500170779485972,0.0590604664126752,2.47951922942866e-17
"no_transport","NO2","w_pop_density",-1.56402098260941,0.164410038412492,1.85368696697637e-21
"no_transport","NO2","w_industrial_area",0.0426605075120043,0.0434395198416141,0.326066971160438
"no_transport","NO2","w_commercial_area",0.451345543900841,0.0475417381065191,2.23041608035341e-21
"no_transport","NO2","w_green_area_per_capita",-0.549530803628424,0.0944626247213606,5.97551249594005e-09
"no_transport","NO2","w_avg_temp",5.02965856991158,0.300954924956271,1.06584848234681e-62
"no_transport","NO2","w_sun_time",-0.212335336740372,0.0571709849257141,0.000203976363863901
"no_transport","NO2","w_stagnant_days",-0.181830398303687,0.0478012257963841,0.00014244393683212
"no_transport","NO2","w_avg_wind",-0.0460274747596629,0.0513980307307608,0.370514270369236
"no_transport","NO2","w_avg_humid",0.383563682836076,0.055282674008938,3.9705434773642e-12
"no_transport","NO2","w_avg_rain",-0.10766817145829,0.0495491782309552,0.0297836483036216
"no_transport","CO","lambda",0.792694447727759,0.00321869779291166,0
"no_transport","CO","lez",6.10709335211498,1.30037188452922,2.64760038700536e-06
"no_transport","CO","pop_density",-36.6476140421961,2.60497788643781,5.948096446366e-45
"no_transport","CO","industrial_area",1.78709325952449,0.390852100423659,4.82398411298548e-06
"no_transport","CO","commercial_area",-1.03135691742614,0.546537266131123,0.0591502126421622
"no_transport","CO","green_area_per_capita",0.522225448591091,0.954801390711306,0.584415365941428
"no_transport","CO","avg_temp",-128.772509852943,6.61134785169234,1.70408371860913e-84
"no_transport","CO","sun_time",9.13932449941217,1.26338222941435,4.68924047053782e-13
"no_transport","CO","stagnant_days",1.94977009463566,0.998337066842137,0.0508174821607848
"no_transport","CO","avg_wind",1.13363287644807,1.04518338075826,0.278087416562004
"no_transport","CO","avg_humid",-3.45264187908944,1.2028002456793,0.00409819129731462
"no_transport","CO","avg_rain",-1.18605664476518,1.10601576927262,0.283554480222615
"no_transport","CO","w_lez",-8.30353431178667,1.38232966279623,1.89088667952733e-09
"no_transport","CO","w_pop_density",2.00880713865886,3.85481218894781,0.602285454226905
"no_transport","CO","w_industrial_area",1.82747469389164,1.01864377220161,0.0728088181766841
"no_transport","CO","w_commercial_area",3.22638486221876,1.11318400079113,0.00375144582791058
"no_transport","CO","w_green_area_per_capita",-9.52298963707387,2.21344413574623,1.69003570789764e-05
"no_transport","CO","w_avg_temp",78.0029344969416,7.06449619457021,2.40862545444023e-28
"no_transport","CO","w_sun_time",-8.65074338838093,1.34077223055356,1.10339596399946e-10
"no_transport","CO","w_stagnant_days",-1.5711143060594,1.12093421252994,0.16103128487048
"no_transport","CO","w_avg_wind",-1.32434960009199,1.20526960005,0.271855542599375
"no_transport","CO","w_avg_humid",2.47427207901992,1.29639440968226,0.056316330179527
"no_transport","CO","w_avg_rain",0.491054107946723,1.16162430287228,0.672491846292585
"no_transport","SO2","lambda",0.83721646100403,0.00267922101605509,0
"no_transport","SO2","lez",-0.0423444064237688,0.0155940210498451,0.00661906154246569
"no_transport","SO2","pop_density",0.714702788043974,0.0312364138479525,7.27690428795265e-116
"no_transport","SO2","industrial_area",-0.00918414098327834,0.00468732594835555,0.0500710907178439
"no_transport","SO2","commercial_area",0.0169556472014799,0.00655399047581882,0.00967952801587136
"no_transport","SO2","green_area_per_capita",-0.0184185081368053,0.011449499449789,0.10768771917428
"no_transport","SO2","avg_temp",-0.744120349758973,0.0792856827912855,6.27343472754097e-21
"no_transport","SO2","sun_time",0.0889594621886579,0.0151502271049532,4.31027055260197e-09
"no_transport","SO2","stagnant_days",0.0875279231961028,0.0119721481549306,2.6523605092735e-13
"no_transport","SO2","avg_wind",0.0648750506016758,0.0125339270352541,2.26747305473514e-07
"no_transport","SO2","avg_humid",0.055064941600899,0.0144238986394766,0.000134746097961147
"no_transport","SO2","avg_rain",0.00229373411513795,0.0132634463283238,0.862701333368973
"no_transport","SO2","w_lez",0.0306951555650847,0.0165784318330958,0.0640960159578129
"no_transport","SO2","w_pop_density",-0.422863233789608,0.0461618637565419,5.1683539763736e-20
"no_transport","SO2","w_industrial_area",-0.0583760345029941,0.0122171371929308,1.76863520859375e-06
"no_transport","SO2","w_commercial_area",0.00618219955596379,0.013350302846043,0.643310175945253
"no_transport","SO2","w_green_area_per_capita",0.0646191958052297,0.0265400664459984,0.014900888445281
"no_transport","SO2","w_avg_temp",0.271604756966585,0.0845499623652452,0.00131650162899211
"no_transport","SO2","w_sun_time",-0.0853539472673693,0.0160785786894663,1.10500458781062e-07
"no_transport","SO2","w_stagnant_days",-0.0867497712245018,0.0134421321155406,1.09243859999353e-10
"no_transport","SO2","w_avg_wind",-0.0696959906419199,0.0144534312247173,1.42049768728038e-06
"no_transport","SO2","w_avg_humid",-0.0539940813461756,0.0155453330359213,0.000514041692282642
"no_transport","SO2","w_avg_rain",-0.0279340174608687,0.0139366662396482,0.0450321167722927
"no_transport","O3","lambda",0.858917118651944,0.00239095850623915,0
"no_transport","O3","lez",-0.0700346168423484,0.0570322816743038,0.219453715062601
"no_transport","O3","pop_density",-0.762771751484143,0.114239355837998,2.43947427035734e-11
"no_transport","O3","industrial_area",-0.171386568862486,0.0171439862869299,1.57256090436146e-23
"no_transport","O3","commercial_area",0.165835078462319,0.0239713694847054,4.57909999526902e-12
"no_transport","O3","green_area_per_capita",-0.0300535952883471,0.0418742375124036,0.47293558173209
"no_transport","O3","avg_temp",12.2349660117987,0.289958748387496,0
"no_transport","O3","sun_time",-0.410247011587688,0.0554098835313324,1.32282040625249e-13
"no_transport","O3","stagnant_days",0.147125350827405,0.0437854502214742,0.000779022886268239
"no_transport","O3","avg_wind",0.155253607948911,0.0458405475720041,0.000707081863772095
"no_transport","O3","avg_humid",-0.23742357818519,0.0527527998951951,6.77357709545469e-06
"no_transport","O3","avg_rain",0.0578172014031148,0.0485084168666243,0.233300301848584
"no_transport","O3","w_lez",0.136597821389572,0.0606248673360689,0.0242487554566133
"no_transport","O3","w_pop_density",1.13933588099872,0.168406271001938,1.32940872987303e-11
"no_transport","O3","w_industrial_area",-0.233826655830382,0.0447032075521947,1.68918664291749e-07
"no_transport","O3","w_commercial_area",0.112306815786966,0.0488574572798548,0.0215240988479149
"no_transport","O3","w_green_area_per_capita",0.1761481979194,0.097066111839497,0.0695663425353348
"no_transport","O3","w_avg_temp",-9.70478760842784,0.310896257083282,6.56142416115422e-214
"no_transport","O3","w_sun_time",0.44104439381556,0.058809547115055,6.40434832580056e-14
"no_transport","O3","w_stagnant_days",-0.110582812694354,0.0491642033499566,0.0244962996940885
"no_transport","O3","w_avg_wind",-0.00655943336848273,0.0528948893487554,0.901308283293776
"no_transport","O3","w_avg_humid",0.191024348664991,0.0568590583914293,0.000780521368768222
"no_transport","O3","w_avg_rain",0.0278961908453004,0.0509659884248348,0.584138877534475
"no_transport","PM10","lambda",0.881982555971296,0.00208161311780444,0
"no_transport","PM10","lez",-0.826177952018745,0.0809476405447116,1.8576746249068e-24
"no_transport","PM10","pop_density",-0.251671435965179,0.162144838548665,0.120628808086289
"no_transport","PM10","industrial_area",0.174177177517974,0.0243314456645388,8.15517850702079e-13
"no_transport","PM10","commercial_area",-0.183888653458628,0.0340222436191588,6.48251153486187e-08
"no_transport","PM10","green_area_per_capita",0.0575044713195992,0.0594331493286972,0.333269766580923
"no_transport","PM10","avg_temp",-7.24630704127978,0.411565449598052,2.18859363023114e-69
"no_transport","PM10","sun_time",0.021427343347682,0.078643828125971,0.785267894522477
"no_transport","PM10","stagnant_days",0.218250567587345,0.0621459587170958,0.000444910655617818
"no_transport","PM10","avg_wind",0.522353922679605,0.0650627661551258,9.87024581609436e-16
"no_transport","PM10","avg_humid",-0.110558769126361,0.0748737704951702,0.139782319959868
"no_transport","PM10","avg_rain",-0.0931102283505326,0.0688495309844445,0.176256107775173
"no_transport","PM10","w_lez",0.827019554930463,0.0860444178088321,7.14703639789533e-22
"no_transport","PM10","w_pop_density",-0.48870962846695,0.239082079097596,0.0409428633430806
"no_transport","PM10","w_industrial_area",-0.00486003292067566,0.0634246586593338,0.938920384546071
"no_transport","PM10","w_commercial_area",-0.15064279910034,0.0693266588655357,0.0297846933584394
"no_transport","PM10","w_green_area_per_capita",0.190204779325542,0.137770340827251,0.167404111912632
"no_transport","PM10","w_avg_temp",4.75234629261799,0.439208003454945,2.75983018877747e-27
"no_transport","PM10","w_sun_time",0.0167493148708369,0.0834649180815443,0.840952780035029
"no_transport","PM10","w_stagnant_days",-0.231768470446045,0.0697765950978348,0.000895096506910074
"no_transport","PM10","w_avg_wind",-0.621628848533412,0.0750329419134058,1.18361643892037e-16
"no_transport","PM10","w_avg_humid",-0.0410846704339765,0.0807370777167606,0.610843404164001
"no_transport","PM10","w_avg_rain",-0.0175854100257443,0.0723378874090207,0.807927185917885
"k3","NO2","lambda",0.809992713354149,0.002554945119375,0
"k3","NO2","lez",-0.237741480602845,0.0535704477775343,9.08314270469195e-06
"k3","NO2","pop_density",-0.264751160086094,0.107937593531878,0.0141742443120175
"k3","NO2","industrial_area",0.0611437806877476,0.0174319165029278,0.000452208312643178
"k3","NO2","commercial_area",0.027863751110473,0.0233396029066728,0.232540568563307
"k3","NO2","green_area_per_capita",-0.243385057175679,0.0402288274509044,1.4483128300682e-09
"k3","NO2","daily_km",0.142416756287421,0.0168511896102939,2.87740697219195e-17
"k3","NO2","cars_per_capita",-0.0704142750473922,0.0107156206087277,4.99179692031954e-11
"k3","NO2","avg_temp",-7.60745242403996,0.301713171523255,2.79974100418448e-140
"k3","NO2","sun_time",0.246727930168803,0.0548697320025916,6.90446110530716e-06
"k3","NO2","stagnant_days",0.263602522489066,0.0443824625057192,2.86172301903784e-09
"k3","NO2","avg_wind",-0.00782760461933562,0.0466402728568151,0.866717566736553
"k3","NO2","avg_humid",-0.554148148102859,0.053143624354106,1.85967503472078e-25
"k3","NO2","avg_rain",0.0258480930230283,0.0488716555828718,0.596876605102611
"k3","NO2","w_lez",-0.12644420277557,0.0563051470509408,0.0247235329438593
"k3","NO2","w_pop_density",-1.19701080708011,0.138887431436218,6.77964653653451e-18
"k3","NO2","w_industrial_area",0.273995771902317,0.0495098494128674,3.1271102732984e-08
"k3","NO2","w_commercial_area",-0.268575427183117,0.0387044588549771,3.94510738216300e-12
"k3","NO2","w_green_area_per_capita",0.290195219742607,0.0794539774746128,0.00025983246678376
"k3","NO2","w_daily_km",-0.294012320697617,0.0287489839264547,1.50287943223764e-24
"k3","NO2","w_cars_per_capita",0.0960829227486581,0.0228100104002652,2.52768000610316e-05
"k3","NO2","w_avg_temp",5.4509399737464,0.316188069175869,1.34076804433528e-66
"k3","NO2","w_sun_time",-0.193580091568873,0.0568770036519193,0.000665317974798796
"k3","NO2","w_stagnant_days",-0.202822097258514,0.0477716618848188,2.17953697902624e-05
"k3","NO2","w_avg_wind",-0.0180022476204388,0.0514703793221873,0.72651929086862
"k3","NO2","w_avg_humid",0.491099167955403,0.0557161220440466,1.20424487968346e-18
"k3","NO2","w_avg_rain",-0.111626741236305,0.0504091236481623,0.0268002144048315
"k3","CO","lambda",0.756677008774778,0.00307839128389282,0
"k3","CO","lez",3.39861939234819,1.24660193855727,0.00640474275629373
"k3","CO","pop_density",-35.2880318494872,2.51200571055084,7.951896043146e-45
"k3","CO","industrial_area",2.61001441842823,0.405616943480625,1.23735366262131e-10
"k3","CO","commercial_area",-1.37997346223452,0.543077748987045,0.0110528408941664
"k3","CO","green_area_per_capita",-0.815120289486709,0.936189932756113,0.383929812483055
"k3","CO","daily_km",1.46065251463545,0.39210197612229,0.000195171807012118
"k3","CO","cars_per_capita",-0.286135597900393,0.249348629202981,0.251161705001944
"k3","CO","avg_temp",-115.62854912214,7.02142960553478,6.23480085372277e-61
"k3","CO","sun_time",8.59729123871475,1.27685943170356,1.66024130820951e-11
"k3","CO","stagnant_days",1.34429507631215,1.03280664781657,0.193055165505285
"k3","CO","avg_wind",0.530471966099723,1.0853451356326,0.6250124826119
"k3","CO","avg_humid",-3.03446917847217,1.23669288838522,0.014139621038972
"k3","CO","avg_rain",-0.0631823575645454,1.1372606625448,0.955695023956554
"k3","CO","w_lez",-6.96960556211373,1.30826874231711,9.96559851116264e-08
"k3","CO","w_pop_density",-8.13732881545101,3.23993079109158,0.0120193780650411
"k3","CO","w_industrial_area",5.04230967569094,1.1520613209284,1.20449881251355e-05
"k3","CO","w_commercial_area",0.89262425818962,0.900582774989351,0.321606030539661
"k3","CO","w_green_area_per_capita",-7.7515019991186,1.84913546888727,2.76554712707128e-05
"k3","CO","w_daily_km",-1.61573631139949,0.668876926684256,0.0157094882883147
"k3","CO","w_cars_per_capita",-0.0421749921559833,0.530809334636774,0.93667141775344
"k3","CO","w_avg_temp",56.4368615474643,7.36893258692518,1.87741731295271e-14
"k3","CO","w_sun_time",-8.26015511219076,1.32349356393278,4.34295668922705e-10
"k3","CO","w_stagnant_days",-0.503275686686368,1.11154112762906,0.650712288138637
"k3","CO","w_avg_wind",-0.0756963141326105,1.19780971121621,0.949610741325376
"k3","CO","w_avg_humid",1.69542528183962,1.29656094944689,0.190997975950696
"k3","CO","w_avg_rain",-0.874159925955041,1.17272004560775,0.456022520978803
"k3","SO2","lambda",0.794618308165428,0.00271289150290332,0
"k3","SO2","lez",-0.0668906402696773,0.0149060115498192,7.20657757606202e-06
"k3","SO2","pop_density",0.669558786455838,0.0300319095472756,4.13982555332201e-110
"k3","SO2","industrial_area",0.0111741055403287,0.00485016786366533,0.0212305291283036
"k3","SO2","commercial_area",-0.00424371561787795,0.00649459437782603,0.513483786194697
"k3","SO2","green_area_per_capita",-0.0118725729533696,0.0111946033386188,0.288888916461575
"k3","SO2","daily_km",0.0146506218464488,0.00468855471654623,0.00177948426653269
"k3","SO2","cars_per_capita",-0.0016989308235625,0.00298163759599145,0.568814783946442
"k3","SO2","avg_temp",-0.782970983736832,0.0839597820174615,1.10411458521031e-20
"k3","SO2","sun_time",0.107962089516368,0.0152679303709455,1.53635809106961e-12
"k3","SO2","stagnant_days",0.0667432496019001,0.0123498108525359,6.50276908041097e-08
"k3","SO2","avg_wind",0.0787339611611158,0.0129780577046486,1.30566458052328e-09
"k3","SO2","avg_humid",0.0202689554917962,0.0147875842087784,0.1704766393172
"k3","SO2","avg_rain",0.0183740629925458,0.0135988733424709,0.1766486763181
"k3","SO2","w_lez",0.0275813787068348,0.0156499040682245,0.0780018705169927
"k3","SO2","w_pop_density",-0.25139900065804,0.0387269506241954,8.49422046891752e-11
"k3","SO2","w_industrial_area",-0.0162732042748641,0.0137738988891522,0.237423099089829
"k3","SO2","w_commercial_area",-0.0532094964270074,0.0107711889758376,7.81291591373241e-07
"k3","SO2","w_green_area_per_capita",0.0651253312846072,0.0221079946294805,0.00322139415459289
"k3","SO2","w_daily_km",-0.0240243027918612,0.00799813141532002,0.0026668360865671
"k3","SO2","w_cars_per_capita",-0.0279703633367563,0.00634798376972326,1.05209223568976e-05
"k3","SO2","w_avg_temp",0.238959369885855,0.0879440044302866,0.00658415133562352
"k3","SO2","w_sun_time",-0.103186388584005,0.0158260820704324,7.02975151222905e-11
"k3","SO2","w_stagnant_days",-0.0658690890542056,0.0132908217841717,7.19654463098033e-07
"k3","SO2","w_avg_wind",-0.0741332948574988,0.0143223208107413,2.26611874032332e-07
"k3","SO2","w_avg_humid",-0.0212032588047078,0.0155020303359504,0.171383136230401
"k3","SO2","w_avg_rain",-0.0467423818428017,0.0140276183408538,0.000861721997536393
"k3","O3","lambda",0.83149828553181,0.0023310427405428,0
"k3","O3","lez",0.182195604148243,0.0547786457635076,0.00088091379438659
"k3","O3","pop_density",-0.464772187010479,0.110344096433322,2.53090567821455e-05
"k3","O3","industrial_area",-0.076587326014879,0.0178240009869903,1.73230620575045e-05
"k3","O3","commercial_area",0.0895798141413777,0.0238643942886192,0.00017424229917544
"k3","O3","green_area_per_capita",-0.0376000135666296,0.0411386553141637,0.360726008857404
"k3","O3","daily_km",-0.0211613382946222,0.0172302743273563,0.219391167930843
"k3","O3","cars_per_capita",0.0308396155038481,0.0109573414873805,0.00488507101510963
"k3","O3","avg_temp",11.8194888364527,0.308532223344105,4.37742162215344e-321
"k3","O3","sun_time",-0.263194257147021,0.0561082814730862,2.72102606791196e-06
"k3","O3","stagnant_days",0.0921998091151413,0.0453845355641875,0.0422017873433598
"k3","O3","avg_wind",-0.0124755939491537,0.0476938816491644,0.793648039353605
"k3","O3","avg_humid",-0.330824266963721,0.0543432673803311,1.14560589523081e-09
"k3","O3","avg_rain",0.0458481835607974,0.0499746535873772,0.358918017370444
"k3","O3","w_lez",-0.0622901894269376,0.0574891163074629,0.278580903009388
"k3","O3","w_pop_density",0.210455233458383,0.141734105698566,0.137581046145717
"k3","O3","w_industrial_area",0.128808648076527,0.0506167272391044,0.0109345288817267
"k3","O3","w_commercial_area",-0.155953865826343,0.0395738062960119,8.11982534724697e-05
"k3","O3","w_green_area_per_capita",-0.204139917664608,0.0812446461150895,0.0119825820726546
"k3","O3","w_daily_km",0.0858441622118984,0.0293930905034621,0.00349407571184347
"k3","O3","w_cars_per_capita",0.149044478000283,0.0233296964958503,1.67393552481753e-10
"k3","O3","w_avg_temp",-8.85621578362445,0.32471217811385,8.61944014061844e-164
"k3","O3","w_sun_time",0.299137332501432,0.0581604165235509,2.69932709462912e-07
"k3","O3","w_stagnant_days",-0.0507346851189738,0.0488452338094607,0.298952464994188
"k3","O3","w_avg_wind",0.141472879328655,0.0526532036494873,0.00721226964191334
"k3","O3","w_avg_humid",0.295685737353587,0.0569715501866753,2.10226851674118e-07
"k3","O3","w_avg_rain",0.0474227866279342,0.0515472478651942,0.357579667208416
"k3","PM10","lambda",0.851842645291919,0.00211001632943154,0
"k3","PM10","lez",-0.376632335084157,0.0782797770678144,1.499053151131e-06
"k3","PM10","pop_density",0.587833063947448,0.157682891459366,0.000193047895685719
"k3","PM10","industrial_area",0.12943729110618,0.0254710553255033,3.73992287478743e-07
"k3","PM10","commercial_area",-0.139365237534445,0.034105037801951,4.38206133567485e-05
"k3","PM10","green_area_per_capita",-0.082511496840172,0.0587878895653298,0.160454137660823
"k3","PM10","daily_km",0.19487039571077,0.0246232300811541,2.49073224229395e-15
"k3","PM10","cars_per_capita",-0.0157009968430206,0.0156579356756978,0.315981441936775
"k3","PM10","avg_temp",-7.44568228691583,0.440918152038679,5.63045750828533e-64
"k3","PM10","sun_time",-0.0592046481367538,0.080180948114499,0.460278718066053
"k3","PM10","stagnant_days",0.186304112221518,0.0648558112822522,0.00407122945994692
"k3","PM10","avg_wind",0.442388007314723,0.0681561003849708,8.53785125917721e-11
"k3","PM10","avg_humid",-0.370483021215061,0.0776577737531687,1.83574121519576e-06
"k3","PM10","avg_rain",-0.10329665094617,0.0714149259068494,0.148056790794057
"k3","PM10","w_lez",0.328988710396162,0.0821441040006722,6.20124546028122e-05
"k3","PM10","w_pop_density",-0.683236766626643,0.202521252056056,0.000741773622198051
"k3","PM10","w_industrial_area",0.0872862804076969,0.0723399960704379,0.227581746637688
"k3","PM10","w_commercial_area",-0.14550630085553,0.0565667514085208,0.0101027133008732
"k3","PM10","w_green_area_per_capita",0.324602452424685,0.11609877863638,0.00517528225266212
"k3","PM10","w_daily_km",-0.355668028617648,0.0420040387287491,2.50775832834027e-17
"k3","PM10","w_cars_per_capita",-0.131263479683432,0.0333355011825222,8.22840768208454e-05
"k3","PM10","w_avg_temp",4.69230170003599,0.461945742043666,3.06245817684866e-24
"k3","PM10","w_sun_time",0.140033807350332,0.0831197348035538,0.0920418448656469
"k3","PM10","w_stagnant_days",-0.222953043014654,0.0697981221964196,0.00140191930852528
"k3","PM10","w_avg_wind",-0.555648990479131,0.0752213713451166,1.50347990885502e-13
"k3","PM10","w_avg_humid",0.273532422539509,0.0814200319122744,0.0007807731612787
"k3","PM10","w_avg_rain",-0.0195934674491499,0.0736605458950522,0.790241694888488
"k7","NO2","lambda",0.867278821698737,0.00251875411117794,0
"k7","NO2","lez",0.122784537662203,0.0588385553271933,0.0369058476583453
"k7","NO2","pop_density",0.0161190516933796,0.116730586795231,0.890171151018122
"k7","NO2","industrial_area",0.0531737019606521,0.0183773188075866,0.00381044930833966
"k7","NO2","commercial_area",0.0538659149523213,0.0245611587240257,0.0282977181662043
"k7","NO2","green_area_per_capita",-0.236803331126616,0.0422023570036537,2.00998132177027e-08
"k7","NO2","daily_km",0.150573985503559,0.0178675147307138,3.53888012123695e-17
"k7","NO2","cars_per_capita",-0.123209098342779,0.0112915492001866,1.01432035850924e-27
"k7","NO2","avg_temp",-7.06981826920809,0.274975533049351,8.87038495578236e-146
"k7","NO2","sun_time",0.232856666834983,0.0523347167786939,8.61214052472749e-06
"k7","NO2","stagnant_days",0.271521814229695,0.0415759251627899,6.54428256863567e-11
"k7","NO2","avg_wind",-0.0170230325250369,0.0439805732524021,0.69871327332182
"k7","NO2","avg_humid",-0.436078479940883,0.0505876794937055,6.68076784436052e-18
"k7","NO2","avg_rain",0.0294206941655112,0.0458223524189666,0.520834303173156
"k7","NO2","w_lez",-0.265458691276888,0.0641798297494404,3.53150490720695e-05
"k7","NO2","w_pop_density",-2.24294545940176,0.20114319724956,7.08153362751589e-29
"k7","NO2","w_industrial_area",0.336076986947383,0.0577863123090612,6.03236583963448e-09
"k7","NO2","w_commercial_area",0.205277363269607,0.0665506166813783,0.00203874154858017
"k7","NO2","w_green_area_per_capita",-0.0809317694608496,0.117941338532081,0.4925847366651
"k7","NO2","w_daily_km",-0.112691111029343,0.0396200039747919,0.00445093524461131
"k7","NO2","w_cars_per_capita",0.366370977353961,0.0297707440823124,8.36626858148151e-35
"k7","NO2","w_avg_temp",5.54271962782394,0.297350041081357,1.51145423734512e-77
"k7","NO2","w_sun_time",-0.184157975424158,0.0568890826149683,0.00120733789264761
"k7","NO2","w_stagnant_days",-0.231167748393672,0.0489536632476642,2.33336154323067e-06
"k7","NO2","w_avg_wind",-0.0991271974072969,0.0535770934823787,0.0642877972213843
"k7","NO2","w_avg_humid",0.409035805485297,0.0566965971169972,5.41450982754768e-13
"k7","NO2","w_avg_rain",-0.0898117679488138,0.04887591716977,0.0661292662641395
"k7","CO","lambda",0.821368340331798,0.00323288025266901,0
"k7","CO","lez",5.22792870272293,1.37129476252159,0.000137622068199748
"k7","CO","pop_density",-36.4760528065833,2.72028806497831,5.36330861717177e-41
"k7","CO","industrial_area",2.45074333044797,0.428314772655566,1.05384154539182e-08
"k7","CO","commercial_area",-1.23053110934831,0.57234981686503,0.0315581167188955
"k7","CO","green_area_per_capita",-0.448874255188265,0.983558995277967,0.648118498829153
"k7","CO","daily_km",1.3398903561109,0.416422792395616,0.00129258888745493
"k7","CO","cars_per_capita",-0.451084944709347,0.263139520232674,0.0864842014781884
"k7","CO","avg_temp",-131.237974657112,6.40892372496317,3.42588131471182e-93
"k7","CO","sun_time",9.13003710108308,1.21972640013724,7.13753860143808e-14
"k7","CO","stagnant_days",2.60466895861955,0.9689753435927,0.00718673496578779
"k7","CO","avg_wind",1.58719888062751,1.0249893379843,0.121501283235073
"k7","CO","avg_humid",-4.37159532085397,1.17898952971892,0.000208971121037836
"k7","CO","avg_rain",-0.725632672357272,1.06791790181806,0.496831512115425
"k7","CO","w_lez",-5.96066021504478,1.49477245884917,6.67252153051446e-05
"k7","CO","w_pop_density",0.949968303661267,4.6767366261977,0.839036299623921
"k7","CO","w_industrial_area",6.96509985915627,1.34698692108956,2.33001445015914e-07
"k7","CO","w_commercial_area",2.71851598206352,1.55015061873149,0.079480062920725
"k7","CO","w_green_area_per_capita",-14.0260085877909,2.74818350269923,3.33009228909846e-07
"k7","CO","w_daily_km",-2.58117262798651,0.923399211895121,0.00518524750996704
"k7","CO","w_cars_per_capita",3.44706200474722,0.693692782701722,6.72477780829455e-07
"k7","CO","w_avg_temp",87.5030153274271,6.94635432320064,2.19413230657388e-36
"k7","CO","w_sun_time",-8.75363108613252,1.32584536635913,4.0482264836558e-11
"k7","CO","w_stagnant_days",-2.60691014101463,1.14070827541159,0.022292699363075
"k7","CO","w_avg_wind",-1.80354276906219,1.24826867546156,0.148504125528837
"k7","CO","w_avg_humid",4.14191372449826,1.32122936256455,0.00171916342138998
"k7","CO","w_avg_rain",-0.120333708161092,1.13879580607141,0.915846165571719
"k7","SO2","lambda",0.862433139459847,0.00262388043746157,0
"k7","SO2","lez",-0.0298878769525002,0.016813993217296,0.0754761954899506
"k7","SO2","pop_density",0.750207238194229,0.033352984291498,4.86474781199657e-112
"k7","SO2","industrial_area",-0.00477446169041303,0.00525159932802912,0.363273951597748
"k7","SO2","commercial_area",0.0192921069652823,0.00701775331339171,0.00597695097843881
"k7","SO2","green_area_per_capita",-0.0271497216754261,0.012059367900461,0.0243640933221178
"k7","SO2","daily_km",0.033175554607729,0.00510586187250634,8.16426231405418e-11
"k7","SO2","cars_per_capita",-0.0118091157446715,0.00322637057280793,0.00025203243310656
"k7","SO2","avg_temp",-0.675774100766086,0.0785937382987832,8.08915844618691e-18
"k7","SO2","sun_time",0.0677034199409279,0.0149549037668363,5.97783146716299e-06
"k7","SO2","stagnant_days",0.116802659292897,0.0118813446000319,8.29892537806921e-23
"k7","SO2","avg_wind",0.0817103579482363,0.0125679761971793,7.95373119496374e-11
"k7","SO2","avg_humid",0.0670847355984222,0.0144560222615346,3.47385206115694e-06
"k7","SO2","avg_rain",-0.00723829411218919,0.0130944961813683,0.580418326920879
"k7","SO2","w_lez",0.008464205413842,0.0183334373585233,0.644309874492447
"k7","SO2","w_pop_density",-0.563714637932954,0.0572114695657289,6.64120116109903e-23
"k7","SO2","w_industrial_area",0.0263538863323464,0.016511427149704,0.110466503056404
"k7","SO2","w_commercial_area",-0.00958317740544098,0.0190068278652721,0.614123250913776
"k7","SO2","w_green_area_per_capita",0.0916152714033231,0.0336839583767665,0.00653117867044679
"k7","SO2","w_daily_km",-0.0275956488601907,0.0113216093863005,0.0147920110106217
"k7","SO2","w_cars_per_capita",0.000318081986309601,0.00850320371200902,0.970160243364816
"k7","SO2","w_avg_temp",0.219433119054085,0.0851166268101125,0.00993657031499856
"k7","SO2","w_sun_time",-0.0657798603880318,0.0162565969604054,5.20227166620218e-05
"k7","SO2","w_stagnant_days",-0.118988204846129,0.0139866371686315,1.78064873940703e-17
"k7","SO2","w_avg_wind",-0.0913146845959806,0.0153054367863396,2.4290212108498e-09
"k7","SO2","w_avg_humid",-0.0627744822739353,0.0162001385921246,0.000106653211823227
"k7","SO2","w_avg_rain",-0.0191450081342661,0.0139728785039753,0.170638549153954
"k7","O3","lambda",0.8795657201991,0.00233002836919924,0
"k7","O3","lez",-0.160794739903296,0.0603482169224354,0.00771145824512569
"k7","O3","pop_density",-1.04825640431858,0.119711829554661,2.01410181706723e-18
"k7","O3","industrial_area",-0.126434977723461,0.0188488339511684,1.97525228963598e-11
"k7","O3","commercial_area",0.120454546163258,0.0251881108715768,1.73388328242596e-06
"k7","O3","green_area_per_capita",-0.103455038536329,0.0432832281998884,0.0168397652373391
"k7","O3","daily_km",-0.0360033455688521,0.018325815200751,0.0494577139030764
"k7","O3","cars_per_capita",0.0590933353984798,0.0115800384262166,3.34250069202482e-07
"k7","O3","avg_temp",12.6046012957284,0.282037685333954,0
"k7","O3","sun_time",-0.47333390722684,0.0536777032734534,1.16446305169538e-18
"k7","O3","stagnant_days",0.105410220139599,0.0426427654522615,0.0134383280244068
"k7","O3","avg_wind",0.114348838613606,0.045108847533954,0.0112462198725446
"k7","O3","avg_humid",-0.350784190347241,0.0518851800908537,1.37252581908755e-11
"k7","O3","avg_rain",0.0750360719811802,0.0469979517363346,0.110358969893393
"k7","O3","w_lez",0.207402118247156,0.0657811513799912,0.00161651062745098
"k7","O3","w_pop_density",1.91859351076663,0.205168716043904,8.65797740995076e-21
"k7","O3","w_industrial_area",0.186977454719944,0.0592617290159377,0.0016043592505188
"k7","O3","w_commercial_area",0.369930501463427,0.0682330341061665,5.9076251841615e-08
"k7","O3","w_green_area_per_capita",-0.807006949514665,0.120907014693261,2.47893561317577e-11
"k7","O3","w_daily_km",0.0118477484737553,0.0406365908369063,0.770627878917958
"k7","O3","w_cars_per_capita",-0.143023694696666,0.0305194874635804,2.78178585948499e-06
"k7","O3","w_avg_temp",-10.4706145875713,0.306535721388808,1.02092315736077e-255
"k7","O3","w_sun_time",0.505237087400963,0.0583583323730502,4.82236230854164e-18
"k7","O3","w_stagnant_days",-0.0938591153318087,0.0502007017670576,0.0615286359079495
"k7","O3","w_avg_wind",0.0149880649793043,0.0549643227801531,0.785093707034563
"k7","O3","w_avg_humid",0.277658933968043,0.0581539942503352,1.80112906879806e-06
"k7","O3","w_avg_rain",0.00965227535984514,0.0501409856969929,0.847348449538007
"k7","PM10","lambda",0.898519860041186,0.00203283698888423,0
"k7","PM10","lez",-0.762938114296059,0.0864792987098856,1.12227403900122e-18
"k7","PM10","pop_density",-0.444893091601318,0.171541986077345,0.00950062291730738
"k7","PM10","industrial_area",0.135858519976794,0.0270103258903668,4.90803771941492e-07
"k7","PM10","commercial_area",-0.218849375589294,0.0360951795998546,1.3350666287563e-09
"k7","PM10","green_area_per_capita",0.082853872745319,0.0620298058758188,0.181643864800044
"k7","PM10","daily_km",0.163063089074249,0.026262107521014,5.33013371442819e-10
"k7","PM10","cars_per_capita",-0.0672110061676773,0.0165939720405047,5.11462003588053e-05
"k7","PM10","avg_temp",-8.06766598450157,0.404177908802616,1.21053330326085e-88
"k7","PM10","sun_time",-0.0973082105502183,0.0769179770559221,0.205838848383998
"k7","PM10","stagnant_days",0.296143607190373,0.0611066972255751,1.25762242231093e-06
"k7","PM10","avg_wind",0.544992740902317,0.0646401039578931,3.42179308590592e-17
"k7","PM10","avg_humid",-0.157669379473366,0.0743510899621719,0.0339549592051546
"k7","PM10","avg_rain",-0.111048111890289,0.0673478244050322,0.099173343380904
"k7","PM10","w_lez",0.708178441470098,0.0942664618215173,5.80009979503881e-14
"k7","PM10","w_pop_density",0.324794846134553,0.293892107338478,0.269094622158592
"k7","PM10","w_industrial_area",-0.564071950128555,0.0849209933861515,3.08795068994891e-11
"k7","PM10","w_commercial_area",-0.345205903551063,0.0977926505473568,0.000415594246620615
"k7","PM10","w_green_area_per_capita",1.47666058339293,0.173379978975724,1.63875664447236e-17
"k7","PM10","w_daily_km",-0.400957899252816,0.0582569446190127,5.8779429538864e-12
"k7","PM10","w_cars_per_capita",0.0256693593906498,0.0437338726509884,0.557240929915527
"k7","PM10","w_avg_temp",5.85722021841872,0.437384830708478,6.78366548369128e-41
"k7","PM10","w_sun_time",0.138672952749766,0.0836184935402463,0.0972366527281848
"k7","PM10","w_stagnant_days",-0.30060199115345,0.0719366047914529,2.93171139691354e-05
"k7","PM10","w_avg_wind",-0.631298777471097,0.0787266600111541,1.06723205298795e-15
"k7","PM10","w_avg_humid",0.0409896671558008,0.0833550567525338,0.622897630700635
"k7","PM10","w_avg_rain",0.00924693083776904,0.0718467358906899,0.897592216670164
"omit61","NO2","lambda",0.827060419602743,0.0028358308743829,0
"omit61","NO2","lez",0.323328981069729,0.0692000927931562,2.97732580177437e-06
"omit61","NO2","pop_density",-0.266210628378363,0.0900115003355676,0.00310126687123856
"omit61","NO2","industrial_area",0.0739676833479172,0.0188303799048215,8.56183248832432e-05
"omit61","NO2","commercial_area",0.0329361021165561,0.0242368858640835,0.174170460610398
"omit61","NO2","green_area_per_capita",-0.3481657982641,0.0420006716920437,1.13697514335247e-16
"omit61","NO2","daily_km",0.166420222702156,0.0177885296065751,8.3221428893358e-21
"omit61","NO2","cars_per_capita",-0.110081757895623,0.0110917975951887,3.2537438314551e-23
"omit61","NO2","avg_temp",-7.00607712865531,0.284224643479161,3.6994577208514e-134
"omit61","NO2","sun_time",0.239735094408604,0.0549112232846256,1.26619544620946e-05
"omit61","NO2","stagnant_days",0.203473838410238,0.0431493762721012,2.41036812188367e-06
"omit61","NO2","avg_wind",-0.0477546459458626,0.046099876773867,0.300250987859588
"omit61","NO2","avg_humid",-0.512990626017822,0.0521246598831538,7.45080594098281e-23
"omit61","NO2","avg_rain",0.0475625732153117,0.0474084879170695,0.31574017549209
"omit61","NO2","w_lez",-0.550200522255648,0.0731691391217571,5.49563505952066e-14
"omit61","NO2","w_pop_density",-2.0814370143867,0.144986369665742,9.75826578883723e-47
"omit61","NO2","w_industrial_area",0.115882344318113,0.0486570832358557,0.0172369991879536
"omit61","NO2","w_commercial_area",0.383256536122324,0.0501890342278419,2.23621767203659e-14
"omit61","NO2","w_green_area_per_capita",-0.525010485975659,0.097074091124819,6.36086674297517e-08
"omit61","NO2","w_daily_km",-0.159231158119895,0.0337693269543357,2.41402237016592e-06
"omit61","NO2","w_cars_per_capita",0.123992080731484,0.0252538142224292,9.11526931112159e-07
"omit61","NO2","w_avg_temp",5.08945696520073,0.307013001621697,1.01639394735292e-61
"omit61","NO2","w_sun_time",-0.190795320741781,0.0586971452100837,0.00115200541234184
"omit61","NO2","w_stagnant_days",-0.123061942126585,0.0501756383928584,0.0141818748552831
"omit61","NO2","w_avg_wind",-0.0457631961315607,0.0535671607368472,0.392930817322693
"omit61","NO2","w_avg_humid",0.473207755282933,0.056129000026111,3.43551551540246e-17
"omit61","NO2","w_avg_rain",-0.11940376495657,0.0502308507465213,0.0174493477631244
"omit61","CO","lambda",0.785774628222426,0.00337702361077648,0
"omit61","CO","lez",3.06589916045416,1.61649369277611,0.0578760751726339
"omit61","CO","pop_density",-13.7109924313964,2.10224003283546,6.93357660663183e-11
"omit61","CO","industrial_area",2.06337850040485,0.4398700880171,2.72030368999522e-06
"omit61","CO","commercial_area",-0.91363616451684,0.566017635007938,0.106495354407555
"omit61","CO","green_area_per_capita",0.542048217843593,0.981019444178879,0.580581415322262
"omit61","CO","daily_km",1.79373965963806,0.415543193314407,1.58440707908801e-05
"omit61","CO","cars_per_capita",-0.33904651114448,0.259110176277591,0.190702668538607
"omit61","CO","avg_temp",-132.921399296897,6.639679094618,3.74309080075465e-89
"omit61","CO","sun_time",8.96789539412943,1.28273802558039,2.72518682880154e-12
"omit61","CO","stagnant_days",0.940857284927659,1.0079854810484,0.350611618173637
"omit61","CO","avg_wind",2.17536960319397,1.07690296222338,0.0433809199274116
"omit61","CO","avg_humid",-4.02777277673806,1.21764492926581,0.000940190115693338
"omit61","CO","avg_rain",-0.975695982266715,1.10745661243422,0.378304767663809
"omit61","CO","w_lez",-2.60206256041514,1.70659436835831,0.12733129126738
"omit61","CO","w_pop_density",-36.0061590223117,3.37510536635973,1.43440936894692e-26
"omit61","CO","w_industrial_area",4.28418299902399,1.136761457692,0.000164059445957817
"omit61","CO","w_commercial_area",1.39697580906869,1.17124392464386,0.232975787144085
"omit61","CO","w_green_area_per_capita",-10.3573199992458,2.2654767274676,4.83538611984655e-06
"omit61","CO","w_daily_km",-2.15984559578338,0.788864545341991,0.00618296911172763
"omit61","CO","w_cars_per_capita",3.05256198071109,0.59008923226195,2.30301518715988e-07
"omit61","CO","w_avg_temp",80.5319751861491,7.18377205851336,3.63112221741975e-29
"omit61","CO","w_sun_time",-8.27028952890486,1.3711602912919,1.6234486256673e-09
"omit61","CO","w_stagnant_days",-1.58661318845901,1.17174491530039,0.175717163210508
"omit61","CO","w_avg_wind",-3.39870147871903,1.25127022762081,0.00660358075708283
"omit61","CO","w_avg_humid",3.18203352236004,1.31117878253521,0.015230574125111
"omit61","CO","w_avg_rain",0.328571946643871,1.17301065310714,0.779393156884517
"omit61","SO2","lambda",0.827495312446055,0.0028662685154977,0
"omit61","SO2","lez",-0.0323455877568828,0.0198231569002491,0.10274118346824
"omit61","SO2","pop_density",0.616430227255252,0.0257662582411615,1.72639306384764e-126
"omit61","SO2","industrial_area",-0.00715261336805564,0.00539448022353611,0.184868399046221
"omit61","SO2","commercial_area",0.0168821637575558,0.00694117890327724,0.0150084422258959
"omit61","SO2","green_area_per_capita",-0.0218993224849336,0.0120290644851385,0.0686777031279802
"omit61","SO2","daily_km",0.0311507422541625,0.00509590752756597,9.78403988769261e-10
"omit61","SO2","cars_per_capita",-0.0050810062130544,0.00317749112140495,0.109806763769083
"omit61","SO2","avg_temp",-0.764360587490128,0.0814264724234817,6.16595106287769e-21
"omit61","SO2","sun_time",0.0785358806458297,0.0157300092333054,5.95279975261028e-07
"omit61","SO2","stagnant_days",0.094781206958454,0.0123611337583702,1.75136382794084e-14
"omit61","SO2","avg_wind",0.0831169569079803,0.0132064337206126,3.10043395533218e-10
"omit61","SO2","avg_humid",0.0665518683885624,0.0149320764883002,8.31248954943195e-06
"omit61","SO2","avg_rain",0.00241898290689758,0.013581084186979,0.858633350393278
"omit61","SO2","w_lez",0.030012536199612,0.0209282430225356,0.151552687064592
"omit61","SO2","w_pop_density",-0.232978690241969,0.0411937244502214,1.55226789200905e-08
"omit61","SO2","w_industrial_area",-0.079010596870979,0.0139416439557212,1.45118773385867e-08
"omit61","SO2","w_commercial_area",0.025066246419113,0.0143659952245746,0.0810141381708461
"omit61","SO2","w_green_area_per_capita",0.0505810459435795,0.0277740308598513,0.0685820360356271
"omit61","SO2","w_daily_km",-0.00907792280239861,0.00967660179662854,0.34817695001618
"omit61","SO2","w_cars_per_capita",-0.0143983864903223,0.00723534590521346,0.0465902025920401
"omit61","SO2","w_avg_temp",0.220377307732296,0.0879837562782072,0.012253799507007
"omit61","SO2","w_sun_time",-0.0790175614591552,0.0168147625445668,2.61058700249059e-06
"omit61","SO2","w_stagnant_days",-0.0893451260535903,0.0143693634810023,5.04330598300383e-10
"omit61","SO2","w_avg_wind",-0.0841024393242448,0.0153443601400334,4.22928264927198e-08
"omit61","SO2","w_avg_humid",-0.0824622638843531,0.016080062234824,2.92478373631878e-07
"omit61","SO2","w_avg_rain",-0.0283685073199834,0.014391355287529,0.0486988765257646
"omit61","O3","lambda",0.84508502648785,0.00262320219021708,0
"omit61","O3","lez",-0.19335264924374,0.0716889004761153,0.00699447506522524
"omit61","O3","pop_density",-0.402387692077538,0.0931788813699652,1.5713375992929e-05
"omit61","O3","industrial_area",-0.156965578067399,0.0195093689554318,8.57879991279814e-16
"omit61","O3","commercial_area",0.161211285105281,0.0251038771263452,1.3470024508881e-10
"omit61","O3","green_area_per_capita",-0.057121514875724,0.0435020107763295,0.189156808986732
"omit61","O3","daily_km",-0.0368664751001668,0.0184290144159488,0.045450796982533
"omit61","O3","cars_per_capita",0.0466526301560712,0.0114910807877399,4.90938970622148e-05
"omit61","O3","avg_temp",11.9155089712481,0.294457584402869,0
"omit61","O3","sun_time",-0.44458463000984,0.0568881824667446,5.49363121728942e-15
"omit61","O3","stagnant_days",0.126760230738539,0.0447027057529317,0.00457357265554665
"omit61","O3","avg_wind",0.141489415526513,0.0477596861934649,0.0030512389249934
"omit61","O3","avg_humid",-0.286437171405046,0.0540006963085459,1.13091500959707e-07
"omit61","O3","avg_rain",0.0740854089836357,0.0491146247276869,0.131447448904233
"omit61","O3","w_lez",0.21744589056796,0.0756865021605972,0.00406618435626867
"omit61","O3","w_pop_density",1.37933216368704,0.148302307989904,1.39374684195102e-20
"omit61","O3","w_industrial_area",-0.2482249053262,0.0504361341560187,8.58532007110434e-07
"omit61","O3","w_commercial_area",0.138767696459818,0.0519896327198609,0.00760453613880171
"omit61","O3","w_green_area_per_capita",0.135244358454154,0.100443087026652,0.178148566294614
"omit61","O3","w_daily_km",0.0995967814939965,0.0349883829643381,0.00441934078537942
"omit61","O3","w_cars_per_capita",-0.0308959167005175,0.0261621192384168,0.237626201082848
"omit61","O3","w_avg_temp",-9.24355233567385,0.31970441288997,8.2412541921674e-184
"omit61","O3","w_sun_time",0.500669382017479,0.060824359727076,1.85044375748308e-16
"omit61","O3","w_stagnant_days",-0.103521653314462,0.0519656178704259,0.0463580901225918
"omit61","O3","w_avg_wind",0.0169144913752886,0.0555274175328015,0.760659297138645
"omit61","O3","w_avg_humid",0.238567636387704,0.058153405005775,4.08913719086069e-05
"omit61","O3","w_avg_rain",0.0110013766971856,0.0520398378014352,0.832572832978419
"omit61","PM10","lambda",0.872679371526559,0.00224573253931924,0
"omit61","PM10","lez",-0.719297756842201,0.102585472744957,2.3545278899184e-12
"omit61","PM10","pop_density",1.2154000474399,0.133323442876297,7.78214072971475e-20
"omit61","PM10","industrial_area",0.185946408666256,0.0279151716091443,2.71741964807947e-11
"omit61","PM10","commercial_area",-0.172613009251325,0.0359209969331006,1.54480018256578e-06
"omit61","PM10","green_area_per_capita",0.0382255357366231,0.0622505408640611,0.539176012516674
"omit61","PM10","daily_km",0.242866312116423,0.0263712284444324,3.2759156273966e-20
"omit61","PM10","cars_per_capita",-0.0591935265373319,0.0164434288399631,0.000318426921827505
"omit61","PM10","avg_temp",-7.62316934764627,0.421383904006333,3.76622548651343e-73
"omit61","PM10","sun_time",0.0430519529537882,0.0814033665593732,0.596894317780264
"omit61","PM10","stagnant_days",0.17742916190701,0.0639683979487981,0.00554227173509297
"omit61","PM10","avg_wind",0.516885284452047,0.0683431585165876,3.93612780106764e-14
"omit61","PM10","avg_humid",-0.199786798691791,0.0772744838886645,0.00972611613529454
"omit61","PM10","avg_rain",-0.105560832983832,0.0702822826146072,0.133108704407803
"omit61","PM10","w_lez",0.764746183038437,0.108309538035996,1.65610573564831e-12
"omit61","PM10","w_pop_density",-0.536543687732363,0.212111458995751,0.0114213278240551
"omit61","PM10","w_industrial_area",-0.0149687143207696,0.0721419832654748,0.835627480719954
"omit61","PM10","w_commercial_area",-0.110852541096532,0.074352127167928,0.135984379766035
"omit61","PM10","w_green_area_per_capita",0.0364480844643862,0.143734828435959,0.799821088619639
"omit61","PM10","w_daily_km",-0.161454777889631,0.0500718423471071,0.00126209385551942
"omit61","PM10","w_cars_per_capita",0.0543306090241696,0.0374384257705589,0.146724433088155
"omit61","PM10","w_avg_temp",4.75780979244246,0.455701896825789,1.61752841409885e-25
"omit61","PM10","w_sun_time",-0.00453097573155724,0.0870201139546418,0.958474396775236
"omit61","PM10","w_stagnant_days",-0.0683960996079203,0.0743786441018355,0.357799408670465
"omit61","PM10","w_avg_wind",-0.520216337132101,0.0794074623038091,5.70661096248959e-11
"omit61","PM10","w_avg_humid",-0.00369111620342169,0.0832782529834076,0.964647185318718
"omit61","PM10","w_avg_rain",-0.00945553680184946,0.0744711031981354,0.898964771743605
"omit79","NO2","lambda",0.831703057915238,0.00288147853519438,0
"omit79","NO2","lez",0.163724154062846,0.0791551937073324,0.0386029577055633
"omit79","NO2","pop_density",-0.387235742878615,0.154549390321883,0.0122251004326703
"omit79","NO2","industrial_area",0.0650735761956941,0.0193175970206597,0.000755464609642179
"omit79","NO2","commercial_area",0.0497086343417267,0.024760959058518,0.0446921160829812
"omit79","NO2","green_area_per_capita",-0.361648915694408,0.0433564113998357,7.34770543888764e-17
"omit79","NO2","daily_km",0.146757850827519,0.0190387379316654,1.27423590462006e-14
"omit79","NO2","cars_per_capita",-0.107788109243806,0.011696169885162,3.09323722073374e-20
"omit79","NO2","avg_temp",-6.49982291254444,0.28830886349495,1.5153143644584e-112
"omit79","NO2","sun_time",0.260480969039545,0.0558416588957324,3.09164973764909e-06
"omit79","NO2","stagnant_days",0.201258955994798,0.0445199724427065,6.16517275909077e-06
"omit79","NO2","avg_wind",-0.0235428259441793,0.0472182554111293,0.618064133039426
"omit79","NO2","avg_humid",-0.44551916763686,0.0562438432495735,2.35214534255801e-15
"omit79","NO2","avg_rain",0.0433744542191924,0.0485109440217642,0.3712593553144
"omit79","NO2","w_lez",-0.60301718401436,0.0851401480355574,1.41431766002645e-12
"omit79","NO2","w_pop_density",-1.78245717141008,0.212509602339748,4.95936211132985e-17
"omit79","NO2","w_industrial_area",0.0970655815810186,0.0499531631857266,0.0520002316078318
"omit79","NO2","w_commercial_area",0.462003570821974,0.0517052084355755,4.05931306079459e-19
"omit79","NO2","w_green_area_per_capita",-0.59294752102526,0.100682576121154,3.87890195159171e-09
"omit79","NO2","w_daily_km",-0.00748066952569655,0.0368168581074015,0.838989667842538
"omit79","NO2","w_cars_per_capita",0.123667444608205,0.0272954171879074,5.87875717605122e-06
"omit79","NO2","w_avg_temp",4.5164845017308,0.310107404719738,4.74098628986703e-48
"omit79","NO2","w_sun_time",-0.198025864657009,0.0600504639736702,0.000974949684312762
"omit79","NO2","w_stagnant_days",-0.120658000051476,0.0507205257830706,0.0173653692071783
"omit79","NO2","w_avg_wind",-0.0705937164153528,0.0561835654211833,0.208940766474652
"omit79","NO2","w_avg_humid",0.418961650699089,0.0615397981772736,9.89793407555632e-12
"omit79","NO2","w_avg_rain",-0.113777167120785,0.0514613891925983,0.0270411721572537
"omit79","CO","lambda",0.792416396812796,0.00341644578560877,0
"omit79","CO","lez",6.98490104095348,1.84352748455164,0.000151329099109709
"omit79","CO","pop_density",-32.4452281418603,3.59934851381428,1.98322218420745e-19
"omit79","CO","industrial_area",1.95812805691442,0.449873242312359,1.34519127028887e-05
"omit79","CO","commercial_area",-1.09298465027688,0.576407728680225,0.0579335309226845
"omit79","CO","green_area_per_capita",0.304326407000916,1.00959002060149,0.763082325860661
"omit79","CO","daily_km",-0.0102258205830144,0.443413466219574,0.981601142427903
"omit79","CO","cars_per_capita",-0.136006814824601,0.272415490380889,0.617594531425398
"omit79","CO","avg_temp",-134.036112079929,6.71504375632162,1.21316560785615e-88
"omit79","CO","sun_time",9.88416054842907,1.30060962335456,2.96963379538756e-14
"omit79","CO","stagnant_days",0.525307801179743,1.03691173474543,0.612429879739805
"omit79","CO","avg_wind",-1.25399018811254,1.09975366108201,0.254183648141698
"omit79","CO","avg_humid",-7.31183700941842,1.30996725495156,2.38186501514637e-08
"omit79","CO","avg_rain",-1.44205582768513,1.12984765125164,0.201839710490908
"omit79","CO","w_lez",-10.275863301536,1.97690155710796,2.01483038749754e-07
"omit79","CO","w_pop_density",-14.2221211900818,4.9467625496747,0.00403981233111142
"omit79","CO","w_industrial_area",3.51702091601842,1.16339234714632,0.00250221219064538
"omit79","CO","w_commercial_area",2.60108476385047,1.20214278579751,0.0304868432357197
"omit79","CO","w_green_area_per_capita",-9.75663240820537,2.34243999220354,3.11137166837395e-05
"omit79","CO","w_daily_km",0.178912374674642,0.857192537091922,0.834667601909825
"omit79","CO","w_cars_per_capita",2.21944180670095,0.635810057685782,0.000481701192834265
"omit79","CO","w_avg_temp",80.318378293178,7.23512765161567,1.23813065732392e-28
"omit79","CO","w_sun_time",-9.80493640877076,1.39853353054334,2.36841164713117e-12
"omit79","CO","w_stagnant_days",-0.070673421568561,1.18093636165303,0.952278892746928
"omit79","CO","w_avg_wind",0.962349297836204,1.3084958304608,0.462058017595917
"omit79","CO","w_avg_humid",5.84365162857774,1.43342267478253,4.56769814335161e-05
"omit79","CO","w_avg_rain",0.851189658274766,1.19816283206209,0.477448474624615
"omit79","SO2","lambda",0.841187422673452,0.00277204238072946,0
"omit79","SO2","lez",-0.0444282632853208,0.0220754433501159,0.0441604186224793
"omit79","SO2","pop_density",0.592088572398466,0.0430984100885294,6.00631879211353e-43
"omit79","SO2","industrial_area",-0.0217329792415025,0.00538752457581246,5.48480996733601e-05
"omit79","SO2","commercial_area",0.0326251752442353,0.00690209406582891,2.28027647069935e-06
"omit79","SO2","green_area_per_capita",-0.0299540004098684,0.0120885916661705,0.0132168011553979
"omit79","SO2","daily_km",0.00780538020220296,0.00530981970134159,0.141564547065999
"omit79","SO2","cars_per_capita",-0.00913717089094075,0.00326206429785265,0.00509382865043304
"omit79","SO2","avg_temp",-1.00404714982423,0.0804135125468735,8.8961741502753e-36
"omit79","SO2","sun_time",0.0605954063853688,0.0155738492994246,9.9896454290263e-05
"omit79","SO2","stagnant_days",0.0920821139924235,0.0124165854528715,1.20657962070747e-13
"omit79","SO2","avg_wind",0.0483127012741663,0.0131692140811162,0.000243873429839914
"omit79","SO2","avg_humid",-0.0681298289247918,0.0156861579514364,1.40352589278419e-05
"omit79","SO2","avg_rain",-0.00177006289431468,0.0135294428838906,0.895909446475997
"omit79","SO2","w_lez",0.0461092189488267,0.023668750563269,0.0514023620913035
"omit79","SO2","w_pop_density",-0.111100200334024,0.0591790691847934,0.0604692720934415
"omit79","SO2","w_industrial_area",-0.0771497113185794,0.0139347570572904,3.08584828623651e-08
"omit79","SO2","w_commercial_area",0.028927348419273,0.0143990177416672,0.0445391829431441
"omit79","SO2","w_green_area_per_capita",0.0874582265349424,0.0280446508903517,0.00181752527944983
"omit79","SO2","w_daily_km",0.0355687061238133,0.0102694558050779,0.000533110539741142
"omit79","SO2","w_cars_per_capita",-0.0227855392154512,0.0076144236438737,0.00276776909817684
"omit79","SO2","w_avg_temp",0.527058966065817,0.0864171251380835,1.06726963741791e-09
"omit79","SO2","w_sun_time",-0.0591824829293527,0.0167465974045868,0.000409320366364754
"omit79","SO2","w_stagnant_days",-0.088728642576478,0.0141411500255941,3.50760151398567e-10
"omit79","SO2","w_avg_wind",-0.0520389984261067,0.0156685540770818,0.000896190549288911
"omit79","SO2","w_avg_humid",0.0679863666440396,0.0171631274039112,7.45779234472709e-05
"omit79","SO2","w_avg_rain",-0.0244489029397226,0.0143547161108738,0.0885312923187611
"omit79","O3","lambda",0.850602489179609,0.0026332750741577,0
"omit79","O3","lez",-0.229221217592948,0.0821235461742478,0.00525170127740475
"omit79","O3","pop_density",-0.912738356580281,0.160331036604624,1.24946117950247e-08
"omit79","O3","industrial_area",-0.126911125691329,0.0200414696604424,2.41335877868983e-10
"omit79","O3","commercial_area",0.110539244485595,0.0256767477286861,1.66960898847501e-05
"omit79","O3","green_area_per_capita",-0.0266550641624195,0.0449709720158197,0.553370494832889
"omit79","O3","daily_km",-0.0106871425782457,0.0197528170205953,0.588477274810607
"omit79","O3","cars_per_capita",0.0555438378774085,0.0121353094203564,4.71593651978125e-06
"omit79","O3","avg_temp",12.2725692901003,0.299128578448994,0
"omit79","O3","sun_time",-0.34154235381859,0.057937923245614,3.74748111617872e-09
"omit79","O3","stagnant_days",0.150666160703052,0.0461912096205953,0.00110709984159377
"omit79","O3","avg_wind",0.183281501145056,0.0489911289039992,0.000183204858930732
"omit79","O3","avg_humid",-0.0772224816684054,0.0583553298721906,0.185730655021945
"omit79","O3","avg_rain",0.0512973952286311,0.0503317275404095,0.308114641995303
"omit79","O3","w_lez",0.375401282761438,0.0880585439790054,2.01621473231502e-05
"omit79","O3","w_pop_density",1.87304438116963,0.219368153600805,1.36139600071334e-17
"omit79","O3","w_industrial_area",-0.257580036515172,0.0518440981453816,6.75222403633021e-07
"omit79","O3","w_commercial_area",0.117910809257851,0.0535749254590487,0.027746070169818
"omit79","O3","w_green_area_per_capita",0.0628500513383537,0.104330916110398,0.546900845871165
"omit79","O3","w_daily_km",-0.0460513716786983,0.0381876736341679,0.227847406299243
"omit79","O3","w_cars_per_capita",-0.0303664898507941,0.0283211039221416,0.283620661620363
"omit79","O3","w_avg_temp",-9.69832916109578,0.323088223995974,5.78561910314219e-198
"omit79","O3","w_sun_time",0.365880649935109,0.0623044256579866,4.29358595877456e-09
"omit79","O3","w_stagnant_days",-0.127943400535536,0.0526078830366199,0.015014896454272
"omit79","O3","w_avg_wind",-0.017374579584297,0.05832739587119,0.765794558082958
"omit79","O3","w_avg_humid",0.00779232524117347,0.0638613993238972,0.902883708506262
"omit79","O3","w_avg_rain",0.0370815065051764,0.053397246447404,0.487402527460175
"omit79","PM10","lambda",0.880040966675593,0.00221254432926835,0
"omit79","PM10","lez",-0.849023772353779,0.114554682028712,1.24864440340474e-13
"omit79","PM10","pop_density",-2.67710756796824,0.223639756709153,5.0645932561461e-33
"omit79","PM10","industrial_area",0.181359298041701,0.0279546245818284,8.71963291515182e-11
"omit79","PM10","commercial_area",-0.168532139555103,0.0358160672127597,2.53257147222029e-06
"omit79","PM10","green_area_per_capita",-0.00585183962532032,0.0627294518179187,0.925675594323399
"omit79","PM10","daily_km",0.18445514260139,0.0275530099540325,2.1632880308534e-11
"omit79","PM10","cars_per_capita",-0.0506391057633172,0.0169273864129201,0.00277565996345073
"omit79","PM10","avg_temp",-7.79561853399832,0.41727509193597,6.91055574129323e-78
"omit79","PM10","sun_time",-0.0158914466944133,0.0808164197596297,0.844112114089005
"omit79","PM10","stagnant_days",0.316155250969105,0.0644318541168729,9.25668101123432e-07
"omit79","PM10","avg_wind",0.597752374831963,0.0683383025441541,2.19178031108329e-18
"omit79","PM10","avg_humid",-0.353588631118573,0.0813992523789457,1.39987636799335e-05
"omit79","PM10","avg_rain",-0.0858099355732792,0.0702075543466962,0.221619819698812
"omit79","PM10","w_lez",0.904807527176515,0.122817684555865,1.74407755792851e-13
"omit79","PM10","w_pop_density",2.83657361076671,0.305840946065912,1.78171004976531e-20
"omit79","PM10","w_industrial_area",-0.0452334979420701,0.0722955361666258,0.531528239967876
"omit79","PM10","w_commercial_area",-0.0367576529831851,0.0747135000620179,0.622732486601022
"omit79","PM10","w_green_area_per_capita",-0.111469051134406,0.145529190629517,0.44370209730285
"omit79","PM10","w_daily_km",-0.0737032266170091,0.0532775106122922,0.166547321395364
"omit79","PM10","w_cars_per_capita",0.00385466656466073,0.0395065921657189,0.922273579162693
"omit79","PM10","w_avg_temp",5.32555568339833,0.448560563175791,1.64388489799423e-32
"omit79","PM10","w_sun_time",0.0459398293863058,0.0869034909251272,0.597061849745385
"omit79","PM10","w_stagnant_days",-0.331437748186276,0.073380442820251,6.28095717223888e-06
"omit79","PM10","w_avg_wind",-0.694971410208791,0.0813170237266861,1.26938700388534e-17
"omit79","PM10","w_avg_humid",0.216291528350738,0.0891067743821388,0.0152104220704836
"omit79","PM10","w_avg_rain",-0.0408682339613491,0.0744903149962451,0.583253750084695
"omit97","NO2","lambda",0.845219972108663,0.00257727238851952,0
"omit97","NO2","lez",-0.0461313117903113,0.0785689871918979,0.557106978511773
"omit97","NO2","pop_density",-0.120705684278211,0.115340033856935,0.295320887730837
"omit97","NO2","industrial_area",0.0705663785974088,0.0183172637930908,0.000116940929621648
"omit97","NO2","commercial_area",0.0272871993945909,0.0243196354386826,0.261852502041647
"omit97","NO2","green_area_per_capita",-0.31814660453561,0.0422618319701283,5.15277470276138e-14
"omit97","NO2","daily_km",0.129882346242029,0.0173381234104711,6.82768445742676e-14
"omit97","NO2","cars_per_capita",-0.0907130949731218,0.0112453574141266,7.22147707070328e-16
"omit97","NO2","avg_temp",-6.67678807984242,0.285284016802179,3.89072075076658e-121
"omit97","NO2","sun_time",0.366348582767792,0.0547473353697678,2.20707380295155e-11
"omit97","NO2","stagnant_days",0.266505324911361,0.0433869038419916,8.12177274820462e-10
"omit97","NO2","avg_wind",-0.0274065693179739,0.0453906440991697,0.545981037449276
"omit97","NO2","avg_humid",-0.407004809764659,0.0523995890395873,8.01589014800321e-15
"omit97","NO2","avg_rain",0.0580217740822005,0.0480267669567456,0.227003699255779
"omit97","NO2","w_lez",-0.265852811272869,0.0812712627606553,0.00107100268972354
"omit97","NO2","w_pop_density",-2.04514986453829,0.187315084921412,9.43120903419026e-28
"omit97","NO2","w_industrial_area",0.0558697241945604,0.0472993529322078,0.237525560933124
"omit97","NO2","w_commercial_area",0.420836136489601,0.0504372772766111,7.19697992463395e-17
"omit97","NO2","w_green_area_per_capita",-0.42528780798648,0.0994612410879856,1.90353886675589e-05
"omit97","NO2","w_daily_km",-0.145368708695954,0.0334790923216215,1.41143736572553e-05
"omit97","NO2","w_cars_per_capita",0.16373881789013,0.0255786000653335,1.53959920507807e-10
"omit97","NO2","w_avg_temp",4.78426742612419,0.305816357227651,3.63630287803638e-55
"omit97","NO2","w_sun_time",-0.318359472097979,0.0583316804217483,4.82217891264738e-08
"omit97","NO2","w_stagnant_days",-0.232693328856004,0.0489197231448688,1.96845389719665e-06
"omit97","NO2","w_avg_wind",-0.094543160769077,0.0527216755549422,0.0729329096509007
"omit97","NO2","w_avg_humid",0.361842386258682,0.0568175077185243,1.90883837824879e-10
"omit97","NO2","w_avg_rain",-0.139872064820484,0.0507354537293804,0.00583539791713642
"omit97","CO","lambda",0.788098980345878,0.00330049774718659,0
"omit97","CO","lez",3.82954092138728,1.8699944383047,0.0405708831719129
"omit97","CO","pop_density",-38.8393243153669,2.74489529616142,1.87672951415741e-45
"omit97","CO","industrial_area",2.12864832079417,0.435933100244111,1.04499689395528e-06
"omit97","CO","commercial_area",-1.32993122897852,0.578631154898511,0.021538504573878
"omit97","CO","green_area_per_capita",0.99709160755362,1.00574087317839,0.321490248870865
"omit97","CO","daily_km",0.868064093728062,0.412659258583274,0.0354146069988279
"omit97","CO","cars_per_capita",-0.100152360924839,0.267650337448053,0.708262181867848
"omit97","CO","avg_temp",-125.435884071149,6.78997980416594,3.36381342264965e-76
"omit97","CO","sun_time",10.5456025960915,1.30302675460054,5.81369354570647e-16
"omit97","CO","stagnant_days",2.68941827813784,1.03264068514554,0.00920329652545481
"omit97","CO","avg_wind",1.30185428444403,1.08032977579937,0.228182968303136
"omit97","CO","avg_humid",-2.74580088887972,1.24715007129838,0.0276893079912869
"omit97","CO","avg_rain",-0.82731180777426,1.14304514782582,0.469201566817568
"omit97","CO","w_lez",-6.47247688793765,1.93264154400965,0.000810946542831264
"omit97","CO","w_pop_density",-9.02393978640287,4.45889922283214,0.0429902831713265
"omit97","CO","w_industrial_area",2.17420445707299,1.12569358631436,0.0534292292852961
"omit97","CO","w_commercial_area",3.19058308304293,1.19874266991925,0.00777683874693441
"omit97","CO","w_green_area_per_capita",-9.53678447357167,2.3652704922354,5.53028089918219e-05
"omit97","CO","w_daily_km",-1.04831811939888,0.796822125360082,0.188300355233359
"omit97","CO","w_cars_per_capita",3.14251476912024,0.608877473181342,2.45422775482089e-07
"omit97","CO","w_avg_temp",74.1060129807486,7.28522449083517,2.64158326487859e-24
"omit97","CO","w_sun_time",-10.1927574475791,1.3883082828091,2.10654296751734e-13
"omit97","CO","w_stagnant_days",-2.25505049595962,1.16424283130939,0.052754569732398
"omit97","CO","w_avg_wind",-1.43808038964795,1.25455831890811,0.251677574755445
"omit97","CO","w_avg_humid",1.71976504404488,1.35228179388007,0.203461782432304
"omit97","CO","w_avg_rain",0.0298714541426968,1.20699681945931,0.980255507811925
"omit97","SO2","lambda",0.835555457211277,0.0027181485272015,0
"omit97","SO2","lez",0.0122391563508039,0.0222324316724391,0.581970224704072
"omit97","SO2","pop_density",0.74568820709869,0.0326298600244324,1.36628308729327e-115
"omit97","SO2","industrial_area",-0.0110153444504301,0.00518321339152864,0.0335702603307732
"omit97","SO2","commercial_area",0.0170341277524239,0.00687910877087526,0.0132784918723324
"omit97","SO2","green_area_per_capita",-0.0174622781085621,0.0119564103857362,0.144154068714712
"omit97","SO2","daily_km",0.0260156510650789,0.00490612915191789,1.14112543701439e-07
"omit97","SO2","cars_per_capita",-0.0065153996884172,0.00318204479271365,0.0406039934865479
"omit97","SO2","avg_temp",-0.733723126648175,0.0807302059435288,1.00338745799292e-19
"omit97","SO2","sun_time",0.0934873446195448,0.0154914305248071,1.59181338981661e-09
"omit97","SO2","stagnant_days",0.0904712066171122,0.0122772004471342,1.71858424512289e-13
"omit97","SO2","avg_wind",0.0603079514410199,0.0128442333174567,2.66172864036698e-06
"omit97","SO2","avg_humid",0.0498641939341799,0.0148273195451751,0.000771019026443278
"omit97","SO2","avg_rain",0.00142291071139392,0.0135898576501631,0.916610789704828
"omit97","SO2","w_lez",-0.0211447760417558,0.0229783008542244,0.357464989280061
"omit97","SO2","w_pop_density",-0.388960352693351,0.0528926937202084,1.92702777640487e-13
"omit97","SO2","w_industrial_area",-0.0793722914086566,0.0133861109102781,3.03948824103590e-09
"omit97","SO2","w_commercial_area",0.0203056115639309,0.0142525501479655,0.154243870788519
"omit97","SO2","w_green_area_per_capita",0.0744839063332446,0.0281143300509859,0.00806535036732861
"omit97","SO2","w_daily_km",-0.0111336067359424,0.00947459559358444,0.239954311517943
"omit97","SO2","w_cars_per_capita",-0.0149178668801298,0.00723784768257857,0.0392943044310499
"omit97","SO2","w_avg_temp",0.253605955855839,0.0864687225459502,0.00335789026151884
"omit97","SO2","w_sun_time",-0.0906688172607547,0.0165056608395742,3.94726033718405e-08
"omit97","SO2","w_stagnant_days",-0.0901066879648181,0.0138415665028985,7.52198694980328e-11
"omit97","SO2","w_avg_wind",-0.0697067383887277,0.0149154501508214,2.96169466224525e-06
"omit97","SO2","w_avg_humid",-0.0470108231250229,0.0160761688324009,0.00345281348729723
"omit97","SO2","w_avg_rain",-0.0273705025196866,0.0143565520871886,0.0565877495616067
"omit97","O3","lambda",0.85328939072183,0.00248241265928777,0
"omit97","O3","lez",0.250141197493514,0.0820185493109936,0.00228984267814922
"omit97","O3","pop_density",-0.840998856987708,0.120373691460593,2.81693968681349e-12
"omit97","O3","industrial_area",-0.149638317313875,0.0191218304740005,5.05552193785577e-15
"omit97","O3","commercial_area",0.170207891955647,0.025379445908918,1.99313526794237e-11
"omit97","O3","green_area_per_capita",-0.0740472196024127,0.0441087196825302,0.0932020745306669
"omit97","O3","daily_km",-0.0247495870689716,0.018099497304946,0.171494173573879
"omit97","O3","cars_per_capita",0.0407782500191047,0.0117389660884713,0.000513236291261184
"omit97","O3","avg_temp",12.2236872819178,0.297810668653366,0
"omit97","O3","sun_time",-0.445733663702771,0.0571508513683646,6.22771648393127e-15
"omit97","O3","stagnant_days",0.117648865328872,0.0452919056636266,0.00938861633592757
"omit97","O3","avg_wind",0.164828985333549,0.0473840612537649,0.000504088369817627
"omit97","O3","avg_humid",-0.223320646384329,0.0547001652183414,4.45284996276435e-05
"omit97","O3","avg_rain",0.031614976582105,0.0501348884369194,0.528303195526274
"omit97","O3","w_lez",-0.170381636718735,0.0847628329093316,0.0444207730024942
"omit97","O3","w_pop_density",1.45912179217082,0.194642843147311,6.55913769283301e-14
"omit97","O3","w_industrial_area",-0.206091937268005,0.0493976094657781,3.01800537590892e-05
"omit97","O3","w_commercial_area",0.12951938063304,0.0526128123035632,0.0138262541548877
"omit97","O3","w_green_area_per_capita",-0.0497045953289746,0.103722643249668,0.631791521483109
"omit97","O3","w_daily_km",0.0744695427893321,0.0349497823884382,0.0331090502136433
"omit97","O3","w_cars_per_capita",-0.0416990908049587,0.0266990635793301,0.118330757845495
"omit97","O3","w_avg_temp",-9.53938182689094,0.320907680043088,3.51696067388674e-194
"omit97","O3","w_sun_time",0.485792647874352,0.0608986641733389,1.49853015230508e-15
"omit97","O3","w_stagnant_days",-0.0802649552358938,0.0510655838874449,0.115996621361042
"omit97","O3","w_avg_wind",-0.0177003829719802,0.0550556387128243,0.747831579339954
"omit97","O3","w_avg_humid",0.188148664889588,0.0593100770572678,0.00151242770429934
"omit97","O3","w_avg_rain",0.0613516976120225,0.0529615775153738,0.246693089576923
"omit97","PM10","lambda",0.877772860429637,0.00215110769942888,0
"omit97","PM10","lez",0.0194579326516228,0.11480598299031,0.865414891638918
"omit97","PM10","pop_density",-0.420952552674586,0.168493472177968,0.0124779439754875
"omit97","PM10","industrial_area",0.177591553010978,0.0267647305874222,3.23881252255899e-11
"omit97","PM10","commercial_area",-0.188062980956757,0.0355247498329483,1.19762444745586e-07
"omit97","PM10","green_area_per_capita",0.0999843696494693,0.0617419255298743,0.105362984008851
"omit97","PM10","daily_km",0.230126084206217,0.0253351448648778,1.05356144094091e-19
"omit97","PM10","cars_per_capita",-0.0797236624413346,0.0164318198393574,1.22355020147084e-06
"omit97","PM10","avg_temp",-7.30832332892394,0.416880112515149,8.31018822534239e-69
"omit97","PM10","sun_time",-0.0633673022329975,0.0799973378203739,0.428292086893755
"omit97","PM10","stagnant_days",0.279686779175636,0.0633984795489062,1.02624148394872e-05
"omit97","PM10","avg_wind",0.476272614592482,0.0663273051637586,6.9384963708272e-13
"omit97","PM10","avg_humid",-0.124203351024649,0.0765675912801445,0.104773379355866
"omit97","PM10","avg_rain",-0.113495519138066,0.0701771482047097,0.105819634922591
"omit97","PM10","w_lez",0.0535310702457688,0.118653125159713,0.651877113655386
"omit97","PM10","w_pop_density",0.756997250971365,0.272454832321742,0.00546219284709248
"omit97","PM10","w_industrial_area",0.0262413636050416,0.069123341956404,0.704219344035949
"omit97","PM10","w_commercial_area",-0.193676582235039,0.0736246347887903,0.00852355909390534
"omit97","PM10","w_green_area_per_capita",-0.0274644460977731,0.145187039379362,0.849962743711191
"omit97","PM10","w_daily_km",-0.299847192669827,0.0489201882920548,8.82588138824458e-10
"omit97","PM10","w_cars_per_capita",0.104393484198387,0.037372412615031,0.00521684293935685
"omit97","PM10","w_avg_temp",4.77344527547377,0.44681324969891,1.21845636517587e-26
"omit97","PM10","w_sun_time",0.105372537550315,0.0852380940540106,0.216378974260321
"omit97","PM10","w_stagnant_days",-0.325594190909917,0.0714777376495798,5.23399381288649e-06
"omit97","PM10","w_avg_wind",-0.589113521615008,0.0770328806198127,2.04829817631365e-14
"omit97","PM10","w_avg_humid",-0.0136132559776589,0.0830510763242883,0.869798638617757
"omit97","PM10","w_avg_rain",-0.00362263571227333,0.0741309432001379,0.961024439295097
"start2013","NO2","lambda",0.845968563641468,0.00265304525082319,0
"start2013","NO2","lez",0.148309538738064,0.0550563268814274,0.00706471385454605
"start2013","NO2","pop_density",0.00364697930793625,0.119515901308098,0.97565665378531
"start2013","NO2","industrial_area",0.0739030878670934,0.0187105746079098,7.82154687930337e-05
"start2013","NO2","commercial_area",0.050263281939954,0.0250626020882094,0.0449086259460114
"start2013","NO2","green_area_per_capita",-0.362433907459094,0.0465996843296107,7.39107995503067e-15
"start2013","NO2","daily_km",0.151720398556223,0.0177499194460748,1.25601610938757e-17
"start2013","NO2","cars_per_capita",-0.0961429444853247,0.011145463207,6.3426567520246e-18
"start2013","NO2","avg_temp",-6.80366772616467,0.286475805166469,1.1109092656595e-124
"start2013","NO2","sun_time",0.277157634381471,0.0566295979206921,9.86970601640889e-07
"start2013","NO2","stagnant_days",0.244181749524132,0.0431792978451312,1.55787019872426e-08
"start2013","NO2","avg_wind",0.0403604872793881,0.0450611383484776,0.370422190778788
"start2013","NO2","avg_humid",-0.394946973392673,0.051917852785289,2.80202720406328e-14
"start2013","NO2","avg_rain",0.0449202455625359,0.046893426344071,0.338102083177941
"start2013","NO2","w_lez",-0.449649415188347,0.059529818150726,4.24210495379786e-14
"start2013","NO2","w_pop_density",-1.81575810112119,0.180469577502055,8.19116240318005e-24
"start2013","NO2","w_industrial_area",0.134771706982467,0.0480152446948094,0.00500281517425848
"start2013","NO2","w_commercial_area",0.360055027483303,0.0521197986478846,4.9077301661671e-12
"start2013","NO2","w_green_area_per_capita",-0.783958102150712,0.106331516097972,1.67115247047608e-13
"start2013","NO2","w_daily_km",-0.147091637655206,0.0340182461892067,1.5329188231484e-05
"start2013","NO2","w_cars_per_capita",0.230236240675772,0.0255996699244291,2.39002767292242e-19
"start2013","NO2","w_avg_temp",4.86565661010076,0.305942430927852,5.96058707051067e-57
"start2013","NO2","w_sun_time",-0.243994370364516,0.060021376772072,4.8006824525574e-05
"start2013","NO2","w_stagnant_days",-0.20385581717557,0.0484329074097407,2.56463318360805e-05
"start2013","NO2","w_avg_wind",-0.136716416085475,0.0521787882180053,0.00878902874235473
"start2013","NO2","w_avg_humid",0.315178923396153,0.0559197974027277,1.73775618508437e-08
"start2013","NO2","w_avg_rain",-0.117252855436646,0.0492825400321445,0.0173504158870452
"start2013","CO","lambda",0.795758694010331,0.00330528811058945,0
"start2013","CO","lez",5.50214919550253,1.26710168230334,1.40991950980508e-05
"start2013","CO","pop_density",-39.0277081874818,2.75055068199149,1.07095856995097e-45
"start2013","CO","industrial_area",1.67367418424313,0.430605429594056,0.000101577287909693
"start2013","CO","commercial_area",-0.93063327100467,0.576652903929246,0.106559220483951
"start2013","CO","green_area_per_capita",1.13495909666277,1.07232290402472,0.289867792398774
"start2013","CO","daily_km",0.915290759448876,0.408509869518,0.0250546082311158
"start2013","CO","cars_per_capita",-0.326352659073204,0.256505028774161,0.203264733391083
"start2013","CO","avg_temp",-120.559324647931,6.59309538234888,1.07585465667004e-74
"start2013","CO","sun_time",10.0586668550856,1.30331594591291,1.1840098890329e-14
"start2013","CO","stagnant_days",2.09699619483252,0.993758093859664,0.0348439167764198
"start2013","CO","avg_wind",2.91935039708474,1.03706572774212,0.00487757156926194
"start2013","CO","avg_humid",-3.2915100293077,1.19485312103972,0.00587387408986725
"start2013","CO","avg_rain",-1.13562737755881,1.07921403585547,0.29267449130184
"start2013","CO","w_lez",-6.42670019841232,1.36677839169705,2.57525609497414e-06
"start2013","CO","w_pop_density",-7.99082777216184,4.16077804864805,0.0547931496753764
"start2013","CO","w_industrial_area",2.92419601861146,1.10506117020124,0.00814053424250952
"start2013","CO","w_commercial_area",2.88511578362181,1.19807867650819,0.0160349622253321
"start2013","CO","w_green_area_per_capita",-11.8697251185584,2.44457487228124,1.20060591556976e-06
"start2013","CO","w_daily_km",0.0314288224200004,0.782933904199763,0.967979622681317
"start2013","CO","w_cars_per_capita",3.70547196836178,0.589145123556255,3.18337925348612e-10
"start2013","CO","w_avg_temp",72.4643605962017,7.04305069962396,7.91776322403262e-25
"start2013","CO","w_sun_time",-10.1427396207293,1.38141910047037,2.10015293646348e-13
"start2013","CO","w_stagnant_days",-2.00437548007397,1.11453043861442,0.0721130830758095
"start2013","CO","w_avg_wind",-3.300368896813,1.20071712015343,0.00598385433761576
"start2013","CO","w_avg_humid",2.23524961601887,1.28665209005808,0.0823412328665965
"start2013","CO","w_avg_rain",0.184545544342118,1.13382601514104,0.870704610442563
"start2013","SO2","lambda",0.839294274672567,0.00275958160266311,0
"start2013","SO2","lez",-0.0420613910983973,0.0151313563854208,0.0054400726174522
"start2013","SO2","pop_density",0.690051441015117,0.0328406369546674,5.08136157748728e-98
"start2013","SO2","industrial_area",-0.00771712142432815,0.00514244881119376,0.133440796923215
"start2013","SO2","commercial_area",0.0185088949425078,0.00688597131099383,0.00719000289125986
"start2013","SO2","green_area_per_capita",-0.0298014557346418,0.0128042489450964,0.0199404696664107
"start2013","SO2","daily_km",0.0254324619501985,0.00487834053159422,1.85467609807973e-07
"start2013","SO2","cars_per_capita",-0.00753702834445149,0.00306305699795734,0.013869604086276
"start2013","SO2","avg_temp",-0.633242110119585,0.0787354131080035,8.79094241955075e-16
"start2013","SO2","sun_time",0.0990750228755291,0.0155633138043692,1.94105347927197e-10
"start2013","SO2","stagnant_days",0.0583314290397533,0.0118672083459107,8.86260245266058e-07
"start2013","SO2","avg_wind",0.0653731218332449,0.0123844221767959,1.30133851244354e-07
"start2013","SO2","avg_humid",0.086262235745066,0.014268437589541,1.48792265022064e-09
"start2013","SO2","avg_rain",0.00612493584242165,0.0128879222142319,0.634611512795314
"start2013","SO2","w_lez",0.0323313920919387,0.0163243024387201,0.0476397332286807
"start2013","SO2","w_pop_density",-0.342576105533007,0.0495428906918666,4.68729076300425e-12
"start2013","SO2","w_industrial_area",-0.0696716003625032,0.0131983343109668,1.30020100983864e-07
"start2013","SO2","w_commercial_area",0.0241545829848363,0.0143080110270232,0.0913755421339834
"start2013","SO2","w_green_area_per_capita",-0.0115191754047053,0.0291850170423575,0.693068117081373
"start2013","SO2","w_daily_km",-0.00278226002166855,0.00935185482176313,0.766078015803016
"start2013","SO2","w_cars_per_capita",-0.00452977689818849,0.00703395515696421,0.519583751635802
"start2013","SO2","w_avg_temp",0.185872421240369,0.0839431589368178,0.0268105364337393
"start2013","SO2","w_sun_time",-0.104686733586574,0.0164962712445602,2.20863750725033e-10
"start2013","SO2","w_stagnant_days",-0.0597057471892114,0.0133094056986676,7.25790533438012e-06
"start2013","SO2","w_avg_wind",-0.0717750023621822,0.0143386174856492,5.56556623764808e-07
"start2013","SO2","w_avg_humid",-0.0877216188203588,0.01536291595798,1.13003454656035e-08
"start2013","SO2","w_avg_rain",-0.0328857437069439,0.0135476745806968,0.0152071121405427
"start2013","O3","lambda",0.859292663525802,0.0024819217520202,0
"start2013","O3","lez",-0.0855332433047661,0.0577507190688051,0.138586141107373
"start2013","O3","pop_density",-0.951140947265189,0.125336446517982,3.23125834766336e-14
"start2013","O3","industrial_area",-0.139595407593181,0.0196276451989271,1.14221537704437e-12
"start2013","O3","commercial_area",0.147377135661934,0.0262828775178132,2.05455047663978e-08
"start2013","O3","green_area_per_capita",-0.0874321542205024,0.0488691337292656,0.0735974368434683
"start2013","O3","daily_km",-0.029130899614785,0.018618821764026,0.117678101411008
"start2013","O3","cars_per_capita",0.047062743073146,0.0116904951455024,5.67995330644099e-05
"start2013","O3","avg_temp",12.7625287989746,0.30049022827193,0
"start2013","O3","sun_time",-0.44480960795213,0.0593998896487617,6.97229759588925e-14
"start2013","O3","stagnant_days",0.166863966894393,0.0452924058965506,0.000229468088662787
"start2013","O3","avg_wind",0.160785979787325,0.0472670239370863,0.000669798004990902
"start2013","O3","avg_humid",-0.210349466109136,0.0544572847420894,0.000112163354627978
"start2013","O3","avg_rain",0.0914365494613579,0.0491875659405159,0.0630361748606122
"start2013","O3","w_lez",0.187018725001974,0.0623019743059765,0.00268379123482468
"start2013","O3","w_pop_density",1.37951143604098,0.188535737967622,2.53621528420706e-13
"start2013","O3","w_industrial_area",-0.264779159057328,0.0503914251009683,1.48468505129359e-07
"start2013","O3","w_commercial_area",0.194878303837608,0.0546417070223032,0.000361814758465534
"start2013","O3","w_green_area_per_capita",0.165115994862651,0.111387348982721,0.138244903160919
"start2013","O3","w_daily_km",0.0956936856853728,0.0356861269056996,0.00732847115504763
"start2013","O3","w_cars_per_capita",-0.0767302042934706,0.0268446124717319,0.00425905082305857
"start2013","O3","w_avg_temp",-10.1246246645181,0.322452227989395,2.09876940503016e-216
"start2013","O3","w_sun_time",0.452976272423216,0.0629604316762741,6.26357506303775e-13
"start2013","O3","w_stagnant_days",-0.122740840086288,0.0508008411077656,0.0156869652901218
"start2013","O3","w_avg_wind",0.0069463640435804,0.0547728552980877,0.899081846579009
"start2013","O3","w_avg_humid",0.171064000455418,0.0586382202185996,0.0035310070023025
"start2013","O3","w_avg_rain",-0.0117742839707873,0.0516905538741543,0.819814123072719
"start2013","PM10","lambda",0.883948292718707,0.00213742479762027,0
"start2013","PM10","lez",-0.807231795802207,0.0807071552989247,1.49371694557952e-23
"start2013","PM10","pop_density",-0.445707784226238,0.175159261566756,0.0109407403638122
"start2013","PM10","industrial_area",0.185726933841051,0.0274287297350861,1.27669680931008e-11
"start2013","PM10","commercial_area",-0.17535407714112,0.0367299892221845,1.80477626110452e-06
"start2013","PM10","green_area_per_capita",-0.0177157781409078,0.0682948900490257,0.795325684631489
"start2013","PM10","daily_km",0.111470613530068,0.0260199142096634,1.83521639717504e-05
"start2013","PM10","cars_per_capita",-0.0347237256513746,0.016337509295389,0.033553335027107
"start2013","PM10","avg_temp",-7.83901454594146,0.419951997933873,9.28147500786556e-78
"start2013","PM10","sun_time",0.0482087930535236,0.0830108675873762,0.561407076447112
"start2013","PM10","stagnant_days",0.179847464045304,0.0632965415492206,0.00449233452388942
"start2013","PM10","avg_wind",0.465735312803983,0.0660557075826146,1.78090933784374e-12
"start2013","PM10","avg_humid",-0.172084856880415,0.0761047529216148,0.0237494862694796
"start2013","PM10","avg_rain",-0.073086744750719,0.0687407060677527,0.287680537471012
"start2013","PM10","w_lez",0.739170879605909,0.087056640433869,2.05415183856827e-17
"start2013","PM10","w_pop_density",-0.339086064367146,0.263543921856641,0.198219910371273
"start2013","PM10","w_industrial_area",0.0827583678233249,0.0704028474807799,0.239795755991675
"start2013","PM10","w_commercial_area",-0.247855096910734,0.0763431362989916,0.00116795255115938
"start2013","PM10","w_green_area_per_capita",0.130690421346938,0.155662618506987,0.401146799072668
"start2013","PM10","w_daily_km",-0.232346372054823,0.0498699011009015,3.17671752585468e-06
"start2013","PM10","w_cars_per_capita",0.0641153719113335,0.0375148595725564,0.0874387201339566
"start2013","PM10","w_avg_temp",5.37000623134377,0.448127296764525,4.35110213396992e-33
"start2013","PM10","w_sun_time",-0.0461832848880285,0.0879852348778421,0.599654012344767
"start2013","PM10","w_stagnant_days",-0.206049816681575,0.070989343556262,0.00370143103958794
"start2013","PM10","w_avg_wind",-0.553891276113413,0.076484090075036,4.42393227551974e-13
"start2013","PM10","w_avg_humid",0.015569378754683,0.0819862166362294,0.849385617035834
"start2013","PM10","w_avg_rain",-0.0452404540092577,0.0722494958476346,0.531203558542689
"core2024","NO2","lambda",0.842858518617256,0.00259356334366062,0
"core2024","NO2","lez",0.213305254678412,0.0555560557257881,0.000123305207160321
"core2024","NO2","pop_density",0.00827370315853641,0.110618080463755,0.940377648691235
"core2024","NO2","daily_km",0.150985921993413,0.0172423726044821,2.01087289837171e-18
"core2024","NO2","cars_per_capita",-0.112850785435918,0.0103732403586861,1.45099922720719e-27
"core2024","NO2","avg_temp",-6.82719178628799,0.28234127303186,3.55669451749422e-129
"core2024","NO2","sun_time",0.280482719464478,0.0539630202237184,2.01786916594179e-07
"core2024","NO2","stagnant_days",0.236992726810897,0.0426271862074234,2.70298347708386e-08
"core2024","NO2","avg_wind",-0.0354886035508346,0.0446218629645521,0.426428118851817
"core2024","NO2","avg_humid",-0.411812756986717,0.0513035898433618,9.99034674438126e-16
"core2024","NO2","avg_rain",0.0386125977305924,0.0472277106878258,0.413595043487741
"core2024","NO2","w_lez",-0.534249053725498,0.0594822999445392,2.66742092501638e-19
"core2024","NO2","w_pop_density",-1.75743325115984,0.16477423454484,1.47279053095052e-26
"core2024","NO2","w_daily_km",-0.212306405296986,0.0327992178561501,9.6132830121355e-11
"core2024","NO2","w_cars_per_capita",0.184358579943345,0.0231006848250366,1.4555959893808e-15
"core2024","NO2","w_avg_temp",4.90734783548633,0.301391104059549,1.31766625813007e-59
"core2024","NO2","w_sun_time",-0.235464479725939,0.0572627110989318,3.92240017084652e-05
"core2024","NO2","w_stagnant_days",-0.198141587364747,0.0478633219636942,3.47703505748562e-05
"core2024","NO2","w_avg_wind",-0.0598627286552467,0.051477002900486,0.244869115898596
"core2024","NO2","w_avg_humid",0.357526102017735,0.0552911247093359,1.00466418241989e-10
"core2024","NO2","w_avg_rain",-0.11373155592142,0.0496218802379049,0.021907728987975
"core2024","CO","lambda",0.793418609084027,0.00321082985314966,0
"core2024","CO","lez",6.16926608429649,1.30127997904247,2.12748474827579e-06
"core2024","CO","pop_density",-36.6759306492403,2.59068741777338,1.6945935508929e-45
"core2024","CO","daily_km",1.04065614382203,0.403857110321539,0.0099721671784909
"core2024","CO","cars_per_capita",-0.561926241073599,0.242967736682715,0.0207357977475121
"core2024","CO","avg_temp",-127.834004704904,6.61323105990718,3.00199387398195e-83
"core2024","CO","sun_time",9.26863542097846,1.26396567450748,2.25089995099332e-13
"core2024","CO","stagnant_days",1.98588706705383,0.998450652547469,0.0467046611255194
"core2024","CO","avg_wind",1.1691612561243,1.04516978490572,0.263296802768522
"core2024","CO","avg_humid",-3.19498483289553,1.20167232122523,0.007842367051113
"core2024","CO","avg_rain",-1.09519376705967,1.10618883330913,0.322144593892389
"core2024","CO","w_lez",-7.8086819866557,1.39040637489987,1.95298795827045e-08
"core2024","CO","w_pop_density",1.57484176177487,3.85793163835906,0.683120365766732
"core2024","CO","w_daily_km",-1.08949748797164,0.768214538006793,0.156126443531113
"core2024","CO","w_cars_per_capita",2.49462355270528,0.541094951615472,4.02040060316295e-06
"core2024","CO","w_avg_temp",77.4993931438944,7.06481040276723,5.34040698459039e-28
"core2024","CO","w_sun_time",-8.72183075304264,1.34122415993522,7.87923595351501e-11
"core2024","CO","w_stagnant_days",-1.64339200441522,1.12099022417164,0.142643344776434
"core2024","CO","w_avg_wind",-1.29193480480931,1.20556105769689,0.283879019231571
"core2024","CO","w_avg_humid",2.44319927493418,1.29495949358396,0.0592007709947547
"core2024","CO","w_avg_rain",0.403581939353831,1.16184093150069,0.728317729188023
"core2024","SO2","lambda",0.837025091219457,0.00268213374340239,0
"core2024","SO2","lez",-0.0387507289237998,0.0156045617739821,0.0130173266396574
"core2024","SO2","pop_density",0.726479853888006,0.0310641224979253,5.86953357954904e-121
"core2024","SO2","daily_km",0.025464782750209,0.00484295822640613,1.45547432218283e-07
"core2024","SO2","cars_per_capita",-0.00499978629336507,0.00291356822492787,0.0861555584809161
"core2024","SO2","avg_temp",-0.756079706507706,0.0793071474497892,1.51975304433543e-21
"core2024","SO2","sun_time",0.0884789472348585,0.0151569086101524,5.29795496099837e-09
"core2024","SO2","stagnant_days",0.0893383687064077,0.0119732122099105,8.55296327197924e-14
"core2024","SO2","avg_wind",0.0646414657893758,0.0125334472020531,2.50246266449362e-07
"core2024","SO2","avg_humid",0.0498344551605248,0.0144100483801236,0.000543569823929106
"core2024","SO2","avg_rain",0.000886160975228422,0.0132652298324991,0.94673830543295
"core2024","SO2","w_lez",0.0263090127675812,0.016675343910027,0.114630098739745
"core2024","SO2","w_pop_density",-0.439702467896694,0.0461992116900089,1.77340900059157e-21
"core2024","SO2","w_daily_km",-0.00714497215206055,0.00921371999104795,0.438061427453434
"core2024","SO2","w_cars_per_capita",-0.00867910236728728,0.00648838954450631,0.181015176863257
"core2024","SO2","w_avg_temp",0.282547145706943,0.0845648035855159,0.000834198676458228
"core2024","SO2","w_sun_time",-0.0857174436560351,0.0160836120207533,9.84891375573766e-08
"core2024","SO2","w_stagnant_days",-0.0884568600580447,0.013442556294501,4.6931047615662e-11
"core2024","SO2","w_avg_wind",-0.0708030558598104,0.0144566520989882,9.70089218832472e-07
"core2024","SO2","w_avg_humid",-0.0500148898512672,0.0155280112138991,0.00127768097763378
"core2024","SO2","w_avg_rain",-0.0267023863991715,0.0139390537377255,0.0554093124975137
"core2024","O3","lambda",0.858661117297525,0.00239500458439332,0
"core2024","O3","lez",-0.0687371475812582,0.0571278681995102,0.228892863258039
"core2024","O3","pop_density",-0.829356645218516,0.113722254472895,3.03519372562142e-13
"core2024","O3","daily_km",-0.0432700906530807,0.0177298578367137,0.0146660925919632
"core2024","O3","cars_per_capita",0.0712878649833397,0.0106665023943463,2.33556409370933e-11
"core2024","O3","avg_temp",12.2359023801735,0.290325062689686,0
"core2024","O3","sun_time",-0.410176887659916,0.0554897602113271,1.44703598856645e-13
"core2024","O3","stagnant_days",0.151889152438721,0.0438331532609003,0.00052990428200696
"core2024","O3","avg_wind",0.153699748334043,0.045884723123825,0.000809010930881535
"core2024","O3","avg_humid",-0.229509882838057,0.0527548428782229,1.35828172777509e-05
"core2024","O3","avg_rain",0.0559768426387542,0.04856347812249,0.249052807006115
"core2024","O3","w_lez",0.145913304341454,0.0610405210148649,0.0168284978760299
"core2024","O3","w_pop_density",0.992232718578697,0.168679703356627,4.04486708816621e-09
"core2024","O3","w_daily_km",0.0597668480382635,0.0337256107375478,0.0763696266316617
"core2024","O3","w_cars_per_capita",0.00267693514975782,0.023754810081377,0.910276142629863
"core2024","O3","w_avg_temp",-9.69678394285193,0.311243821648338,4.34729642296751e-213
"core2024","O3","w_sun_time",0.440365704338021,0.0588867105257595,7.53561765165905e-14
"core2024","O3","w_stagnant_days",-0.115454737003916,0.0492149684294141,0.0189798101533521
"core2024","O3","w_avg_wind",-0.0048445299777338,0.0529605547845836,0.927115721716172
"core2024","O3","w_avg_humid",0.186251243777738,0.056852799837311,0.00105278912123774
"core2024","O3","w_avg_rain",0.0280727337582811,0.0510252956712478,0.58220080447968
"core2024","PM10","lambda",0.881844004570998,0.00208388247988444,0
"core2024","PM10","lez",-0.807649756333971,0.0809909668688782,2.01920389195836e-23
"core2024","PM10","pop_density",-0.127880657943938,0.161227068873268,0.427678119800673
"core2024","PM10","daily_km",0.193232249853616,0.0251357565334553,1.49985548761918e-14
"core2024","PM10","cars_per_capita",-0.0848363479769705,0.0151219798266903,2.02168867764355e-08
"core2024","PM10","avg_temp",-7.31734910924808,0.411615214379166,1.06228281610652e-70
"core2024","PM10","sun_time",0.0113939348596608,0.0786674182028881,0.884839749015735
"core2024","PM10","stagnant_days",0.222040921108399,0.0621427934281386,0.000352812366560909
"core2024","PM10","avg_wind",0.520255471874362,0.0650513426833306,1.26854213937695e-15
"core2024","PM10","avg_humid",-0.153035846502868,0.0747913342491563,0.0407395661728821
"core2024","PM10","avg_rain",-0.0956251523270418,0.0688491381417913,0.164860579267049
"core2024","PM10","w_lez",0.810480805897313,0.0865358590644999,7.54494212664488e-21
"core2024","PM10","w_pop_density",-0.482916272686524,0.239183294296117,0.043484959248608
"core2024","PM10","w_daily_km",-0.194499573656424,0.0478149620216357,4.7468153642306e-05
"core2024","PM10","w_cars_per_capita",0.045709535233489,0.0336766363637788,0.174683675011131
"core2024","PM10","w_avg_temp",4.82624667204688,0.439181264876516,4.30771272554309e-28
"core2024","PM10","w_sun_time",0.0286344357220022,0.0834793521750213,0.73158928678079
"core2024","PM10","w_stagnant_days",-0.234734097983223,0.0697689866612214,0.000766970536232053
"core2024","PM10","w_avg_wind",-0.621532115993014,0.0750397087232844,1.20403780569551e-16
"core2024","PM10","w_avg_humid",0.00195225916526296,0.0806351781185248,0.980684295387165
"core2024","PM10","w_avg_rain",-0.0136473364110427,0.0723392567007229,0.850361338298733
"jan2018","NO2","lambda",0.844166162185697,0.00257410426115624,0
"jan2018","NO2","lez",0.0824803356332097,0.0562973226676138,0.142897861104647
"jan2018","NO2","pop_density",-0.109589465221814,0.111144853012482,0.32413028652986
"jan2018","NO2","industrial_area",0.0727391028407868,0.017758018058227,4.20118944250735e-05
"jan2018","NO2","commercial_area",0.0392829819636668,0.0236997321112167,0.0974126671046994
"jan2018","NO2","green_area_per_capita",-0.356129009410491,0.0407218694496795,2.22228305383628e-18
"jan2018","NO2","daily_km",0.158572483623057,0.0172406530306581,3.66062470281252e-20
"jan2018","NO2","cars_per_capita",-0.0993812170104665,0.0108669135067192,5.94629175304107e-20
"jan2018","NO2","avg_temp",-6.87364179049273,0.281609082137901,1.39095150557417e-131
"jan2018","NO2","sun_time",0.280217100296968,0.0538601138352173,1.96431739938875e-07
"jan2018","NO2","stagnant_days",0.235471015404545,0.042512953696098,3.04540257485667e-08
"jan2018","NO2","avg_wind",-0.0440173809130137,0.0444943584878122,0.322526145134813
"jan2018","NO2","avg_humid",-0.427311748204166,0.0512602461401956,7.67656682135876e-17
"jan2018","NO2","avg_rain",0.0362526039894556,0.0470837351374726,0.441323478476554
"jan2018","NO2","w_lez",-0.369204583851945,0.0601519878688941,8.36396146888633e-10
"jan2018","NO2","w_pop_density",-1.67304091296674,0.166378522282807,8.67644012051392e-24
"jan2018","NO2","w_industrial_area",0.12377971410247,0.0458635449610743,0.00695754923009283
"jan2018","NO2","w_commercial_area",0.393812094124872,0.0492916210079004,1.3556098480094e-15
"jan2018","NO2","w_green_area_per_capita",-0.590255560168525,0.0950435560192364,5.28603051467513e-10
"jan2018","NO2","w_daily_km",-0.156422113949685,0.033214022391856,2.48300438445696e-06
"jan2018","NO2","w_cars_per_capita",0.18234316858213,0.0245998457538025,1.24061670367107e-13
"jan2018","NO2","w_avg_temp",4.95935099043763,0.30064097734021,3.92503275951186e-61
"jan2018","NO2","w_sun_time",-0.235835149611781,0.0571490507979736,3.68057418237024e-05
"jan2018","NO2","w_stagnant_days",-0.193988316628551,0.0477542920600157,4.86087735081468e-05
"jan2018","NO2","w_avg_wind",-0.0502883730482467,0.0513364626173473,0.327291547836525
"jan2018","NO2","w_avg_humid",0.370298094176282,0.0552643802154817,2.07730376863733e-11
"jan2018","NO2","w_avg_rain",-0.110417562661207,0.0494707624291926,0.0256165382110107
"jan2018","CO","lambda",0.792013996748976,0.0032248076466107,0
"jan2018","CO","lez",4.29549434392123,1.32231717027322,0.00116031549648546
"jan2018","CO","pop_density",-37.1037651870856,2.6103174127531,7.47230520170999e-46
"jan2018","CO","industrial_area",1.98256952992157,0.417080708482146,1.99981133247218e-06
"jan2018","CO","commercial_area",-1.04539922890079,0.556467344302559,0.0602942997067871
"jan2018","CO","green_area_per_capita",0.199472563829962,0.956339617623905,0.834776740075969
"jan2018","CO","daily_km",0.999182927966233,0.404948956072986,0.0136087084200377
"jan2018","CO","cars_per_capita",-0.194950884229121,0.255242784573222,0.44499473728197
"jan2018","CO","avg_temp",-127.554767866163,6.61446650337115,7.28936235642883e-83
"jan2018","CO","sun_time",9.39454014405985,1.26506685157915,1.11828283707349e-13
"jan2018","CO","stagnant_days",2.1183232899749,0.998550457588859,0.0338882942704265
"jan2018","CO","avg_wind",1.12570990882264,1.04508725926949,0.281415751447668
"jan2018","CO","avg_humid",-3.14474894495859,1.20399756940095,0.00900345296007588
"jan2018","CO","avg_rain",-1.12129528183583,1.10589025951206,0.310616167658559
"jan2018","CO","w_lez",-6.44465495149725,1.41027969126501,4.8825790063947e-06
"jan2018","CO","w_pop_density",-2.32438144388711,3.90843327779678,0.552037834134907
"jan2018","CO","w_industrial_area",3.64136617271379,1.07727816002535,0.000724452033555295
"jan2018","CO","w_commercial_area",1.92287579638744,1.15615791360037,0.0962803773994426
"jan2018","CO","w_green_area_per_capita",-11.0149488931187,2.23022463436413,7.85477894938496e-07
"jan2018","CO","w_daily_km",-1.09441591744217,0.780135846468781,0.160660676805811
"jan2018","CO","w_cars_per_capita",3.05542855602847,0.57785880050688,1.23999187261696e-07
"jan2018","CO","w_avg_temp",76.8007594171179,7.06731470866039,1.65491034101845e-27
"jan2018","CO","w_sun_time",-8.86861768007765,1.34230126934322,3.92120561729749e-11
"jan2018","CO","w_stagnant_days",-1.72364138375082,1.12152904979665,0.124325795276258
"jan2018","CO","w_avg_wind",-1.29307640112068,1.20564304230846,0.283486489043444
"jan2018","CO","w_avg_humid",2.32159330323272,1.29790752308582,0.073659900652337
"jan2018","CO","w_avg_rain",0.413051425233897,1.16154547510563,0.722136368629042
"jan2018","SO2","lambda",0.836799751281531,0.00268455984947773,0
"jan2018","SO2","lez",-0.0436685882760307,0.015853270451542,0.00587733377286359
"jan2018","SO2","pop_density",0.728857766601177,0.0312917554238439,5.30281173309508e-120
"jan2018","SO2","industrial_area",-0.00820440101759936,0.00500066763782649,0.100867777849051
"jan2018","SO2","commercial_area",0.0145773411633072,0.00667138260419357,0.0288847784776999
"jan2018","SO2","green_area_per_capita",-0.0154168137417305,0.0114648243160546,0.178720317575114
"jan2018","SO2","daily_km",0.0255214583278125,0.00485497793036412,1.4661469907263e-07
"jan2018","SO2","cars_per_capita",-0.00564348983336787,0.003060077691746,0.0651494970308219
"jan2018","SO2","avg_temp",-0.75442787107062,0.0793041838865935,1.8508078122485e-21
"jan2018","SO2","sun_time",0.0862036270901037,0.0151666300683616,1.31757949378924e-08
"jan2018","SO2","stagnant_days",0.0870822190687693,0.0119717383217951,3.4904035604372e-13
"jan2018","SO2","avg_wind",0.0653461980080019,0.0125296487369804,1.83494615479578e-07
"jan2018","SO2","avg_humid",0.0520579064366401,0.0144346622354282,0.000310413079166797
"jan2018","SO2","avg_rain",0.00132146139318902,0.0132586765727311,0.920608168790361
"jan2018","SO2","w_lez",0.0314310966824564,0.0169079803924728,0.0630341711552255
"jan2018","SO2","w_pop_density",-0.399290831810635,0.0467791146007912,1.39352082219503e-17
"jan2018","SO2","w_industrial_area",-0.0763258206738768,0.0129170612936308,3.44367767242541e-09
"jan2018","SO2","w_commercial_area",0.0234405369467723,0.0138623796722643,0.0908470960834748
"jan2018","SO2","w_green_area_per_capita",0.0697203812698568,0.0267322395175723,0.00910460795071749
"jan2018","SO2","w_daily_km",-0.00464225489762711,0.00935516369508272,0.619736519598578
"jan2018","SO2","w_cars_per_capita",-0.0209320115041951,0.00692731327891103,0.00251389618472443
"jan2018","SO2","w_avg_temp",0.278442764564393,0.0845746880147181,0.000993819141924553
"jan2018","SO2","w_sun_time",-0.0833373222670186,0.0160929442116316,2.23676279991678e-07
"jan2018","SO2","w_stagnant_days",-0.0862082963543646,0.0134459030967371,1.44102588400792e-10
"jan2018","SO2","w_avg_wind",-0.0709112517512185,0.0144543628608696,9.3013245675601e-07
"jan2018","SO2","w_avg_humid",-0.052820248265733,0.0155596923065815,0.000687076963467694
"jan2018","SO2","w_avg_rain",-0.0268058098534962,0.0139323401526073,0.0543546968282498
"jan2018","O3","lambda",0.859287313025109,0.00238603562093724,0
"jan2018","O3","lez",0.0403537663950748,0.0579859867813227,0.486477219827584
"jan2018","O3","pop_density",-0.770976407052529,0.114451280035827,1.62487760432089e-11
"jan2018","O3","industrial_area",-0.150938326353524,0.0182912368891638,1.55833895556578e-16
"jan2018","O3","commercial_area",0.153847020871733,0.024403021484949,2.89265587028051e-10
"jan2018","O3","green_area_per_capita",-0.0304901113954619,0.0419341847321625,0.467168121605652
"jan2018","O3","daily_km",-0.0376072473787721,0.0177578297245389,0.0341933663575233
"jan2018","O3","cars_per_capita",0.0455841042864011,0.0111925262752223,4.64658709463594e-05
"jan2018","O3","avg_temp",12.2058788956745,0.290051974879919,0
"jan2018","O3","sun_time",-0.418992656948331,0.0554751529421168,4.26003524881014e-14
"jan2018","O3","stagnant_days",0.143800036589927,0.0437881141036368,0.00102346001558244
"jan2018","O3","avg_wind",0.15508358615488,0.0458293583034769,0.000714548232130864
"jan2018","O3","avg_humid",-0.243775081843309,0.0527971469620218,3.8894900778305e-06
"jan2018","O3","avg_rain",0.057154458260099,0.0484955446344458,0.238577131006502
"jan2018","O3","w_lez",0.0250020170436196,0.0618366191282553,0.685974623599161
"jan2018","O3","w_pop_density",1.13597397499797,0.170618877502327,2.77650842470193e-11
"jan2018","O3","w_industrial_area",-0.248248137304992,0.0472624797748739,1.50014633305735e-07
"jan2018","O3","w_commercial_area",0.132055516694967,0.0507345340102282,0.00924463622137255
"jan2018","O3","w_green_area_per_capita",0.16094721741911,0.0977779251403837,0.0997537521940455
"jan2018","O3","w_daily_km",0.0821730137535198,0.0342112314514098,0.0163087890412461
"jan2018","O3","w_cars_per_capita",-0.047114604222157,0.0253331375795831,0.0629136321117123
"jan2018","O3","w_avg_temp",-9.67565940763822,0.310980251621129,1.58582370772291e-212
"jan2018","O3","w_sun_time",0.450554822531387,0.0588679239762166,1.95344845193205e-14
"jan2018","O3","w_stagnant_days",-0.106431877858046,0.0491827531739695,0.0304637252463263
"jan2018","O3","w_avg_wind",-0.00792742495660484,0.052903111082285,0.880884544798176
"jan2018","O3","w_avg_humid",0.199980601867079,0.0569168258832218,0.000442146909597858
"jan2018","O3","w_avg_rain",0.029182502714735,0.0509551963481257,0.566841700530297
"jan2018","PM10","lambda",0.882139299979352,0.00207938625080999,0
"jan2018","PM10","lez",-0.870260724305109,0.0822361469611137,3.59396625745544e-26
"jan2018","PM10","pop_density",-0.184145202481898,0.162317057358584,0.25659391124245
"jan2018","PM10","industrial_area",0.185546710890814,0.0259390015242314,8.47816313905754e-13
"jan2018","PM10","commercial_area",-0.202731812635909,0.0346072469583199,4.68266082189739e-09
"jan2018","PM10","green_area_per_capita",0.0686103083316849,0.0594711734854062,0.248634111128658
"jan2018","PM10","daily_km",0.183060931521483,0.0251840998749756,3.62402283499963e-13
"jan2018","PM10","cars_per_capita",-0.0521400995902443,0.0158732853992535,0.00102065472413812
"jan2018","PM10","avg_temp",-7.25885796369213,0.411370453617691,1.10096862360782e-69
"jan2018","PM10","sun_time",0.0139077523764946,0.0786740377547954,0.85968363568202
"jan2018","PM10","stagnant_days",0.217920684439558,0.0621005167843618,0.000449523441227612
"jan2018","PM10","avg_wind",0.526377558213561,0.0649953354928124,5.55507425086472e-16
"jan2018","PM10","avg_humid",-0.113740934391071,0.0748773323706098,0.128754876902148
"jan2018","PM10","avg_rain",-0.096455590791858,0.0687767897623576,0.160782725207627
"jan2018","PM10","w_lez",0.817761387824935,0.0876945696219781,1.10869964312965e-20
"jan2018","PM10","w_pop_density",-0.617063185538986,0.242037144758999,0.0107890952527059
"jan2018","PM10","w_industrial_area",-0.0280723218523847,0.0670028014890333,0.675236332815124
"jan2018","PM10","w_commercial_area",-0.145782295536594,0.0719290108996742,0.0426877405592636
"jan2018","PM10","w_green_area_per_capita",0.179811748030401,0.138671118459627,0.194742102619878
"jan2018","PM10","w_daily_km",-0.246383527814545,0.0485169357662529,3.80828151221436e-07
"jan2018","PM10","w_cars_per_capita",0.054023450096279,0.0359279975523297,0.13266923973462
"jan2018","PM10","w_avg_temp",4.76618739056627,0.438964730590974,1.83124991506365e-27
"jan2018","PM10","w_sun_time",0.0233103463975709,0.0834809647745034,0.780068721118415
"jan2018","PM10","w_stagnant_days",-0.226930511205726,0.0697476028488736,0.00113954274475074
"jan2018","PM10","w_avg_wind",-0.628346196855452,0.0749857667365701,5.31351664579046e-17
"jan2018","PM10","w_avg_humid",-0.0415112455331135,0.0807551269522445,0.607225063189636
"jan2018","PM10","w_avg_rain",-0.0134860434558817,0.0722648276417529,0.851958787173028
"jan2018_trends","NO2","lambda",0.837422505267222,0.00264318525746875,0
"jan2018_trends","NO2","lez",-0.124293290151904,0.0671753435074255,0.0642729987729263
"jan2018_trends","NO2","pop_density",-0.294731687547452,0.117417476714309,0.0120690923910341
"jan2018_trends","NO2","industrial_area",0.0669660431821392,0.0177498071578879,0.000161441339591495
"jan2018_trends","NO2","commercial_area",0.0340270379608236,0.0237070294476212,0.151197559628658
"jan2018_trends","NO2","green_area_per_capita",-0.331184361856054,0.0408376407967957,5.07106836091067e-16
"jan2018_trends","NO2","daily_km",0.154821222556829,0.0173012883848204,3.60224086657874e-19
"jan2018_trends","NO2","cars_per_capita",-0.107349105781253,0.0108757445853007,5.58818112432911e-23
"jan2018_trends","NO2","avg_temp",-7.02196618913978,0.281873582580926,5.54892173181705e-137
"jan2018_trends","NO2","sun_time",0.284787780326321,0.0538999953504456,1.26647018789384e-07
"jan2018_trends","NO2","stagnant_days",0.239320879620035,0.0424808620991734,1.76469355465342e-08
"jan2018_trends","NO2","avg_wind",-0.0393436607298485,0.0445155960973738,0.37679476371036
"jan2018_trends","NO2","avg_humid",-0.45728473632478,0.051337692392334,5.2249024972381e-19
"jan2018_trends","NO2","avg_rain",0.0357918767981653,0.0470294364158615,0.4466256257986
"jan2018_trends","NO2","trend61",0.128952066872397,0.0185143149533038,3.28420984594491e-12
"jan2018_trends","NO2","trend79",0.123184906019428,0.0163654116426121,5.185983732766e-14
"jan2018_trends","NO2","trend97",0.100927055001129,0.0137760451034798,2.36643067061482e-13
"jan2018_trends","NO2","w_lez",0.229899882491437,0.0771375447306556,0.00287882638943865
"jan2018_trends","NO2","w_pop_density",-2.8888466635842,0.204173144860421,1.89420805704707e-45
"jan2018_trends","NO2","w_industrial_area",0.0671814091293736,0.0460154072723324,0.144296557264818
"jan2018_trends","NO2","w_commercial_area",0.413347058355543,0.0493431594289975,5.42993442444076e-17
"jan2018_trends","NO2","w_green_area_per_capita",-0.525527493254971,0.0960608153492323,4.48061689879451e-08
"jan2018_trends","NO2","w_daily_km",-0.172838038370886,0.033284323345737,2.07181303386148e-07
"jan2018_trends","NO2","w_cars_per_capita",0.115146566489288,0.0250470617841904,4.28188982404798e-06
"jan2018_trends","NO2","w_avg_temp",5.11016213710205,0.301041257649739,1.25848316248728e-64
"jan2018_trends","NO2","w_sun_time",-0.235553677317747,0.0572245085404192,3.84990485371081e-05
"jan2018_trends","NO2","w_stagnant_days",-0.208160036654179,0.0477922625297641,1.32752899170661e-05
"jan2018_trends","NO2","w_avg_wind",-0.0706575186962511,0.0513732576532563,0.169015067992352
"jan2018_trends","NO2","w_avg_humid",0.416321977551219,0.055505478423797,6.35474532148342e-14
"jan2018_trends","NO2","w_avg_rain",-0.115020474082736,0.0494176843705241,0.0199377936512581
"jan2018_trends","NO2","w_trend61",-0.243205572281054,0.0196049904545319,2.4462854393537e-35
"jan2018_trends","NO2","w_trend79",-0.176638220933483,0.0170739195979246,4.38624496119691e-25
"jan2018_trends","NO2","w_trend97",-0.109147750953804,0.0166968961157698,6.27615052727837e-11
"jan2018_trends","CO","lambda",0.79220741918067,0.00321501146887606,0
"jan2018_trends","CO","lez",7.68915042754752,1.57073779885514,9.81820360604344e-07
"jan2018_trends","CO","pop_density",-26.4978253241423,2.74417262826453,4.63458046721471e-22
"jan2018_trends","CO","industrial_area",1.88536768649146,0.415017130248199,5.54942277544375e-06
"jan2018_trends","CO","commercial_area",-0.882859583320062,0.55413846424575,0.111112829334103
"jan2018_trends","CO","green_area_per_capita",0.17730052825517,0.954717173853539,0.852672184316815
"jan2018_trends","CO","daily_km",1.57119209303739,0.404549905706821,0.000102835284671114
"jan2018_trends","CO","cars_per_capita",-0.332200301787385,0.254305197919672,0.191448656654777
"jan2018_trends","CO","avg_temp",-135.093611180244,6.59087521098987,2.28666689522769e-93
"jan2018_trends","CO","sun_time",10.1158000520104,1.26033120160593,1.00453970387558e-15
"jan2018_trends","CO","stagnant_days",1.79159792503596,0.993316784368045,0.0712858597443754
"jan2018_trends","CO","avg_wind",1.47761999369643,1.04089220735365,0.155732724503796
"jan2018_trends","CO","avg_humid",-4.31124509832876,1.20040842435751,0.000328803047505546
"jan2018_trends","CO","avg_rain",-1.16016788259315,1.09965674274357,0.291412839917632
"jan2018_trends","CO","trend61",3.11061867235239,0.43291267908907,6.70470771190117e-13
"jan2018_trends","CO","trend79",-0.787948684278123,0.382660853114594,0.0394817261252305
"jan2018_trends","CO","trend97",-0.276680429325325,0.322114786137129,0.39036821555951
"jan2018_trends","CO","w_lez",-6.650266083198,1.80353316649972,0.000226597607351481
"jan2018_trends","CO","w_pop_density",-28.0402729165147,4.7524979275815,3.63253574209549e-09
"jan2018_trends","CO","w_industrial_area",3.18826529669182,1.07598765507562,0.0030455183785836
"jan2018_trends","CO","w_commercial_area",2.06371923205942,1.15228576820453,0.0732967180224882
"jan2018_trends","CO","w_green_area_per_capita",-10.2798167819843,2.24357206825906,4.60776205164226e-06
"jan2018_trends","CO","w_daily_km",-1.35278943699879,0.778279786851086,0.0821793109150049
"jan2018_trends","CO","w_cars_per_capita",2.58425789276432,0.58572703445139,1.02395706749418e-05
"jan2018_trends","CO","w_avg_temp",84.8239439517786,7.04435074371711,2.15234315206988e-33
"jan2018_trends","CO","w_sun_time",-9.65346110378049,1.33802136045234,5.40416124756819e-13
"jan2018_trends","CO","w_stagnant_days",-1.46155660449161,1.11740233815753,0.190875025471848
"jan2018_trends","CO","w_avg_wind",-1.76425658091804,1.2011278923508,0.14187802420076
"jan2018_trends","CO","w_avg_humid",3.42265032120367,1.29783148224857,0.0083591794822578
"jan2018_trends","CO","w_avg_rain",0.452869979213176,1.1550519289916,0.69500088353777
"jan2018_trends","CO","w_trend61",-3.66825547823534,0.45695950438265,9.94558105163108e-16
"jan2018_trends","CO","w_trend79",0.320574623960825,0.398835956895469,0.42152656443856
"jan2018_trends","CO","w_trend97",1.06488956104933,0.38980497682987,0.00629793977670041
"jan2018_trends","SO2","lambda",0.832886576973391,0.00273030431992275,0
"jan2018_trends","SO2","lez",-0.0350114347557474,0.0189411185711999,0.0645393764456996
"jan2018_trends","SO2","pop_density",0.80976162740656,0.033086611696644,2.79521341572691e-132
"jan2018_trends","SO2","industrial_area",-0.00776506651102711,0.00500489114811868,0.120782964980554
"jan2018_trends","SO2","commercial_area",0.0161444198780445,0.00668214715639612,0.0156897890357306
"jan2018_trends","SO2","green_area_per_capita",-0.0221806837179805,0.0115117076567924,0.0540053673649535
"jan2018_trends","SO2","daily_km",0.0245977228507006,0.00487840444258754,4.6029277860768e-07
"jan2018_trends","SO2","cars_per_capita",-0.00455550736168022,0.00306660837663744,0.137406191044897
"jan2018_trends","SO2","avg_temp",-0.745073692919089,0.0794798907135415,6.959185433422e-21
"jan2018_trends","SO2","sun_time",0.0860931920033846,0.0151977806363733,1.47150701403028e-08
"jan2018_trends","SO2","stagnant_days",0.0864217673493305,0.0119782649625312,5.39807957329065e-13
"jan2018_trends","SO2","avg_wind",0.0639159650174369,0.0125520611872774,3.5417665469456e-07
"jan2018_trends","SO2","avg_humid",0.053471214021194,0.014475373651012,0.000220802785987502
"jan2018_trends","SO2","avg_rain",0.00239134187296612,0.0132606295244627,0.856890394162295
"jan2018_trends","SO2","trend61",0.0137856335150532,0.00522039664175182,0.008272876520835
"jan2018_trends","SO2","trend79",0.00670721267128393,0.00461445482292412,0.146078811714665
"jan2018_trends","SO2","trend97",-0.00462857809642896,0.00388430164339262,0.233413655220217
"jan2018_trends","SO2","w_lez",0.0396821226596657,0.0217474169214467,0.0680490140446003
"jan2018_trends","SO2","w_pop_density",-0.199344969500716,0.0573446009477813,0.000508451584682981
"jan2018_trends","SO2","w_industrial_area",-0.0763218539354292,0.0129768539091973,4.06851365785179e-09
"jan2018_trends","SO2","w_commercial_area",0.0264246148204636,0.0138971265880167,0.0572438164103702
"jan2018_trends","SO2","w_green_area_per_capita",0.0507838610887669,0.0270467340997729,0.0604312838188574
"jan2018_trends","SO2","w_daily_km",-0.00171703954355436,0.00938772704221041,0.854874454555377
"jan2018_trends","SO2","w_cars_per_capita",-0.0183095893662926,0.00706338683267865,0.00953691014340064
"jan2018_trends","SO2","w_avg_temp",0.240922801124435,0.0848291759604403,0.0045100296171835
"jan2018_trends","SO2","w_sun_time",-0.0841479595672947,0.0161349201946067,1.83550028650105e-07
"jan2018_trends","SO2","w_stagnant_days",-0.0896132816054538,0.0134743221950996,2.91760137648068e-11
"jan2018_trends","SO2","w_avg_wind",-0.0666420520529428,0.0144839500735155,4.20272642356022e-06
"jan2018_trends","SO2","w_avg_humid",-0.0585085124118389,0.0156494276961295,0.000184974441145926
"jan2018_trends","SO2","w_avg_rain",-0.0286398231821174,0.0139351882152709,0.0398581367052721
"jan2018_trends","SO2","w_trend61",-0.00292712351074103,0.00551196694627767,0.595384952935936
"jan2018_trends","SO2","w_trend79",-0.0137418764129905,0.00480889206885238,0.00426861902468653
"jan2018_trends","SO2","w_trend97",0.00207055393912214,0.00470067345155471,0.659589294731924
"jan2018_trends","O3","lambda",0.857719291893896,0.00240236184723277,0
"jan2018_trends","O3","lez",0.203779787517307,0.0691840832141657,0.00322462218353659
"jan2018_trends","O3","pop_density",-0.375762654711639,0.120835161080279,0.00187269294439438
"jan2018_trends","O3","industrial_area",-0.147670012942922,0.0182812521565058,6.60132741212856e-16
"jan2018_trends","O3","commercial_area",0.161603099733999,0.0244083794147658,3.57250037459404e-11
"jan2018_trends","O3","green_area_per_capita",-0.0555730791517746,0.0420469330732397,0.186270859785587
"jan2018_trends","O3","daily_km",-0.0259193781039795,0.0178187344655378,0.145776192048394
"jan2018_trends","O3","cars_per_capita",0.0490547101759193,0.0112010210640543,1.18959795369278e-05
"jan2018_trends","O3","avg_temp",12.1744818909096,0.290297709238111,0
"jan2018_trends","O3","sun_time",-0.408497228188142,0.0555116495744679,1.85618361441701e-13
"jan2018_trends","O3","stagnant_days",0.134976245483126,0.0437511407415401,0.00203489961909203
"jan2018_trends","O3","avg_wind",0.155870853732866,0.0458469227024017,0.000674325448882511
"jan2018_trends","O3","avg_humid",-0.245716944800677,0.0528725462062685,3.36235132142359e-06
"jan2018_trends","O3","avg_rain",0.0584557446395713,0.0484353477602478,0.227477628323802
"jan2018_trends","O3","trend61",0.00693175149314126,0.0190679561133608,0.71620989172004
"jan2018_trends","O3","trend79",-0.0696215341191886,0.0168546954671961,3.61674899213211e-05
"jan2018_trends","O3","trend97",-0.0604726578533528,0.0141878092679434,2.0233621570409e-05
"jan2018_trends","O3","w_lez",-0.286760102634108,0.0794455144700079,0.000306765175824699
"jan2018_trends","O3","w_pop_density",1.63886771981094,0.208411564295891,3.73211748587144e-15
"jan2018_trends","O3","w_industrial_area",-0.217359082713712,0.0474152770151854,4.55821260404521e-06
"jan2018_trends","O3","w_commercial_area",0.124381787983147,0.0507919802517685,0.0143314314481468
"jan2018_trends","O3","w_green_area_per_capita",0.0974852164467297,0.0987900802040225,0.323744837654847
"jan2018_trends","O3","w_daily_km",0.0894817358738221,0.0342811803986282,0.00904815945885286
"jan2018_trends","O3","w_cars_per_capita",-0.0128248368922605,0.0257962639671243,0.619077147516468
"jan2018_trends","O3","w_avg_temp",-9.6738574003659,0.311334087584012,5.70795606553715e-212
"jan2018_trends","O3","w_sun_time",0.437153548419241,0.0589388553606482,1.19740705003202e-13
"jan2018_trends","O3","w_stagnant_days",-0.0970671134419168,0.0492182607892829,0.048589423942297
"jan2018_trends","O3","w_avg_wind",0.000912760398502194,0.0529351239725841,0.986242757399458
"jan2018_trends","O3","w_avg_humid",0.187565381713457,0.0571681127905024,0.00103460251093556
"jan2018_trends","O3","w_avg_rain",0.0291883946747459,0.0508950294364089,0.566304931726392
"jan2018_trends","O3","w_trend61",0.0615859052629836,0.0201478598625288,0.00223790278530835
"jan2018_trends","O3","w_trend79",0.0851148413775392,0.0175673053346483,1.26566418451965e-06
"jan2018_trends","O3","w_trend97",0.0634835588021917,0.0171730774147133,0.000218428033319439
"jan2018_trends","PM10","lambda",0.881279225772143,0.0020878663612149,0
"jan2018_trends","PM10","lez",-0.344577329002461,0.0975584781404295,0.000412416818732254
"jan2018_trends","PM10","pop_density",0.916252270726696,0.170387203779244,7.55393172828638e-08
"jan2018_trends","PM10","industrial_area",0.184520746945046,0.0257768874032084,8.16361950487508e-13
"jan2018_trends","PM10","commercial_area",-0.164555677942786,0.0344174566304126,1.74278739918467e-06
"jan2018_trends","PM10","green_area_per_capita",-0.0221404248933108,0.0592919331341289,0.708840504833302
"jan2018_trends","PM10","daily_km",0.211473849816984,0.0251266821464383,3.88541060519074e-17
"jan2018_trends","PM10","cars_per_capita",-0.0485069375959084,0.0157948814157641,0.00213304396039095
"jan2018_trends","PM10","avg_temp",-7.30546276644158,0.409370523256608,3.12724041907225e-71
"jan2018_trends","PM10","sun_time",-0.00228647882466061,0.0782780989149459,0.97669735484793
"jan2018_trends","PM10","stagnant_days",0.181119974122093,0.061694898101623,0.0033275667646018
"jan2018_trends","PM10","avg_wind",0.494197717847053,0.0646512589471174,2.10486980201658e-14
"jan2018_trends","PM10","avg_humid",-0.123077380480257,0.0745573517917393,0.0987846142177149
"jan2018_trends","PM10","avg_rain",-0.093623004321709,0.0683003097606355,0.170451282833161
"jan2018_trends","PM10","trend61",0.0776690765155951,0.0268882399177387,0.00386974389395893
"jan2018_trends","PM10","trend79",-0.157835065182523,0.0237671642450536,3.11799851488973e-11
"jan2018_trends","PM10","trend97",-0.21670765054565,0.0200069048317473,2.43742090771932e-27
"jan2018_trends","PM10","w_lez",0.248523527854339,0.112017109036887,0.0265125090737867
"jan2018_trends","PM10","w_pop_density",0.515936338468101,0.293981410160898,0.079259910754973
"jan2018_trends","PM10","w_industrial_area",0.0286052707751524,0.0668327667791122,0.668641897933077
"jan2018_trends","PM10","w_commercial_area",-0.11714677042446,0.0715849752098188,0.10174094959926
"jan2018_trends","PM10","w_green_area_per_capita",-0.0986004243683853,0.139311056924671,0.479087039879219
"jan2018_trends","PM10","w_daily_km",-0.211355737648103,0.0483389499331336,1.2290543162937e-05
"jan2018_trends","PM10","w_cars_per_capita",0.0787747244855076,0.0363758293117038,0.0303433884846576
"jan2018_trends","PM10","w_avg_temp",4.77465559473719,0.437117990207813,8.94545602325856e-28
"jan2018_trends","PM10","w_sun_time",0.0451348426669698,0.0831079977618697,0.58707015568463
"jan2018_trends","PM10","w_stagnant_days",-0.205039698266386,0.0694011864653544,0.00313265478746183
"jan2018_trends","PM10","w_avg_wind",-0.576655645905065,0.0746094825776138,1.08406598772124e-14
"jan2018_trends","PM10","w_avg_humid",-0.0143700333449763,0.0806429382919037,0.858571151390219
"jan2018_trends","PM10","w_avg_rain",-0.018045614734003,0.0717676850248488,0.801470196609612
"jan2018_trends","PM10","w_trend61",0.0221619364849536,0.0284260876602032,0.435606501699876
"jan2018_trends","PM10","w_trend79",0.19349791454533,0.0247740954502512,5.69644411692279e-15
"jan2018_trends","PM10","w_trend97",0.0717634827770105,0.0242097468903609,0.0030343224115314
"jul2020","NO2","lambda",0.84396612561803,0.00257597368825817,0
"jul2020","NO2","lez",0.182300572368377,0.0539607781807657,0.000729115026237203
"jul2020","NO2","pop_density",-0.0987744556415997,0.111173495379162,0.374287308122104
"jul2020","NO2","industrial_area",0.0724709981740625,0.0177552358402803,4.47134199853527e-05
"jul2020","NO2","commercial_area",0.0389968153172312,0.0236969132903165,0.0998359259415529
"jul2020","NO2","green_area_per_capita",-0.354199666373532,0.0407182824191408,3.35450445012639e-18
"jul2020","NO2","daily_km",0.159597529617697,0.01723921037722,2.08645913066922e-20
"jul2020","NO2","cars_per_capita",-0.0999278280545048,0.0108660800298562,3.70456727634673e-20
"jul2020","NO2","avg_temp",-6.89446645975308,0.281534277524289,1.93925029263855e-132
"jul2020","NO2","sun_time",0.280355456068219,0.0538547366150964,1.93192195881211e-07
"jul2020","NO2","stagnant_days",0.237084442239618,0.0425052436161409,2.43622475185621e-08
"jul2020","NO2","avg_wind",-0.0431614135584377,0.0444859416667782,0.331933894813347
"jul2020","NO2","avg_humid",-0.431165506936872,0.0512696668054327,4.10856413749557e-17
"jul2020","NO2","avg_rain",0.0373335672800355,0.0470778617496761,0.427767638715775
"jul2020","NO2","w_lez",-0.471202014913664,0.0579855555513974,4.42970944702572e-16
"jul2020","NO2","w_pop_density",-1.67982331998953,0.166527209851598,6.28236552950855e-24
"jul2020","NO2","w_industrial_area",0.120290937849981,0.0458674497777819,0.00872674394382628
"jul2020","NO2","w_commercial_area",0.396411253016271,0.0492682439041642,8.55587039600729e-16
"jul2020","NO2","w_green_area_per_capita",-0.594476275497137,0.0950356120102008,3.96752179866608e-10
"jul2020","NO2","w_daily_km",-0.161312704106907,0.0332692228691467,1.24268994243169e-06
"jul2020","NO2","w_cars_per_capita",0.183024750826193,0.0245917481483605,9.87772234212209e-14
"jul2020","NO2","w_avg_temp",4.98971995517346,0.300521965256994,6.57303256164772e-62
"jul2020","NO2","w_sun_time",-0.234421120106595,0.0571478585925439,4.0957555462101e-05
"jul2020","NO2","w_stagnant_days",-0.196344446386934,0.0477312685188629,3.89638759246731e-05
"jul2020","NO2","w_avg_wind",-0.0508629684797431,0.0513174470498365,0.321615377661948
"jul2020","NO2","w_avg_humid",0.377239963314918,0.0552760851709979,8.81396184434405e-12
"jul2020","NO2","w_avg_rain",-0.111167694410902,0.0494642004373183,0.0246120865693706
"jul2020","CO","lambda",0.792510345930986,0.00321942627511601,0
"jul2020","CO","lez",6.54714865342548,1.267233690345,2.38532503803223e-07
"jul2020","CO","pop_density",-36.6949370355362,2.61055833459631,7.04201199187189e-45
"jul2020","CO","industrial_area",1.97494060107366,0.416947217008192,2.17260490661149e-06
"jul2020","CO","commercial_area",-1.03604276237994,0.556312474760019,0.0625552342879561
"jul2020","CO","green_area_per_capita",0.257300239866179,0.956109383641277,0.787843712470283
"jul2020","CO","daily_km",1.05215073188197,0.404850106909309,0.00935325769381335
"jul2020","CO","cars_per_capita",-0.201031315661923,0.255182750150072,0.430817495055603
"jul2020","CO","avg_temp",-128.037213421033,6.6116638539135,1.51310233070166e-83
"jul2020","CO","sun_time",9.35613039797219,1.26473615065165,1.38570232910782e-13
"jul2020","CO","stagnant_days",2.10696729845029,0.998209292627278,0.0347940613702677
"jul2020","CO","avg_wind",1.14632995209825,1.04472276790878,0.272528818855575
"jul2020","CO","avg_humid",-3.31225527768659,1.2040267940079,0.00594170226091058
"jul2020","CO","avg_rain",-1.10602141032777,1.10557517681622,0.317115218283749
"jul2020","CO","w_lez",-8.09282417406177,1.35898241686508,2.59973693666093e-09
"jul2020","CO","w_pop_density",-1.29104598333141,3.91001701719144,0.741256892326199
"jul2020","CO","w_industrial_area",3.63724724670991,1.07719298676457,0.000733883316810594
"jul2020","CO","w_commercial_area",2.00860797727325,1.15539811811962,0.0821306205982116
"jul2020","CO","w_green_area_per_capita",-10.9996726265802,2.2296950133171,8.08670169841545e-07
"jul2020","CO","w_daily_km",-1.0050200187139,0.781304248498179,0.198325717933091
"jul2020","CO","w_cars_per_capita",3.11511977237171,0.577577246251977,6.91270447769358e-08
"jul2020","CO","w_avg_temp",77.5415567054461,7.06358511935953,4.89498264076375e-28
"jul2020","CO","w_sun_time",-8.78947512817878,1.34205760900648,5.78255072220837e-11
"jul2020","CO","w_stagnant_days",-1.7425098356806,1.12082067246906,0.120023925958699
"jul2020","CO","w_avg_wind",-1.28397714122155,1.20500600223494,0.286633493975555
"jul2020","CO","w_avg_humid",2.58654382087439,1.29798206131971,0.0462896676125713
"jul2020","CO","w_avg_rain",0.395654172280463,1.16120642226832,0.733309245694565
"jul2020","SO2","lambda",0.836701140178139,0.00268587476645182,0
"jul2020","SO2","lez",-0.0343949020410661,0.0151978319179261,0.023626733182405
"jul2020","SO2","pop_density",0.728101298373044,0.0313052593569895,1.17750939193621e-119
"jul2020","SO2","industrial_area",-0.00814739001064566,0.00500070577291355,0.103260523792517
"jul2020","SO2","commercial_area",0.0144970600644871,0.00667169303187378,0.0297862842843695
"jul2020","SO2","green_area_per_capita",-0.015483481297494,0.0114658427446226,0.176887507993473
"jul2020","SO2","daily_km",0.0254858287727768,0.00485537351967997,1.52931662712777e-07
"jul2020","SO2","cars_per_capita",-0.00569129265832355,0.00306034868409337,0.0629297300547833
"jul2020","SO2","avg_temp",-0.755958498034797,0.0792965119802974,1.52341682387456e-21
"jul2020","SO2","sun_time",0.0864910016123266,0.0151676213353322,1.18170718970904e-08
"jul2020","SO2","stagnant_days",0.0874111259752159,0.0119715453489636,2.84420272443172e-13
"jul2020","SO2","avg_wind",0.0655657714591486,0.0125293586669131,1.6680685284997e-07
"jul2020","SO2","avg_humid",0.0520727842693042,0.0144397280660793,0.000310694059931289
"jul2020","SO2","avg_rain",0.00129375827350432,0.0132592245435917,0.922270409384479
"jul2020","SO2","w_lez",0.0199059004005074,0.016300064221461,0.222004220586131
"jul2020","SO2","w_pop_density",-0.401474056511296,0.0468245876672472,9.99506516064244e-18
"jul2020","SO2","w_industrial_area",-0.0765870883597474,0.0129203129135222,3.07301252443417e-09
"jul2020","SO2","w_commercial_area",0.0233424038138343,0.0138577705301417,0.0920991628635923
"jul2020","SO2","w_green_area_per_capita",0.069259936280842,0.0267348426052428,0.00958019819034598
"jul2020","SO2","w_daily_km",-0.00534666053941038,0.00937212233684851,0.568348407507505
"jul2020","SO2","w_cars_per_capita",-0.0211114791777307,0.00692610867775616,0.00230292468142799
"jul2020","SO2","w_avg_temp",0.279951357273861,0.0845610032784242,0.000930816278922839
"jul2020","SO2","w_sun_time",-0.0836853694117757,0.0160952573195599,1.99953671750349e-07
"jul2020","SO2","w_stagnant_days",-0.0865858836036884,0.0134418309380675,1.18279333904025e-10
"jul2020","SO2","w_avg_wind",-0.0713123903620397,0.0144514281081511,8.03045618817565e-07
"jul2020","SO2","w_avg_humid",-0.0530027553037452,0.0155658095235574,0.000661457843984949
"jul2020","SO2","w_avg_rain",-0.026735346348413,0.0139328161173136,0.0550000296489779
"jul2020","O3","lambda",0.859214763394364,0.00238687012675526,0
"jul2020","O3","lez",-0.0775960054277236,0.055585029975298,0.16271826805449
"jul2020","O3","pop_density",-0.77865528212584,0.11449338316041,1.0398502082471e-11
"jul2020","O3","industrial_area",-0.151132705033904,0.0182901525557034,1.41979812468565e-16
"jul2020","O3","commercial_area",0.154203714160746,0.0244026085440015,2.63007961881966e-10
"jul2020","O3","green_area_per_capita",-0.0316450401369507,0.041935251686975,0.450479016313602
"jul2020","O3","daily_km",-0.0386206540361309,0.0177581801909814,0.0296444157736642
"jul2020","O3","cars_per_capita",0.0461298222123719,0.0111928053348753,3.76606973722152e-05
"jul2020","O3","avg_temp",12.2245783723664,0.290005583215861,0
"jul2020","O3","sun_time",-0.418574052786742,0.0554752745955152,4.51468326265787e-14
"jul2020","O3","stagnant_days",0.143652138425797,0.0437846167988854,0.00103483218219663
"jul2020","O3","avg_wind",0.152977132271121,0.0458254158725538,0.000843049597372827
"jul2020","O3","avg_humid",-0.238942195319386,0.0528123312427312,6.05774715085973e-06
"jul2020","O3","avg_rain",0.0570493640203764,0.0484944619831585,0.23943112703543
"jul2020","O3","w_lez",0.146499837638736,0.0596081302438293,0.0139823814564795
"jul2020","O3","w_pop_density",1.13402199312215,0.170787058221772,3.13733915738772e-11
"jul2020","O3","w_industrial_area",-0.247283287017581,0.0472708380292293,1.68411651766849e-07
"jul2020","O3","w_commercial_area",0.131882925165236,0.050714274427839,0.00930855875423441
"jul2020","O3","w_green_area_per_capita",0.16343645971061,0.0977813745870273,0.0946332686418718
"jul2020","O3","w_daily_km",0.0850086500270378,0.0342717241496078,0.0131223626156234
"jul2020","O3","w_cars_per_capita",-0.0470787919081442,0.0253271644288443,0.0630518049444828
"jul2020","O3","w_avg_temp",-9.69637173694833,0.310909994930902,1.59542578673109e-213
"jul2020","O3","w_sun_time",0.44952214743375,0.0588725887904353,2.24931005392538e-14
"jul2020","O3","w_stagnant_days",-0.106210256579803,0.0491647691347029,0.0307500732505064
"jul2020","O3","w_avg_wind",-0.00479667597760092,0.0528895163042146,0.927737027557864
"jul2020","O3","w_avg_humid",0.194047504443906,0.0569357426571351,0.000653967082674343
"jul2020","O3","w_avg_rain",0.0290772668423826,0.0509536199863732,0.568229152761751
"jul2020","PM10","lambda",0.881963228915595,0.00208192564241141,0
"jul2020","PM10","lez",-0.75254788046132,0.0788591458454706,1.38843057134181e-21
"jul2020","PM10","pop_density",-0.19278836013778,0.162434333941746,0.235279091222707
"jul2020","PM10","industrial_area",0.186329183929776,0.0259467984936095,6.91015025892584e-13
"jul2020","PM10","commercial_area",-0.202095307069444,0.0346189789117542,5.29254830549131e-09
"jul2020","PM10","green_area_per_capita",0.0675735489623731,0.0594938018587052,0.256036837712038
"jul2020","PM10","daily_km",0.185356858102385,0.0251935203656555,1.87635440369702e-13
"jul2020","PM10","cars_per_capita",-0.0519139773800888,0.0158793288047966,0.00107821419877742
"jul2020","PM10","avg_temp",-7.29253225882027,0.411451499672741,2.74141343751127e-70
"jul2020","PM10","sun_time",0.0202126758462452,0.0787022232994847,0.797314092216054
"jul2020","PM10","stagnant_days",0.224582905068125,0.0621176499396505,0.000299832909072595
"jul2020","PM10","avg_wind",0.528499987776401,0.0650129262311343,4.32302393882559e-16
"jul2020","PM10","avg_humid",-0.117017051143074,0.0749255150642885,0.118340201636046
"jul2020","PM10","avg_rain",-0.0971323904757782,0.0687996944728784,0.158004655404322
"jul2020","PM10","w_lez",0.737573810293623,0.0845642122825127,2.73194711817041e-18
"jul2020","PM10","w_pop_density",-0.537781255345778,0.242348617723961,0.026484009347127
"jul2020","PM10","w_industrial_area",-0.0264440243024601,0.0670394439104246,0.693245359516972
"jul2020","PM10","w_commercial_area",-0.140353867459858,0.0719262051456487,0.0510143225377838
"jul2020","PM10","w_green_area_per_capita",0.178893596038484,0.138725184907964,0.197205608594438
"jul2020","PM10","w_daily_km",-0.237487583365086,0.0486199114831864,1.03652408173779e-06
"jul2020","PM10","w_cars_per_capita",0.0576852358247792,0.0359323449420092,0.108409175389553
"jul2020","PM10","w_avg_temp",4.7971204580158,0.439038760453876,8.61848185174665e-28
"jul2020","PM10","w_sun_time",0.0169005934522489,0.0835174907672446,0.839635352807297
"jul2020","PM10","w_stagnant_days",-0.238295525909174,0.069746845860429,0.000634135389525946
"jul2020","PM10","w_avg_wind",-0.628605711212552,0.0749925901438265,5.19308569874154e-17
"jul2020","PM10","w_avg_humid",-0.0376608355596972,0.0808109373941874,0.641189470702624
"jul2020","PM10","w_avg_rain",-0.0132929912092324,0.0722882590705254,0.8541007998685
"jul2020_trends","NO2","lambda",0.837504524930148,0.00264213564328695,0
"jul2020_trends","NO2","lez",0.0476062434309195,0.0625796322846431,0.446817972628161
"jul2020_trends","NO2","pop_density",-0.285315409008484,0.117462979661499,0.015141303325678
"jul2020_trends","NO2","industrial_area",0.0672034870480141,0.0177489410052394,0.0001528837824053
"jul2020_trends","NO2","commercial_area",0.0341387505514831,0.0237070527843062,0.1498603039325
"jul2020_trends","NO2","green_area_per_capita",-0.331344301329121,0.0408395039973664,4.92517919614221e-16
"jul2020_trends","NO2","daily_km",0.155850761202625,0.0173039493798276,2.12430490122615e-19
"jul2020_trends","NO2","cars_per_capita",-0.107755413694257,0.0108763778107671,3.87006322460827e-23
"jul2020_trends","NO2","avg_temp",-7.03252040634201,0.281852202767535,2.07785959159957e-137
"jul2020_trends","NO2","sun_time",0.281985555142398,0.0539095066788299,1.68850750881752e-07
"jul2020_trends","NO2","stagnant_days",0.236937016819336,0.0424858297879652,2.44915627196423e-08
"jul2020_trends","NO2","avg_wind",-0.0364608747497274,0.0445157731511909,0.41275492986501
"jul2020_trends","NO2","avg_humid",-0.459877638797779,0.0513524297594273,3.38739828365553e-19
"jul2020_trends","NO2","avg_rain",0.0350030998012342,0.0470303197176871,0.456715156430942
"jul2020_trends","NO2","trend61",0.11041453966362,0.0183070457741224,1.62686925546426e-09
"jul2020_trends","NO2","trend79",0.103433882809878,0.016134934105583,1.44990816372114e-10
"jul2020_trends","NO2","trend97",0.0824759908592478,0.0133579049645487,6.64484871481385e-10
"jul2020_trends","NO2","w_lez",0.050797708668057,0.0733467746369406,0.488580016335662
"jul2020_trends","NO2","w_pop_density",-2.89976065552447,0.204254007689467,9.58429402373786e-46
"jul2020_trends","NO2","w_industrial_area",0.0700784744639369,0.0459936518441562,0.127594824534138
"jul2020_trends","NO2","w_commercial_area",0.410667511220223,0.0493008708046782,8.09635367492727e-17
"jul2020_trends","NO2","w_green_area_per_capita",-0.524486387193627,0.0960437093805805,4.73690873600329e-08
"jul2020_trends","NO2","w_daily_km",-0.17267473082349,0.0333296717984557,2.2092323334103e-07
"jul2020_trends","NO2","w_cars_per_capita",0.115952278271221,0.025052169561551,3.68443738536707e-06
"jul2020_trends","NO2","w_avg_temp",5.11637327727803,0.300990532974936,8.431648598956e-65
"jul2020_trends","NO2","w_sun_time",-0.232904625320752,0.0572360048315328,4.71752836157328e-05
"jul2020_trends","NO2","w_stagnant_days",-0.204663114162095,0.0477611234340814,1.82623912831218e-05
"jul2020_trends","NO2","w_avg_wind",-0.0743829324184362,0.0513656167954165,0.147587001996693
"jul2020_trends","NO2","w_avg_humid",0.417749613108874,0.0555156361095942,5.27606678068352e-14
"jul2020_trends","NO2","w_avg_rain",-0.114094249684409,0.0494177048912242,0.020956195740742
"jul2020_trends","NO2","w_trend61",-0.223843713862703,0.0194004640229161,8.48167546767481e-31
"jul2020_trends","NO2","w_trend79",-0.1561311820647,0.0168711749091694,2.15606631146219e-20
"jul2020_trends","NO2","w_trend97",-0.0892184055312879,0.0163188373593949,4.57190941266389e-08
"jul2020_trends","CO","lambda",0.792126507658775,0.00321563293456065,0
"jul2020_trends","CO","lez",10.7912291493103,1.46261652249703,1.60648307027226e-13
"jul2020_trends","CO","pop_density",-26.0860396273769,2.74399376916812,1.97003943247336e-21
"jul2020_trends","CO","industrial_area",1.86565128497495,0.414809469303346,6.87215551181271e-06
"jul2020_trends","CO","commercial_area",-0.861389941014693,0.553890723502607,0.119907433609383
"jul2020_trends","CO","green_area_per_capita",0.210415542265619,0.954332798554126,0.825493881472939
"jul2020_trends","CO","daily_km",1.61780909248586,0.404429290844212,6.32816705538186e-05
"jul2020_trends","CO","cars_per_capita",-0.35416086573771,0.25420480171235,0.163556066037007
"jul2020_trends","CO","avg_temp",-135.549873512927,6.58738528582699,4.39434351145923e-94
"jul2020_trends","CO","sun_time",9.99349489196029,1.25998159202717,2.16582569782697e-15
"jul2020_trends","CO","stagnant_days",1.69152077684637,0.992984048715988,0.0884797258835757
"jul2020_trends","CO","avg_wind",1.52361274988562,1.04042538934928,0.143081063654792
"jul2020_trends","CO","avg_humid",-4.47427758167787,1.20020879719576,0.000193069700855347
"jul2020_trends","CO","avg_rain",-1.1558576006846,1.09917988958313,0.292999799154725
"jul2020_trends","CO","trend61",2.78931972678074,0.427872811820702,7.07590585195962e-11
"jul2020_trends","CO","trend79",-1.14413807092734,0.37710159698305,0.00241309345054745
"jul2020_trends","CO","trend97",-0.561642892103848,0.312196691796426,0.0720181519582578
"jul2020_trends","CO","w_lez",-7.93813444225457,1.71458158556656,3.66055562615048e-06
"jul2020_trends","CO","w_pop_density",-28.2011564717112,4.75174141437469,2.94007172626493e-09
"jul2020_trends","CO","w_industrial_area",3.16120810037337,1.07499478858066,0.00327500112528204
"jul2020_trends","CO","w_commercial_area",2.1599670515141,1.15079816283898,0.0605277533365068
"jul2020_trends","CO","w_green_area_per_capita",-10.3131385069691,2.24218630286906,4.23322540782044e-06
"jul2020_trends","CO","w_daily_km",-1.25491246962046,0.778992331529458,0.107192083370564
"jul2020_trends","CO","w_cars_per_capita",2.53206700926335,0.585574584461942,1.53174859188277e-05
"jul2020_trends","CO","w_avg_temp",85.2564677318874,7.04000216504829,9.31642044436726e-34
"jul2020_trends","CO","w_sun_time",-9.50994173171449,1.33768541272438,1.16674155092084e-12
"jul2020_trends","CO","w_stagnant_days",-1.42309485537049,1.11615607262246,0.202310553964857
"jul2020_trends","CO","w_avg_wind",-1.7870033424669,1.20040485514151,0.136575024540196
"jul2020_trends","CO","w_avg_humid",3.64621485867964,1.29747030248702,0.00495031564855143
"jul2020_trends","CO","w_avg_rain",0.430551721908654,1.15453253528997,0.709205762826483
"jul2020_trends","CO","w_trend61",-3.53846202074491,0.452044423004479,4.96929232149437e-15
"jul2020_trends","CO","w_trend79",0.472471247386172,0.394000852987067,0.230464568682827
"jul2020_trends","CO","w_trend97",1.16619478781262,0.38084874186105,0.00219794147208177
"jul2020_trends","SO2","lambda",0.832864981015313,0.0027305943006233,0
"jul2020_trends","SO2","lez",-0.0276122167700051,0.0176450751976541,0.117613820278156
"jul2020_trends","SO2","pop_density",0.809445806569812,0.0330990046171049,4.42065456115676e-132
"jul2020_trends","SO2","industrial_area",-0.00768056872158029,0.005004590799176,0.124856395544637
"jul2020_trends","SO2","commercial_area",0.0160834335339876,0.00668209190178547,0.0160865538175874
"jul2020_trends","SO2","green_area_per_capita",-0.0222850862175061,0.0115121178235483,0.0528929615413109
"jul2020_trends","SO2","daily_km",0.0245552493726816,0.00487909222285984,4.83494510151965e-07
"jul2020_trends","SO2","cars_per_capita",-0.00452808767437188,0.00306674891064506,0.139806836752806
"jul2020_trends","SO2","avg_temp",-0.744687264113329,0.0794727748501388,7.22962937619617e-21
"jul2020_trends","SO2","sun_time",0.0862036667813648,0.0152002715367499,1.41806901708154e-08
"jul2020_trends","SO2","stagnant_days",0.0865117465522499,0.0119795219663531,5.13658317291166e-13
"jul2020_trends","SO2","avg_wind",0.0640495580232269,0.0125519523534993,3.34741370672362e-07
"jul2020_trends","SO2","avg_humid",0.0537304979382179,0.0144793441232019,0.000206574413492846
"jul2020_trends","SO2","avg_rain",0.00230933717121236,0.013260717445477,0.86174857316027
"jul2020_trends","SO2","trend61",0.0129475490288337,0.00516189452099332,0.0121315683846851
"jul2020_trends","SO2","trend79",0.00585606007882685,0.00454942037883436,0.198021051149674
"jul2020_trends","SO2","trend97",-0.00556508206605195,0.00376635977709976,0.139521355334867
"jul2020_trends","SO2","w_lez",0.0256952606489524,0.0206790511256534,0.21402468866918
"jul2020_trends","SO2","w_pop_density",-0.200127347399361,0.0573627889020526,0.000485192462475758
"jul2020_trends","SO2","w_industrial_area",-0.0759640916547347,0.0129705918621691,4.72324446844129e-09
"jul2020_trends","SO2","w_commercial_area",0.0258571970337463,0.0138852714173098,0.0625744518585463
"jul2020_trends","SO2","w_green_area_per_capita",0.050970103146002,0.0270419020887185,0.0594492233027358
"jul2020_trends","SO2","w_daily_km",-0.00205207527598488,0.00940029929155545,0.827196208180464
"jul2020_trends","SO2","w_cars_per_capita",-0.0180565868445701,0.00706470893205208,0.0105917977081624
"jul2020_trends","SO2","w_avg_temp",0.240073749227497,0.0848117596684709,0.00464512260044247
"jul2020_trends","SO2","w_sun_time",-0.0843210392227874,0.0161379675738117,1.74145856995158e-07
"jul2020_trends","SO2","w_stagnant_days",-0.0893946722784695,0.0134652529710785,3.16000173480927e-11
"jul2020_trends","SO2","w_avg_wind",-0.0669295433132223,0.0144815960274115,3.80614366588273e-06
"jul2020_trends","SO2","w_avg_humid",-0.0590516906180291,0.0156520529167055,0.000161441178111006
"jul2020_trends","SO2","w_avg_rain",-0.0284901287068173,0.0139350247168688,0.0409043851011941
"jul2020_trends","SO2","w_trend61",-0.00139412501895429,0.00545483575870183,0.798278264291939
"jul2020_trends","SO2","w_trend79",-0.0121585964857874,0.00475185731794584,0.0105063146562316
"jul2020_trends","SO2","w_trend97",0.00372989155507137,0.00459425656792514,0.416872166573978
"jul2020_trends","O3","lambda",0.857886655511007,0.00240021272738773,0
"jul2020_trends","O3","lez",0.0217914986307781,0.0644535714910847,0.735290798906605
"jul2020_trends","O3","pop_density",-0.384006287389839,0.120887012223272,0.00149026837805787
"jul2020_trends","O3","industrial_area",-0.148025033200964,0.0182811499660486,5.62662420911742e-16
"jul2020_trends","O3","commercial_area",0.161559225986826,0.0244095255236751,3.62381500706395e-11
"jul2020_trends","O3","green_area_per_capita",-0.0550762684309791,0.0420506631462986,0.190277104237252
"jul2020_trends","O3","daily_km",-0.0268432143897157,0.0178222182444855,0.132024633938956
"jul2020_trends","O3","cars_per_capita",0.0494229582338942,0.0112021322411657,1.02455988930906e-05
"jul2020_trends","O3","avg_temp",12.1851335761024,0.290287733805052,0
"jul2020_trends","O3","sun_time",-0.406212341979475,0.0555237394562242,2.55448904011979e-13
"jul2020_trends","O3","stagnant_days",0.136746930814875,0.0437580572344598,0.00177763596752527
"jul2020_trends","O3","avg_wind",0.15293811847936,0.0458489861895209,0.000850872283672882
"jul2020_trends","O3","avg_humid",-0.243839061643465,0.0528898669691305,4.02055102124177e-06
"jul2020_trends","O3","avg_rain",0.0592252714327596,0.0484382530716646,0.221444435733561
"jul2020_trends","O3","trend61",0.0266139957054733,0.0188552639106355,0.158100506456799
"jul2020_trends","O3","trend79",-0.0487416781345769,0.0166180143334492,0.00335636093290502
"jul2020_trends","O3","trend97",-0.0405802796025051,0.0137577376842279,0.00318151414835082
"jul2020_trends","O3","w_lez",-0.0904164161284312,0.0755427267591151,0.231349009767973
"jul2020_trends","O3","w_pop_density",1.65034644088375,0.208498634214467,2.46494088740488e-15
"jul2020_trends","O3","w_industrial_area",-0.22038993230347,0.0473951728092335,3.31854261469426e-06
"jul2020_trends","O3","w_commercial_area",0.127365763648023,0.0507523389493791,0.0120883539724227
"jul2020_trends","O3","w_green_area_per_capita",0.0970797366330878,0.0987777370178295,0.325701014488093
"jul2020_trends","O3","w_daily_km",0.089934249891373,0.034329460381061,0.00879969088806939
"jul2020_trends","O3","w_cars_per_capita",-0.0139003406504815,0.0258025186208076,0.590079862288583
"jul2020_trends","O3","w_avg_temp",-9.68228132199543,0.311295787341353,2.18313701328637e-212
"jul2020_trends","O3","w_sun_time",0.435063771007333,0.058953208002411,1.58509583132097e-13
"jul2020_trends","O3","w_stagnant_days",-0.100082610130372,0.0491874636633761,0.0418792714477992
"jul2020_trends","O3","w_avg_wind",0.0046045061227734,0.0529296422479981,0.930677109923882
"jul2020_trends","O3","w_avg_humid",0.187211485038453,0.0571803223279366,0.00106016205181999
"jul2020_trends","O3","w_avg_rain",0.0281504003015499,0.0508970878855508,0.580205416676096
"jul2020_trends","O3","w_trend61",0.0403189740571333,0.019937825818001,0.043152054883686
"jul2020_trends","O3","w_trend79",0.0626576413332627,0.0173595226013408,0.000306893757992068
"jul2020_trends","O3","w_trend97",0.0414927343560531,0.0167847003691978,0.0134338132808518
"jul2020_trends","PM10","lambda",0.881333073417159,0.00208701382111747,0
"jul2020_trends","PM10","lez",-0.261638998600883,0.0908849918272559,0.00399201373197479
"jul2020_trends","PM10","pop_density",0.915268220838234,0.170454779972242,7.89262724372883e-08
"jul2020_trends","PM10","industrial_area",0.183810244791557,0.0257759093508059,9.95795540190299e-13
"jul2020_trends","PM10","commercial_area",-0.162990383410479,0.0344178948600569,2.18376673760655e-06
"jul2020_trends","PM10","green_area_per_capita",-0.0243549058956828,0.0592952078158597,0.681263289078725
"jul2020_trends","PM10","daily_km",0.212087988588065,0.0251307374280703,3.19009510799148e-17
"jul2020_trends","PM10","cars_per_capita",-0.0489868654669774,0.0157959327689846,0.00192716686019976
"jul2020_trends","PM10","avg_temp",-7.32692207323742,0.409342473213737,1.19526880027358e-71
"jul2020_trends","PM10","sun_time",-0.0022623795158587,0.078292611892371,0.976947167039909
"jul2020_trends","PM10","stagnant_days",0.183307389395399,0.0617027221337073,0.00297010372702209
"jul2020_trends","PM10","avg_wind",0.494501126930571,0.0646521739382953,2.03117873126212e-14
"jul2020_trends","PM10","avg_humid",-0.123874140292747,0.0745793513806147,0.0967192699675371
"jul2020_trends","PM10","avg_rain",-0.0935567513313857,0.0683021632237511,0.170765580030389
"jul2020_trends","PM10","trend61",0.0687262950690753,0.0265874739446667,0.00974036988800229
"jul2020_trends","PM10","trend79",-0.167066045807923,0.0234326857561202,1.00649495416486e-12
"jul2020_trends","PM10","trend97",-0.227252040754476,0.0193998482781527,1.07913032135437e-31
"jul2020_trends","PM10","w_lez",0.268924460085635,0.106512146606938,0.0115756134039821
"jul2020_trends","PM10","w_pop_density",0.543254525223357,0.294102198825818,0.0647236061009544
"jul2020_trends","PM10","w_industrial_area",0.024488619773109,0.0668022125044739,0.713929372606785
"jul2020_trends","PM10","w_commercial_area",-0.107993303293262,0.0715255264812639,0.131079965166754
"jul2020_trends","PM10","w_green_area_per_capita",-0.106305582649936,0.139288643389198,0.445342031061413
"jul2020_trends","PM10","w_daily_km",-0.204964776654308,0.0484055197690493,2.29237654895621e-05
"jul2020_trends","PM10","w_cars_per_capita",0.0752058562080269,0.0363834670048318,0.0387309687729363
"jul2020_trends","PM10","w_avg_temp",4.79832855399747,0.437043148310404,4.81843696153947e-28
"jul2020_trends","PM10","w_sun_time",0.0446624431730633,0.0831254415848565,0.591067522363859
"jul2020_trends","PM10","w_stagnant_days",-0.214078532913955,0.0693562027046071,0.00202423726413905
"jul2020_trends","PM10","w_avg_wind",-0.574201844861076,0.0745987050290305,1.39070022982444e-14
"jul2020_trends","PM10","w_avg_humid",-0.0123090591418762,0.0806582234736316,0.878707719177312
"jul2020_trends","PM10","w_avg_rain",-0.0189894518367988,0.0717684077397069,0.791322653271256
"jul2020_trends","PM10","w_trend61",0.0205768329014832,0.028124519967945,0.464392470751695
"jul2020_trends","PM10","w_trend79",0.191117258468623,0.024478411123681,5.8294483269328e-15
"jul2020_trends","PM10","w_trend97",0.0706931395143076,0.0236627196770363,0.00281239568078842
"dec2020","NO2","lambda",0.844067347857314,0.00257444860566534,0
"dec2020","NO2","lez",0.190376424680801,0.0530452659245377,0.000332021686218345
"dec2020","NO2","pop_density",-0.0947133055937417,0.11119913609824,0.394355651520802
"dec2020","NO2","industrial_area",0.0721225121701868,0.0177542508777312,4.85983903531183e-05
"dec2020","NO2","commercial_area",0.0392269713089722,0.0236959143766681,0.0978369303368575
"dec2020","NO2","green_area_per_capita",-0.353540235603229,0.0407156914161447,3.84974501061371e-18
"dec2020","NO2","daily_km",0.159557479679664,0.0172386957213171,2.12682896139939e-20
"dec2020","NO2","cars_per_capita",-0.0999638480233617,0.0108658931140603,3.58676644887251e-20
"dec2020","NO2","avg_temp",-6.89534201760352,0.281517178805107,1.73241264830015e-132
"dec2020","NO2","sun_time",0.280373210149407,0.0538530757408662,1.92682770941113e-07
"dec2020","NO2","stagnant_days",0.23709351451435,0.0425042629038022,2.43143897367217e-08
"dec2020","NO2","avg_wind",-0.0430331521005371,0.0444815175282531,0.333324652384656
"dec2020","NO2","avg_humid",-0.431358873036851,0.0512559331118721,3.9027512429269e-17
"dec2020","NO2","avg_rain",0.0369505909229302,0.0470761903145101,0.432506109535352
"dec2020","NO2","w_lez",-0.477893112267758,0.057086516179433,5.69457152972326e-17
"dec2020","NO2","w_pop_density",-1.68593945105389,0.166736940336477,4.91898491327915e-24
"dec2020","NO2","w_industrial_area",0.120015090994206,0.0458665161333722,0.00888060079313409
"dec2020","NO2","w_commercial_area",0.396385963958624,0.0492681870045606,8.59115807763141e-16
"dec2020","NO2","w_green_area_per_capita",-0.592131852431231,0.0950262927708631,4.62750807822453e-10
"dec2020","NO2","w_daily_km",-0.161795384294706,0.0332865627820309,1.16982256517095e-06
"dec2020","NO2","w_cars_per_capita",0.183884571938433,0.0245842260463054,7.44478325328446e-14
"dec2020","NO2","w_avg_temp",4.98935723698351,0.300520989183518,6.70053960537513e-62
"dec2020","NO2","w_sun_time",-0.234749663650896,0.0571472526865477,3.99440343169608e-05
"dec2020","NO2","w_stagnant_days",-0.196206480881651,0.0477290671341787,3.94225086401006e-05
"dec2020","NO2","w_avg_wind",-0.0505780026786962,0.0513119369903039,0.324282010306193
"dec2020","NO2","w_avg_humid",0.376738954795549,0.0552703304780706,9.34174597921122e-12
"dec2020","NO2","w_avg_rain",-0.110861384426113,0.0494625323123688,0.0250053262215607
"dec2020","CO","lambda",0.792438188964813,0.00322017977795182,0
"dec2020","CO","lez",5.82172441974608,1.24586027441823,2.97041471956317e-06
"dec2020","CO","pop_density",-36.6922480758081,2.61143915344608,7.64001910060816e-45
"dec2020","CO","industrial_area",1.96767897199068,0.416966208030937,2.36963697998732e-06
"dec2020","CO","commercial_area",-1.03294620150218,0.556345008064476,0.063358856297745
"dec2020","CO","green_area_per_capita",0.249116011361664,0.956149055287716,0.79444650941129
"dec2020","CO","daily_km",1.03428922438495,0.40487923072675,0.0106321397009561
"dec2020","CO","cars_per_capita",-0.201572111389929,0.255203989748281,0.429617113840098
"dec2020","CO","avg_temp",-127.879205600173,6.61193602917482,2.44328777589285e-83
"dec2020","CO","sun_time",9.35593575819976,1.26482607599774,1.39281230437756e-13
"dec2020","CO","stagnant_days",2.0963466754061,0.9982875213555,0.0357338746841585
"dec2020","CO","avg_wind",1.12295444265091,1.04472504669631,0.28242829252406
"dec2020","CO","avg_humid",-3.2480949163185,1.20382746684057,0.00697281314153525
"dec2020","CO","avg_rain",-1.11750795850463,1.10564824816639,0.312147361079905
"dec2020","CO","w_lez",-7.53244347233029,1.33802715264604,1.80717412077023e-08
"dec2020","CO","w_pop_density",-1.69824771554964,3.91556959051961,0.664494216209511
"dec2020","CO","w_industrial_area",3.62856418786756,1.07727998604146,0.000756429242430688
"dec2020","CO","w_commercial_area",1.98724557042996,1.15551347121594,0.0854698250859403
"dec2020","CO","w_green_area_per_capita",-10.9922836715201,2.22973604442609,8.22891068217493e-07
"dec2020","CO","w_daily_km",-1.04063855006605,0.781791533663146,0.183157859790412
"dec2020","CO","w_cars_per_capita",3.10274634034099,0.577454480541751,7.73752915647838e-08
"dec2020","CO","w_avg_temp",77.3564117024892,7.06421381646219,6.61088648250534e-28
"dec2020","CO","w_sun_time",-8.79748402597276,1.3421809569386,5.57843319772633e-11
"dec2020","CO","w_stagnant_days",-1.71649312801122,1.12088554323706,0.125677393772978
"dec2020","CO","w_avg_wind",-1.25424519221929,1.20499891679055,0.297936668814197
"dec2020","CO","w_avg_humid",2.50270889030521,1.29797705692492,0.0538350890984631
"dec2020","CO","w_avg_rain",0.410127735250357,1.16128214896877,0.72396246975907
"dec2020","SO2","lambda",0.836669141190318,0.00268625925677007,0
"dec2020","SO2","lez",-0.0341478042519951,0.0149406259644318,0.022279592446741
"dec2020","SO2","pop_density",0.727535257781813,0.0313138977173183,2.08297762703872e-119
"dec2020","SO2","industrial_area",-0.00811388669158679,0.00500064362474231,0.104681684529319
"dec2020","SO2","commercial_area",0.0144466773801742,0.0066716953980895,0.0303594955876431
"dec2020","SO2","green_area_per_capita",-0.0154558672805438,0.0114656524462603,0.177653676021711
"dec2020","SO2","daily_km",0.0254611435554217,0.00485543700270685,1.57267049854463e-07
"dec2020","SO2","cars_per_capita",-0.005681566876982,0.00306042569958757,0.0633876013898121
"dec2020","SO2","avg_temp",-0.755882199104119,0.0792951704365848,1.53521915633699e-21
"dec2020","SO2","sun_time",0.0865369797937909,0.0151678083875529,1.16134640111184e-08
"dec2020","SO2","stagnant_days",0.0875112114715604,0.011971785176526,2.67564214517966e-13
"dec2020","SO2","avg_wind",0.0657089197767989,0.0125286540322223,1.5654441229843e-07
"dec2020","SO2","avg_humid",0.0519844118215489,0.0144364945221744,0.000317114269623373
"dec2020","SO2","avg_rain",0.00134704350828936,0.0132593264119636,0.919080408774128
"dec2020","SO2","w_lez",0.0188527849286161,0.0160476429472918,0.240074391189933
"dec2020","SO2","w_pop_density",-0.402796628608301,0.0468829039353542,8.5806797520843e-18
"dec2020","SO2","w_industrial_area",-0.0766455421810187,0.0129206164374974,2.99203772168009e-09
"dec2020","SO2","w_commercial_area",0.0232547931972134,0.0138583490327925,0.0933402879896873
"dec2020","SO2","w_green_area_per_capita",0.06935868501866,0.0267337710589603,0.00947500972661296
"dec2020","SO2","w_daily_km",-0.00558750978195961,0.0093773745053496,0.551275353705833
"dec2020","SO2","w_cars_per_capita",-0.0211305639647248,0.00692422245145678,0.00227558780935091
"dec2020","SO2","w_avg_temp",0.279465305681529,0.0845640586759508,0.000950521985725354
"dec2020","SO2","w_sun_time",-0.0837774667627691,0.0160957930045546,1.94070339058771e-07
"dec2020","SO2","w_stagnant_days",-0.0866826056949829,0.0134418130335026,1.1279225031078e-10
"dec2020","SO2","w_avg_wind",-0.071583293358968,0.0144504976865037,7.28189921629747e-07
"dec2020","SO2","w_avg_humid",-0.0530507562458155,0.0155648161329818,0.000653506174356055
"dec2020","SO2","w_avg_rain",-0.0268095071428319,0.0139329291881311,0.0543316343153181
"dec2020","O3","lambda",0.859174629734727,0.00238738957242869,0
"dec2020","O3","lez",-0.0458161696981077,0.0546454688792888,0.401791617413524
"dec2020","O3","pop_density",-0.776493717154742,0.114527475007002,1.20194502142781e-11
"dec2020","O3","industrial_area",-0.150997638110366,0.0182903031955602,1.51126414410236e-16
"dec2020","O3","commercial_area",0.1541528225542,0.0244031321304697,2.66814241813281e-10
"dec2020","O3","green_area_per_capita",-0.0314134294862968,0.0419354258534495,0.453802655272819
"dec2020","O3","daily_km",-0.0381028790026595,0.017758792077003,0.0319066378659119
"dec2020","O3","cars_per_capita",0.0460226419442902,0.0111933226230452,3.9289975747245e-05
"dec2020","O3","avg_temp",12.2191142596867,0.290006655714373,0
"dec2020","O3","sun_time",-0.418823094720387,0.0554771304572437,4.3702320514594e-14
"dec2020","O3","stagnant_days",0.143504339409107,0.0437864062218595,0.00104778244812551
"dec2020","O3","avg_wind",0.153501280623721,0.0458237970643322,0.000808653089441994
"dec2020","O3","avg_humid",-0.24075354871764,0.0528016125174852,5.12543075434781e-06
"dec2020","O3","avg_rain",0.0571734542374724,0.0484958508615405,0.238424073484624
"dec2020","O3","w_lez",0.118114977303447,0.0586860615484264,0.0441506098873363
"dec2020","O3","w_pop_density",1.14374435232893,0.171011121692968,2.26042658426825e-11
"dec2020","O3","w_industrial_area",-0.247067318223688,0.0472729111831942,1.72838766305956e-07
"dec2020","O3","w_commercial_area",0.132280537827171,0.0507175271778508,0.00910245622883767
"dec2020","O3","w_green_area_per_capita",0.162634449130479,0.0977794709451958,0.0962567876039698
"dec2020","O3","w_daily_km",0.0856486482621232,0.0342918258879844,0.0125022960989429
"dec2020","O3","w_cars_per_capita",-0.0469676540233147,0.0253208458344401,0.0636104116213651
"dec2020","O3","w_avg_temp",-9.68922163839315,0.310927537433029,3.45451244221487e-213
"dec2020","O3","w_sun_time",0.450102835990615,0.0588758876023089,2.09037048407349e-14
"dec2020","O3","w_stagnant_days",-0.106261466041585,0.0491657208847922,0.0306728112076035
"dec2020","O3","w_avg_wind",-0.00541565494360066,0.0528872138349839,0.918439119937333
"dec2020","O3","w_avg_humid",0.196566279239082,0.0569332021310764,0.000555258432489134
"dec2020","O3","w_avg_rain",0.0289836873028593,0.0509550811335069,0.569486051868113
"dec2020","PM10","lambda",0.881815513583057,0.00208403804604264,0
"dec2020","PM10","lez",-0.634783716990758,0.0775524698405716,2.71815674225314e-16
"dec2020","PM10","pop_density",-0.190165445637211,0.162537528394762,0.242009541971163
"dec2020","PM10","industrial_area",0.187111788399467,0.0259558274506838,5.64244340564492e-13
"dec2020","PM10","commercial_area",-0.202521699200847,0.0346314586279455,4.97783770113895e-09
"dec2020","PM10","green_area_per_capita",0.0692717252762261,0.0595142611799167,0.244443587478579
"dec2020","PM10","daily_km",0.187624837629739,0.0252029305073527,9.72648636626212e-14
"dec2020","PM10","cars_per_capita",-0.0519656253430794,0.0158854524216777,0.00107065128103908
"dec2020","PM10","avg_temp",-7.3148670524019,0.411592824862181,1.1626504629515e-70
"dec2020","PM10","sun_time",0.0201818696016611,0.0787315924928726,0.797690145322734
"dec2020","PM10","stagnant_days",0.225873997591027,0.0621413005159217,0.000278147776803195
"dec2020","PM10","avg_wind",0.532124588508751,0.0650327408514973,2.78221132481586e-16
"dec2020","PM10","avg_humid",-0.126123174784254,0.0749357349726183,0.0923587326574464
"dec2020","PM10","avg_rain",-0.0958886075876573,0.0688250283055599,0.163552387896243
"dec2020","PM10","w_lez",0.63797945886204,0.0832853515667235,1.85695678009686e-14
"dec2020","PM10","w_pop_density",-0.497446921949768,0.242739225795759,0.0404322143664163
"dec2020","PM10","w_industrial_area",-0.0256119080158545,0.0670653441386407,0.70253937726529
"dec2020","PM10","w_commercial_area",-0.138200707873183,0.0719549552123972,0.0547751052178693
"dec2020","PM10","w_green_area_per_capita",0.179176583308241,0.138769743133848,0.196641602396496
"dec2020","PM10","w_daily_km",-0.234472051989626,0.0486649968109956,1.44943210101921e-06
"dec2020","PM10","w_cars_per_capita",0.0596036667538809,0.0359355503308471,0.0971910184938457
"dec2020","PM10","w_avg_temp",4.81648830398184,0.439212614263265,5.55656679379182e-28
"dec2020","PM10","w_sun_time",0.0179307149988726,0.0835505905212427,0.830072117485075
"dec2020","PM10","w_stagnant_days",-0.241260195040071,0.0697718935604437,0.000544520305977074
"dec2020","PM10","w_avg_wind",-0.633316884183561,0.0750150226528155,3.10530882751386e-17
"dec2020","PM10","w_avg_humid",-0.0267235719891572,0.0808340716837878,0.740948254699522
"dec2020","PM10","w_avg_rain",-0.0151232067177609,0.0723149739725604,0.834347012647687
"dec2020_trends","NO2","lambda",0.837490680335842,0.00264228085129254,0
"dec2020_trends","NO2","lez",0.0724518669026079,0.0605582968134596,0.231541012786053
"dec2020_trends","NO2","pop_density",-0.283173860507342,0.1174776570167,0.0159329137446122
"dec2020_trends","NO2","industrial_area",0.0671183485515243,0.017748576683971,0.000155811928632369
"dec2020_trends","NO2","commercial_area",0.0342570292044241,0.023706549558297,0.148445266311665
"dec2020_trends","NO2","green_area_per_capita",-0.331346539855863,0.0408397090162558,4.92460817508091e-16
"dec2020_trends","NO2","daily_km",0.156162343797988,0.0173044632609501,1.80687954852489e-19
"dec2020_trends","NO2","cars_per_capita",-0.1079313677302,0.0108770857068482,3.3126089679916e-23
"dec2020_trends","NO2","avg_temp",-7.03630976946294,0.28185608369275,1.49758064722714e-137
"dec2020_trends","NO2","sun_time",0.281431117840322,0.0539079481733767,1.78357172514348e-07
"dec2020_trends","NO2","stagnant_days",0.236294635341755,0.04248749261818,2.67449619489757e-08
"dec2020_trends","NO2","avg_wind",-0.0363917750640996,0.0445130556630324,0.413612565708491
"dec2020_trends","NO2","avg_humid",-0.460326282183684,0.0513477924444804,3.10647190044476e-19
"dec2020_trends","NO2","avg_rain",0.0348616164181471,0.047030035927876,0.458534108566777
"dec2020_trends","NO2","trend61",0.107797390273119,0.0182248984583363,3.32194817775874e-09
"dec2020_trends","NO2","trend79",0.100604640199608,0.0160322564857781,3.4932175832e-10
"dec2020_trends","NO2","trend97",0.0802466252024247,0.0131161598617963,9.46683101658923e-10
"dec2020_trends","NO2","w_lez",0.0338520261476979,0.0716587578455113,0.636637032581897
"dec2020_trends","NO2","w_pop_density",-2.9009793612152,0.20427318512261,8.97115548351022e-46
"dec2020_trends","NO2","w_industrial_area",0.0700996758343636,0.0459923757142441,0.127469092449192
"dec2020_trends","NO2","w_commercial_area",0.411072149004084,0.0493016604013475,7.5623625573915e-17
"dec2020_trends","NO2","w_green_area_per_capita",-0.525082687038604,0.0960451670008349,4.57615039720356e-08
"dec2020_trends","NO2","w_daily_km",-0.1719417213358,0.033344296846583,2.51533789746288e-07
"dec2020_trends","NO2","w_cars_per_capita",0.115545140983701,0.0250595347261594,4.01073163855067e-06
"dec2020_trends","NO2","w_avg_temp",5.12139594450676,0.301006904323017,6.44318594138136e-65
"dec2020_trends","NO2","w_sun_time",-0.232116999964631,0.0572352589125814,5.00293885152684e-05
"dec2020_trends","NO2","w_stagnant_days",-0.20425217055251,0.0477587994333291,1.89646467832561e-05
"dec2020_trends","NO2","w_avg_wind",-0.0741955705981922,0.0513631288962896,0.148590001875686
"dec2020_trends","NO2","w_avg_humid",0.41878506407434,0.0555166534074847,4.57827103222785e-14
"dec2020_trends","NO2","w_avg_rain",-0.113906494446892,0.0494171330310262,0.0211665702298548
"dec2020_trends","NO2","w_trend61",-0.222081331626982,0.0193260200170451,1.45878851426002e-30
"dec2020_trends","NO2","w_trend79",-0.154177239568887,0.0167749546637839,3.89501458842678e-20
"dec2020_trends","NO2","w_trend97",-0.0872986900556475,0.0160780056617903,5.64499880855154e-08
"dec2020_trends","CO","lambda",0.792187032419248,0.00321504338688157,0
"dec2020_trends","CO","lez",9.64836415836175,1.41553725359725,9.35816662291382e-12
"dec2020_trends","CO","pop_density",-26.0897094670755,2.74465445190686,1.9881305042581e-21
"dec2020_trends","CO","industrial_area",1.86216065882628,0.414848923074423,7.16361899362902e-06
"dec2020_trends","CO","commercial_area",-0.863967758964632,0.55394258147303,0.118837828346488
"dec2020_trends","CO","green_area_per_capita",0.218990815631911,0.954446160558144,0.818524760581669
"dec2020_trends","CO","daily_km",1.61235802183123,0.404488008931327,6.71483707738457e-05
"dec2020_trends","CO","cars_per_capita",-0.355272988902639,0.254250715140993,0.162313368758981
"dec2020_trends","CO","avg_temp",-135.468850146249,6.58823567321738,5.98134719920584e-94
"dec2020_trends","CO","sun_time",10.0183729336027,1.26009088070013,1.85735981480227e-15
"dec2020_trends","CO","stagnant_days",1.68169923093013,0.99313744948359,0.0903946259153469
"dec2020_trends","CO","avg_wind",1.49036405967013,1.04048202122686,0.152035532909402
"dec2020_trends","CO","avg_humid",-4.42604620150001,1.20023906983945,0.000226346087478233
"dec2020_trends","CO","avg_rain",-1.17310977655962,1.09930030660901,0.285907616391926
"dec2020_trends","CO","trend61",2.91263725002108,0.426002143169277,8.07885152612691e-12
"dec2020_trends","CO","trend79",-1.01319978485542,0.374745258205529,0.00685716004456582
"dec2020_trends","CO","trend97",-0.39436120506691,0.306582128077738,0.198333132548357
"dec2020_trends","CO","w_lez",-7.1977079761919,1.67516871755793,1.73354636388166e-05
"dec2020_trends","CO","w_pop_density",-28.2958605160944,4.75288033028994,2.62607155161415e-09
"dec2020_trends","CO","w_industrial_area",3.17143710466338,1.07508919007187,0.00317846651360952
"dec2020_trends","CO","w_commercial_area",2.1278508982454,1.15094692452546,0.0644891793808286
"dec2020_trends","CO","w_green_area_per_capita",-10.2867324036322,2.24247093790025,4.4916341535894e-06
"dec2020_trends","CO","w_daily_km",-1.27296595714762,0.779423453262897,0.10242381814168
"dec2020_trends","CO","w_cars_per_capita",2.54109490750097,0.585815124684019,1.43976309072928e-05
"dec2020_trends","CO","w_avg_temp",85.260052626491,7.04106778161759,9.46797892453474e-34
"dec2020_trends","CO","w_sun_time",-9.53121610451699,1.3378216049753,1.04512442858378e-12
"dec2020_trends","CO","w_stagnant_days",-1.38344842058123,1.11623322009319,0.215201059884175
"dec2020_trends","CO","w_avg_wind",-1.74502821257637,1.20048781326617,0.146057438609769
"dec2020_trends","CO","w_avg_humid",3.60519444237064,1.29764505758559,0.00546509877269693
"dec2020_trends","CO","w_avg_rain",0.458236838088027,1.15465234830886,0.691469739872756
"dec2020_trends","CO","w_trend61",-3.62129961144878,0.45031778584285,8.86342049081615e-16
"dec2020_trends","CO","w_trend79",0.387573941175187,0.391765480482094,0.322515945425307
"dec2020_trends","CO","w_trend97",1.05423663299444,0.375236344089628,0.00496143602675137
"dec2020_trends","SO2","lambda",0.832848290732454,0.00273077802531456,0
"dec2020_trends","SO2","lez",-0.0309803469059737,0.0170752652083207,0.0696253047523277
"dec2020_trends","SO2","pop_density",0.808921492075563,0.0331033758707902,7.05119152159948e-132
"dec2020_trends","SO2","industrial_area",-0.00763567885111648,0.0050045270598431,0.127071057385995
"dec2020_trends","SO2","commercial_area",0.0160359884216449,0.00668199857984901,0.0164004897534767
"dec2020_trends","SO2","green_area_per_capita",-0.0223056393274727,0.0115122524685589,0.0526773568218179
"dec2020_trends","SO2","daily_km",0.0245005287801435,0.00487927329907097,5.13101238923333e-07
"dec2020_trends","SO2","cars_per_capita",-0.00448744900735528,0.00306697134033547,0.143425456603588
"dec2020_trends","SO2","avg_temp",-0.743913592219945,0.0794745001253759,7.94308359995792e-21
"dec2020_trends","SO2","sun_time",0.0862813949724369,0.0151999485358964,1.37537382926669e-08
"dec2020_trends","SO2","stagnant_days",0.0866255860622712,0.0119800823503057,4.80155091188202e-13
"dec2020_trends","SO2","avg_wind",0.0640631706686498,0.0125512800551626,3.32346992270787e-07
"dec2020_trends","SO2","avg_humid",0.0537950186282248,0.0144781463018367,0.000202721059454949
"dec2020_trends","SO2","avg_rain",0.00236704659107897,0.0132607401853619,0.858330056610044
"dec2020_trends","SO2","trend61",0.01329623020426,0.0051387714038406,0.00966938074028267
"dec2020_trends","SO2","trend79",0.00623811444551573,0.00452050483636318,0.16759905697079
"dec2020_trends","SO2","trend97",-0.00536663856017204,0.00369822621411166,0.146741288827905
"dec2020_trends","SO2","w_lez",0.0265747737741808,0.0202028041582551,0.188375419334444
"dec2020_trends","SO2","w_pop_density",-0.199916991498926,0.0573689740526015,0.000492582317903469
"dec2020_trends","SO2","w_industrial_area",-0.0759212911401393,0.0129703346875317,4.81459944469337e-09
"dec2020_trends","SO2","w_commercial_area",0.0257130708428248,0.0138855751806719,0.0640570023977299
"dec2020_trends","SO2","w_green_area_per_capita",0.0510621473260578,0.0270424630091272,0.0589962838638453
"dec2020_trends","SO2","w_daily_km",-0.00219855377581036,0.00940445455808751,0.815157396015995
"dec2020_trends","SO2","w_cars_per_capita",-0.0179844297295235,0.00706683095737898,0.0109306750239956
"dec2020_trends","SO2","w_avg_temp",0.239085982323022,0.0848179614224588,0.0048201572724001
"dec2020_trends","SO2","w_sun_time",-0.0844192048326102,0.016137867496914,1.68481375458516e-07
"dec2020_trends","SO2","w_stagnant_days",-0.0894213852964515,0.0134647091790162,3.11208707924838e-11
"dec2020_trends","SO2","w_avg_wind",-0.067038854966527,0.0144810270840046,3.66679303554244e-06
"dec2020_trends","SO2","w_avg_humid",-0.0592059501679411,0.0156524951261708,0.000155245653191795
"dec2020_trends","SO2","w_avg_rain",-0.0285456586824577,0.0139349926563726,0.0405122527644335
"dec2020_trends","SO2","w_trend61",-0.00148003376508194,0.00543365306617873,0.785327678307652
"dec2020_trends","SO2","w_trend79",-0.0122633410665248,0.00472453588329968,0.00944063967794234
"dec2020_trends","SO2","w_trend97",0.00376874600819795,0.00452616132377858,0.405037442018848
"dec2020_trends","O3","lambda",0.857893316126017,0.00240018132645153,0
"dec2020_trends","O3","lez",0.0549399809634065,0.0623720796635251,0.378403052286024
"dec2020_trends","O3","pop_density",-0.380776507063434,0.120902857386086,0.00163582714498205
"dec2020_trends","O3","industrial_area",-0.148168649003818,0.0182808944927451,5.26980963991717e-16
"dec2020_trends","O3","commercial_area",0.161731259087228,0.0244091599005132,3.4527220383633e-11
"dec2020_trends","O3","green_area_per_capita",-0.0549002756739156,0.042051090294929,0.191701791737508
"dec2020_trends","O3","daily_km",-0.0265565966655821,0.0178228593687685,0.136216325575766
"dec2020_trends","O3","cars_per_capita",0.0492644617801641,0.0112029305755239,1.09524039435056e-05
"dec2020_trends","O3","avg_temp",12.1815005905728,0.290293567378457,0
"dec2020_trends","O3","sun_time",-0.406842211211758,0.0555224860964805,2.34448048550491e-13
"dec2020_trends","O3","stagnant_days",0.136312669416873,0.0437600390384752,0.00183942803464433
"dec2020_trends","O3","avg_wind",0.153394543092713,0.0458464663777593,0.000820362851710065
"dec2020_trends","O3","avg_humid",-0.244588225287225,0.0528854171765099,3.74831846625575e-06
"dec2020_trends","O3","avg_rain",0.0590740125270159,0.048438265003341,0.22262669011901
"dec2020_trends","O3","trend61",0.0230866869507215,0.0187707731783949,0.218724318596265
"dec2020_trends","O3","trend79",-0.0525470689367277,0.0165123682060602,0.00146117734299758
"dec2020_trends","O3","trend97",-0.0437554600170101,0.0135088393600924,0.00119939321251669
"dec2020_trends","O3","w_lez",-0.115949929471798,0.0738013887446685,0.116157636417227
"dec2020_trends","O3","w_pop_density",1.64795884773994,0.208522756862111,2.72232909301004e-15
"dec2020_trends","O3","w_industrial_area",-0.220390794526074,0.0473941576375199,3.31664773115796e-06
"dec2020_trends","O3","w_commercial_area",0.127657415925453,0.0507534276732398,0.0118948954887819
"dec2020_trends","O3","w_green_area_per_capita",0.0969472159328365,0.0987796369602343,0.326371172906748
"dec2020_trends","O3","w_daily_km",0.0900271409308069,0.034344760353077,0.00876009734393833
"dec2020_trends","O3","w_cars_per_capita",-0.0138646764592322,0.0258102746237153,0.591145609345371
"dec2020_trends","O3","w_avg_temp",-9.6792790358048,0.311314358730859,3.12280626761551e-212
"dec2020_trends","O3","w_sun_time",0.435713956129311,0.0589527623985052,1.45838561362833e-13
"dec2020_trends","O3","w_stagnant_days",-0.0999035786909096,0.0491853703737247,0.0422383092776235
"dec2020_trends","O3","w_avg_wind",0.00430438423477299,0.0529275050308312,0.935182668001733
"dec2020_trends","O3","w_avg_humid",0.188010676572186,0.0571818539947147,0.00100922270430565
"dec2020_trends","O3","w_avg_rain",0.028228359169357,0.0508968291262371,0.579155146526551
"dec2020_trends","O3","w_trend61",0.0430495739229227,0.0198595158414531,0.0301811306215368
"dec2020_trends","O3","w_trend79",0.0655955437525947,0.0172595700501759,0.000144385923029575
"dec2020_trends","O3","w_trend97",0.0435937704721667,0.0165357266442604,0.00838061174523823
"dec2020_trends","PM10","lambda",0.881302562416688,0.00208731887514828,0
"dec2020_trends","PM10","lez",-0.160064351037228,0.0879564809330187,0.0687874810855976
"dec2020_trends","PM10","pop_density",0.921356528923511,0.170489760645115,6.5107299249953e-08
"dec2020_trends","PM10","industrial_area",0.18357984340432,0.0257774737671817,1.06591640043629e-12
"dec2020_trends","PM10","commercial_area",-0.162444148070574,0.0344199261932343,2.36448466338215e-06
"dec2020_trends","PM10","green_area_per_capita",-0.0245976034862998,0.0593002040857759,0.678289815511859
"dec2020_trends","PM10","daily_km",0.213041585672486,0.0251334998292356,2.32270179118165e-17
"dec2020_trends","PM10","cars_per_capita",-0.0493928139416173,0.0157982310757385,0.00176914043630153
"dec2020_trends","PM10","avg_temp",-7.33984046591261,0.409381280427154,6.98942107425096e-72
"dec2020_trends","PM10","sun_time",-0.00455777392917627,0.0782966908538441,0.953580098427525
"dec2020_trends","PM10","stagnant_days",0.182290403086174,0.061710123670866,0.00313705456079691
"dec2020_trends","PM10","avg_wind",0.496002964008208,0.0646534686910097,1.69712152829741e-14
"dec2020_trends","PM10","avg_humid",-0.127016911797214,0.0745786235577856,0.0885441927645051
"dec2020_trends","PM10","avg_rain",-0.093295125604151,0.0683072620049933,0.171996841524725
"dec2020_trends","PM10","trend61",0.0579396759487757,0.0264703102999591,0.0286073672321218
"dec2020_trends","PM10","trend79",-0.178654008445436,0.0232854567715839,1.68882770494382e-14
"dec2020_trends","PM10","trend97",-0.238652791789068,0.0190503166231961,5.28026905547363e-36
"dec2020_trends","PM10","w_lez",0.210555353701554,0.104069279624694,0.0430501677683727
"dec2020_trends","PM10","w_pop_density",0.546136882361689,0.294163295392132,0.0633713229357385
"dec2020_trends","PM10","w_industrial_area",0.0237057058422313,0.0668058663650519,0.722705958661755
"dec2020_trends","PM10","w_commercial_area",-0.105120038565355,0.0715322890473448,0.141684567739355
"dec2020_trends","PM10","w_green_area_per_capita",-0.108684312473344,0.139301562390726,0.435267951112498
"dec2020_trends","PM10","w_daily_km",-0.202326111086008,0.0484308540137833,2.94564385270891e-05
"dec2020_trends","PM10","w_cars_per_capita",0.0738214617993127,0.0363970825608584,0.0425373202578547
"dec2020_trends","PM10","w_avg_temp",4.81031935293182,0.437109993698419,3.62215143999161e-28
"dec2020_trends","PM10","w_sun_time",0.0472252124236735,0.0831310811724358,0.569979766765623
"dec2020_trends","PM10","w_stagnant_days",-0.21528563689868,0.0693585799950786,0.00190954923959146
"dec2020_trends","PM10","w_avg_wind",-0.575223350454718,0.0746011575444057,1.25179382820784e-14
"dec2020_trends","PM10","w_avg_humid",-0.00819267001291179,0.0806660637450862,0.919103720667769
"dec2020_trends","PM10","w_avg_rain",-0.019702635153636,0.0717735371595351,0.783691847627803
"dec2020_trends","PM10","w_trend61",0.0269101125852477,0.0280137532713705,0.336751511738266
"dec2020_trends","PM10","w_trend79",0.197852471131125,0.0243384831676721,4.32122020762484e-16
"dec2020_trends","PM10","w_trend97",0.0777739966283015,0.0233141211790293,0.000850182349116597
"nearest","NO2","lambda",0.732188327210286,0.00388564727384803,0
"nearest","NO2","lez",-0.159192077357497,0.116113703106802,0.170374444872913
"nearest","NO2","pop_density",1.16338422102788,0.233129184425037,6.02860565365235e-07
"nearest","NO2","industrial_area",0.204205322677851,0.037215231313658,4.08484789142317e-08
"nearest","NO2","commercial_area",0.125550505748254,0.0496839002624512,0.0115046185244288
"nearest","NO2","green_area_per_capita",-0.57989671463074,0.0854021930718038,1.11989622904859e-11
"nearest","NO2","daily_km",0.467785170818052,0.0361576703303705,2.76947817571541e-38
"nearest","NO2","cars_per_capita",-0.244253802818693,0.0227937066118737,8.57713948652682e-27
"nearest","NO2","avg_temp",-3.12697391147519,0.366263528137116,1.37160082210316e-17
"nearest","NO2","sun_time",0.0846471532548854,0.0655770398143372,0.196771396793093
"nearest","NO2","stagnant_days",0.266259537966037,0.0673564027783754,7.71789806741996e-05
"nearest","NO2","avg_wind",-0.0610289147935018,0.0695754624110391,0.380398941343029
"nearest","NO2","avg_humid",-0.180175495816671,0.0635164478670721,0.00455860424232162
"nearest","NO2","avg_rain",0.0685199193488355,0.0631042860933971,0.277558471878869
"nearest","NO2","w_lez",-0.33123514600635,0.124573756386083,0.00783850496228422
"nearest","NO2","w_pop_density",-1.59736750644234,0.348217364830003,4.49077050408236e-06
"nearest","NO2","w_industrial_area",-0.15413913016413,0.0961433131662101,0.108885522969737
"nearest","NO2","w_commercial_area",0.318409175820736,0.103208728327022,0.00203484202048688
"nearest","NO2","w_green_area_per_capita",-0.652898479495387,0.199209522263896,0.00104750713497747
"nearest","NO2","w_daily_km",-0.570237229153535,0.0697692144500182,3.0033388446224e-16
"nearest","NO2","w_cars_per_capita",0.511380480647188,0.0517077740531175,4.60864460693204e-23
"nearest","NO2","w_avg_temp",0.0043697480168576,0.405539396857958,0.991402840171976
"nearest","NO2","w_sun_time",0.0682887006159032,0.0737321750494581,0.354356428012131
"nearest","NO2","w_stagnant_days",-0.287151331731615,0.0800615389587053,0.000334975664841218
"nearest","NO2","w_avg_wind",-0.406941778472708,0.0865147366430143,2.5545368071327e-06
"nearest","NO2","w_avg_humid",0.0923685938903775,0.0733188063725024,0.207733834490045
"nearest","NO2","w_avg_rain",-0.157325912691793,0.0693103743598592,0.0232151449873172
"nearest","CO","lambda",0.720955153555175,0.00400873723814025,0
"nearest","CO","lez",12.0662412460354,3.2437407494551,0.000199338158659383
"nearest","CO","pop_density",-51.0274096047526,6.5130788665843,4.70313526814412e-15
"nearest","CO","industrial_area",10.1232352955,1.03962150191025,2.08779748099961e-22
"nearest","CO","commercial_area",-3.40603692381324,1.38776400287806,0.0141145660143769
"nearest","CO","green_area_per_capita",4.01666730917015,2.38590201708207,0.0922782369536046
"nearest","CO","daily_km",5.09075460033156,1.01007177787382,4.65549089798787e-07
"nearest","CO","cars_per_capita",-1.88763819593682,0.636666229042992,0.00302802213619923
"nearest","CO","avg_temp",-88.9777205229876,10.2319603580313,3.43612919158423e-18
"nearest","CO","sun_time",7.49387744788961,1.83196228044019,4.302054339104e-05
"nearest","CO","stagnant_days",4.41040566418958,1.8816555587973,0.019083472068527
"nearest","CO","avg_wind",3.60677107224015,1.94362415736258,0.0634972316320557
"nearest","CO","avg_humid",2.17606615852345,1.77439057404831,0.220058030725196
"nearest","CO","avg_rain",-0.196164499242138,1.76287248836896,0.911397891148966
"nearest","CO","w_lez",-10.6691560034646,3.47515938438723,0.00213972847628205
"nearest","CO","w_pop_density",-15.8970924222558,9.74623317246859,0.102868971879633
"nearest","CO","w_industrial_area",8.2266038615562,2.68656598804391,0.00219770839731011
"nearest","CO","w_commercial_area",7.98436794791481,2.88122598620856,0.0055855201476755
"nearest","CO","w_green_area_per_capita",-40.942850087561,5.56309432725862,1.84288073430508e-13
"nearest","CO","w_daily_km",-7.76179508802432,1.9490964611784,6.82650755449699e-05
"nearest","CO","w_cars_per_capita",4.40801618676052,1.44416911460842,0.00227106117888876
"nearest","CO","w_avg_temp",6.59172100945842,11.3225074655431,0.560446418165879
"nearest","CO","w_sun_time",-6.49985273521419,2.05923115245027,0.00159704242657331
"nearest","CO","w_stagnant_days",-6.16402780515136,2.23668096608914,0.00585341903760141
"nearest","CO","w_avg_wind",-3.64046043419606,2.41245611939959,0.13129198751113
"nearest","CO","w_avg_humid",-5.93013673151346,2.04835577644258,0.00379072000563205
"nearest","CO","w_avg_rain",-0.394622775801177,1.93595907094266,0.838479793473005
"nearest","SO2","lambda",0.753426347277998,0.0036670224132625,0
"nearest","SO2","lez",-0.0849666262139591,0.0360291641264647,0.0183601558699032
"nearest","SO2","pop_density",1.2833662626741,0.0723385982555092,2.01944919690199e-70
"nearest","SO2","industrial_area",0.111224279157852,0.011547014440754,5.84086361159023e-22
"nearest","SO2","commercial_area",-0.0481646407808432,0.0154147828019685,0.00178062287036192
"nearest","SO2","green_area_per_capita",-0.0105439346974407,0.0264986459626281,0.690700465301385
"nearest","SO2","daily_km",0.0497374731442315,0.0112190294142681,9.27958347106519e-06
"nearest","SO2","cars_per_capita",0.000349246036104492,0.00707168350687329,0.960611248317455
"nearest","SO2","avg_temp",-0.593437809375373,0.113649870176012,1.77353053632774e-07
"nearest","SO2","sun_time",0.155090213318086,0.0203480297555012,2.50010042909186e-14
"nearest","SO2","stagnant_days",0.0346524594912274,0.0209000983591013,0.0973165352840238
"nearest","SO2","avg_wind",-0.0347773380475566,0.021588392423472,0.107195494929126
"nearest","SO2","avg_humid",-0.00943371103313174,0.0197086288123745,0.632181293016832
"nearest","SO2","avg_rain",-0.0126912742570166,0.0195807562096447,0.516887702287346
"nearest","SO2","w_lez",-0.0351865425888294,0.038635100902878,0.362432235666431
"nearest","SO2","w_pop_density",-0.707279190092994,0.108243849885348,6.3981131751539e-11
"nearest","SO2","w_industrial_area",-0.122757995368926,0.0298361687767992,3.88184267336231e-05
"nearest","SO2","w_commercial_area",-0.06018791608192,0.0320105838614315,0.0600739470076003
"nearest","SO2","w_green_area_per_capita",0.1312694037411,0.0617810506056833,0.0336073215472881
"nearest","SO2","w_daily_km",-0.0461033565335577,0.0216496226026107,0.0332110626825363
"nearest","SO2","w_cars_per_capita",-0.0320145181955001,0.016041142098352,0.0459583660679259
"nearest","SO2","w_avg_temp",-0.0883988837952934,0.125501307281003,0.481204725239126
"nearest","SO2","w_sun_time",-0.142467205912705,0.022873197185902,4.70725409731534e-10
"nearest","SO2","w_stagnant_days",-0.032083071567593,0.0248424830474763,0.196544238948759
"nearest","SO2","w_avg_wind",0.0442126553443893,0.0267963313046348,0.0989527926995539
"nearest","SO2","w_avg_humid",0.00367264899387099,0.0227460666165308,0.87172872159973
"nearest","SO2","w_avg_rain",-0.0181004672815477,0.0215076640948722,0.400021855777692
"nearest","O3","lambda",0.753974282427,0.00365233594694309,0
"nearest","O3","lez",0.31690307233018,0.129731642227814,0.0145754869255737
"nearest","O3","pop_density",-1.48226926384055,0.260469655730011,1.26478111766564e-08
"nearest","O3","industrial_area",0.0799880226922206,0.041577702461237,0.0543771280679778
"nearest","O3","commercial_area",0.153868396385341,0.0555021974177705,0.00556627766410911
"nearest","O3","green_area_per_capita",-0.370837863271105,0.0954134701170846,0.000101641081460749
"nearest","O3","daily_km",0.0659371308571513,0.0404001390942949,0.102658088934574
"nearest","O3","cars_per_capita",0.0980780193518734,0.0254650088741133,0.000117405235475308
"nearest","O3","avg_temp",7.00540352986138,0.409227246542599,1.07810624241295e-65
"nearest","O3","sun_time",-0.0114259941783989,0.0732680020864691,0.876074054896602
"nearest","O3","stagnant_days",0.334017882447122,0.07525575538721,9.06147600760312e-06
"nearest","O3","avg_wind",0.490891957039475,0.0777352463426748,2.70299125592842e-10
"nearest","O3","avg_humid",-0.285763868095253,0.0709656905295096,5.65437097124874e-05
"nearest","O3","avg_rain",0.0950921340750311,0.0705051402907315,0.177424908021297
"nearest","O3","w_lez",-0.117694266397797,0.139005049671296,0.397167609592591
"nearest","O3","w_pop_density",0.731834637622007,0.389143001176258,0.0600220456211663
"nearest","O3","w_industrial_area",-0.202231410987175,0.107417842315812,0.0597462878668142
"nearest","O3","w_commercial_area",0.0170558336610362,0.11523553960283,0.882336099151199
"nearest","O3","w_green_area_per_capita",0.168136953313988,0.222464567533776,0.44977387923283
"nearest","O3","w_daily_km",0.332758077103598,0.0780160385069259,1.99676552899296e-05
"nearest","O3","w_cars_per_capita",-0.272621959282481,0.0577733800060963,2.37221070407194e-06
"nearest","O3","w_avg_temp",-2.72444197222179,0.454929714811982,2.11512370238465e-09
"nearest","O3","w_sun_time",-0.0199836459766276,0.0823572035079559,0.808279643292471
"nearest","O3","w_stagnant_days",-0.240251275979541,0.0894574656883285,0.00723892775002208
"nearest","O3","w_avg_wind",0.0112759189756688,0.0966690269358446,0.907141701476817
"nearest","O3","w_avg_humid",0.111548522916984,0.0819318164485397,0.173362074926369
"nearest","O3","w_avg_rain",0.040757226734826,0.0774481791332667,0.598713419548682
"nearest","PM10","lambda",0.805900785735166,0.00306566311816975,0
"nearest","PM10","lez",-1.78632218165423,0.184815058043937,4.22724786327329e-22
"nearest","PM10","pop_density",0.92349067702603,0.37110404879925,0.0128284936892257
"nearest","PM10","industrial_area",-0.167193266558442,0.0592321396836796,0.00476243543332331
"nearest","PM10","commercial_area",-0.395401198479681,0.0790677821056955,5.70965337900153e-07
"nearest","PM10","green_area_per_capita",0.94438245382452,0.135924108692226,3.70853757329973e-12
"nearest","PM10","daily_km",0.294042999152958,0.0575487584439411,3.23083261537391e-07
"nearest","PM10","cars_per_capita",-0.159100703154074,0.0362750329120048,1.15477392925402e-05
"nearest","PM10","avg_temp",-5.19679744363889,0.582971991771978,4.90829878338875e-19
"nearest","PM10","sun_time",0.293659942754388,0.104376826110634,0.00490116038071579
"nearest","PM10","stagnant_days",0.381624725802881,0.107208442880061,0.000371346845728794
"nearest","PM10","avg_wind",0.42740491251896,0.110739952012116,0.000113602181058444
"nearest","PM10","avg_humid",0.641245983679403,0.101097835971667,2.25588157929637e-10
"nearest","PM10","avg_rain",0.0510650339553996,0.10044136818524,0.611168368584603
"nearest","PM10","w_lez",1.32503281258603,0.198022859612755,2.21177943992228e-11
"nearest","PM10","w_pop_density",-4.73635025595805,0.555142270022026,1.44116196730566e-17
"nearest","PM10","w_industrial_area",-0.734000929495411,0.153041792219656,1.6179936069997e-06
"nearest","PM10","w_commercial_area",-0.0927198078740357,0.164170653551609,0.57222545845606
"nearest","PM10","w_green_area_per_capita",0.892145169456738,0.31693260739749,0.00487868705019237
"nearest","PM10","w_daily_km",-0.338197283613547,0.111055798890207,0.00232454868077612
"nearest","PM10","w_cars_per_capita",0.0376580966042127,0.0822981268747105,0.647253169775708
"nearest","PM10","w_avg_temp",0.770498451158413,0.64510694616694,0.232332013261259
"nearest","PM10","w_sun_time",-0.217754943148905,0.11732816013433,0.0634609958054897
"nearest","PM10","w_stagnant_days",-0.477476013609391,0.127432886796194,0.000179046124771583
"nearest","PM10","w_avg_wind",-0.844706242817617,0.137520622031877,8.12854364147004e-10
"nearest","PM10","w_avg_humid",-1.01249415697036,0.116775814798616,4.30568313114875e-18
"nearest","PM10","w_avg_rain",-0.220334522544441,0.110335770996102,0.0458311025715714
"nearest_trends","NO2","lambda",0.728120902652114,0.00392277159415537,0
"nearest_trends","NO2","lez",-0.211710827937843,0.137719551028266,0.124229526522663
"nearest_trends","NO2","pop_density",0.752459802862602,0.246076216867328,0.00222944307428479
"nearest_trends","NO2","industrial_area",0.195766645030801,0.0371743358214759,1.39293730595003e-07
"nearest_trends","NO2","commercial_area",0.102581406048477,0.0496700829642469,0.0388988430660176
"nearest_trends","NO2","green_area_per_capita",-0.499141023594167,0.0855886511761081,5.48129301141433e-09
"nearest_trends","NO2","daily_km",0.463966711752617,0.0362629373492898,1.75946482795964e-37
"nearest_trends","NO2","cars_per_capita",-0.256645319747446,0.022795893846219,2.10543648159454e-29
"nearest_trends","NO2","avg_temp",-3.36065945818988,0.366555946341351,4.80968015717525e-20
"nearest_trends","NO2","sun_time",0.107485365454526,0.0655960962103835,0.101297856158712
"nearest_trends","NO2","stagnant_days",0.260342275276074,0.0672855668088196,0.000109186655721943
"nearest_trends","NO2","avg_wind",-0.0379582562761913,0.0695058116150114,0.584985999833255
"nearest_trends","NO2","avg_humid",-0.206097728496952,0.0635830826849684,0.00118947279202935
"nearest_trends","NO2","avg_rain",0.0633001945356481,0.0629954434687539,0.314975022429643
"nearest_trends","NO2","trend61",0.094711634449148,0.0386865721949546,0.0143580502381141
"nearest_trends","NO2","trend79",0.0835625921896215,0.0341865564163871,0.0145128907978159
"nearest_trends","NO2","trend97",0.100236285344771,0.028683674817601,0.000474877189770492
"nearest_trends","NO2","w_lez",0.0987721879285118,0.159686515673488,0.53622071602707
"nearest_trends","NO2","w_pop_density",-4.67502824099164,0.425594135279554,4.52689090781852e-28
"nearest_trends","NO2","w_industrial_area",-0.246576072531599,0.0963367920301928,0.0104816428166465
"nearest_trends","NO2","w_commercial_area",0.302485214531096,0.103207261137839,0.00338033713401176
"nearest_trends","NO2","w_green_area_per_capita",-0.312688146631183,0.201107892246769,0.119987080444318
"nearest_trends","NO2","w_daily_km",-0.601637807979677,0.0698514104400553,7.11054642971321e-18
"nearest_trends","NO2","w_cars_per_capita",0.428320884902372,0.0525661672641565,3.69309009026463e-16
"nearest_trends","NO2","w_avg_temp",0.267700126704366,0.40586368011906,0.509522505702021
"nearest_trends","NO2","w_sun_time",0.0368172669733445,0.0737864794829616,0.617800257974355
"nearest_trends","NO2","w_stagnant_days",-0.270825441271245,0.0800703217899402,0.000718698597762489
"nearest_trends","NO2","w_avg_wind",-0.454447259269185,0.0864387820002614,1.46069484355074e-07
"nearest_trends","NO2","w_avg_humid",0.103123644693266,0.0736826194636413,0.161643501540348
"nearest_trends","NO2","w_avg_rain",-0.153046730369002,0.0691953998290987,0.0269801424430997
"nearest_trends","NO2","w_trend61",-0.264193378943275,0.0408977860650449,1.04809937451163e-10
"nearest_trends","NO2","w_trend79",-0.161022167326403,0.0357305951586819,6.58862233077372e-06
"nearest_trends","NO2","w_trend97",0.0917883070919989,0.0348551961903319,0.00845302011823986
"nearest_trends","CO","lambda",0.7211582689467,0.00400045539717676,0
"nearest_trends","CO","lez",20.3530673684763,3.84026009671179,1.15854081405069e-07
"nearest_trends","CO","pop_density",-33.4394886600034,6.86151893529637,1.09648291968551e-06
"nearest_trends","CO","industrial_area",9.91804911363739,1.03659556125272,1.09092537026305e-21
"nearest_trends","CO","commercial_area",-3.26212083805989,1.38485349178566,0.0184942583034428
"nearest_trends","CO","green_area_per_capita",4.53253672439648,2.38671145959369,0.0575550199412213
"nearest_trends","CO","daily_km",5.97766142469478,1.01115474377562,3.38558361937967e-09
"nearest_trends","CO","cars_per_capita",-2.14137619599535,0.635616787641822,0.000754486469354101
"nearest_trends","CO","avg_temp",-97.841579288589,10.2213016522549,1.04532272848395e-21
"nearest_trends","CO","sun_time",8.26069681134029,1.82912953687747,6.29621299021123e-06
"nearest_trends","CO","stagnant_days",3.56299764395161,1.87623380538495,0.0575623984054022
"nearest_trends","CO","avg_wind",3.9362889253478,1.93813820130685,0.0422586460333985
"nearest_trends","CO","avg_humid",0.845691127028678,1.77299075693225,0.633372348794391
"nearest_trends","CO","avg_rain",-0.316847210376031,1.7566032209577,0.856858222253137
"nearest_trends","CO","trend61",6.12300403555439,1.07876097876255,1.3791310180254e-08
"nearest_trends","CO","trend79",-0.872127596874006,0.953275387894501,0.360257378972607
"nearest_trends","CO","trend97",-0.874842107958071,0.799823478226651,0.274045343656249
"nearest_trends","CO","w_lez",-14.3293107838872,4.453507242685,0.00129297720397504
"nearest_trends","CO","w_pop_density",-83.2601854579434,11.8783450323935,2.39325899408433e-12
"nearest_trends","CO","w_industrial_area",7.02646158283111,2.68706015093315,0.00892469708396262
"nearest_trends","CO","w_commercial_area",7.89226576635123,2.87631522180238,0.00607176030678826
"nearest_trends","CO","w_green_area_per_capita",-36.3156487534824,5.60563433252131,9.26885803565240e-11
"nearest_trends","CO","w_daily_km",-8.00894654110809,1.94778237071231,3.92538306012211e-05
"nearest_trends","CO","w_cars_per_capita",3.2831622857109,1.46573378970173,0.025094528621535
"nearest_trends","CO","w_avg_temp",16.4778119188991,11.3111914172858,0.145179694171942
"nearest_trends","CO","w_sun_time",-7.48125900770954,2.05701123907143,0.000275879222224335
"nearest_trends","CO","w_stagnant_days",-5.0679675127025,2.23279684387421,0.0232206656904616
"nearest_trends","CO","w_avg_wind",-4.16459962641825,2.40606941437422,0.0834744893183041
"nearest_trends","CO","w_avg_humid",-4.9560174030695,2.05481026809391,0.015869198897859
"nearest_trends","CO","w_avg_rain",-0.23812871130916,1.92918092903822,0.901762534904181
"nearest_trends","CO","w_trend61",-7.65003168134666,1.13890297119783,1.85481150330584e-11
"nearest_trends","CO","w_trend79",0.0574411962766346,0.995940716631874,0.954007255354488
"nearest_trends","CO","w_trend97",5.01480515993952,0.971918911771515,2.47352458222974e-07
"nearest_trends","SO2","lambda",0.747061684716413,0.00373185424507756,0
"nearest_trends","SO2","lez",-0.0441226994442377,0.0427978900893319,0.302561915459363
"nearest_trends","SO2","pop_density",1.45408000111616,0.0764629272846959,1.23819458172888e-80
"nearest_trends","SO2","industrial_area",0.112106295890586,0.0115518825883565,2.88229932916594e-22
"nearest_trends","SO2","commercial_area",-0.0437573521333517,0.0154340045799443,0.00458075736269452
"nearest_trends","SO2","green_area_per_capita",-0.0304829131423694,0.0265959775605816,0.251734127165848
"nearest_trends","SO2","daily_km",0.0439069390537892,0.0112687957038587,9.76615767571718e-05
"nearest_trends","SO2","cars_per_capita",0.00326024950246462,0.00708369427231436,0.645338891686766
"nearest_trends","SO2","avg_temp",-0.603833253478977,0.113909082485344,1.15163402555459e-07
"nearest_trends","SO2","sun_time",0.154546528776513,0.0203847274193926,3.41618894028869e-14
"nearest_trends","SO2","stagnant_days",0.0326687996872478,0.0209097089405535,0.118199749769769
"nearest_trends","SO2","avg_wind",-0.0331915195012768,0.0215996493358085,0.124374295928445
"nearest_trends","SO2","avg_humid",-0.00917441476426296,0.0197590828460828,0.642422941087515
"nearest_trends","SO2","avg_rain",-0.0110621572825971,0.0195765370220132,0.572024641223707
"nearest_trends","SO2","trend61",0.016977771421531,0.0120224209275614,0.157898215694171
"nearest_trends","SO2","trend79",0.0125641513998033,0.0106240646266107,0.236962764752534
"nearest_trends","SO2","trend97",-0.0241277599580324,0.00891369681557768,0.00679313735463833
"nearest_trends","SO2","w_lez",0.0107175483535954,0.049623963235143,0.829007032254244
"nearest_trends","SO2","w_pop_density",-0.12765566389655,0.132599823514633,0.33569123026117
"nearest_trends","SO2","w_industrial_area",-0.122733519728773,0.0299415023880587,4.14741426691311e-05
"nearest_trends","SO2","w_commercial_area",-0.050477466305742,0.0320610713358445,0.115391288361677
"nearest_trends","SO2","w_green_area_per_capita",0.0717270964885614,0.062459895728912,0.250815680859935
"nearest_trends","SO2","w_daily_km",-0.0376119276705972,0.0217084700844948,0.0831681624482018
"nearest_trends","SO2","w_cars_per_capita",-0.0294277096315487,0.0163356806103961,0.0716339307987769
"nearest_trends","SO2","w_avg_temp",-0.137907627671784,0.125834224765759,0.273102015928175
"nearest_trends","SO2","w_sun_time",-0.142826080288038,0.0229251688581919,4.6613938025012e-10
"nearest_trends","SO2","w_stagnant_days",-0.0414364838866399,0.0248827790687149,0.0958593947132531
"nearest_trends","SO2","w_avg_wind",0.0520515464872431,0.0268150559150013,0.052242343726979
"nearest_trends","SO2","w_avg_humid",-0.00660669765632051,0.0228932897876077,0.772897717843781
"nearest_trends","SO2","w_avg_rain",-0.0212736657066758,0.0215043506764411,0.322529767885154
"nearest_trends","SO2","w_trend61",0.00413704848089967,0.0126943388630123,0.744502194451746
"nearest_trends","SO2","w_trend79",-0.0363485622925625,0.0110999232007557,0.00105786251580085
"nearest_trends","SO2","w_trend97",0.00323130777622539,0.0108353608358995,0.765536211245344
"nearest_trends","O3","lambda",0.753100339317663,0.00365986657256323,0
"nearest_trends","O3","lez",0.438268690248115,0.153944956854545,0.0044144712344018
"nearest_trends","O3","pop_density",-0.55687141191847,0.274992031298097,0.0428626787527645
"nearest_trends","O3","industrial_area",0.0856833736398923,0.0415522696399175,0.0392017937197326
"nearest_trends","O3","commercial_area",0.173268339626538,0.0555143637982435,0.00180149740920572
"nearest_trends","O3","green_area_per_capita",-0.430881475462921,0.0956643020219763,6.66551681448861e-06
"nearest_trends","O3","daily_km",0.0888993314392041,0.0405375820923789,0.028306643445602
"nearest_trends","O3","cars_per_capita",0.103495351872143,0.0254813247508749,4.87342286120042e-05
"nearest_trends","O3","avg_temp",6.89272754372949,0.409749749521892,1.6895220294707e-63
"nearest_trends","O3","sun_time",0.00228981160309034,0.0733243355609624,0.975087283111056
"nearest_trends","O3","stagnant_days",0.318752619435465,0.075212687933952,2.25503107073323e-05
"nearest_trends","O3","avg_wind",0.486303263246101,0.0776948327027457,3.87092567697204e-10
"nearest_trends","O3","avg_humid",-0.309256731316961,0.0710737510856244,1.35389043461782e-05
"nearest_trends","O3","avg_rain",0.0972209851699073,0.0704171341647925,0.167388485156205
"nearest_trends","O3","trend61",0.145308040352335,0.0432445989592718,0.000779021137374291
"nearest_trends","O3","trend79",-0.0319493794789455,0.0382144606097379,0.403124130018565
"nearest_trends","O3","trend97",-0.0440340916173529,0.0320625556651958,0.169634060676247
"nearest_trends","O3","w_lez",-0.308823836072795,0.178499617252418,0.0836107607526513
"nearest_trends","O3","w_pop_density",1.90571156388683,0.474729638954571,5.96201454073179e-05
"nearest_trends","O3","w_industrial_area",-0.161741561401463,0.107685536150245,0.13310217859225
"nearest_trends","O3","w_commercial_area",0.0270407576117454,0.115308221040445,0.814590237411414
"nearest_trends","O3","w_green_area_per_capita",-0.0186914334855935,0.224677747081197,0.933698723888351
"nearest_trends","O3","w_daily_km",0.344774087740725,0.0781522006049551,1.02622648369279e-05
"nearest_trends","O3","w_cars_per_capita",-0.226067709606997,0.0587675135494727,0.00011966361185276
"nearest_trends","O3","w_avg_temp",-2.69754170235578,0.455419466152947,3.15731731548682e-09
"nearest_trends","O3","w_sun_time",-0.0362384527912789,0.082459245836303,0.66032024171693
"nearest_trends","O3","w_stagnant_days",-0.241469402260968,0.0895076485008747,0.00698095088143199
"nearest_trends","O3","w_avg_wind",0.0339925611345929,0.0966335682480208,0.725012537558057
"nearest_trends","O3","w_avg_humid",0.11324609644828,0.0823828768055655,0.169245721713562
"nearest_trends","O3","w_avg_rain",0.038790272527891,0.0773567374968122,0.616056855028368
"nearest_trends","O3","w_trend61",-0.0286348872656827,0.0456780140422445,0.530734255461561
"nearest_trends","O3","w_trend79",0.0284471876291793,0.0399204907387044,0.476095700669749
"nearest_trends","O3","w_trend97",0.00409684637059513,0.038961492284348,0.916255859139432
"nearest_trends","PM10","lambda",0.802475127569311,0.00310647102758034,0
"nearest_trends","PM10","lez",-0.713178443997336,0.21808779363154,0.00107492829024207
"nearest_trends","PM10","pop_density",3.12411456158003,0.389567607683114,1.06227219656831e-15
"nearest_trends","PM10","industrial_area",-0.177443070956349,0.058867661875278,0.00257597813507239
"nearest_trends","PM10","commercial_area",-0.291554947494449,0.0786449778087272,0.000209539399536906
"nearest_trends","PM10","green_area_per_capita",0.688411048333342,0.135523961895565,3.78178517760519e-07
"nearest_trends","PM10","daily_km",0.320519892617567,0.0574230120413138,2.38134440824157e-08
"nearest_trends","PM10","cars_per_capita",-0.150469243935372,0.036096612113318,3.06591523097572e-05
"nearest_trends","PM10","avg_temp",-5.10963819852428,0.580459577784041,1.33508550325434e-18
"nearest_trends","PM10","sun_time",0.222935313019672,0.103875563024849,0.0318588838094891
"nearest_trends","PM10","stagnant_days",0.317802195992572,0.106551225980051,0.00285789272534207
"nearest_trends","PM10","avg_wind",0.377076818348237,0.110068308259257,0.000612893002305797
"nearest_trends","PM10","avg_humid",0.64744781125099,0.100687727024505,1.2738962850032e-10
"nearest_trends","PM10","avg_rain",0.0614429001861469,0.0997577319351396,0.537946540608177
"nearest_trends","PM10","trend61",0.148540208099862,0.061262681489848,0.0153233945561335
"nearest_trends","PM10","trend79",-0.245836986650347,0.0541362518495137,5.59671014912846e-06
"nearest_trends","PM10","trend97",-0.531151286125046,0.0454219763022403,1.37261695052827e-31
"nearest_trends","PM10","w_lez",0.778774368674299,0.252867869178194,0.00207161904558252
"nearest_trends","PM10","w_pop_density",-0.755599953190562,0.672760449908775,0.261380702850975
"nearest_trends","PM10","w_industrial_area",-0.644017286805672,0.152578236451088,2.43330224144976e-05
"nearest_trends","PM10","w_commercial_area",0.0545748409375696,0.163346342510099,0.738300275592568
"nearest_trends","PM10","w_green_area_per_capita",0.00699483964821189,0.318294564365623,0.982467104395787
"nearest_trends","PM10","w_daily_km",-0.236942372965265,0.110621672181399,0.0322002105461699
"nearest_trends","PM10","w_cars_per_capita",0.017990063419984,0.0832460868017579,0.828904330884462
"nearest_trends","PM10","w_avg_temp",0.636454114762068,0.642527873360022,0.321906784737609
"nearest_trends","PM10","w_sun_time",-0.120885765365162,0.116824507084714,0.300779254593479
"nearest_trends","PM10","w_stagnant_days",-0.47363935280883,0.126804216220433,0.00018756462418693
"nearest_trends","PM10","w_avg_wind",-0.731966210033946,0.136700918242915,8.57893529472187e-08
"nearest_trends","PM10","w_avg_humid",-0.928871169045109,0.116719729703997,1.74654122801809e-15
"nearest_trends","PM10","w_avg_rain",-0.243173200983452,0.10959335455248,0.0264956977036386
"nearest_trends","PM10","w_trend61",-0.01450405634972,0.0647051140273794,0.822635717080824
"nearest_trends","PM10","w_trend79",0.274466400505159,0.0565533691475316,1.21467839978926e-06
"nearest_trends","PM10","w_trend97",-0.0861191707354088,0.0552710177238422,0.11920354977963
